CASE_ID,ACCIDENT_YEAR,PROC_DATE,JURIS,COLLISION_DATE,COLLISION_TIME,OFFICER_ID,REPORTING_DISTRICT,DAY_OF_WEEK,CHP_SHIFT,POPULATION,CNTY_CITY_LOC,SPECIAL_COND,BEAT_TYPE,CHP_BEAT_TYPE,CITY_DIVISION_LAPD,CHP_BEAT_CLASS,BEAT_NUMBER,PRIMARY_RD,SECONDARY_RD,DISTANCE,DIRECTION,INTERSECTION,WEATHER_1,WEATHER_2,STATE_HWY_IND,CALTRANS_COUNTY,CALTRANS_DISTRICT,STATE_ROUTE,ROUTE_SUFFIX,POSTMILE_PREFIX,POSTMILE,LOCATION_TYPE,RAMP_INTERSECTION,SIDE_OF_HWY,TOW_AWAY,COLLISION_SEVERITY,NUMBER_KILLED,NUMBER_INJURED,PARTY_COUNT,PRIMARY_COLL_FACTOR,PCF_CODE_OF_VIOL,PCF_VIOL_CATEGORY,PCF_VIOLATION,PCF_VIOL_SUBSECTION,HIT_AND_RUN,TYPE_OF_COLLISION,MVIW,PED_ACTION,ROAD_SURFACE,ROAD_COND_1,ROAD_COND_2,LIGHTING,CONTROL_DEVICE,CHP_ROAD_TYPE,PEDESTRIAN_ACCIDENT,BICYCLE_ACCIDENT,MOTORCYCLE_ACCIDENT,TRUCK_ACCIDENT,NOT_PRIVATE_PROPERTY,ALCOHOL_INVOLVED,STWD_VEHTYPE_AT_FAULT,CHP_VEHTYPE_AT_FAULT,COUNT_SEVERE_INJ,COUNT_VISIBLE_INJ,COUNT_COMPLAINT_PAIN,COUNT_PED_KILLED,COUNT_PED_INJURED,COUNT_BICYCLIST_KILLED,COUNT_BICYCLIST_INJURED,COUNT_MC_KILLED,COUNT_MC_INJURED,PRIMARY_RAMP,SECONDARY_RAMP,LATITUDE,LONGITUDE,COUNTY,CITY,POINT_X,POINT_Y
9007962,2019,2020-06-04,4106,2019-08-30,1219,2054,,5,5,6,4106,0,0,0,,0,006,HICKEY,"RT 280",25.00,W,N,A,-,Y,SM,4,280,-,R,24.421,R,4,S,Y,3,0,1,2,A,-,12,21453,,N,D,C,A,A,H,-,A,A,0,,,,,Y,,A,07,0,1,0,0,0,0,0,0,0,"- ","- ",,,"SAN MATEO","DALY CITY",-122.46590423583984,37.666717529296875
9027281,2020,2020-06-09,4117,2020-02-13,1739,16AP10,17AQ,4,5,5,4117,0,0,0,,0,003,"KING DR","SOUTHCLIFF AV",490.00,N,N,B,-,N,,,,,,,,,,Y,3,0,2,2,A,-,08,22107,,N,C,E,A,A,H,-,C,D,0,,,,,Y,,A,01,0,2,0,0,0,0,0,0,0,"- ","- ",37.655048370361328,-122.45008850097656,"SAN MATEO","SOUTH SAN FRANCISCO",-122.45001983642578,37.654930114746094
8302856,2016,2017-02-06,4109,2016-12-07,1842,145746,,3,5,4,4109,0,0,0,,0,001,"SANTA CRUZ AV","SAND HILL RD",55.00,N,N,C,-,N,,,,,,,,,,N,4,0,1,2,A,-,03,22350,,F,C,C,A,B,H,-,C,A,0,,,,,Y,,A,01,0,0,1,0,0,0,0,0,0,"- ","- ",37.425800000000002,-122.19228,"SAN MATEO","MENLO PARK",-122.19260787,37.425963639999999
8343787,2017,2017-04-14,4100,2017-03-25,0947,16850,2F,6,5,2,4112,0,0,0,,0,003,"ALPINE RD","WESTRIDGE DR",0.00,,Y,B,-,N,,,,,,,,,,N,4,0,1,2,A,-,06,21750,A,N,B,C,A,A,H,-,A,A,0,,,,,Y,,A,01,0,0,1,0,0,0,0,0,0,"- ","- ",,,"SAN MATEO","PORTOLA VALLEY",-122.19089988,37.393199899999999
8390926,2017,2017-06-30,4113,2017-06-02,1416,406,8,5,5,5,4113,0,0,0,,0,008,"WOODSIDE RD","KENTUCKY ST",0.00,,Y,A,-,N,,,84,,,,,,,Y,4,0,3,2,A,-,04,21703,,N,C,C,A,A,H,-,A,A,0,,,,,Y,,D,82,0,0,3,0,0,0,0,0,0,"- ","- ",37.454720000000002,-122.22880000000001,"SAN MATEO","REDWOOD CITY",-122.22876051999999,37.454703080000002
8400690,2017,2017-07-06,4101,2017-06-08,1808,94DM01,,4,5,2,4101,0,0,0,,0,004,"ALAMEDA DE LAS PULGAS","ATHERTON AV",418.00,S,N,B,-,N,,,,,,,,,,N,4,0,5,2,A,-,03,22350,,N,C,C,A,A,H,-,A,D,0,,,,,Y,,A,01,0,0,5,0,0,0,0,0,0,"- ","- ",37.439959999999999,-122.21717,"SAN MATEO",ATHERTON,-122.21620000999999,37.439011120000004
8408562,2017,2018-05-09,4117,2017-07-05,1643,13NP01,15A1,3,5,5,4117,0,0,0,,0,002,"RT 82","PONDEROSA RD",216.00,S,N,A,-,Y,SM,4,82,-,-,20.100,H,-,N,Y,4,0,1,2,A,-,21,22106,,N,H,C,A,A,H,-,A,A,0,,,,,Y,,A,01,0,0,1,0,0,0,0,0,0,"- ","- ",37.774929999999998,-122.41942,"SAN MATEO","SOUTH SAN FRANCISCO",-122.42920899000001,37.64818271
8724323,2018,2018-11-29,4116,2018-10-23,0742,25586,12,2,5,5,4116,0,0,0,,0,00A,"S HUMBOLDT ST","2ND AV",0.00,,Y,B,-,N,,,,,,,,,,N,4,0,1,2,A,-,10,21950,A,N,D,G,A,A,H,-,A,A,0,,Y,,,Y,,D,23,0,0,1,0,0,0,1,0,0,"- ","- ",37.570838928222656,-122.31761932373047,"SAN MATEO","SAN MATEO",-122.31761932373047,37.570831298828125
8032841,2016,2017-02-11,4106,2016-04-05,1500,1180,7,2,5,6,4106,0,0,0,,0,002,"MISSION ST","MARKET AV",83.00,W,N,A,-,Y,SCL,4,82,-,-,23.780,I,5,S,N,4,0,3,2,A,-,00,22016,,N,C,C,A,A,H,-,A,D,0,,,,,Y,,A,08,0,0,3,0,0,0,0,0,0,"- ","- ",37.689549999999997,-122.46532000000001,"SAN MATEO","DALY CITY",-122.13806313000001,37.420874939999997
8055757,2016,2016-06-03,4117,2016-04-29,1645,13DZ05,13AE,5,5,5,4117,0,0,0,,0,004,"GRAND AV","ORANGE AV",0.00,,Y,A,-,N,,,,,,,,,,Y,4,0,2,2,A,-,09,21801,A,N,A,C,A,A,H,-,A,A,0,,,,,Y,,A,01,0,0,2,0,0,0,0,0,0,"- ","- ",37.658070000000002,-122.42309,"SAN MATEO","SOUTH SAN FRANCISCO",-122.42305987,37.658049949999999
8118539,2016,2016-09-12,4106,2016-03-14,1900,1180,6,1,5,6,4106,0,0,0,,0,002,"HILLSIDE BL","ALP AV",0.00,,Y,A,-,N,,,,,,,,,,Y,4,0,2,4,A,-,12,22450,A,F,D,C,A,A,H,-,A,C,0,,,,,Y,,A,07,0,0,2,0,0,0,0,0,0,"- ","- ",37.701599999999999,-122.46223999999999,"SAN MATEO","DALY CITY",-122.46224993,37.701589920000004
8123866,2016,2016-09-16,4109,2016-07-15,1619,15031,16,5,5,4,4109,0,0,0,,0,002,"WILLOW RD","BAY RD",0.00,,Y,A,-,N,,,,,,,,,,N,4,0,3,3,A,-,03,22350,,N,C,C,A,A,H,-,A,A,0,,,,,Y,,A,01,0,0,3,0,0,0,0,0,0,"- ","- ",,,"SAN MATEO","MENLO PARK",-122.15632991,37.466679890000002
8152082,2016,2016-10-26,4100,2016-10-08,1534,25060,5C,6,5,3,4110,0,0,0,,0,006,"MURCHISON DR","SEQUOIA DR",411.00,W,N,A,-,N,,,,,,,,,,N,4,0,1,3,A,-,03,22350,,N,C,E,A,A,H,-,A,D,0,,,,,Y,,-,,0,0,1,0,0,0,0,0,0,"- ","- ",,,"SAN MATEO",MILLBRAE,-122.39119782,37.591765270000003
8181858,2016,2016-12-07,4117,2016-11-14,1704,04RC07,,1,5,5,4117,0,0,0,,0,001,"SOUTH AIRPORT BL","BEACON ST",0.00,,Y,A,-,N,,,,,,,,,,Y,2,0,1,2,A,-,09,21801,A,N,A,C,A,A,H,-,A,D,0,,,Y,,Y,,A,01,1,0,0,0,0,0,0,0,1,"- ","- ",37.642359999999996,-122.40063000000001,"SAN MATEO","SOUTH SAN FRANCISCO",-122.40263993000001,37.641539960000003
94483296,2024,2024-11-26,9335,2024-11-16,1825,023876,,6,2,6,4106,0,1,1,,2,021,"I-280 N/B FROM SERRAMONTE BLVD.","SERRAMONTE BLVD. UNDERCROSSING",861.10,N,N,A,-,Y,SM,,280," ",R,24.815,H,,R,Y,3,0,1,2,A,-,03,22350,,N,C,C,A,A,H,-,C,D,0,,,,,Y,,A,01,0,1,0,0,0,0,0,0,0,"- ","- ",37.672279357910156,-122.46692657470703,"SAN MATEO","DALY CITY",-122.46706390380859,37.672214508056641
94554447,2025,2025-01-29,9330,2025-01-20,1340,016184,,1,1,9,4100,0,1,3,,2,042,"SR-35 (SKYLINE BLVD.)",SR-92,5280.00,S,N,A,-,Y,SM,,35," "," ",21.744,H,,R,Y,2,0,1,1,A,-,03,22350,,N,F,0,A,A,H,-,A,D,0,,,Y,,Y,,C,02,1,0,0,0,0,0,0,0,1,"- ","- ",37.485210418701172,-122.36015319824219,"SAN MATEO",UNINCORPORATED,-122.36016082763672,37.485191345214844
94742041,2025,2025-06-27,9330,2025-06-18,"804 ",023975,,3,1,4,4104,0,1,2,,2,038,"US-101 S/B",BROADWAY,1600.00,N,N,A,-,Y,SM,,101," "," ",16.935,H,,L,N,4,0,2,3,A,-,03,22350,,N,C,C,A,A,H,-,A,D,0,,,,,Y,,A,01,0,0,2,0,0,0,0,0,0,"- ","- ",37.593208312988281,-122.36621856689453,"SAN MATEO",BURLINGAME,-122.36624145507812,37.593189239501953
92330631,2024,2024-03-05,9330,2024-02-24,1420,023640,,6,2,5,4116,0,1,2,,2,038,"US-101 N/B","PENINSULA AVENUE",167.85,S,N,A,-,Y,SM,,101," "," ",14.659,H,,R,N,4,0,1,3,A,-,03,22350,,N,C,C,A,A,H,-,A,D,0,,,,,Y,,A,01,0,0,1,0,0,0,0,0,0,"- ","- ",37.584011077880859,-122.3282470703125,"SAN MATEO","SAN MATEO",-122.32817077636719,37.584064483642578
92403548,2024,2024-06-03,9335,2024-05-22,1150,022186,,3,1,4,4114,0,1,1,,2,038,"I-380 W/B","HUNTINGTON AVENUE U/C",270.00,E,N,A,-,Y,SM,,380," "," ",5.806,H,,L,Y,3,0,2,2,A,-,01,23152,A,N,B,C,A,A,H,-,A,D,0,,,,,Y,Y,A,07,0,1,1,0,0,0,0,0,0,"- ","- ",37.63446044921875,-122.41332244873047,"SAN MATEO","SAN BRUNO",-122.41332244873047,37.6343994140625
92406017,2024,2024-06-04,9330,2024-04-28,2350,023165,,7,3,9,4100,0,1,3,,2,031,"SR-92 W/B TO 280 N/B",I-280,470.00,E,N,A,-,Y,,,,,,,,,,Y,4,0,3,1,A,-,08,22107,,N,F,I,A,A,H,-,C,D,0,,,,,Y,,A,07,0,0,3,0,0,0,0,0,0,"- ","- ",37.508121490478516,-122.3367919921875,"SAN MATEO",UNINCORPORATED,-122.33753967285156,37.507431030273438
92431701,2024,2024-07-05,9330,2024-07-01,1145,022792,,1,1,4,4109,0,1,2,,2,058,"US-101 N/B","WILLOW ROAD",262.00,S,N,A,-,Y,SM,,101," "," ",1.803,H,,R,N,3,0,1,2,A,-,03,22350,,N,C,C,A,A,H,-,A,D,0,,,,,Y,,A,08,0,1,0,0,0,0,0,0,0,"- ","- ",37.468368530273438,-122.15425109863281,"SAN MATEO","MENLO PARK",-122.15421295166016,37.468414306640625
92440373,2024,2024-07-16,9330,2024-07-07,"230 ",023256,,7,3,9,4100,0,1,3,,1,020,"MIRAMONTES POINT ROAD","CHAMOMILE LANE",120.00,E,N,A,-,N,,,,,,,,,,N,4,0,1,2,A,-,01,23152,A,N,B,E,A,A,H,-,C,D,0,,,,,Y,Y,A,01,0,0,1,0,0,0,0,0,0,"- ","- ",37.434768676757812,-122.41806030273438,"SAN MATEO",UNINCORPORATED,-122.41804504394531,37.434707641601562
94436487,2024,2024-10-18,9330,2024-10-13,"610 ",023256,,7,1,5,4113,0,1,2,,2,048,"US-101 S/B","WHIPPLE AVENUE",3967.00,N,N,A,-,Y,SM,,101," "," ",7.376,H,,L,Y,4,0,1,1,A,-,08,22107,,N,E,I,A,A,H,-,A,D,0,,,,,Y,,A,01,0,0,1,0,0,0,0,0,0,"- ","- ",37.502708435058594,-122.24397277832031,"SAN MATEO","REDWOOD CITY",-122.24375152587891,37.50286865234375
91299949,2020,2020-09-08,9330,2020-08-26,1900,022101,,3,2,5,4113,0,1,2,,2,058,"US-101 N/B","SR-84 (WOODSIDE ROAD)",1056.00,S,N,A,-,Y,,,101,,,,,,N,Y,3,0,1,2,A,-,03,22350,,N,C,C,A,A,H,-,A,D,0,,,Y,,Y,,A,01,0,1,0,0,0,0,0,0,1,"- ","- ",37.487388610839844,-122.20407104492188,"SAN MATEO","REDWOOD CITY",-122.20406341552734,37.487415313720703
91351760,2020,2020-11-23,9335,2020-11-23,0945,021099,,1,1,5,4117,0,1,2,,2,012,"US-101 S/B","LINDEN AVENUE",330.00,N,N,B,-,Y,,,101,,,,,,S,Y,3,0,1,3,A,-,03,22350,,N,C,C,A,A,H,-,A,A,0,,,,Y,Y,,G,27,0,1,0,0,0,0,0,0,0,"- ","- ",37.661811828613281,-122.40258026123047,"SAN MATEO","SOUTH SAN FRANCISCO",-122.40251159667969,37.661697387695312
91405689,2021,2021-02-10,9330,2021-02-03,1815,016184,,3,2,9,4100,0,1,3,,2,042,"SR-35 SOUTHBOUND","MEGANS LANE",111.00,N,N,B,-,Y,,,35,,,,,,S,Y,4,0,1,1,A,-,08,22107,,N,E,I,A,B,H,-,D,D,0,,,,,Y,,A,01,0,0,1,0,0,0,0,0,0,"- ","- ",37.442539215087891,-122.32586669921875,"SAN MATEO",UNINCORPORATED,-122.32591247558594,37.442489624023438
91557409,2021,2021-08-27,9345,2021-08-20,1325,022705,,5,1,4,4109,0,1,3,,2,084,"SR-84 SOUTHBOUND","SAN MATEO/ALAMEDA COUNTY LINE",2640.00,S,N,A,-,Y,,,84,,,,,,S,Y,3,0,2,2,A,-,03,22350,,N,C,C,A,A,H,-,A,D,0,,,,,Y,,A,07,0,1,1,0,0,0,0,0,0,"- ","- ",37.501789093017578,-122.12480163574219,"SAN MATEO","MENLO PARK",-122.12478637695312,37.501773834228516
92261177,2023,2023-12-13,9330,2023-12-01,1730,023494,,5,2,4,4104,0,1,2,,2,038,"US-101 S/B",BROADWAY,1383.00,N,N,A,-,Y,SM,,101," "," ",16.888,H,,L,N,3,0,1,6,A,-,03,22350,,F,C,C,A,A,H,-,B,D,0,,,,,Y,,-,99,0,1,0,0,0,0,0,0,0,"- ","- ",37.592781066894531,-122.36553955078125,"SAN MATEO",BURLINGAME,-122.36557006835938,37.592750549316406
92310868,2024,2024-02-12,9330,2024-01-08,2220,023556,,1,3,5,4116,0,1,2,,2,048,"US-101 N/B","E. HILLSDALE BLVD",1795.00,S,N,A,-,Y,SM,,101," "," ",10.803,H,,R,Y,4,0,2,2,A,-,03,22350,,N,C,C,A,A,H,-,C,D,0,,,,,Y,,A,01,0,0,2,0,0,0,0,0,0,"- ","- ",37.540618896484375,-122.28411102294922,"SAN MATEO","SAN MATEO",-122.28411102294922,37.540618896484375
90361378,2016,2017-01-04,9330,2016-12-21,1740,021508,,3,2,4,4127,0,1,2,,2,058,"US-101 N/B","UNIVERSITY AVE",1584.00,S,N,A,-,Y,,,101,,,,,,N,Y,4,0,1,2,A,-,03,22350,,N,C,C,A,A,H,-,D,D,0,,,,,Y,,A,01,0,0,1,0,0,0,0,0,0,"- ","- ",37.457900000000002,-122.1362,"SAN MATEO","EAST PALO ALTO",-122.13623488,37.457841160000001
90478077,2017,2017-06-14,9330,2017-06-13,1550,016534,,2,2,4,4104,0,1,2,,2,038,"US-101 N/B","BROADWAY AVENUE O/C",1056.00,S,N,A,-,Y,,,,,,,,,,N,4,0,1,2,A,-,03,22350,,N,C,C,A,A,H,-,A,A,0,,,,Y,Y,,A,01,0,0,1,0,0,0,0,0,0,"- ","- ",,,"SAN MATEO",BURLINGAME,-122.36053,37.589700000000001
91107665,2019,2019-10-28,9330,2019-10-16,1030,021942,,3,1,9,4100,0,1,3,,1,011,SR-92,"PILARCITOS QUARRY RD",500.00,E,N,B,-,Y,,,92,,,,,,,Y,4,0,1,2,A,-,03,22350,,N,C,C,A,A,H,-,A,D,0,,,,Y,Y,,F,26,0,0,1,0,0,0,0,0,0,"- ","- ",37.490001678466797,-122.39079284667969,"SAN MATEO",UNINCORPORATED,-122.39078521728516,37.489990234375
91249242,2020,2020-06-08,9335,2020-05-29,1152,022326,,5,1,9,4100,0,1,3,,2,040,"SR-1 S/B","TOM LANTOS TUNNEL",700.00,S,N,B,-,Y,,,1,,,,,,S,Y,3,0,1,2,A,-,07,21658,A,N,D,C,A,A,H,-,A,D,0,,,,,Y,,A,01,0,1,0,0,0,0,0,0,0,"- ","- ",37.570011138916016,-122.51571655273438,"SAN MATEO",UNINCORPORATED,-122.51570892333984,37.570018768310547
91268899,2020,2020-07-15,9330,2020-07-09,0355,022042,,4,3,4,4104,0,1,2,,2,038,"US-101 NB TO BROADWAY",BROADWAY,400.00,S,N,A,-,Y,,,101,,,,R,,N,Y,4,0,1,1,A,-,01,23152,F,N,E,I,A,A,H,-,C,D,0,,,,,Y,,A,01,0,0,1,0,0,0,0,0,0,"- ","- ",37.589870452880859,-122.36019134521484,"SAN MATEO",BURLINGAME,-122.36019134521484,37.589870452880859
91298600,2020,2020-09-03,9330,2020-08-28,1500,022372,,5,2,5,4116,0,1,2,,2,038,"US-101 N/B","HILLSDALE BLVD",10.00,S,N,A,-,Y,,,101,,,,,,N,Y,4,0,1,5,A,-,03,22350,,N,C,C,A,A,H,-,A,D,0,,,,,Y,,D,22,0,0,1,0,0,0,0,0,0,"- ","- ",37.544509887695312,-122.28774261474609,"SAN MATEO","SAN MATEO",-122.28767395019531,37.544567108154297
90191897,2016,2016-06-01,9335,2016-05-20,2025,020991,,5,2,2,4103,0,1,2,,2,012,"US-101 N/B","BAYSHORE BLVD. O/C",660.00,S,N,A,-,Y,,,101,,,,,,N,Y,4,0,1,3,A,-,07,21658,A,N,B,C,A,A,H,-,B,D,0,,,,,Y,,A,01,0,0,1,0,0,0,0,0,0,"- ","- ",37.668320000000001,-122.39404,"SAN MATEO",BRISBANE,-122.39405237,37.668331680000001
90208003,2016,2016-06-23,9330,2016-06-16,1015,021253,,4,1,2,4118,0,1,1,,2,044,"I-280 NORTHBOUND","FARM HILL ROAD",600.00,S,N,A,-,Y,,,,,,,,,,Y,3,0,1,1,A,-,08,22107,,N,E,I,A,A,H,-,A,D,0,,,,,Y,,A,01,0,1,0,0,0,0,0,0,0,"- ","- ",,,"SAN MATEO",WOODSIDE,-122.26345000000001,37.443899999999999
90234129,2016,2016-08-01,9335,2016-07-22,0930,020212,,5,1,2,4103,0,1,2,,2,012,"US-101 S/B","ALANNA WAY",2000.00,S,N,A,-,Y,,,101,,,,,,S,Y,4,0,1,2,A,-,03,22350,,N,C,C,A,A,H,-,A,D,0,,,Y,,Y,,C,02,0,0,1,0,0,0,0,0,1,"- ","- ",37.696399999999997,-122.39242,"SAN MATEO",BRISBANE,-122.39242290999999,37.696399329999998
90239772,2016,2016-08-08,9330,2016-08-05,0735,020778,,5,1,9,4100,0,1,3,,1,020,SR-1,"SAN GREGORIO BEACH",8.00,S,N,B,-,Y,,,1,,,,,,,Y,4,0,1,1,A,-,08,22107,,N,E,J,A,B,H,-,A,D,0,,,,,Y,,A,01,0,0,1,0,0,0,0,0,0,"- ","- ",37.323129999999999,-122.40094000000001,"SAN MATEO",UNINCORPORATED,-122.40085341,37.323077550000001
90319397,2016,2016-11-15,9330,2016-11-09,1510,016534,,3,2,5,4116,0,1,2,,2,048,"US-101 N/B","E. HILLSDALE BLVD. O/C",1000.00,S,N,A,-,Y,,,,,,,,,,Y,4,0,1,2,A,-,03,22350,,N,C,C,A,A,H,-,A,A,0,,,,,Y,,A,01,0,0,1,0,0,0,0,0,0,"- ","- ",,,"SAN MATEO","SAN MATEO",-122.28582792,37.542421599999997
90357982,2016,2016-12-29,9335,2016-12-14,0840,016118,,3,1,4,4114,0,1,1,,2,020,"SR-35 S/B TO I-280 S/B","I-280 SOUTHBOUND",2950.00,N,N,B,-,Y,,,35,,,,R,,S,Y,2,0,1,5,A,-,03,22350,,N,C,C,A,A,H,-,A,D,0,,,,,Y,,D,22,1,0,0,0,0,0,0,0,0,"- ","- ",37.608179999999997,-122.43255000000001,"SAN MATEO","SAN BRUNO",-122.43255000000001,37.608179999999997
82058577,2023,2023-05-01,4117,2023-04-22,1459,21AM09,19AX,6,5,5,4117,0,0,0,,0,003,"JUNIPERO SERRA BL","KING DR",0.00,,Y,A,-,N,,,,,,,,,,N,3,0,1,2,A,-,10,21950,A,N,G,B,B,A,H,-,A,A,0,Y,,,,Y,,A,01,0,1,0,0,1,0,0,0,0,"- ","- ",37.654338836669922,-122.45352935791016,"SAN MATEO","SOUTH SAN FRANCISCO",-122.45307159423828,37.654613494873047
82095174,2023,2023-06-15,4117,2023-06-03,1945,21LR14,25AH,6,5,5,4117,0,0,0,,0,003,"CHESTNUT AV","EL CAMINO REAL",0.00,,Y,A,-,Y,SM,,82," "," ",20.654,H,,R,Y,3,0,1,2,A,-,09,21453,C,N,D,C,A,A,H,-,B,A,0,,,,,Y,,D,22,0,1,0,0,0,0,0,0,0,"- ","- ",37.655250549316406,-122.43434906005859,"SAN MATEO","SOUTH SAN FRANCISCO",-122.43436431884766,37.655239105224609
82114451,2023,2023-07-11,4116,2023-06-12,2012,28536,34,1,5,5,4116,0,0,0,,0,00C,"2121 S EL CAMINO REAL","21ST AVE",179.00,S,-,A,-,N,,,,,,,,,,N,3,0,1,2,A,-,09,21804,A,N,B,C,A,A,H,-,A,D,0,,,,,Y,,D,22,0,1,0,0,0,0,0,0,0,"- ","- ",37.547378540039062,-122.30760955810547,"SAN MATEO","SAN MATEO",-122.30859375,37.547153472900391
82231547,2023,2023-11-08,4114,2023-10-20,1723,1260,SNB4,5,5,4,4114,0,0,0,,0,001,"EL CAMINO REAL","COMMODORE DR",0.00,,Y,A,-,Y,,,,,,,,,,N,3,0,1,2,A,-,09,21453,C,N,D,C,A,A,H,-,A,A,0,,,Y,,Y,,A,01,0,1,0,0,0,0,0,0,1,"- ","- ",,,"SAN MATEO","SAN BRUNO",-122.42047882080078,37.635200500488281
82277849,2023,2024-01-03,4116,2023-12-15,"624 ",28889,13A,5,5,5,4116,0,0,0,,0,00A,"S HUMBOLDT ST","EAST 4TH AV",0.00,,Y,A,-,N,,,,,,,,,,N,3,0,1,2,A,-,03,22350,,M,C,C,A,A,H,-,C,A,0,,,,,Y,Y,A,01,0,1,0,0,0,0,0,0,0,"- ","- ",37.56890869140625,-122.31555938720703,"SAN MATEO","SAN MATEO",-122.3155517578125,37.568916320800781
90139565,2016,2016-03-18,9330,2016-03-02,0935,017991,,3,1,9,4100,0,1,3,,1,011,"SR-92 W/B","CANADA RD",5.00,E,N,A,-,Y,,,,,,,,,,Y,4,0,1,2,A,-,03,22350,,N,C,C,A,A,H,-,A,D,0,,,,,Y,,A,01,0,0,1,0,0,0,0,0,0,"- ","- ",,,"SAN MATEO",UNINCORPORATED,-122.34129283,37.507088709999998
81919641,2022,2022-11-16,4116,2022-11-04,1619,26446,25,5,5,5,4116,0,0,0,,0,00A,"BOREL PL","BOREL AV",0.00,,Y,B,-,N,,,,,,,,,,N,3,0,1,1,A,-,03,22350,,N,H,A,A,A,H,-,A,D,0,,Y,,,Y,,L,04,0,1,0,0,0,0,1,0,0,"- ","- ",37.54962158203125,-122.31887054443359,"SAN MATEO","SAN MATEO",-122.31885528564453,37.549602508544922
81961928,2022,2023-01-06,4100,2022-12-29,1507,25906,4100,4,5,4,4115,0,0,0,,0,053,"EL CAMINO REAL","HULL DR",32.00,S,-,B,-,N,,,,,,,,,,Y,3,0,1,2,A,-,03,22350,,N,C,C,A,B,H,-,A,D,0,,,,,Y,,A,01,0,1,0,0,0,0,0,0,0,"- ","- ",,,"SAN MATEO","SAN CARLOS",-122.26634216308594,37.511775970458984
81993461,2023,2023-02-13,4100,2023-01-29,1445,26021,WDS,7,5,2,4118,0,0,0,,0,B30,"SR-84 (WOODSIDE RD)","MONTELENA CT",238.00,N,-,A,-,Y,,,,,,,,,,Y,3,0,1,1,A,-,08,22107,,N,E,I,A,A,B,-,A,D,0,,,,,Y,,D,73,0,1,0,0,0,0,0,0,0,"- ","- ",,,"SAN MATEO",WOODSIDE,-122.26348876953125,37.414100646972656
81994371,2023,2023-02-14,4116,2023-02-08,1229,28252,13A,3,5,5,4116,0,0,0,,0,00A,"1008 EAST 4TH AVENUE","SOUTH HUMBOLDT STREET",132.00,E,-,A,-,Y,,,,,,,,,,N,4,0,1,2,A,-,03,22350,,N,-,C,A,A,H,-,A,D,0,,,,,Y,,A,07,0,0,1,0,0,0,0,0,0,"- ","- ",37.568988800048828,-122.31491851806641,"SAN MATEO","SAN MATEO",-122.31520080566406,37.569156646728516
81998416,2023,2023-02-20,4100,2023-02-08,1954,25888,4100,3,5,3,4107,0,0,0,,0,075,"N CABRILLO HWY","RUISSEAU FRANCAIS AV",0.00,,Y,A,-,Y,,,,,,,,,,N,2,0,1,1,A,-,03,22350,,N,H,A,A,A,B,-,C,A,0,,,Y,,Y,,C,02,1,0,0,0,0,0,0,0,1,"- ","- ",,,"SAN MATEO","HALF MOON BAY",-122.44641876220703,37.483524322509766
82007148,2023,2023-03-01,4117,2023-02-27,2500,21PR06,21AH,1,5,5,4117,0,0,0,,0,003,"HOLLY AV","WESTVIEW DR",110.00,N,-,C,-,N,,,,,,,,,,N,3,0,2,2,A,-,08,22107,,N,D,C,A,B,H,-,A,D,0,,,,,Y,,D,72,0,2,0,0,0,0,0,0,0,"- ","- ",37.661849975585938,-122.43782806396484,"SAN MATEO","SOUTH SAN FRANCISCO",-122.43756103515625,37.662071228027344
9368475,2021,2021-12-15,4102,2021-11-20,1935,00675,6C1,6,5,4,4102,0,0,0,,0,003,"READ AV","PONCE AV",383.00,S,N,A,-,N,,,,,,,,,,N,4,0,1,2,A,-,08,22107,,M,B,C,A,A,H,-,D,D,0,,,,,Y,,-,99,0,0,1,0,0,0,0,0,0,"- ","- ",37.514961242675781,-122.30188751220703,"SAN MATEO",BELMONT,-122.30226135253906,37.513965606689453
9442459,2022,2022-05-03,4106,2022-04-19,2202,2196,14,2,5,6,4106,0,0,0,,0,006,"GELLERT BL","VICTORIA ST",0.00,,Y,A,-,N,,,,,,,,,,Y,3,0,1,2,A,-,10,21950,A,N,G,B,B,A,H,-,C,D,0,Y,,,,Y,,A,01,0,1,0,0,1,0,0,0,0,"- ","- ",37.661441802978516,-122.46893310546875,"SAN MATEO","DALY CITY",-122.46894836425781,37.661426544189453
81548150,2021,2021-08-18,4114,2021-07-25,0210,0980,SNB6,7,5,4,4114,0,0,0,,0,002,"HUNTINGTON AV","SAN MATEO AV",0.00,,Y,A,-,N,,,,,,,,,,Y,4,0,1,1,A,-,01,23152,A,N,E,I,A,A,H,-,C,A,0,,,,,Y,Y,A,01,0,0,1,0,0,0,0,0,0,"- ","- ",,,"SAN MATEO","SAN BRUNO",-122.411376953125,37.629512786865234
81560169,2021,2021-09-01,4117,2021-08-28,2350,19JH01,16AA,6,5,5,4117,0,0,0,,0,002,"JUNIPERO SERRA BL","AVALON DR",750.00,N,-,A,-,N,,,,,,,,,,Y,3,0,1,1,A,-,01,23152,A,N,E,J,A,A,H,-,C,D,0,,,,,Y,Y,A,01,0,1,0,0,0,0,0,0,0,"- ","- ",37.641979217529297,-122.44252777099609,"SAN MATEO","SOUTH SAN FRANCISCO",-122.44301605224609,37.641693115234375