CASE_ID,ACCIDENT_YEAR,PROC_DATE,JURIS,COLLISION_DATE,COLLISION_TIME,OFFICER_ID,REPORTING_DISTRICT,DAY_OF_WEEK,CHP_SHIFT,POPULATION,CNTY_CITY_LOC,SPECIAL_COND,BEAT_TYPE,CHP_BEAT_TYPE,CITY_DIVISION_LAPD,CHP_BEAT_CLASS,BEAT_NUMBER,PRIMARY_RD,SECONDARY_RD,DISTANCE,DIRECTION,INTERSECTION,WEATHER_1,WEATHER_2,STATE_HWY_IND,CALTRANS_COUNTY,CALTRANS_DISTRICT,STATE_ROUTE,ROUTE_SUFFIX,POSTMILE_PREFIX,POSTMILE,LOCATION_TYPE,RAMP_INTERSECTION,SIDE_OF_HWY,TOW_AWAY,COLLISION_SEVERITY,NUMBER_KILLED,NUMBER_INJURED,PARTY_COUNT,PRIMARY_COLL_FACTOR,PCF_CODE_OF_VIOL,PCF_VIOL_CATEGORY,PCF_VIOLATION,PCF_VIOL_SUBSECTION,HIT_AND_RUN,TYPE_OF_COLLISION,MVIW,PED_ACTION,ROAD_SURFACE,ROAD_COND_1,ROAD_COND_2,LIGHTING,CONTROL_DEVICE,CHP_ROAD_TYPE,PEDESTRIAN_ACCIDENT,BICYCLE_ACCIDENT,MOTORCYCLE_ACCIDENT,TRUCK_ACCIDENT,NOT_PRIVATE_PROPERTY,ALCOHOL_INVOLVED,STWD_VEHTYPE_AT_FAULT,CHP_VEHTYPE_AT_FAULT,COUNT_SEVERE_INJ,COUNT_VISIBLE_INJ,COUNT_COMPLAINT_PAIN,COUNT_PED_KILLED,COUNT_PED_INJURED,COUNT_BICYCLIST_KILLED,COUNT_BICYCLIST_INJURED,COUNT_MC_KILLED,COUNT_MC_INJURED,PRIMARY_RAMP,SECONDARY_RAMP,LATITUDE,LONGITUDE,COUNTY,CITY,POINT_X,POINT_Y
91238409,2020,2020-05-15,9330,2020-05-07,1435,022200,,4,2,9,4100,0,1,3,,2,042,SR-35,"CYPRESS RIDGE RD",1000.00,S,N,A,-,Y,,,35,,,,,,,Y,4,0,1,2,A,-,08,22107,,N,F,A,A,A,H,-,A,D,0,,,Y,,Y,,C,02,0,0,1,0,0,0,0,0,1,"- ","- ",37.458309173583984,-122.33853149414062,"SAN MATEO",UNINCORPORATED,-122.33852386474609,37.45831298828125
9123878,2020,2020-09-08,4113,2020-06-03,0725,479,11,3,5,5,4113,0,0,0,,0,2/3,"VETERANS BL","MAIN ST",0.00,,Y,A,-,N,,,,,,,,,,N,3,0,2,2,-,-,"- ",,A,N,D,C,A,A,H,-,A,A,0,,,,,Y,,A,01,0,2,0,0,0,0,0,0,0,"- ","- ",37.489940643310547,-122.22650909423828,"SAN MATEO","REDWOOD CITY",-122.22659301757812,37.490070343017578
91259622,2020,2020-06-29,9330,2020-06-21,2230,022355,,7,3,9,4100,0,1,3,,2,052,SR-35,"RIDGE TRAIL",150.00,S,N,A,-,N,,,35,,,,,,,Y,3,0,1,2,A,-,01,23152,A,N,A,C,A,A,H,-,D,D,0,,,,,Y,Y,A,01,0,1,0,0,0,0,0,0,0,"- ","- ",37.324489593505859,-122.20436859130859,"SAN MATEO",UNINCORPORATED,-122.20438385009766,37.324462890625
91271784,2020,2020-07-21,9330,2020-01-25,1340,022294,,6,1,9,4100,0,1,3,,1,021,"STATE ROUTE 84 (LA HONDA ROAD)","KEBET RIDGE ROAD",70.00,E,N,A,-,Y,,,84,,,,,,,Y,1,1,1,3,A,-,03,22350,,N,F,A,A,B,H,-,A,D,0,,,Y,,Y,,C,02,0,1,0,0,0,0,0,1,1,"- ","- ",37.383098602294922,-122.26509857177734,"SAN MATEO",UNINCORPORATED,-122.26509857177734,37.383098602294922
9127583,2020,2020-11-05,4106,2020-07-16,0800,1180,03,4,5,6,4106,0,0,0,,0,002,"CROCKER AV","WINCHESTER AV",0.00,,Y,A,-,N,,,,,,,,,,N,3,0,1,2,A,-,09,21802,A,N,D,C,A,A,H,-,A,D,0,,,,,Y,,A,01,0,1,0,0,0,0,0,0,0,"- ","- ",,,"SAN MATEO","DALY CITY",-122.457763671875,37.704761505126953
91286050,2020,2020-08-14,9330,2020-08-12,0645,022385,,3,1,5,4116,0,1,2,,2,038,"US-101 SOUTHBOUND","STATE ROUTE 92 OVER-CROSSING",2112.00,N,N,A,-,Y,,,101,,,,,,S,N,4,0,1,1,A,-,08,22107,,N,E,I,A,A,H,-,A,D,0,,,,,Y,,A,01,0,0,1,0,0,0,0,0,0,"- ","- ",37.558101654052734,-122.30007171630859,"SAN MATEO","SAN MATEO",-122.3004150390625,37.557792663574219
91301947,2020,2020-09-10,9330,2020-09-03,1540,021662,,4,2,9,4100,0,3,5,,2,511,"ALPINE ROAD","GOLF LANE",0.00,,Y,A,-,N,,,,,,,,,,N,4,0,1,2,A,-,09,21802,A,N,D,C,A,A,H,-,A,D,0,,,,,Y,,A,01,0,0,1,0,0,0,0,0,0,"- ","- ",37.405891418457031,-122.19374847412109,"SAN MATEO",UNINCORPORATED,-122.19377899169922,37.405879974365234
91321280,2020,2020-10-12,9335,2020-10-02,0049,021672,,5,3,5,4117,0,1,2,,2,012,"US-101 N/B","SIERRA POINT PKWY UNDERCROSSING",605.00,S,N,A,-,Y,,,101,,,,,,N,Y,4,0,1,1,A,-,08,22107,,N,E,J,A,A,H,-,C,D,0,,,,,Y,,A,01,0,0,1,0,0,0,0,0,0,"- ","- ",37.672901153564453,-122.38990020751953,"SAN MATEO","SOUTH SAN FRANCISCO",-122.39013671875,37.673049926757812
91321784,2020,2020-10-12,9335,2020-10-03,1630,022007,,6,2,4,4111,0,1,3,,2,040,"SR-1 S/B","NORTH EDGE OF TOM LANTOS TUNNEL",35.00,S,N,A,-,Y,,,,,,,,,,Y,3,0,1,2,A,-,03,22350,,N,C,C,A,A,H,-,A,A,0,,,,,Y,,A,08,0,1,0,0,0,0,0,0,0,"- ","- ",37.582511901855469,-122.50993347167969,"SAN MATEO",PACIFICA,,
91350430,2020,2020-11-20,9330,2020-10-14,1609,019764,,3,2,5,4116,0,1,3,,2,031,"SR-92 E/B",US-101,1584.00,W,N,A,-,Y,,,92,,,,,,E,N,4,0,1,2,A,-,07,21658,A,F,C,C,A,A,H,-,A,B,0,,,,Y,Y,,D,22,0,0,1,0,0,0,0,0,0,"- ","- ",37.552539825439453,-122.30062103271484,"SAN MATEO","SAN MATEO",-122.30062103271484,37.552474975585938
91484790,2021,2021-10-29,9330,2021-05-18,2335,021661,,2,3,5,4116,0,1,2,,2,038,"US-101 S/B","3RD AVE",2640.00,N,N,A,-,Y,,,101,,,,,,S,Y,3,0,1,2,A,-,01,23152,A,N,C,C,A,A,D,-,C,D,0,,,,Y,Y,Y,-,"- ",0,1,0,0,0,0,0,0,0,"- ","- ",37.576461791992188,-122.32034301757812,"SAN MATEO","SAN MATEO",-122.32028198242188,37.576522827148438
91531523,2021,2021-07-29,9335,2021-07-23,0600,019581,,5,1,2,4103,0,1,2,,2,012,"US-101 SB","ALANA WAY",1200.00,S,N,A,-,Y,,,101,,,,,,S,Y,3,0,1,1,A,-,08,22107,,N,E,I,A,A,H,-,A,D,0,,,,,Y,,A,01,0,1,0,0,0,0,0,0,0,"- ","- ",37.705551147460938,-122.39441680908203,"SAN MATEO",BRISBANE,-122.39450073242188,37.705532073974609
91538581,2021,2021-08-06,9330,2021-08-04,1705,016184,,3,2,5,4116,0,1,2,,2,048,"US-101 NORTHBOUND","E. HILLSDALE BLVD",2640.00,S,N,A,-,Y,,,101,,,,,,N,Y,4,0,1,2,A,-,03,22350,,N,C,C,A,A,D,E,A,D,0,,,,,Y,,A,01,0,0,1,0,0,0,0,0,0,"- ","- ",37.540050506591797,-122.28360748291016,"SAN MATEO","SAN MATEO",-122.28359985351562,37.540058135986328
91543196,2021,2021-08-12,9335,2021-07-02,1350,022241,,5,1,6,4106,0,1,1,,2,021,"I-280 N/B","THE SAN PEDRO ROAD OVERCROSSING",81.00,S,N,A,-,Y,,,280,,,,,,N,N,3,0,1,2,A,-,07,21658,A,M,B,C,A,A,H,-,A,D,0,,,,,Y,,-,99,0,1,0,0,0,0,0,0,0,"- ","- ",37.685070037841797,-122.47116851806641,"SAN MATEO","DALY CITY",-122.47135162353516,37.685081481933594
91563439,2021,2021-09-06,9335,2021-08-22,2146,022596,,7,2,6,4106,0,1,1,,2,021,"I-280 S/B","JOHN DALY BOULEVARD OVERCROSSING",1372.00,S,N,A,-,Y,,,280,,,,,,S,Y,4,0,1,1,A,-,01,23152,A,N,E,I,A,A,H,-,C,D,0,,,,,Y,Y,A,01,0,0,1,0,0,0,0,0,0,"- ","- ",37.700981140136719,-122.47209167480469,"SAN MATEO","DALY CITY",-122.47187805175781,37.701000213623047
9157346,2020,2020-10-16,4111,2020-08-12,1339,P5137,P14,3,5,4,4111,0,0,0,,0,0P3,"ROBERTS RD","FASSLER AV",183.00,S,N,A,-,N,,,,,,,,,,Y,3,0,1,2,A,-,08,22107,,N,B,C,A,A,H,-,A,D,0,,,,,Y,,A,01,0,1,0,0,0,0,0,0,0,"- ","- ",,,"SAN MATEO",PACIFICA,-122.49549102783203,37.605220794677734
91596861,2021,2021-10-14,9330,2021-10-02,1305,022515,,6,1,9,4100,0,3,5,,2,005,"SR-82 (EL CAMINO REAL)","5TH AVENUE",0.00,,Y,A,-,N,,,82,,,,,,,N,4,0,1,2,D,-,00,,,N,A,C,A,A,H,-,A,B,0,,,,,Y,,-,"- ",0,0,1,0,0,0,0,0,0,"- ","- ",37.467189788818359,-122.20903778076172,"SAN MATEO",UNINCORPORATED,-122.20903778076172,37.467189788818359
91613421,2021,2022-11-03,9330,2021-05-07,1332,022590,,5,1,9,4100,0,2,4,,1,051,"MIDDLEFIELD ROAD","FOURTH AVENUE",2.00,S,N,A,-,N,,,,,,,,,,N,2,0,2,3,A,-,10,21950,A,N,G,B,B,A,H,-,A,A,0,Y,,,,Y,,A,01,2,0,0,0,2,0,0,0,0,"- ","- ",37.472110748291016,-122.20449829101562,"SAN MATEO",UNINCORPORATED,-122.20533752441406,37.47265625
91617904,2021,2021-11-08,9335,2021-10-27,2215,021672,,3,3,5,4117,0,1,2,,2,012,"US-101 S/B","OYSTER POINT BLVD O/C",569.00,N,N,A,-,Y,,,101,,,,,,S,Y,3,0,3,3,A,-,03,22350,,N,C,C,A,A,H,-,C,D,0,,,,,Y,,A,07,0,2,1,0,0,0,0,0,0,"- ","- ",37.665088653564453,-122.39742279052734,"SAN MATEO","SOUTH SAN FRANCISCO",-122.39745330810547,37.665130615234375
91647789,2021,2021-12-09,9335,2021-11-29,2220,022179,,1,3,5,4117,0,1,2,,2,012,"US-101 S/B","GRAND AVENUE UNDERCROSSING",2200.00,N,N,A,-,Y,,,101,,,,,,S,Y,3,0,2,3,A,-,01,23152,A,N,C,C,A,A,H,-,C,D,0,,,,,Y,Y,A,01,0,1,1,0,0,0,0,0,0,"- ","- ",37.660129547119141,-122.40438842773438,"SAN MATEO","SOUTH SAN FRANCISCO",-122.40442657470703,37.66015625
91684481,2021,2022-01-25,9330,2021-11-28,2100,022367,,7,2,9,4100,0,3,5,,2,303,"VALDEFLORES DRIVE","LA MESA DRIVE",82.00,N,N,A,-,N,,,,,,,,,,Y,3,0,1,1,A,-,01,23152,A,N,E,I,A,A,H,-,D,D,0,,,,,Y,Y,A,01,0,1,0,0,0,0,0,0,0,"- ","- ",37.573581695556641,-122.39037322998047,"SAN MATEO",UNINCORPORATED,-122.39034271240234,37.573566436767578
91691573,2022,2022-02-02,9335,2022-01-22,0007,022241,,6,3,4,4114,0,1,1,,2,020,"I-280 N/B","SAN BRUNO AVENUE",1096.00,S,N,A,-,Y,SM,,280,,R,20.544,H,,R,Y,3,0,1,2,A,-,01,23152,A,N,C,C,A,A,H,-,C,D,0,,,,,Y,Y,A,01,0,1,0,0,0,0,0,0,0,"- ","- ",37.621688842773438,-122.42665863037109,"SAN MATEO","SAN BRUNO",-122.42660522460938,37.621711730957031
9172206,2020,2020-12-02,4100,2020-10-15,1242,25054,MLB,4,5,3,4110,0,0,0,,0,062,"EL CAMINO REAL","LUDEMAN LN",0.00,,Y,A,-,Y,SM,4,82,-,-,16.920,H,-,S,Y,3,0,3,2,A,-,08,22107,,N,D,C,A,A,H,-,A,D,0,,,,,Y,,A,01,0,3,0,0,0,0,0,0,0,"- ","- ",,,"SAN MATEO",MILLBRAE,-122.39979553222656,37.608650207519531
91722229,2022,2022-03-14,9330,2022-02-23,0855,022768,,3,1,9,4100,0,3,5,,2,073,"I-280 S/B","PAGE MILL ROAD",2640.00,N,N,A,-,Y,SCL,,280,,,18.959,H,,L,Y,3,0,1,1,A,-,08,22107,,N,E,I,A,A,H,-,A,D,0,,,,,Y,,A,01,0,1,0,0,0,0,0,0,0,"- ","- ",37.392200469970703,-122.17289733886719,"SAN MATEO",UNINCORPORATED,-122.17288970947266,37.392223358154297
91747138,2022,2022-04-13,9330,2022-03-08,1640,022785,,2,2,4,4115,0,1,2,,2,048,"US-101 NB","HOLLY STREET",2112.00,S,N,A,-,Y,SM,,101,,,7.991,H,,R,N,4,0,1,2,A,-,03,22350,,N,C,C,A,A,D,-,A,D,0,,,,,Y,,A,07,0,0,1,0,0,0,0,0,0,"- ","- ",37.509639739990234,-122.25102996826172,"SAN MATEO","SAN CARLOS",-122.25106811523438,37.509609222412109
91763176,2022,2022-05-03,9330,2022-04-21,1130,020646,,4,1,3,4110,0,1,1,,2,034,"I-280 NB","LARKSPUR DRIVE",1807.00,N,N,B,-,Y,,,,,,,,,,N,3,0,2,1,A,-,08,22107,,N,E,J,A,A,H,-,A,D,0,,,,,Y,,A,01,0,2,0,0,0,0,0,0,0,"- ","- ",37.599178314208984,-122.42371368408203,"SAN MATEO",MILLBRAE,-122.42336273193359,37.599624633789062
91764148,2022,2022-05-04,9330,2022-04-22,1512,022279,,5,2,9,4100,0,1,3,,1,021,"SR-84 (LA HONDA ROAD)","KEBET RIDGE ROAD",4224.00,W,N,A,-,Y,SM,,84,,,13.755,H,,R,Y,4,0,1,1,A,-,08,22107,,N,E,I,A,A,H,-,A,D,0,,,,,Y,,D,22,0,0,1,0,0,0,0,0,0,"- ","- ",37.3720703125,-122.26407623291016,"SAN MATEO",UNINCORPORATED,-122.26405334472656,37.372116088867188
91794684,2022,2022-06-14,9330,2022-06-05,1430,022575,,7,2,9,4100,0,3,5,,2,004,"KINGS MOUNTAIN ROAD","HUDDART PARK ROAD",1200.00,W,N,B,-,N,,,,,,,,,,N,4,0,1,1,A,-,03,22350,,N,E,I,A,A,H,-,A,D,0,,Y,,,Y,,L,04,0,0,1,0,0,0,1,0,0,"- ","- ",37.437900543212891,-122.29434204101562,"SAN MATEO",UNINCORPORATED,-122.29415893554688,37.437839508056641
91805186,2022,2022-06-28,9335,2022-06-16,0310,021754,,4,3,5,4117,0,1,2,,2,012,"US-101 S/B","OYSTER POINT BLVD. O/C",530.00,S,N,A,-,Y,SM,,101,,,22.632,H,,L,Y,3,0,2,3,C,-,18,,,N,C,C,A,A,H,-,C,D,0,,,,,Y,,-,"- ",0,2,0,0,0,0,0,0,0,"- ","- ",37.662868499755859,-122.40058898925781,"SAN MATEO","SOUTH SAN FRANCISCO",-122.40061950683594,37.662899017333984
91834885,2022,2022-08-08,9330,2022-07-23,1055,022735,,6,1,5,4116,0,1,2,,2,038,"US-101 NORTHBOUND","KEHOE AVENUE",1584.00,S,N,A,-,Y,SM,,101,,,12.399,H,,R,Y,4,0,1,3,A,-,03,22350,,M,C,C,A,A,D,-,A,D,0,,,,,Y,,A,01,0,0,1,0,0,0,0,0,0,"- ","- ",37.559360504150391,-122.30158996582031,"SAN MATEO","SAN MATEO",-122.301513671875,37.559402465820312
91856054,2022,2022-09-02,9330,2022-09-01,0657,020646,,4,1,9,4100,0,1,3,,1,011,"SR-92 E/B","SR-35 (SKYLINE BLVD",750.00,E,N,B,-,Y,SM,,92,,,5.339,H,,R,N,4,0,1,2,A,-,03,22350,,N,C,C,A,A,H,-,A,D,0,,,,,Y,,D,22,0,0,1,0,0,0,0,0,0,"- ","- ",37.496181488037109,-122.36666870117188,"SAN MATEO",UNINCORPORATED,-122.36665344238281,37.496208190917969
91857345,2022,2022-09-05,9330,2022-08-24,1800,023060,,3,2,5,4113,0,1,2,,2,048,"US-101 S/B","WOODSIDE ROAD (SR-84)",2640.00,N,N,A,-,Y,SM,,101,,,5.945,H,,L,Y,3,0,1,4,A,-,07,21658,A,N,C,C,A,A,H,-,A,D,0,,,,,Y,,D,22,0,1,0,0,0,0,0,0,0,"- ","- ",37.492431640625,-122.22173309326172,"SAN MATEO","REDWOOD CITY",-122.22170257568359,37.492465972900391
91860173,2022,2022-09-08,9335,2022-08-31,1458,023044,,3,2,2,4103,0,1,2,,2,012,"US 101 N/B","OF SIERRA POINT PKWY",439.00,N,N,A,-,Y,SM,,101,,,23.752,H,,R,N,4,0,1,2,C,-,18,,,N,H,C,A,A,H,-,A,D,0,,,,Y,Y,,-,"- ",0,0,1,0,0,0,0,0,0,"- ","- ",37.675670623779297,-122.38878631591797,"SAN MATEO",BRISBANE,-122.38880920410156,37.675674438476562
91869850,2022,2022-09-21,9330,2022-09-13,1022,022876,,2,1,4,4109,0,1,2,,2,058,"US-101 S/B","MARSH ROAD",2323.00,S,N,A,-,Y,SM,,101,,,4.034,H,,L,N,4,0,2,3,A,-,03,22350,,N,C,C,A,A,H,-,A,D,0,,,,,Y,,D,22,0,0,2,0,0,0,0,0,0,"- ","- ",37.485408782958984,-122.18852233886719,"SAN MATEO","MENLO PARK",-122.18854522705078,37.485298156738281
91877271,2022,2022-09-29,9330,2022-09-15,1600,022807,,4,2,5,4116,0,1,2,,2,038,"US-101 N/B",SR-92,405.00,N,N,A,-,Y,SM,,101,,,12.022,H,,R,Y,3,0,1,1,A,-,08,22107,,N,F,A,A,A,H,-,A,D,0,,,Y,,Y,,C,02,0,1,0,0,0,0,0,0,1,"- ","- ",37.554790496826172,-122.29740142822266,"SAN MATEO","SAN MATEO",-122.29736328125,37.5548095703125
91888101,2022,2022-10-12,9330,2022-05-17,1555,022785,,2,2,4,4104,0,1,2,,2,038,"US-101 NB","ANZA BOULEVARD",50.00,S,N,A,-,Y,SM,,101,,,16.013,H,,R,N,4,0,1,2,A,-,08,22107,,M,E,J,A,A,H,-,A,D,0,,,,,Y,,A,01,0,0,1,0,0,0,0,0,0,"- ","- ",37.587200164794922,-122.35164642333984,"SAN MATEO",BURLINGAME,-122.35164642333984,37.587284088134766
91899091,2022,2022-10-25,9330,2022-10-24,0800,021630,,1,1,4,4104,0,1,3,,1,037,"US-101 S/B","ANZA BLVD",2640.00,S,N,A,-,Y,SM,,101,,,15.427,H,,L,N,4,0,1,2,A,-,03,22350,,N,C,C,A,A,H,-,A,A,0,,,,,Y,,D,22,0,0,1,0,0,0,0,0,0,"- ","- ",37.586761474609375,-122.34114837646484,"SAN MATEO",BURLINGAME,-122.34114837646484,37.586818695068359
9190419,2020,2020-12-15,4113,2020-11-03,1744,380,3,2,5,5,4113,0,0,0,,0,003,"WOOD LN","EL CAMINO REAL",0.00,,Y,A,-,Y,SM,4,84,-,-,24.700,H,-,N,N,3,0,1,2,A,-,08,22107,,F,B,C,A,-,H,-,C,D,0,,,Y,,Y,,-,,0,1,0,0,0,0,0,0,1,"- ","- ",37.489498138427734,-122.23860168457031,"SAN MATEO","REDWOOD CITY",-122.22181701660156,37.476375579833984
91915598,2022,2022-11-11,9335,2022-10-25,1850,022920,,2,2,6,4106,0,1,1,,2,021,"I-280 NB","THE D STREET OVERCROSSING",266.00,S,N,A,-,Y,SM,,280,,R,25.626,H,,R,N,4,0,1,2,A,-,03,22350,,M,C,C,A,A,H,-,D,D,0,,,,,Y,,-,99,0,0,1,0,0,0,0,0,0,"- ","- ",37.683101654052734,-122.47135925292969,"SAN MATEO","DALY CITY",-122.47139739990234,37.683101654052734
91918977,2022,2022-11-16,9335,2022-11-04,1845,021997,,5,2,4,4114,0,1,1,,2,020,"I-280 S/B","SNEATH LANE OVERCROSSING",1003.00,N,N,A,-,Y,SM,,280,,R,21.508,H,,L,N,3,0,1,3,A,-,03,22350,,N,A,C,A,A,H,-,D,A,0,,,,,Y,,A,07,0,1,0,0,0,0,0,0,0,"- ","- ",37.632488250732422,-122.43760681152344,"SAN MATEO","SAN BRUNO",-122.43755340576172,37.632522583007812
91926249,2022,2022-11-24,9330,2022-11-21,1555,022914,,1,2,4,4109,0,1,2,,2,058,"US-101 N/B FROM MARSH RD","MARSH RD",100.00,S,N,A,-,Y,,,,,,,,,,N,4,0,2,2,A,-,03,22350,,N,C,C,A,A,H,-,A,A,0,,,,,Y,,D,22,0,0,2,0,0,0,0,0,0,"- ","- ",37.483951568603516,-122.17978668212891,"SAN MATEO","MENLO PARK",-122.17978668212891,37.483951568603516
91935389,2022,2022-12-06,9330,2022-11-22,1550,021243,,2,2,9,4100,0,1,3,,2,042,"SR-35 (SKYLINE BOULEVARD)","SWETT ROAD",2640.00,S,N,A,-,Y,SM,,35,,,14.975,H,,R,Y,3,0,1,1,A,-,08,22107,,N,E,I,A,A,H,-,A,D,0,,,,,Y,,A,01,0,1,0,0,0,0,0,0,0,"- ","- ",37.414169311523438,-122.31125640869141,"SAN MATEO",UNINCORPORATED,-122.31141662597656,37.413997650146484
91964629,2022,2023-01-10,9330,2022-12-22,2240,023032,,4,3,9,4100,0,1,3,,2,042,"SR-35 (SKYLINE BLVD)","KINGS MOUNTAIN RD",425.00,S,N,A,-,Y,SM,,35,,,16.149,H,,R,Y,4,0,1,1,A,-,01,23152,A,N,E,I,A,A,H,-,D,D,0,,,,,Y,Y,A,01,0,0,1,0,0,0,0,0,0,"- ","- ",37.424381256103516,-122.31478881835938,"SAN MATEO",UNINCORPORATED,-122.31475067138672,37.424343109130859
91984415,2023,2023-02-01,9330,2023-01-26,1300,020554,,4,1,5,4116,0,1,2,,2,038,"US-101 N/B","PENINSULA AVE.",1500.00,N,N,A,-,Y,SM,,101," "," ",14.978,H,,R,N,4,0,1,2,A,-,08,22107,,N,B,C,A,A,H,-,A,D,0,,,,Y,Y,,F,26,0,0,1,0,0,0,0,0,0,"- ","- ",37.586761474609375,-122.33278656005859,"SAN MATEO","SAN MATEO",-122.33281707763672,37.586677551269531
91993102,2023,2023-02-13,9330,2023-01-13,1120,023062,,5,1,9,4100,0,3,5,,2,503,"WEST SELBY LANE","SAN CARLOS AVENUE",20.00,W,N,C,-,N,,,,,,,,,,Y,4,0,1,3,A,-,03,22350,,N,C,C,A,B,H,-,A,A,0,,,,,Y,,A,07,0,0,1,0,0,0,0,0,0,"- ","- ",37.454219818115234,-122.22219085693359,"SAN MATEO",UNINCORPORATED,-122.22240447998047,37.453800201416016
92002378,2023,2023-02-24,9335,2023-02-03,"724 ",023044,,5,1,5,4116,0,1,1,,2,021,"I-280 SOUTHBOUND","AVALON DRIVE",1238.00,S,N,B,C,Y,SM,,280," ",R,21.813,H,,L,Y,4,0,1,3,A,-,07,21658,A,M,D,2,A,B,H,-,A,D,0,,,,,Y,,-,99,0,0,1,0,0,0,0,0,0,"- ","- ",37.636531829833984,-122.43974304199219,"SAN MATEO","SAN MATEO",-122.43978118896484,37.636516571044922
92009410,2023,2023-03-03,9335,2023-02-24,"930 ",022007,,5,1,6,4106,0,1,1,,2,021,"I-280 N/B","JUNIPERO SERRA BOULEVARD",213.00,N,N,B,C,Y,SM,,280," ",R,26.551,H,,R,N,4,0,2,2,A,-,03,22350,,N,C,C,A,B,H,-,A,D,0,,,,,Y,,A,01,0,0,2,0,0,0,0,0,0,"- ","- ",37.696388244628906,-122.47078704833984,"SAN MATEO","DALY CITY",-122.47079467773438,37.696388244628906
92024816,2023,2023-03-22,9330,2023-02-10,"940 ",023039,,5,1,5,4113,0,1,2,,2,058,"US-101 S/B","MARSH ROAD",1690.00,N,N,B,-,Y,SM,,101," "," ",3.796,H,,L,N,4,0,1,3,A,-,03,22350,,N,C,D,A,A,H,-,A,D,0,,,,,Y,,A,01,0,0,1,0,0,0,0,0,0,"- ","- ",37.484390258789062,-122.18431091308594,"SAN MATEO","REDWOOD CITY",-122.18430328369141,37.484409332275391
92059545,2023,2023-05-02,9330,2023-04-29,1310,022876,,6,1,5,4113,0,1,2,,2,048,"US-101 NORTHBOUND FROM SEAPORT BOULEVARD","SEAPORT BOULEVARD",360.00,N,N,A,-,Y,SM,,101," "," ",5.458,H,,R,Y,3,0,2,3,A,-,03,22350,,N,C,C,A,A,H,-,A,D,0,,,,,Y,,A,08,0,1,1,0,0,0,0,0,0,"- ","- ",37.489570617675781,-122.21379852294922,"SAN MATEO","REDWOOD CITY",-122.21391296386719,37.489349365234375
92063299,2022,2023-05-22,9330,2022-10-25,1605,019764,,2,2,9,4100,0,3,5,,2,004,"CANADA ROAD","SR-92 (J. ARTHUR YOUNGER FREEWAY)",4224.00,S,N,A,-,N,,,,,,,,,,N,1,1,0,2,A,-,03,22350,,N,C,C,A,A,H,-,A,D,0,,Y,,Y,Y,,L,04,0,0,0,0,0,1,0,0,0,"- ","- ",37.499919891357422,-122.33152008056641,"SAN MATEO",UNINCORPORATED,-122.3311767578125,37.500022888183594
92074651,2023,2023-05-22,9330,2023-05-11,1720,023165,,4,2,9,4100,0,3,5,,2,071,"3550 ALAMEDA DE LAS PULGAS","AVY AVENUE",20.00,N,N,A,-,N,,,,,,,,,,N,3,0,1,2,B,-,22,,,N,A,B,D,A,H,-,A,D,0,Y,,,,Y,,D,22,0,1,0,0,1,0,0,0,0,"- ","- ",37.431549072265625,-122.20221710205078,"SAN MATEO",UNINCORPORATED,-122.20157623291016,37.431819915771484
92092656,2023,2023-06-13,9330,2023-06-06,"45  ",023032,,2,3,4,4104,0,1,2,,2,038,"US-101 SB","POPLAR AVE",2640.00,N,N,A,-,Y,SM,,101," "," ",14.559,H,,L,N,2,0,1,1,A,-,01,23152,A,N,A,I,A,A,H,-,C,D,0,,,,,Y,Y,A,01,1,0,0,0,0,0,0,0,0,"- ","- ",37.582901000976562,-122.32710266113281,"SAN MATEO",BURLINGAME,-122.32717132568359,37.582851409912109
92098641,2023,2023-06-21,9335,2023-06-20,2050,017667,,2,2,5,4116,0,1,3,,2,040,"SR-1 S/B","DEVILS SLIDE TUNNEL",3046.00,S,N,A,-,Y,SM,,1," "," ",37.942,H,,L,Y,3,0,1,2,A,-,03,22350,,N,C,C,A,A,H,-,D,D,0,,,,,Y,,A,01,0,1,0,0,0,0,0,0,0,"- ","- ",37.563808441162109,-122.51264190673828,"SAN MATEO","SAN MATEO",-122.51261901855469,37.563808441162109
92115114,2023,2023-07-12,9330,2023-07-10,1730,019764,,1,2,9,4100,0,3,5,,2,407,"EDGEWOOD RD. (2100 BLOCK)","EL VANADA RD.",260.00,E,N,A,-,N,,,,,,,,,,Y,4,0,1,2,A,-,08,22107,,N,D,C,A,A,H,-,A,D,0,,,,,Y,,D,22,0,0,1,0,0,0,0,0,0,"- ","- ",37.474601745605469,-122.27683258056641,"SAN MATEO",UNINCORPORATED,-122.27499389648438,37.474491119384766
92115713,2023,2023-07-13,9330,2023-06-30,"250 ",022849,,5,3,5,4113,0,1,2,,2,048,"US-101 SOUTHBOUND","WHIPPLE AVENUE",2112.00,N,N,A,-,Y,SM,,101," "," ",7.100,H,,L,Y,4,0,1,2,A,-,21,22106,,N,D,C,A,A,D,-,C,D,0,,,,,Y,,M,44,0,0,1,0,0,0,0,0,0,"- ","- ",37.499851226806641,-122.24044799804688,"SAN MATEO","REDWOOD CITY",-122.24038696289062,37.499897003173828