CASE_ID,ACCIDENT_YEAR,PROC_DATE,JURIS,COLLISION_DATE,COLLISION_TIME,OFFICER_ID,REPORTING_DISTRICT,DAY_OF_WEEK,CHP_SHIFT,POPULATION,CNTY_CITY_LOC,SPECIAL_COND,BEAT_TYPE,CHP_BEAT_TYPE,CITY_DIVISION_LAPD,CHP_BEAT_CLASS,BEAT_NUMBER,PRIMARY_RD,SECONDARY_RD,DISTANCE,DIRECTION,INTERSECTION,WEATHER_1,WEATHER_2,STATE_HWY_IND,CALTRANS_COUNTY,CALTRANS_DISTRICT,STATE_ROUTE,ROUTE_SUFFIX,POSTMILE_PREFIX,POSTMILE,LOCATION_TYPE,RAMP_INTERSECTION,SIDE_OF_HWY,TOW_AWAY,COLLISION_SEVERITY,NUMBER_KILLED,NUMBER_INJURED,PARTY_COUNT,PRIMARY_COLL_FACTOR,PCF_CODE_OF_VIOL,PCF_VIOL_CATEGORY,PCF_VIOLATION,PCF_VIOL_SUBSECTION,HIT_AND_RUN,TYPE_OF_COLLISION,MVIW,PED_ACTION,ROAD_SURFACE,ROAD_COND_1,ROAD_COND_2,LIGHTING,CONTROL_DEVICE,CHP_ROAD_TYPE,PEDESTRIAN_ACCIDENT,BICYCLE_ACCIDENT,MOTORCYCLE_ACCIDENT,TRUCK_ACCIDENT,NOT_PRIVATE_PROPERTY,ALCOHOL_INVOLVED,STWD_VEHTYPE_AT_FAULT,CHP_VEHTYPE_AT_FAULT,COUNT_SEVERE_INJ,COUNT_VISIBLE_INJ,COUNT_COMPLAINT_PAIN,COUNT_PED_KILLED,COUNT_PED_INJURED,COUNT_BICYCLIST_KILLED,COUNT_BICYCLIST_INJURED,COUNT_MC_KILLED,COUNT_MC_INJURED,PRIMARY_RAMP,SECONDARY_RAMP,LATITUDE,LONGITUDE,COUNTY,CITY,POINT_X,POINT_Y
94925108,2025,2025-11-12,9335,2025-10-30,1920,022186,,4,2,4,4114,0,1,2,,2,011,"US-101 N/B","SAN BRUNO AVENUE O/C",53.00,N,N,B,-,Y,SM,,101," ",R,20.405,H,,R,Y,4,0,1,4,A,-,03,22350,,N,C,C,A,A,H,-,C,D,0,,,,,Y,,A,01,0,0,1,0,0,0,0,0,0,"- ","- ",37.631629943847656,-122.40271759033203,"SAN MATEO","SAN BRUNO",-122.40264129638672,37.631637573242188
94926758,2025,2025-11-12,9330,2025-11-06,"841 ",023975,,4,1,9,4100,0,3,5,,2,509,"ALAMEDA DE LAS PULGAS","GORDON AVENUE",6.00,S,N,A,-,N,,,,,,,,,,N,4,0,1,2,A,-,08,22107,,N,B,G,A,A,D,-,A,A,0,,Y,,,Y,,A,07,0,0,1,0,0,0,1,0,0,"- ","- ",37.432239532470703,-122.20249176025391,"SAN MATEO",UNINCORPORATED,-122.20233154296875,37.432212829589844
94930999,2025,2025-11-14,9330,2025-10-11,1105,023265,,6,1,9,4100,0,3,5,,2,203,"PESCADERO ROAD","JONES GULCH ROAD",0.00,,Y,A,-,N,,,,,,,,,,N,2,0,1,2,A,-,09,21803,A,N,D,C,A,A,H,-,A,D,0,,,,,Y,,M,94,1,0,0,0,0,0,0,0,0,"- ","- ",37.288780212402344,-122.28024291992188,"SAN MATEO",UNINCORPORATED,-122.28028106689453,37.288738250732422
94961068,2025,2025-12-08,9335,2025-11-29,1720,023119,,6,2,6,4106,0,1,1,,2,021,"I-280 N/B","SCHOOL STREET OVERCROSSING",580.00,S,N,A,-,Y,SM,,280," ",R,26.238,H,,R,Y,4,0,1,3,A,-,04,21703,,N,C,C,A,A,H,-,C,D,0,,,,,Y,,A,07,0,0,1,0,0,0,0,0,0,"- ","- ",37.691719055175781,-122.47020721435547,"SAN MATEO","DALY CITY",-122.47025299072266,37.691719055175781
94977736,2025,2025-12-18,9330,2025-11-11,1100,023265,,2,1,4,4109,0,1,2,,2,058,"US-101 N/B FROM WILLOW ROAD","US-101 N/B",370.00,N,N,A,-,Y,SM,,101," "," ",1.956,H,,R,Y,4,0,2,2,A,-,03,22350,,M,C,C,A,A,H,-,A,A,0,,,,,Y,,A,08,0,0,2,0,0,0,0,0,0,"- ","- ",37.469959259033203,-122.15641784667969,"SAN MATEO","MENLO PARK",-122.15657806396484,37.469783782958984
94986910,2025,2025-12-26,9330,2025-12-25,"0   ",023254,,4,3,4,4120,0,1,3,,1,035,"SR-92 E/B","EDGEWATER RD",528.00,W,N,C,-,Y,SM,,92," ",R,12.768,H,,R,N,3,0,1,1,A,-,03,22350,,N,F,I,A,B,H,-,C,D,0,,,Y,,Y,,C,02,0,1,0,0,0,0,0,0,1,"- ","- ",37.556190490722656,-122.28514862060547,"SAN MATEO","FOSTER CITY",-122.28523254394531,37.556304931640625
9502214,2022,2022-11-01,4106,2022-06-21,1624,2092,13B,2,5,6,4106,0,0,0,,0,006,"HICKEY BL","RT 280",100.00,W,N,A,-,Y,SM,4,280,-,R,24.421,R,4,S,N,4,0,1,2,A,-,07,21658,A,N,C,C,A,A,H,-,A,D,0,,,,,Y,,A,01,0,0,1,0,0,0,0,0,0,"- ","- ",37.664569854736328,-122.46901702880859,"SAN MATEO","DALY CITY",-122.46590423583984,37.666618347167969
9519115,2022,2023-02-14,4120,2022-12-19,1556,224,1,1,5,4,4120,0,0,0,,0,00X,"EAST HILLSDALE BL","SHELL BL",15.00,W,N,A,-,N,,,,,,,,,,N,3,0,1,2,A,-,03,22350,,N,C,C,A,A,H,-,A,A,0,,,,,Y,,D,73,0,1,0,0,0,0,0,0,0,"- ","- ",37.558521270751953,-122.2713623046875,"SAN MATEO","FOSTER CITY",-122.27152252197266,37.558605194091797
9538592,2022,2023-01-06,4106,2022-05-24,1236,2146,1,2,5,6,4106,0,0,0,,0,001,"GENEVA AV","ALLAN ST",0.00,,Y,A,-,N,,,,,,,,,,Y,4,0,1,1,A,-,08,22107,,M,E,I,A,A,H,-,A,D,0,,,,,Y,,A,07,0,0,1,0,0,0,0,0,0,"- ","- ",37.705551147460938,-122.4102783203125,"SAN MATEO","DALY CITY",-122.41120910644531,37.705825805664062
9543061,2022,2023-02-17,4106,2022-12-08,1348,2146,5,4,5,6,4106,0,0,0,,0,003,"JUNIPER SERRA BL","D ST",0.00,,Y,A,B,Y,SM,4,280,-,R,25.176,R,4,N,N,3,0,2,2,D,-,00,,,N,D,C,A,A,H,-,A,A,0,,,,,Y,,-,"- ",0,1,1,0,0,0,0,0,0,"- ","- ",37.683929443359375,-122.47080230712891,"SAN MATEO","DALY CITY",-122.47053527832031,37.676658630371094
9562945,2023,2023-05-10,4102,2023-03-12,"955 ",06,1E,7,5,4,4102,0,0,0,,0,001,"RALSTON AV","RT 101",0.00,,Y,B,C,Y,SM,4,101,-,-,9.750,R,4,S,Y,3,0,2,2,A,-,12,21453,,N,D,C,A,B,H,-,A,A,0,,,,,Y,,A,01,0,2,0,0,0,0,0,0,0,"- ",SF,37.527168273925781,-122.27150726318359,"SAN MATEO",BELMONT,-122.27263641357422,37.528392791748047
9563797,2023,2023-04-13,4113,2023-03-13,1325,479,3,1,5,5,4113,0,0,0,,0,003,"WOODSIDE RD",BROADWAY,0.00,,Y,A,-,Y,SM,4,84,-,-,25.567,I,5,S,N,3,0,2,4,A,-,12,21453,A,N,B,C,A,A,H,-,A,A,0,,,,,Y,,D,22,0,2,0,0,0,0,0,0,0,"- ","- ",37.487049102783203,-122.21421051025391,"SAN MATEO","REDWOOD CITY",-122.21421813964844,37.487075805664062
9564200,2023,2023-04-17,4106,2023-02-22,1909,2178,5,3,5,6,4106,0,0,0,,0,003,"SCHOOL ST","BRUNO AV",0.00,,Y,A,-,N,,,,,,,,,,N,4,0,1,2,A,-,11,21955,,N,G,B,D,A,H,-,C,D,0,Y,,,,Y,,N,60,0,0,1,0,1,0,0,0,0,"- ","- ",37.693378448486328,-122.46591186523438,"SAN MATEO","DALY CITY",-122.46589660644531,37.693378448486328
9569413,2023,2023-08-18,4113,2023-04-14,1034,351,3,5,5,5,4113,0,0,0,,0,003,"WOODSIDE RD",BROADWAY,0.00,,Y,A,-,Y,SM,4,84,-,-,25.567,I,5,N,Y,3,0,5,7,A,-,12,21453,A,N,D,C,A,A,H,-,A,A,0,,,,,Y,,A,07,0,4,1,0,0,0,0,0,0,"- ","- ",37.487049102783203,-122.21421051025391,"SAN MATEO","REDWOOD CITY",-122.21411895751953,37.487064361572266
9571668,2023,2023-04-29,4111,2023-03-19,1745,P5162,P09,7,5,4,4111,0,0,0,,0,0P2,"SHARP PARK RD","LUNDY WY",103.00,E,N,B,-,N,,,,,,,,,,Y,3,0,1,1,A,-,03,22350,,N,E,I,A,B,H,-,A,D,0,,,,,Y,,A,01,0,1,0,0,0,0,0,0,0,"- ","- ",,,"SAN MATEO",PACIFICA,-122.48685455322266,37.626411437988281
9578693,2023,2023-05-12,4113,2023-04-27,1456,351,,4,5,5,4113,0,0,0,,0,001,"REDWOOD SHORES PKWY","AIRPORT WY",0.00,,Y,A,-,N,,,,,,,,,,Y,3,0,2,2,A,-,12,21453,A,N,A,C,A,A,H,-,A,A,0,,,,,Y,,D,22,0,2,0,0,0,0,0,0,0,"- ","- ",37.485221862792969,-122.23635101318359,"SAN MATEO","REDWOOD CITY",-122.25399017333984,37.517047882080078
9606759,2023,2023-08-31,4106,2023-07-06,1400,2146,12,4,5,6,4106,0,0,0,,0,005,"LAKESHIRE DR","SANTA RITA AV",0.00,,Y,A,-,N,,,,,,,,,,N,3,0,1,3,A,-,08,22107,,N,D,C,A,A,H,-,A,D,0,,,,,Y,,A,01,0,1,0,0,0,0,0,0,0,"- ","- ",37.670619964599609,-122.48332977294922,"SAN MATEO","DALY CITY",-122.48332977294922,37.670642852783203
9615436,2023,2023-09-05,4113,2023-04-22,1604,482,4,6,5,5,4113,0,0,0,,0,004,"SPRING ST","SPRING ST 2391",0.00,,N,A,-,N,,,,,,,,,,N,3,0,1,2,A,-,17,21663,,N,D,J,A,A,H,-,A,D,0,,,,,Y,,-,,0,1,0,0,0,0,0,0,0,"- ","- ",37.483390808105469,-122.21233367919922,"SAN MATEO","REDWOOD CITY",-123.92037200927734,40.321559906005859
9616122,2023,2023-10-18,4113,2023-09-11,1729,415,7,1,5,5,4113,0,0,0,,0,007,"WHIPPLE AV","HUDSON ST",0.00,,Y,A,-,N,,,,,,,,,,N,3,0,1,2,A,-,10,21950,,N,G,B,C,A,H,-,A,D,0,Y,,,,Y,,D,22,0,1,0,0,1,0,0,0,0,"- ","- ",37.485298156738281,-122.24619293212891,"SAN MATEO","REDWOOD CITY",-122.24617004394531,37.485324859619141
9616124,2023,2023-10-18,4113,2023-09-07,1234,487,6,4,5,5,4113,0,0,0,,0,006,"ROOSEVELT AV","OLIVER ST",0.00,,Y,A,-,N,,,,,,,,,,N,3,0,1,2,B,-,22,,,N,G,B,D,A,H,-,A,D,0,Y,,,,Y,,A,01,0,1,0,0,1,0,0,0,0,"- ","- ",37.470840454101562,-122.23705291748047,"SAN MATEO","REDWOOD CITY",-122.23686981201172,37.470142364501953
9631513,2023,2023-11-30,4106,2023-09-06,1051,2146,13B,3,5,6,4106,0,0,0,,0,006,"HICKEY BL","RT 280",0.00,,Y,A,-,Y,SM,4,280,-,R,24.421,R,4,S,N,3,0,1,2,A,-,03,22350,,N,C,C,A,A,H,-,A,A,0,,,,,Y,,A,01,0,1,0,0,0,0,0,0,0,"- ",SF,37.664569854736328,-122.46901702880859,"SAN MATEO","DALY CITY",-122.46590423583984,37.666618347167969
9662683,2024,2024-03-01,4102,2024-01-24,1802,06,2DG,3,5,4,4102,0,0,0,,0,002,"EL CAMINO REAL","POWER POLE #26004",30.00,S,N,A,-,Y,SM,4,82,-,-,8.160,H,-,S,N,4,0,2,2,A,-,08,22107,,N,D,C,A,A,H,-,C,D,0,,,,,Y,,A,01,0,0,2,0,0,0,0,0,0,"- ","- ",37.524490356445312,-122.28182983398438,"SAN MATEO",BELMONT,-122.28189849853516,37.525337219238281
9675202,2024,2024-05-15,4113,2024-03-14,2040,471,4,4,5,5,4113,0,0,0,,0,004,"EAST BAYSHORE RD","LP #81042",56.00,S,N,A,-,N,,,,,,,,,,Y,4,0,2,2,A,-,01,23153,A,N,C,C,A,A,H,-,C,D,0,,,,,Y,Y,D,72,0,0,2,0,0,0,0,0,0,"- ","- ",37.487560272216797,-122.19908142089844,"SAN MATEO","REDWOOD CITY",,
9679508,2024,2024-04-05,4113,2024-01-28,2245,499,4,7,5,5,4113,0,0,0,,0,004,"WOODSIDE RD",BROADWAY,0.00,,Y,A,-,Y,SM,4,84,-,-,25.567,I,5,N,Y,3,0,2,2,A,-,08,22100,5,N,D,C,A,A,H,-,C,A,0,,,,,Y,,A,01,0,2,0,0,0,0,0,0,0,"- ","- ",34.870498657226562,-122.21421051025391,"SAN MATEO","REDWOOD CITY",-122.21411895751953,37.487064361572266
9688561,2024,2024-04-08,4113,2024-01-16,1735,495,3,2,5,5,4113,0,0,0,,0,003,"SPRING ST","BEECH ST",0.00,,Y,C,-,N,,,,,,,,,,N,4,0,1,2,A,-,03,22350,,N,G,B,B,B,H,-,D,D,0,Y,,,,Y,,A,01,0,0,1,0,1,0,0,0,0,"- ","- ",37.485000610351562,-122.22100067138672,"SAN MATEO","REDWOOD CITY",-122.22138977050781,37.485477447509766
9699820,2024,2024-06-07,4106,2024-04-24,1825,2092,13A,3,5,6,4106,0,0,0,,0,006,"SERRAMONTE BL","GELLERT BL",0.00,,Y,B,-,N,,,,,,,,,,N,3,0,1,2,A,-,"- ",,,N,H,G,A,A,H,-,A,D,0,,Y,,,Y,,L,04,0,1,0,0,0,0,1,0,0,"- ","- ",37.670730590820312,-122.46798706054688,"SAN MATEO","DALY CITY",-122.46897125244141,37.669059753417969
9708707,2024,2024-09-23,4120,2024-05-24,1554,252,10,5,5,4,4120,0,0,0,,0,00Y,"METRO CENTER BL","VINTAGE PARK DR",0.00,,Y,B,-,N,,,,,,,,,,N,4,0,2,2,A,-,04,21703,,N,C,C,A,A,H,-,A,A,0,,,,,Y,,A,01,0,0,2,0,0,0,0,0,0,"- ","- ",37.559158325195312,-122.27741241455078,"SAN MATEO","FOSTER CITY",-122.27738189697266,37.559070587158203
9720142,2024,2024-09-11,4113,2024-06-18,2135,426,3,2,5,5,4113,0,0,0,,0,003,"WOODSIDE RD","STAMBAUGH BR",210.00,E,N,A,-,Y,SM,4,84,-,-,25.170,H,-,N,N,3,0,2,2,A,-,04,21703,,N,C,C,A,A,H,-,D,D,0,,,,,Y,,A,01,0,1,1,0,0,0,0,0,0,"- ","- ",,,"SAN MATEO","REDWOOD CITY",-122.21807098388672,37.482513427734375
9736344,2024,2024-09-24,4127,2024-08-26,"942 ",2246,4127,1,5,4,4127,0,0,0,,0,002,"UNIVERSITY AV","RUNNYMEDE ST",0.00,,Y,A,-,N,,,,,,,,,,N,3,0,1,2,A,-,10,21950,,N,G,B,B,A,H,-,A,A,0,Y,,,,Y,,A,01,0,1,0,0,1,0,0,0,0,"- ","- ",,,"SAN MATEO","EAST PALO ALTO",-122.14134979248047,37.468521118164062
9737799,2024,2024-10-11,4113,2024-08-29,"17  ",506,3,4,5,5,4113,0,0,0,,0,003,"WOODSIDE RD",BROADWAY,0.00,,Y,A,-,N,,,,,,,,,,N,3,0,1,2,D,-,00,,,N,A,C,A,A,H,-,C,A,0,,,,,Y,,-,"- ",0,1,0,0,0,0,0,0,0,"- ","- ",37.48699951171875,-122.21399688720703,"SAN MATEO","REDWOOD CITY",-122.21422576904297,37.487068176269531
9765087,2025,2025-02-26,4111,2025-01-11,2325,P5166,P14,6,5,4,4111,0,0,0,,0,0P3,"ROBERTS RD","OHLONE DR",487.00,S,N,A,-,N,,,,,,,,,,Y,4,0,1,2,A,-,01,23152,,N,B,E,A,A,H,-,C,D,0,,,,,Y,Y,A,01,0,0,1,0,0,0,0,0,0,"- ","- ",37.604518890380859,-122.49770355224609,"SAN MATEO",PACIFICA,-122.49733734130859,37.603851318359375
9771777,2024,2025-01-02,4113,2024-11-12,"945 ",508,2,2,5,5,4113,0,0,0,,0,002,"WHIPPLE AV","VETERANS BL",0.00,,Y,A,-,N,,,,,,,,,,Y,2,0,3,2,A,-,09,21801,A,N,A,C,A,A,H,-,A,A,0,,,,,Y,,A,01,1,2,0,0,0,0,0,0,0,"- ","- ",37.494678497314453,-122.23441314697266,"SAN MATEO","REDWOOD CITY",-122.23451995849609,37.494548797607422
9786247,2024,2025-05-06,4106,2024-10-19,"848 ",2201,110,6,5,6,4106,0,0,0,,0,004,"WESTMOOR AV","SKYLINE BL",0.00,,Y,A,-,N,,,,,,,,,,N,1,1,0,2,A,-,10,21950,A,N,G,B,B,A,H,-,A,A,0,Y,,,,Y,,A,01,0,0,0,1,0,0,0,0,0,"- ","- ",37.683338165283203,-122.48911285400391,"SAN MATEO","DALY CITY",-122.48910522460938,37.683341979980469
9808550,2025,2025-08-06,4113,2025-07-19,1955,510,5,6,5,5,4113,0,0,0,,0,005,"CHARTER ST","EL CAMINO REAL",0.00,,Y,A,-,Y,SM,4,82,-,-,3.270,H,-,S,Y,3,0,2,2,A,-,01,23153,A,N,C,D,A,A,H,-,A,A,0,,,,,Y,Y,A,01,0,2,0,0,0,0,0,0,0,"- ","- ",37.474639892578125,-122.21942138671875,"SAN MATEO","REDWOOD CITY",-122.21964263916016,37.474784851074219
9902580,2025,2026-01-15,4113,2025-10-22,1720,351,3,3,5,5,4113,0,0,0,,0,003,"CHESTNUT ST","SPRING ST",153.00,E,N,A,-,N,,,,,,,,,,N,3,0,1,1,A,-,17,21235,G,N,E,J,A,A,D,-,A,A,0,,,Y,,Y,,C,03,0,1,0,0,0,0,0,0,1,"- ","- ",37.484779357910156,-122.21980285644531,"SAN MATEO","REDWOOD CITY",-122.21961975097656,37.485187530517578
6290186,2014,2014-03-28,9335,2014-02-25,1830,20666,,2,2,6,4106,0,1,1,,2,021,"RT 280","JUNIPER SERRA BL",8.00,N,N,B,-,Y,SM,4,280,-,R,26.090,H,-,S,N,1,1,0,2,A,-,11,21954,A,F,G,B,E,A,H,-,D,D,1,Y,,,,Y,,N,60,0,0,0,1,0,0,0,0,0,"- ","- ",37.689,-122.47069,"SAN MATEO","DALY CITY",-122.47056924,37.68958885
6291398,2014,2015-04-07,9330,2014-09-21,0430,020786,,7,3,9,4100,0,1,3,,1,020,"RT 1","TUNITAS CREEK RD",1584.00,S,N,B,-,Y,SM,4,1,-,-,20.680,H,-,N,Y,1,1,0,1,A,-,08,22107,,N,E,I,A,A,H,-,D,D,0,,,,,Y,,A,01,0,0,0,0,0,0,0,0,0,"- ","- ",37.355539999999998,-122.39751,"SAN MATEO",UNINCORPORATED,-122.39802347,37.35473906
6330929,2014,2014-06-06,4113,2014-01-11,1746,382,3,6,5,5,4113,0,0,0,,0,003,"EL CAMINO REAL","MAPLE ST",5.00,N,N,B,-,N,,,,,,,,,,Y,4,0,1,4,A,-,03,22350,,N,C,C,A,A,H,-,C,A,0,,,,,Y,,A,07,0,0,1,0,0,0,0,0,0,"- ","- ",,,"SAN MATEO","REDWOOD CITY",-122.2272129,37.480299109999997
6340802,2014,2016-03-14,9335,2014-01-08,2202,20563,,3,3,2,4103,0,1,2,,2,012,"RT 101","SAN FRANCISCO CO LINE",1250.00,S,N,A,-,Y,SM,4,101,-,-,25.704,R,2,N,Y,3,0,1,1,A,-,01,23152,A,N,F,A,A,A,H,-,C,D,1,,,,,Y,Y,A,01,0,1,0,0,0,0,0,0,0,TO,"- ",37.421599999999998,-122.2333,"SAN MATEO",BRISBANE,-122.3933407,37.701721229999997
6346563,2014,2016-03-14,9335,2014-01-10,2105,020217,,5,2,9,4100,0,1,2,,2,011,"RT 101","PHYSICAL GORE OF SFO",200.00,S,N,A,-,Y,SM,4,101,-,-,19.390,H,-,S,Y,2,0,3,3,A,-,03,22350,,N,C,C,A,A,H,-,A,D,1,,,,,Y,,A,08,1,1,1,0,0,0,0,0,0,"- ","- ",37.614539999999998,-122.39753,"SAN MATEO",UNINCORPORATED,-122.39849270000001,37.61615123
6350700,2016,2016-03-24,4117,2016-02-13,2001,11TL02,27AA,6,5,5,4117,0,0,0,,0,002,"CALLAN BL","CARTER BL",0.00,,Y,A,-,N,,,,,,,,,,N,3,0,1,2,A,-,08,22103,,F,B,C,A,A,H,-,C,D,0,,,,,Y,,A,01,0,1,0,0,0,0,0,0,0,"- ","- ",,,"SAN MATEO","SOUTH SAN FRANCISCO",-122.46821993,37.649439919999999
6357065,2014,2016-03-14,9330,2014-01-08,1830,20064,,3,2,4,4109,0,1,2,,2,058,"RT 101","WILLOW RD",2640.00,N,N,B,-,Y,SM,4,101,-,-,2.370,H,-,S,Y,4,0,2,3,A,-,03,22350,,N,C,C,A,A,H,-,D,D,1,,,,,Y,,A,01,0,0,2,0,0,0,0,0,0,"- ","- ",37.473730000000003,-122.1639,"SAN MATEO","MENLO PARK",-122.16265488000001,37.473075739999999
6371131,2014,2014-06-12,4100,2014-01-13,0841,18320,11,1,5,4,4115,0,0,0,,0,005,"OLIVE ST","WALNUT ST",0.00,,Y,A,-,N,,,,,,,,,,N,4,0,1,3,A,-,10,21950,C,N,G,B,B,A,H,-,A,D,0,Y,,,,Y,,A,01,0,0,1,0,1,0,0,0,0,"- ","- ",,,"SAN MATEO","SAN CARLOS",-122.25879998000001,37.503049900000001
6377638,2014,2016-03-02,9330,2014-01-24,0630,020382,,5,1,9,4100,0,1,3,,1,010,"RT 1","CAPISTRANO RD",0.00,,Y,A,-,Y,SM,4,1,-,-,32.860,I,5,S,N,4,0,1,2,A,-,10,21950,A,N,G,B,B,A,H,-,C,A,0,Y,,,,Y,,A,07,0,0,1,0,1,0,0,0,0,"- ","- ",37.505220000000001,-122.48112,"SAN MATEO",UNINCORPORATED,-122.48124177,37.505258980000001
6397031,2014,2014-06-27,4117,2014-01-12,1619,13P107,08A1,7,5,5,4117,0,0,0,,0,004,"SPRUCE AV","GRAND AV",0.00,,Y,A,-,N,,,,,,,,,,Y,4,0,1,2,A,-,12,21453,A,N,D,C,A,A,H,-,A,A,0,,,,,Y,,-,"- ",0,0,1,0,0,0,0,0,0,"- ","- ",37.652009999999997,-122.41661999999999,"SAN MATEO","SOUTH SAN FRANCISCO",-122.41601998,37.65646993
6398052,2014,2015-01-14,4113,2014-01-21,0755,380,6,2,5,5,4113,0,0,0,,0,006,"CLEVELAND JEFFERSON","CLEVELAND ST",0.00,,Y,A,-,N,,,,,,,,,,Y,4,0,1,2,A,-,09,21802,A,N,D,C,A,A,H,-,A,A,0,,,,,Y,,A,07,0,0,1,0,0,0,0,0,0,"- ","- ",,,"SAN MATEO","REDWOOD CITY",-122.2339005,37.479743999999997
6403023,2014,2014-06-05,4117,2014-02-06,1848,12MK09,17AR,4,5,5,4117,0,0,0,,0,003,"JUNIPERO SERRA BL","ARROYO DR",0.00,,Y,C,-,N,,,,,,,,,,N,2,0,3,2,A,-,09,21804,A,N,D,D,A,B,H,-,D,D,0,,,,,Y,,A,81,1,2,0,0,0,0,0,0,0,"- ","- ",,,"SAN MATEO","SOUTH SAN FRANCISCO",-122.45039985,37.64848997
6419093,2014,2016-03-14,9330,2014-03-20,2250,16993,,4,3,4,4104,0,1,2,,2,038,"RT 101",BROADWAY,4752.00,S,N,A,-,Y,SM,4,101,-,-,15.680,H,-,N,Y,4,0,2,2,A,-,01,23152,A,N,C,C,A,A,H,-,C,D,1,,,,,Y,Y,A,01,0,0,2,0,0,0,0,0,0,"- ","- ",37.587200000000003,-122.34739999999999,"SAN MATEO",BURLINGAME,-122.34562434999999,37.587126759999997
6420574,2014,2014-06-07,4117,2014-02-24,1658,03JA06,22AV,1,5,5,4117,0,0,0,,0,003,"HOLLY AV","MORNINGSIDE DR",0.00,,Y,A,-,N,,,,,,,,,,N,3,0,1,2,A,-,09,21802,A,N,D,C,A,A,H,-,A,A,0,,,,,Y,,A,01,0,1,0,0,0,0,0,0,0,"- ","- ",,,"SAN MATEO","SOUTH SAN FRANCISCO",-122.4335099,37.669469980000002
6425580,2014,2015-11-13,9330,2014-02-23,0212,20071,,7,3,5,4116,0,1,3,,2,031,"RT 92","MARINERS ISLAND BL",200.00,W,N,A,-,Y,SM,4,92,-,R,12.780,H,-,E,Y,4,0,1,1,A,-,01,23152,A,N,E,I,A,A,H,-,D,D,1,,,,,Y,Y,A,07,0,0,1,0,0,0,0,0,0,"- ","- ",,,"SAN MATEO","SAN MATEO",-122.28550671000001,37.556272419999999
6428284,2014,2014-06-27,4117,2014-03-11,0902,90DO02,02AB,2,5,5,4117,0,0,0,,0,004,"SISTER CITIES BL","AIRPORT BL",229.00,W,N,A,-,N,,,,,,,,,,N,3,0,1,2,A,-,17,21209,A,N,B,G,A,A,G,-,A,D,0,,Y,,,Y,,A,01,0,1,0,0,0,0,1,0,0,"- ","- ",37.664540000000002,-122.39964000000001,"SAN MATEO","SOUTH SAN FRANCISCO",-122.3998521,37.664698629999997
6430774,2014,2015-11-16,9345,2014-03-25,1315,12154,,2,1,4,4109,0,1,3,,2,084,"RT 84","UNIVERSITY AV",277.00,N,N,B,-,Y,SM,4,84,-,R,28.240,H,-,N,N,3,0,1,1,A,-,03,22350,,N,E,I,A,A,H,-,A,A,1,,,,,Y,,D,22,0,1,0,0,0,0,0,0,0,"- ","- ",,,"SAN MATEO","MENLO PARK",-122.14224056,37.486687860000004
6457706,2014,2014-07-09,4127,2014-04-08,1630,2213,4127,2,5,4,4127,0,0,0,,0,003,"UNIVERSITY AV",UNIVERSITY,7.00,N,N,A,-,N,,,,,,,,,,Y,4,0,1,2,A,-,03,22350,,N,D,C,A,A,H,-,A,D,0,,,Y,,Y,,C,02,0,0,1,0,0,0,0,0,1,"- ","- ",,,"SAN MATEO","EAST PALO ALTO",-122.14196552,37.457735380000003
6468519,2014,2016-01-23,9330,2014-03-27,1327,020013,,4,1,4,4120,0,1,3,,1,035,"RT 92","PIER 1",1584.00,E,N,A,-,Y,SM,4,92,-,R,14.040,H,-,W,Y,2,0,1,1,A,-,08,22107,,N,E,I,A,A,H,-,A,D,4,,,Y,,Y,,C,02,1,0,0,0,0,0,0,0,1,"- ","- ",,,"SAN MATEO","FOSTER CITY",-122.26782951,37.568834410000001
6478286,2014,2014-07-14,4111,2014-04-10,0119,P5122,P02,4,5,4,4111,0,0,0,,0,0P1,"CATALINA AV","HAMILTON CT",106.00,N,N,B,E,N,,,,,,,,,,Y,4,0,1,2,A,-,01,23152,A,N,D,E,A,A,H,-,C,D,0,,,,,Y,Y,A,01,0,0,1,0,0,0,0,0,0,"- ","- ",,,"SAN MATEO",PACIFICA,-122.48147794,37.656047940000001
6481226,2014,2016-04-27,4100,2014-07-27,1840,18650,,7,5,3,4107,0,0,0,,0,007,"RT 1","VAN NESS AV",43.00,N,N,A,-,Y,SM,4,1,-,-,27.350,H,-,N,Y,4,0,1,2,A,-,08,22107,,N,D,C,A,A,H,-,A,D,0,,,,,Y,,J,48,0,0,1,0,0,0,0,0,0,"- ","- ",,,"SAN MATEO","HALF MOON BAY",-122.42836748000001,37.444401900000003
6485622,2014,2016-04-15,9330,2014-05-06,1430,20750,,2,2,4,4127,0,1,2,,2,078,"RT 101","UNIVERSITY AV",2640.00,S,N,A,-,Y,SM,4,101,-,-,0.390,H,-,S,Y,4,0,1,3,A,-,03,22350,,N,C,C,A,A,H,-,A,D,1,,,,,Y,,A,01,0,0,1,0,0,0,0,0,0,"- ","- ",,,"SAN MATEO","EAST PALO ALTO",-122.13358358000001,37.456054479999999
6485630,2014,2014-07-29,9330,2014-05-06,0830,017222,,2,1,9,4100,0,1,1,,2,054,"ALPINE RD","RT 280",1056.00,W,N,A,-,N,,,,,,,,,,Y,3,0,1,2,A,-,09,21801,A,N,D,C,A,A,H,-,A,D,0,,,,,Y,,A,01,0,1,0,0,0,0,0,0,0,"- ","- ",37.405819999999999,-122.19372,"SAN MATEO",UNINCORPORATED,-122.19484,37.409050000000001