CASE_ID,ACCIDENT_YEAR,PROC_DATE,JURIS,COLLISION_DATE,COLLISION_TIME,OFFICER_ID,REPORTING_DISTRICT,DAY_OF_WEEK,CHP_SHIFT,POPULATION,CNTY_CITY_LOC,SPECIAL_COND,BEAT_TYPE,CHP_BEAT_TYPE,CITY_DIVISION_LAPD,CHP_BEAT_CLASS,BEAT_NUMBER,PRIMARY_RD,SECONDARY_RD,DISTANCE,DIRECTION,INTERSECTION,WEATHER_1,WEATHER_2,STATE_HWY_IND,CALTRANS_COUNTY,CALTRANS_DISTRICT,STATE_ROUTE,ROUTE_SUFFIX,POSTMILE_PREFIX,POSTMILE,LOCATION_TYPE,RAMP_INTERSECTION,SIDE_OF_HWY,TOW_AWAY,COLLISION_SEVERITY,NUMBER_KILLED,NUMBER_INJURED,PARTY_COUNT,PRIMARY_COLL_FACTOR,PCF_CODE_OF_VIOL,PCF_VIOL_CATEGORY,PCF_VIOLATION,PCF_VIOL_SUBSECTION,HIT_AND_RUN,TYPE_OF_COLLISION,MVIW,PED_ACTION,ROAD_SURFACE,ROAD_COND_1,ROAD_COND_2,LIGHTING,CONTROL_DEVICE,CHP_ROAD_TYPE,PEDESTRIAN_ACCIDENT,BICYCLE_ACCIDENT,MOTORCYCLE_ACCIDENT,TRUCK_ACCIDENT,NOT_PRIVATE_PROPERTY,ALCOHOL_INVOLVED,STWD_VEHTYPE_AT_FAULT,CHP_VEHTYPE_AT_FAULT,COUNT_SEVERE_INJ,COUNT_VISIBLE_INJ,COUNT_COMPLAINT_PAIN,COUNT_PED_KILLED,COUNT_PED_INJURED,COUNT_BICYCLIST_KILLED,COUNT_BICYCLIST_INJURED,COUNT_MC_KILLED,COUNT_MC_INJURED,PRIMARY_RAMP,SECONDARY_RAMP,LATITUDE,LONGITUDE,COUNTY,CITY,POINT_X,POINT_Y
91084043,2019,2019-09-26,9330,2019-09-17,1630,022178,,2,2,4,4109,0,1,2,,2,058,"US-101 S/B","WILLOW RD",1584.00,N,N,A,-,Y,,,101,,,,,,S,Y,4,0,1,3,A,-,07,21658,A,N,B,C,A,A,H,-,A,D,0,,,,,Y,,A,01,0,0,1,0,0,0,0,0,0,"- ","- ",37.470878601074219,-122.15876770019531,"SAN MATEO","MENLO PARK",-122.15879058837891,37.470844268798828
9110126,2020,2020-11-02,4113,2020-05-01,1257,476,8,5,5,5,4113,0,0,0,,0,008,"FARM HILL BL","LONESOME PINE RD",0.00,,Y,A,-,N,,,,,,,,,,N,3,0,1,1,A,-,03,22350,,N,H,A,A,A,H,-,A,D,0,,Y,,,Y,,L,04,0,1,0,0,0,0,1,0,0,"- ","- ",37.453319549560547,-122.25660705566406,"SAN MATEO","REDWOOD CITY",-122.25662231445312,37.453380584716797
9110877,2020,2020-10-31,4120,2020-05-20,1009,213,8,3,5,4,4120,0,0,0,,0,00Y,"EDGEWATER BL","LIGHT STANDARD 6049B",82.00,N,N,A,-,N,,,,,,,,,,N,3,0,2,1,A,-,07,21658,A,N,E,I,A,A,H,-,A,A,0,,,,,Y,,A,01,0,1,1,0,0,0,0,0,0,"- ","- ",37.544719696044922,-122.271728515625,"SAN MATEO","FOSTER CITY",,
91127826,2019,2019-11-22,9330,2019-11-15,1057,016534,,5,1,5,4116,0,1,2,,2,038,"US-101 S/B","SR-92 O/C",50.00,N,N,B,-,Y,,,101,,,,,,S,N,4,0,2,2,A,-,03,22350,,N,C,C,A,A,H,-,A,A,0,,,,,Y,,A,01,0,0,2,0,0,0,0,0,0,"- ","- ",37.554069519042969,-122.29692077636719,"SAN MATEO","SAN MATEO",-122.29694366455078,37.554046630859375
91135044,2019,2019-12-04,9330,2019-11-27,0450,021628,,3,3,4,4115,0,1,2,,2,048,"US-101 S/B","HOLLY ST",2500.00,N,N,B,C,Y,,,101,,,,,,S,N,4,0,1,2,A,-,03,22350,,N,C,C,A,B,H,-,D,D,0,,,,,Y,,A,01,0,0,1,0,0,0,0,0,0,"- ","- ",37.518440246582031,-122.26138305664062,"SAN MATEO","SAN CARLOS",-122.26136016845703,37.518463134765625
91135875,2019,2019-12-04,9335,2019-11-27,0605,020509,,3,1,6,4106,0,1,1,,2,021,"I-280 NORTHBOUND","KING DR. U/C",295.00,N,N,C,-,Y,,,280,,,,,,N,Y,4,0,1,1,A,-,08,22107,,N,F,I,A,B,H,-,C,D,0,,,,,Y,,D,22,0,0,1,0,0,0,0,0,0,"- ","- ",37.652778625488281,-122.45469665527344,"SAN MATEO","DALY CITY",-122.45465850830078,37.652828216552734
91136431,2019,2019-12-05,9335,2019-11-26,1520,022348,,2,2,4,4114,0,1,1,,2,038,"I-380 E/B","EL CAMINO REAL",270.00,W,N,B,C,Y,,,380,,,,,,E,Y,3,0,1,1,A,-,08,22107,,N,F,A,A,B,H,-,A,D,0,,,,,Y,,A,07,0,1,0,0,0,0,0,0,0,"- ","- ",37.632221221923828,-122.41989135742188,"SAN MATEO","SAN BRUNO",-122.41998291015625,37.632427215576172
91136722,2019,2019-12-05,9335,2019-11-27,1830,022348,,3,2,6,4106,0,1,1,,2,021,"I-280 N/B TO JUNIPERO SERRA BLVD","D STREET O/C",811.00,S,N,B,-,Y,,,280,,,,R,,N,N,4,0,1,2,A,-,03,22350,,N,C,C,A,B,H,-,B,D,0,,,,,Y,Y,D,22,0,0,1,0,0,0,0,0,0,"- ","- ",37.681671142578125,-122.47103118896484,"SAN MATEO","DALY CITY",-122.47103118896484,37.681671142578125
91145861,2019,2019-12-18,9330,2019-12-08,1430,022306,,7,2,9,4100,0,1,1,,2,044,"I-280 NORTHBOUND",SR-92,5280.00,S,N,C,-,Y,,,280,,,,,,N,N,4,0,1,2,A,-,03,22350,,N,D,C,A,B,H,-,A,D,0,,,,,Y,,A,01,0,0,1,0,0,0,0,0,0,"- ","- ",37.500579833984375,-122.32023620605469,"SAN MATEO",UNINCORPORATED,-122.32026672363281,37.500476837158203
91153632,2019,2019-12-27,9330,2019-12-17,1620,022385,,2,2,9,4100,0,1,1,,2,034,"I-280 N/B","GOLF COURSE DR.",2640.00,S,N,A,-,Y,,,280,,,,,,N,N,3,0,1,2,A,-,03,22350,,N,C,C,A,A,H,-,A,D,0,,,,,Y,,A,01,0,1,0,0,0,0,0,0,0,"- ","- ",37.541740417480469,-122.36649322509766,"SAN MATEO",UNINCORPORATED,-122.36654663085938,37.541698455810547
91154587,2019,2019-12-30,9330,2019-12-19,1825,022141,,4,2,4,4104,0,1,2,,2,038,"US-101 S/B","POPLAR AVE",6864.00,N,N,A,-,Y,,,101,,,,,,S,N,4,0,1,2,A,-,03,22350,,N,C,C,A,A,H,-,D,D,0,,,,Y,Y,,F,26,0,0,1,0,0,0,0,0,0,"- ","- ",37.586898803710938,-122.34510040283203,"SAN MATEO",BURLINGAME,-122.34510040283203,37.586917877197266
9115466,2019,2020-07-01,4106,2019-11-24,2030,2161,14,7,5,6,4106,0,0,0,,0,006,"KING DR","CALLAN BL",277.00,W,N,A,-,N,,,,,,,,,,N,3,0,1,2,A,-,11,21955,,N,G,B,D,A,H,-,D,D,0,Y,,,,Y,,N,60,0,1,0,0,1,0,0,0,0,"- ","- ",37.650421142578125,-122.46898651123047,"SAN MATEO","DALY CITY",-122.46986389160156,37.650012969970703
9115809,2020,2020-06-29,4127,2020-03-30,2300,2232,20-09,1,5,4,4127,0,0,0,,0,003,"FORDHAM ST","RUTGERS ST",45.00,E,N,A,-,N,,,,,,,,,,N,4,0,1,2,A,-,08,22107,,M,B,E,A,A,H,-,C,D,0,,,,,Y,,-,,0,0,1,0,0,0,0,0,0,"- ","- ",,,"SAN MATEO","EAST PALO ALTO",-122.1346435546875,37.481815338134766
91159345,2019,2020-01-06,9335,2019-12-28,1330,021700,,6,1,5,4117,0,1,2,,2,012,"US-101 N/B","US-101 N/B TO BAYSHORE BLVD. O/C",440.00,S,N,A,-,Y,,,101,,,,,,N,Y,4,0,1,3,A,-,03,22350,,N,C,C,A,A,H,-,A,D,0,,,,,Y,,A,07,0,0,1,0,0,0,0,0,0,"- ","- ",37.669101715087891,-122.39337921142578,"SAN MATEO","SOUTH SAN FRANCISCO",-122.39334869384766,37.669075012207031
91162812,2019,2020-01-10,9330,2019-12-01,1850,022394,,7,2,5,4116,0,1,2,,2,038,"US-101 SB","3RD AVE",2112.00,N,N,C,-,Y,,,101,,,,,,S,Y,3,0,1,2,A,-,08,22107,,N,E,I,A,B,H,-,C,D,0,,,,,Y,,A,07,0,1,0,0,0,0,0,0,0,"- ","- ",37.575431823730469,-122.31891632080078,"SAN MATEO","SAN MATEO",-122.31899261474609,37.575347900390625
91172774,2020,2020-01-24,9330,2020-01-22,0715,021630,,3,1,5,4116,0,1,3,,2,031,"SR-92 E/B","DELAWARE ST",50.00,E,N,B,-,Y,,,92,,,,,,E,Y,3,0,2,2,A,-,03,22350,,N,C,C,A,A,H,-,A,D,0,,,,,Y,,D,22,0,2,0,0,0,0,0,0,0,"- ","- ",37.552421569824219,-122.30528259277344,"SAN MATEO","SAN MATEO",-122.30528259277344,37.552440643310547
91179865,2020,2021-03-01,9330,2020-01-29,1316,021630,,3,1,9,4100,0,1,3,,1,010,"5TH ST","EAST AVE",0.00,,Y,A,-,N,,,,,,,,,,Y,4,0,1,2,A,-,09,21800,A,N,D,C,A,A,H,-,A,D,0,,,,,Y,,A,01,0,0,1,0,0,0,0,0,0,"- ","- ",37.541919708251953,-122.51129150390625,"SAN MATEO",UNINCORPORATED,-122.51126098632812,37.541908264160156
91184783,2020,2020-02-11,9335,2020-01-30,1410,020991,,4,2,4,4114,0,1,1,,2,020,"I-280 S/B","SNEATH LN",1267.00,N,N,A,-,Y,,,280,,,,,,S,N,4,0,1,3,A,-,07,21658,A,N,B,C,A,A,H,-,A,D,0,,,,,Y,,A,08,0,0,1,0,0,0,0,0,0,"- ","- ",37.633079528808594,-122.43798065185547,"SAN MATEO","SAN BRUNO",-122.43799591064453,37.633068084716797
9119130,2020,2020-09-04,4117,2020-06-26,1158,15NM20,08AE,5,5,5,4117,0,0,0,,0,001,"LINDEN AV","COMMERCIAL AV",0.00,,Y,A,-,N,,,,,,,,,,Y,3,0,1,2,A,-,09,21802,A,N,D,C,A,A,H,-,A,D,0,,,,,Y,,-,,0,1,0,0,0,0,0,0,0,"- ","- ",37.654190063476562,-122.41047668457031,"SAN MATEO","SOUTH SAN FRANCISCO",-122.41081237792969,37.653221130371094
91241165,2020,2020-05-22,9330,2020-05-16,2311,021550,,6,3,9,4100,0,3,5,,2,505,"FAIR OAKS AVENUE","6TH AVE",10.00,S,N,A,-,N,,,,,,,,,,Y,3,0,1,5,A,-,01,23152,F,N,B,E,A,A,H,-,C,D,0,,,,,Y,,A,07,0,1,0,0,0,0,0,0,0,"- ","- ",37.477630615234375,-122.1998291015625,"SAN MATEO",UNINCORPORATED,-122.19988250732422,37.477638244628906
9124152,2020,2020-10-17,4113,2020-07-07,1622,426,1,2,5,5,4113,0,0,0,,0,001,"REDWOOD SHORES PKWY","ELECTRONIC ARTS DR",386.00,E,N,A,-,N,,,,,,,,,,Y,2,0,2,2,A,-,00,23153,E,N,A,C,A,A,H,-,A,A,0,,,,,Y,,D,22,2,0,0,0,0,0,0,0,0,"- ","- ",37.5230712890625,-122.25171661376953,"SAN MATEO","REDWOOD CITY",-122.25249481201172,37.520515441894531
91254372,2020,2020-06-19,9330,2020-05-23,2040,022436,,6,2,9,4100,0,1,3,,1,011,SR-92,SR-35,3696.00,E,N,A,-,Y,,,92,,,,,,,Y,4,0,1,2,A,-,05,21460,A,N,B,C,A,A,H,-,A,D,0,,,,,Y,,A,01,0,0,1,0,0,0,0,0,0,"- ","- ",37.500251770019531,-122.35672760009766,"SAN MATEO",UNINCORPORATED,-122.35678863525391,37.500278472900391
91260102,2020,2020-07-20,9330,2020-06-27,0700,022385,,6,1,5,4113,0,1,2,,2,058,"US-101 NORTHBOUND","WHIPPLE AVENUE",1155.00,S,N,B,-,Y,,,101,,,,,,N,Y,4,0,1,2,C,-,18,,,N,H,I,A,A,H,-,A,D,0,,,,,Y,,-,"- ",0,0,1,0,0,0,0,0,0,"- ","- ",37.495269775390625,-122.22921752929688,"SAN MATEO","REDWOOD CITY",-122.22920989990234,37.495307922363281
91282702,2020,2020-08-10,9335,2020-08-01,1900,022486,,6,2,4,4111,0,1,3,,2,040,"SR-1 N/B","TOM LANTOS TUNNEL",900.00,S,N,A,-,Y,,,,,,,,,,N,4,0,1,2,A,-,03,22350,,N,C,C,A,A,H,-,A,D,0,,,,,Y,,A,01,0,0,1,0,0,0,0,0,0,"- ","- ",37.569320678710938,-122.51515197753906,"SAN MATEO",PACIFICA,,
91289783,2020,2020-08-20,9330,2020-08-17,1440,016795,,1,2,9,4100,0,1,3,,1,020,"SR-1 (CABRILLO HIGHWAY)","BEAN HOLLOW ROAD",1400.00,N,N,B,-,Y,,,1,,,,,,,Y,4,0,2,1,A,-,08,22107,,N,F,I,A,A,H,-,A,D,0,,,,,Y,,A,07,0,0,2,0,0,0,0,0,0,"- ","- ",37.225608825683594,-122.408203125,"SAN MATEO",UNINCORPORATED,-122.40827178955078,37.225551605224609
91295804,2020,2020-08-31,9330,2020-08-21,0735,022212,,5,1,5,4116,0,1,2,,2,038,"US-101 N/B FROM 4TH STREET","4TH AVE",500.00,S,N,A,-,Y,,,101,,,,R,,N,Y,4,0,2,3,A,-,08,22107,,N,D,C,A,A,H,-,A,D,0,,,,,Y,,A,01,0,0,2,0,0,0,0,0,0,"- ","- ",37.569599151611328,-122.31430816650391,"SAN MATEO","SAN MATEO",-122.31430816650391,37.569599151611328
91307587,2020,2020-09-21,9335,2020-09-12,0540,022486,,6,3,6,4106,0,1,1,,2,021,"I-280 N/B","WESTBOROUGH BLVD.",20.00,N,N,E,-,Y,,,,,,,,,,Y,4,0,1,1,C,-,18,,,N,E,J,A,A,H,-,D,D,0,,,,,Y,,-,"- ",0,0,1,0,0,0,0,0,0,"- ","- ",37.645610809326172,-122.44944000244141,"SAN MATEO","DALY CITY",-122.44937896728516,37.645576477050781
91320566,2020,2020-12-03,9330,2020-10-03,1038,021843,,6,1,9,4100,0,1,3,,1,011,SR-92,"SR-35 (SKYLINE BOULEVARD)",0.00,,Y,A,-,Y,,,92,,,,,,,Y,3,0,1,2,A,-,09,21802,A,N,D,C,A,A,H,-,A,A,0,,,Y,,Y,,A,07,0,1,0,0,0,0,0,0,1,"- ","- ",37.495521545410156,-122.36894989013672,"SAN MATEO",UNINCORPORATED,-122.36894989013672,37.495525360107422
91341572,2020,2020-11-09,9330,2020-11-01,0330,022409,,7,3,9,4100,0,1,1,,2,054,"I-280 NB","SR-84 (WOODSIDE ROAD)",3168.00,N,N,A,-,Y,,,,,,,,,,Y,3,0,1,1,A,-,01,23152,A,N,E,I,A,A,H,-,C,D,0,,,,,Y,Y,A,01,0,1,0,0,0,0,0,0,0,"- ","- ",37.441951751708984,-122.25122833251953,"SAN MATEO",UNINCORPORATED,,
91341598,2020,2020-11-09,9330,2020-10-30,1627,021315,,5,2,9,4100,0,1,1,,2,044,"I-280 N/B","VISTA 1",1056.00,N,N,A,-,Y,,,280,,,,,,N,Y,4,0,1,1,A,-,08,22107,,N,E,I,A,A,H,-,A,D,0,,,,,Y,,A,01,0,0,1,0,0,0,0,0,0,"- ","- ",37.483928680419922,-122.29847717285156,"SAN MATEO",UNINCORPORATED,-122.29848480224609,37.483932495117188
91350437,2020,2020-11-20,9330,2020-11-01,1630,022524,,7,2,5,4116,0,1,2,,2,048,"US-101 S/B","E. HILLSDALE BLVD",1056.00,N,N,A,-,Y,,,101,,,,,,S,Y,4,0,1,2,D,-,00,,,N,B,C,A,A,D,-,A,D,0,,,,,Y,,-,"- ",0,0,1,0,0,0,0,0,0,"- ","- ",37.547161102294922,-122.29058074951172,"SAN MATEO","SAN MATEO",-122.29055023193359,37.547183990478516
91357080,2020,2020-12-02,9335,2020-11-20,1615,022241,,5,2,9,4100,0,1,3,,2,040,"SR-1 S/B","OLD DEVILS SLIDE HIGHWAY",0.00,,Y,A,-,Y,,,1,,,,,,S,Y,4,0,1,2,A,-,09,21802,A,N,D,C,A,A,H,-,A,A,0,,,,,Y,,A,07,0,0,1,0,0,0,0,0,0,"- ","- ",37.584941864013672,-122.50759124755859,"SAN MATEO",UNINCORPORATED,-122.50759124755859,37.584938049316406
91358338,2020,2020-12-03,9335,2020-11-25,0606,021328,,3,1,9,4100,0,1,2,,2,011,"US-101 N/B","SAN BRUNO AVE.",3115.00,S,N,A,-,Y,,,101,,,,,,N,Y,4,0,1,2,A,-,07,21658,A,N,C,C,A,A,H,-,D,D,0,,,,,Y,,D,22,0,0,1,0,0,0,0,0,0,"- ","- ",37.622920989990234,-122.40049743652344,"SAN MATEO",UNINCORPORATED,-122.40045928955078,37.622936248779297
91358499,2020,2021-01-20,9330,2020-09-20,0953,022207,,7,1,4,4120,0,1,3,,1,035,"SR-92 W/B (SAN MATEO BRIDGE)","PIER 1",5280.00,E,N,A,-,Y,,,,,,,,,,Y,1,1,2,3,A,-,03,22350,,N,C,C,A,A,H,-,A,D,0,,,Y,,Y,,C,02,2,0,0,0,0,0,0,1,2,"- ","- ",37.585250854492188,-122.24269866943359,"SAN MATEO","FOSTER CITY",,
91373776,2020,2020-12-23,9330,2020-12-13,0558,022212,,7,3,4,4109,0,1,2,,2,058,"US-101 N/B","MARSH RD",600.00,S,N,C,-,Y,,,,,,,,,,Y,4,0,1,1,A,-,03,22350,,N,E,I,A,B,H,-,C,D,0,,,,,Y,,A,07,0,0,1,0,0,0,0,0,0,"- ","- ",37.471389770507812,-122.15696716308594,"SAN MATEO","MENLO PARK",-122.17878723144531,37.482662200927734
91375116,2020,2020-12-25,9330,2020-11-24,2115,022072,,2,2,4,4120,0,1,3,,1,035,"SR-92 E/B","FOSTER CITY BLVD",1056.00,E,N,A,-,Y,,,92,,,,,,E,Y,4,0,1,2,A,-,03,22350,,F,C,C,A,A,H,-,C,D,0,,,,,Y,,-,99,0,0,1,0,0,0,0,0,0,"- ","- ",37.582248687744141,-122.25283050537109,"SAN MATEO","FOSTER CITY",-122.25285339355469,37.582275390625
91378074,2020,2020-12-30,9335,2020-12-23,1130,021328,,3,1,6,4106,0,1,1,,2,021,"I-280 S/B","SOUTHGATE AVE. U/C",120.00,S,N,A,-,Y,,,280,,,,,,S,Y,4,0,2,3,A,-,03,22350,,N,C,C,A,A,H,-,A,D,0,,,,,Y,,D,22,0,0,2,0,0,0,0,0,0,"- ","- ",37.674758911132812,-122.46942901611328,"SAN MATEO","DALY CITY",-122.46939849853516,37.674789428710938
91380931,2020,2021-01-05,9330,2020-12-14,1640,022595,,1,2,9,4100,0,1,3,,1,010,"SR-1 (CABRILLO HIGHWAY)","CALIFORNIA AVE",0.00,,Y,A,-,Y,,,1,,,,,,,Y,4,0,1,2,A,-,09,21802,A,N,D,C,A,A,H,-,C,A,0,,,,,Y,,A,01,0,0,1,0,0,0,0,0,0,"- ","- ",37.527698516845703,-122.51325988769531,"SAN MATEO",UNINCORPORATED,-122.51343536376953,37.527523040771484
91399297,2021,2021-02-01,9330,2021-01-23,1020,022212,,6,1,4,4109,0,1,2,,2,058,"US-101 N/B","WILLOW RD",3168.00,S,N,A,-,Y,,,101,,,,,,N,Y,4,0,3,2,A,-,08,22107,,N,E,I,A,A,H,-,A,D,0,,,,,Y,,A,07,0,0,3,0,0,0,0,0,0,"- ","- ",37.462799072265625,-122.14546203613281,"SAN MATEO","MENLO PARK",-122.145263671875,37.463146209716797
91399657,2021,2021-02-01,9330,2021-01-25,1530,021594,,1,2,5,4116,0,1,2,,2,048,"US-101 NORTHBOUND TO SR-92 EASTBOUND",SR-92,1056.00,S,N,A,-,Y,,,101,,,,R,,N,N,4,0,1,2,A,-,03,22350,,N,C,C,A,A,H,-,A,D,0,,,,,Y,,D,22,0,0,1,0,0,0,0,0,0,"- ","- ",37.549690246582031,-122.29229736328125,"SAN MATEO","SAN MATEO",-122.29229736328125,37.549690246582031
9140338,2020,2020-09-01,4127,2020-03-31,1126,2243,4127,2,5,4,4127,0,0,0,,0,001,"LAUREL AV","NEWBRIDGE ST",16.00,E,N,A,-,N,,,,,,,,,,N,4,0,1,3,A,-,08,22107,,M,H,E,A,A,H,-,C,D,0,,,,,Y,,-,99,0,0,1,0,0,0,0,0,0,"- ","- ",,,"SAN MATEO","EAST PALO ALTO",-122.15100860595703,37.471721649169922
9140379,2020,2020-10-15,4106,2020-08-07,1440,2081,11,5,5,6,4106,0,0,0,,0,005,"SEACREST CT","SKYLINE DR",0.00,,Y,A,-,N,,,,,,,,,,N,4,0,1,2,A,-,08,22107,,N,E,I,A,A,H,-,A,D,0,,Y,,,Y,,L,04,0,0,1,0,0,0,1,0,0,"- ","- ",,,"SAN MATEO","DALY CITY",-122.49137115478516,37.662979125976562
91404936,2021,2021-02-09,9330,2021-02-02,2110,020646,,2,2,9,4100,0,1,3,,1,011,"SR 92 E/B","SR 35 (UPPER)",4224.00,W,N,B,-,Y,,,92,,,,,,E,Y,4,0,1,1,A,-,08,22107,,N,E,I,A,A,H,-,D,D,0,,,,,Y,,A,01,0,0,1,0,0,0,0,0,0,"- ","- ",37.485248565673828,-122.37127685546875,"SAN MATEO",UNINCORPORATED,-122.371337890625,37.485694885253906
91414551,2021,2021-02-24,9335,2021-02-24,0808,017995,,3,1,9,4100,0,1,2,,2,011,"101 N/B FROM SFO DOMESTIC TERMINAL","US-101 S/B FROM SFO INTER. TERMINAL",30.00,N,N,A,-,Y,,,,,,,,,,Y,4,0,4,2,A,-,03,22350,,N,C,C,A,A,H,-,A,A,0,,,,,Y,,A,07,0,0,4,0,0,0,0,0,0,"- ","- ",37.614730834960938,-122.39700317382812,"SAN MATEO",UNINCORPORATED,,
9144793,2020,2020-10-13,4120,2020-08-02,0702,219,9,7,5,4,4120,0,0,0,,0,,"EDGEWWATER BL","EMERALD BAY LN",0.00,,Y,A,-,N,,,,,,,,,,Y,3,0,1,2,A,-,12,21453,A,N,D,C,A,A,H,-,A,A,0,,,,,Y,,A,01,0,1,0,0,0,0,0,0,0,"- ","- ",37.555038452148438,-122.28111267089844,"SAN MATEO","FOSTER CITY",-122.28121,37.55498
9144794,2020,2020-10-13,4120,2020-08-04,0843,228,10,2,5,4,4120,0,0,0,,0,00Y,"EAST HILLSDALE BL","CENTER PAKR LN",0.00,,Y,A,-,N,,,,,,,,,,N,3,0,1,2,A,-,09,21803,A,N,H,C,A,A,H,-,A,D,0,,,Y,,Y,,A,01,0,1,0,0,0,0,0,0,0,"- ","- ",37.556041717529297,-122.27512359619141,"SAN MATEO","FOSTER CITY",-122.27455,37.5563
91468564,2021,2021-05-10,9335,2021-05-06,1214,022032,,4,1,6,4106,0,1,3,,2,035,"SR-35 S/B",SR-1,30.00,N,N,B,-,Y,,,35,,,,,,S,Y,4,0,1,2,A,-,03,22350,,N,C,C,A,A,H,-,A,D,0,,,,,Y,,A,07,0,0,1,0,0,0,0,0,0,"- ","- ",37.668491363525391,-122.48532867431641,"SAN MATEO","DALY CITY",-122.48531341552734,37.668514251708984
91481951,2021,2021-05-27,9335,2021-05-13,2150,021301,,4,2,6,4106,0,1,1,,2,021,"I-280 S/B TO SULLIVAN AVE","SULLIVAN AVE",22.00,N,N,A,-,Y,,,280,,,,R,,S,N,4,0,1,2,A,-,03,22350,,M,C,C,A,A,H,-,C,D,0,,,,,Y,,-,99,0,0,1,0,0,0,0,0,0,"- ","- ",37.686798095703125,-122.47209930419922,"SAN MATEO","DALY CITY",-122.47209930419922,37.686798095703125
91485813,2021,2021-05-31,9330,2021-05-19,2000,022355,,3,2,5,4113,0,1,2,,2,048,"US-101 NB","SR-84 (WOODSIDE ROAD)",3500.00,S,N,A,-,Y,,,101,,,,,,N,Y,4,0,1,2,A,-,08,22107,,N,B,2,A,A,H,-,A,D,0,,,,,Y,,A,01,0,0,1,0,0,0,0,0,0,"- ","- ",37.487010955810547,-122.20054626464844,"SAN MATEO","REDWOOD CITY",-122.20055389404297,37.486984252929688
91489844,2021,2022-01-21,9330,2021-05-21,1325,021662,,5,1,9,4100,0,3,5,,2,407,"SPRINGDALE WAY","LAKEVIEW WAY",500.00,E,N,A,-,N,,,,,,,,,,N,3,0,1,2,D,-,00,,,N,F,I,A,A,H,-,A,D,0,,Y,,,Y,,-,"- ",0,1,0,0,0,0,1,0,0,"- ","- ",37.4727783203125,-122.27887725830078,"SAN MATEO",UNINCORPORATED,-122.27477264404297,37.471809387207031
91493441,2021,2021-06-09,9330,2021-05-31,1140,021628,,1,1,9,4100,0,1,3,,1,021,"SR-84 (LA HONDA ROAD)","HILDEBRAND ROAD",528.00,E,N,A,-,Y,,,84,,,,,,,Y,3,0,1,1,A,-,08,22107,,N,E,I,A,A,B,-,A,D,0,,Y,,,Y,,L,04,0,1,0,0,0,0,1,0,0,"- ","- ",37.328601837158203,-122.27089691162109,"SAN MATEO",UNINCORPORATED,-122.2708740234375,37.328582763671875
91528141,2021,2021-07-26,9330,2021-07-19,2220,022020,,1,3,4,4115,0,1,2,,2,048,"US-101 N/B","HOLLY STREET O/C",2085.00,S,N,A,-,Y,,,101,,,,,,N,Y,3,0,1,1,A,-,08,22107,,N,E,8,A,A,D,-,D,D,0,,,,,Y,Y,A,01,0,1,0,0,0,0,0,0,0,"- ","- ",37.509719848632812,-122.25112915039062,"SAN MATEO","SAN CARLOS",-122.25115966796875,37.509689331054688
91566385,2021,2021-09-09,9330,2021-08-30,0735,022212,,1,1,4,4120,0,1,3,,2,031,"SR-92 W/B","FOSTER CITY BLVD",500.00,W,N,A,-,Y,,,92,,,,,,W,N,3,0,1,2,A,-,03,22350,,M,C,C,A,A,H,-,A,D,0,,,,,Y,Y,-,99,0,1,0,0,0,0,0,0,0,"- ","- ",37.563678741455078,-122.27365112304688,"SAN MATEO","FOSTER CITY",-122.27365112304688,37.563686370849609
91569490,2021,2021-09-14,9330,2021-08-21,0255,022185,,6,3,4,4104,0,1,2,,2,038,"US-101 S/B",BROADWAY,1584.00,S,N,A,-,Y,,,101,,,,,,S,Y,2,0,1,1,A,-,01,23152,A,N,E,I,A,A,D,-,C,D,0,,,,,Y,Y,A,07,1,0,0,0,0,0,0,0,0,"- ","- ",37.587989807128906,-122.35726928710938,"SAN MATEO",BURLINGAME,-122.35729217529297,37.587928771972656
91582042,2021,2021-09-28,9335,2021-09-19,0005,022326,,7,3,9,4100,0,1,2,,2,011,"US-101 N/B TO SFO INTERNATIONAL TERMINAL","MILLBRAE AVENUE",4435.00,N,N,C,-,Y,,,101,,,,R,,N,Y,2,0,1,1,A,-,01,23152,A,N,E,I,A,B,H,-,C,D,0,,,,,Y,Y,A,08,1,0,0,0,0,0,0,0,0,"- ","- ",37.610561370849609,-122.39199066162109,"SAN MATEO",UNINCORPORATED,-122.39199066162109,37.610561370849609
91592335,2021,2021-10-11,9335,2021-09-24,1805,022241,,5,2,9,4100,0,1,2,,2,010,"SFO VIADUCT","SAN BRUNO AVENUE OVERCROSSING",3360.00,S,N,A,-,Y,,,,,,,,,,Y,3,0,3,2,D,-,00,,,N,B,C,A,A,H,-,A,D,0,,,,,Y,,-,"- ",0,1,2,0,0,0,0,0,0,"- ","- ",37.622360229492188,-122.39996337890625,"SAN MATEO",UNINCORPORATED,,
91595857,2021,2021-11-15,9335,2021-10-10,2038,022596,,7,2,2,4103,0,1,2,,2,012,"US-101 S/B","ALANA WAY",621.00,S,N,A,-,Y,,,101,,,,,,S,Y,3,0,1,1,A,-,08,22107,,N,E,I,A,A,H,-,C,D,0,,,,,Y,,A,01,0,1,0,0,0,0,0,0,0,"- ","- ",37.707111358642578,-122.39478302001953,"SAN MATEO",BRISBANE,-122.39484405517578,37.707096099853516