CASE_ID,ACCIDENT_YEAR,PROC_DATE,JURIS,COLLISION_DATE,COLLISION_TIME,OFFICER_ID,REPORTING_DISTRICT,DAY_OF_WEEK,CHP_SHIFT,POPULATION,CNTY_CITY_LOC,SPECIAL_COND,BEAT_TYPE,CHP_BEAT_TYPE,CITY_DIVISION_LAPD,CHP_BEAT_CLASS,BEAT_NUMBER,PRIMARY_RD,SECONDARY_RD,DISTANCE,DIRECTION,INTERSECTION,WEATHER_1,WEATHER_2,STATE_HWY_IND,CALTRANS_COUNTY,CALTRANS_DISTRICT,STATE_ROUTE,ROUTE_SUFFIX,POSTMILE_PREFIX,POSTMILE,LOCATION_TYPE,RAMP_INTERSECTION,SIDE_OF_HWY,TOW_AWAY,COLLISION_SEVERITY,NUMBER_KILLED,NUMBER_INJURED,PARTY_COUNT,PRIMARY_COLL_FACTOR,PCF_CODE_OF_VIOL,PCF_VIOL_CATEGORY,PCF_VIOLATION,PCF_VIOL_SUBSECTION,HIT_AND_RUN,TYPE_OF_COLLISION,MVIW,PED_ACTION,ROAD_SURFACE,ROAD_COND_1,ROAD_COND_2,LIGHTING,CONTROL_DEVICE,CHP_ROAD_TYPE,PEDESTRIAN_ACCIDENT,BICYCLE_ACCIDENT,MOTORCYCLE_ACCIDENT,TRUCK_ACCIDENT,NOT_PRIVATE_PROPERTY,ALCOHOL_INVOLVED,STWD_VEHTYPE_AT_FAULT,CHP_VEHTYPE_AT_FAULT,COUNT_SEVERE_INJ,COUNT_VISIBLE_INJ,COUNT_COMPLAINT_PAIN,COUNT_PED_KILLED,COUNT_PED_INJURED,COUNT_BICYCLIST_KILLED,COUNT_BICYCLIST_INJURED,COUNT_MC_KILLED,COUNT_MC_INJURED,PRIMARY_RAMP,SECONDARY_RAMP,LATITUDE,LONGITUDE,COUNTY,CITY,POINT_X,POINT_Y
6619051,2014,2014-10-01,9330,2014-09-08,0835,017991,,1,1,9,4100,0,3,5,,2,505,"BAY RD","SWEENEY AV",0.00,,Y,B,-,N,,,,,,,,,,Y,4,0,1,2,A,-,09,21802,A,N,A,C,A,A,H,-,A,D,0,,,,,Y,,A,01,0,0,1,0,0,0,0,0,0,"- ","- ",,,"SAN MATEO",UNINCORPORATED,-122.20975991,37.484619930000001
6628503,2014,2016-05-18,9335,2014-09-14,0805,019631,,7,1,4,4114,0,1,2,,2,012,"RT 101","RT 380",1300.00,N,N,B,-,Y,SM,4,101,-,R,20.890,H,-,S,Y,4,0,1,1,A,-,08,22107,,N,-,-,A,A,H,-,B,-,1,,,,,Y,,A,01,0,0,1,0,0,0,0,0,0,TO,"- ",,,"SAN MATEO","SAN BRUNO",-122.40496907000001,37.63820149
6632132,2014,2014-10-10,4113,2014-09-07,1107,406,6,7,5,5,4113,0,0,0,,0,006,"JEFFERSON AV","CLINTON ST",0.00,,Y,A,-,N,,,,,,,,,,Y,4,0,1,2,A,-,"- ",,,N,B,C,A,A,H,-,A,A,0,,,,,Y,,A,01,0,0,1,0,0,0,0,0,0,"- ","- ",,,"SAN MATEO","REDWOOD CITY",-122.23273,37.480739929999999
6640711,2014,2016-05-14,4109,2014-08-18,1800,15164,26,1,5,4,4109,0,0,0,,0,001,"RT 82","MIDDLE AV",0.00,,Y,A,-,Y,SM,4,82,-,-,0.380,H,-,N,N,4,0,1,2,A,-,03,22350,,N,C,C,A,A,H,-,A,A,0,,,,,Y,,A,01,0,0,1,0,0,0,0,0,0,"- ","- ",,,"SAN MATEO","MENLO PARK",-122.177104,37.450406770000001
6642359,2014,2016-05-17,9330,2014-09-25,0500,19646,,4,3,4,4104,0,1,2,,2,038,"RT 101","BROADWAY AV",200.00,S,N,C,-,Y,SM,4,101,-,-,16.540,H,-,S,Y,4,0,1,3,A,-,03,22350,,N,D,C,A,B,H,-,B,D,1,,,,,Y,,A,01,0,0,1,0,0,0,0,0,0,"- ","- ",,,"SAN MATEO",BURLINGAME,-122.36062200000001,37.589533119999999
6648315,2014,2016-07-07,9335,2014-10-02,1540,020132,,4,2,4,4114,0,1,1,,2,020,"RT 280","AVALON DR",1584.00,S,N,A,-,Y,SM,4,280,-,R,21.740,H,-,S,Y,4,0,2,4,A,-,03,22350,,N,C,C,A,A,H,-,A,D,1,,,,,Y,,A,01,0,0,2,0,0,0,0,0,0,"- ","- ",37.635910000000003,-122.43959,"SAN MATEO","SAN BRUNO",-122.43929531000001,37.635503730000003
6651622,2014,2014-10-29,4117,2014-09-12,2040,12BS04,08AG,5,5,5,4117,0,0,0,,0,001,"SPRUCE AV","COMMERCIAL AV",0.00,,Y,A,-,N,,,,,,,,,,N,4,0,1,2,A,-,12,22450,,N,D,C,A,A,H,-,C,D,0,,,,,Y,,-,"- ",0,0,1,0,0,0,0,0,0,"- ","- ",,,"SAN MATEO","SOUTH SAN FRANCISCO",-122.41669992,37.654530000000001
6659643,2014,2016-06-16,9330,2014-10-06,1205,020761,,1,1,5,4116,0,1,3,,2,031,"RT 92","WEST HILLSDALE BL",1056.00,W,N,A,-,Y,SM,4,92,-,R,9.180,H,-,E,Y,3,0,1,1,A,-,08,22107,,N,E,I,A,A,H,-,A,D,1,,,,,Y,,A,01,0,1,0,0,0,0,0,0,0,"- ","- ",37.528919999999999,-122.33092000000001,"SAN MATEO","SAN MATEO",-122.33063616,37.529753239999998
6661411,2014,2014-10-23,4106,2014-08-27,1740,1151,6,3,5,6,4106,0,0,0,,0,002,"HILLSIDE BL","GARWOOD DR",0.00,,Y,A,-,N,,,,,,,,,,N,3,0,1,2,A,-,"- ",,,N,G,B,B,A,H,-,A,A,0,Y,,,,Y,,A,07,0,1,0,0,1,0,0,0,0,"- ","- ",,,"SAN MATEO","DALY CITY",-122.46216990000001,37.700049919999998
6661883,2014,2014-10-23,4106,2014-08-10,1326,1206,3,7,5,6,4106,0,0,0,,0,002,"MISSION ST","WILSON ST",63.00,N,N,A,-,N,,,82,,,,,,,N,4,0,1,2,A,-,07,21658,A,N,H,G,A,A,H,-,A,D,0,,Y,,,Y,,L,04,0,0,1,0,0,0,1,0,0,"- ","- ",37.707769999999996,-122.45846,"SAN MATEO","DALY CITY",-122.45897934,37.708315749999997
6665337,2014,2014-12-15,9330,2014-10-12,1155,020489,,7,1,9,4100,0,1,3,,1,021,"RT 84","MADERA LN",8976.00,E,N,A,-,Y,,,84,,,,,,,Y,3,0,1,1,C,-,18,,,N,H,H,A,A,H,-,A,D,0,,,Y,,Y,,-,"- ",0,1,0,0,0,0,0,0,1,"- ","- ",37.312890000000003,-122.31310999999999,"SAN MATEO",UNINCORPORATED,-122.31310667,37.31287786
6665635,2014,2016-06-16,9330,2014-10-06,1520,19198,,1,2,9,4100,0,1,3,,1,011,"RT 92","OX MOUNTAIN RD",528.00,W,N,A,-,Y,SM,4,92,-,-,1.710,H,-,E,N,4,0,1,2,A,-,03,22350,,N,C,D,A,A,H,-,A,D,0,,,,,Y,,D,22,0,0,1,0,0,0,0,0,0,"- ","- ",37.479999999999997,-122.40783,"SAN MATEO",UNINCORPORATED,-122.40875834000001,37.479586529999999
6670301,2014,2014-10-27,4106,2014-07-31,1225,1272,4,4,5,6,4106,0,0,0,,0,003,"JUNIPERO SERRA BL","CITRUS AV",332.00,N,N,B,-,N,,,,,,,,,,N,4,0,1,2,A,-,04,21703,,N,H,C,A,A,H,-,A,D,0,,,,,Y,,A,01,0,0,1,0,0,0,0,0,0,"- ","- ",,,"SAN MATEO","DALY CITY",-122.47085,37.698513920000003
6674937,2014,2015-04-10,9330,2014-10-08,2107,20162,,3,2,5,4116,0,1,2,,2,038,"RT 101","PENINSULA AV",850.00,S,N,A,-,Y,SM,4,101,-,-,14.530,H,-,N,Y,3,0,2,1,C,-,18,,,N,B,I,A,A,H,-,C,D,1,,,,,Y,,-,"- ",0,2,0,0,0,0,0,0,0,"- ","- ",,,"SAN MATEO","SAN MATEO",-122.32663753999999,37.582640390000002
6676597,2014,2014-12-11,4117,2014-10-02,1149,99RG01,25AA,4,5,5,4117,0,0,0,,0,003,"EL CAMINO REAL HWY","CHESTNUT AV",525.00,S,N,A,-,N,,,,,,,,,,N,4,0,1,2,A,-,05,21650,1,N,H,G,A,A,H,-,A,D,0,,Y,,,Y,,L,04,0,0,1,0,0,0,1,0,0,"- ","- ",37.647860000000001,-122.42389,"SAN MATEO","SOUTH SAN FRANCISCO",-122.4331103,37.65416733
6680908,2014,2014-12-18,4100,2014-10-10,1718,19400,34,5,5,4,4115,0,0,0,,0,053,"SAN CARLOS AV","DEVONSHIRE BL",0.00,,Y,A,-,N,,,,,,,,,,Y,3,0,1,2,A,-,10,21950,C,N,G,B,B,A,H,-,A,A,0,Y,,,,Y,,A,01,0,1,0,0,1,0,0,0,0,"- ","- ",,,"SAN MATEO","SAN CARLOS",-122.27619992,37.502149920000001
6682425,2014,2016-02-02,4114,2014-07-20,1447,0065,SNB19,7,5,4,4114,0,0,0,,0,002,"CUNNINGHAM WY","RT 280",200.00,E,N,A,-,N,,,,,,,,,,N,3,0,1,1,A,-,03,22350,,N,F,A,A,A,H,-,A,A,0,,,Y,,Y,,C,02,0,1,0,0,0,0,0,0,1,"- ",SF,,,"SAN MATEO","SAN BRUNO",-122.42351443,37.614564989999998
6682922,2014,2016-07-07,9335,2014-10-28,0900,018053,,2,1,5,4117,0,1,1,,2,020,"RT 280","WESTBOROUGH BL",1320.00,S,N,A,-,Y,SM,4,280,-,R,22.370,H,-,S,Y,4,0,1,3,A,-,03,22350,,M,C,C,A,A,H,-,A,A,1,,,,,Y,,A,01,0,0,1,0,0,0,0,0,0,"- ","- ",,,"SAN MATEO","SOUTH SAN FRANCISCO",-122.44581558,37.642872490000002
6689678,2014,2015-06-01,4114,2014-10-12,1238,0030,SNB12,7,5,4,4114,0,0,0,,0,002,"SAN BRUNO AV WEST","ACACIA AV",46.00,W,N,A,-,N,,,,,,,,,,Y,4,0,1,1,A,-,01,23152,A,N,E,I,A,A,H,-,A,D,0,,,,,Y,Y,A,07,0,0,1,0,0,0,0,0,0,"- ","- ",37.627560000000003,-122.41998,"SAN MATEO","SAN BRUNO",-122.41994518,37.627598659999997
6691785,2014,2014-12-12,4108,2014-09-23,2115,8391,,2,5,3,4108,0,0,0,,0,NORTH,"EUCALYPTUS AV","TAMARACK DR",1260.00,S,N,B,-,N,,,,,,,,,,N,4,0,1,1,A,-,08,22107,,N,B,I,A,A,H,-,D,D,0,,,,,Y,,-,"- ",0,0,1,0,0,0,0,0,0,"- ","- ",,,"SAN MATEO",HILLSBOROUGH,-122.35829465,37.563191979999999
6694336,2014,2015-01-05,4109,2014-10-24,1003,14485,27,5,5,4,4109,0,0,0,,0,001,"VALPARAISO AV","POLITZER DR",0.00,,Y,A,-,N,,,,,,,,,,N,2,0,1,2,A,-,09,21801,A,N,H,G,A,A,H,-,A,D,0,,Y,,,Y,,A,07,1,0,0,0,0,0,1,0,0,"- ","- ",,,"SAN MATEO","MENLO PARK",-122.19872992000001,37.442559879999997
6695695,2014,2015-01-07,4117,2014-10-15,1452,05RR05,27AR,3,5,5,4117,0,0,0,,0,002,"CALLAN BL","MEATH DR",0.00,,Y,A,-,N,,,,,,,,,,Y,3,0,1,2,A,-,09,21804,A,N,H,G,A,A,H,-,A,D,0,,Y,,,Y,,L,04,0,1,0,0,0,0,1,0,0,"- ","- ",,,"SAN MATEO","SOUTH SAN FRANCISCO",-122.46320987,37.644419910000003
6697170,2014,2015-01-05,9330,2014-10-27,1800,015268,,1,2,9,4100,0,3,5,,2,509,"ALAMEDA DE LAS PULGAS","VALPARAISO AV",203.00,S,N,A,-,N,,,,,,,,,,Y,4,0,1,3,A,-,08,22107,,N,C,E,A,A,H,-,A,D,0,,,,,Y,,A,01,0,0,1,0,0,0,0,0,0,"- ","- ",37.433779999999999,-122.20518,"SAN MATEO",UNINCORPORATED,-122.20525624,37.433752890000001
6701554,2014,2015-01-08,4114,2014-11-03,1850,0034,SNB10,1,5,4,4114,0,0,0,,0,001,"SNEATH LN","NATIONAL AV",100.00,W,N,A,-,N,,,,,,,,,,Y,4,0,1,2,A,-,03,22350,,N,C,C,A,A,H,-,C,D,0,,,,,Y,,D,72,0,0,1,0,0,0,0,0,0,"- ","- ",,,"SAN MATEO","SAN BRUNO",-122.42398065,37.635694710000003
6706987,2014,2014-12-04,4111,2014-10-31,0945,P5015,P02,5,5,4,4111,0,0,0,,0,0P1,"HICKEY BL","GATEWAY BL",105.00,E,N,C,-,N,,,,,,,,,,N,4,0,1,2,A,-,08,22107,,N,D,G,A,B,H,-,A,A,0,,Y,,,Y,,A,08,0,0,1,0,0,0,1,0,0,"- ","- ",,,"SAN MATEO",PACIFICA,-122.47773162999999,37.659892450000001
6707788,2014,2014-11-25,4104,2014-10-25,0855,0197,9,6,5,4,4104,0,0,0,,0,00B,"RT 82","LINCOLN AV",0.00,,Y,B,-,Y,,,,,,,,,,Y,3,0,2,2,A,-,09,21801,A,N,D,C,A,B,H,-,A,A,0,,,,,Y,,A,01,0,2,0,0,0,0,0,0,0,"- ","- ",37.588329999999999,-122.36333999999999,"SAN MATEO",BURLINGAME,,
6707873,2014,2016-06-16,9330,2014-11-03,1040,020761,,1,1,9,4100,0,1,3,,2,031,"RT 92","RALSTON AV",2376.00,W,N,A,-,Y,SM,4,280,-,-,10.437,R,1,S,Y,4,0,1,1,A,-,03,22350,,N,F,I,A,A,H,-,A,D,1,,,,,Y,,A,07,0,0,1,0,0,0,0,0,0,"- ","- ",37.507910000000003,-122.33662,"SAN MATEO",UNINCORPORATED,-122.33303195000001,37.50316892
6708806,2014,2015-01-08,4117,2014-11-10,1048,01CG09,21AD,1,5,5,4117,0,0,0,,0,003,"GRAND AV","WILLOW AV",360.00,W,N,A,-,N,,,,,,,,,,N,4,0,1,2,A,-,08,22107,,N,B,E,A,A,G,-,A,D,0,,Y,,,Y,,L,04,0,0,1,0,0,0,1,0,0,"- ","- ",37.650849999999998,-122.45219,"SAN MATEO","SOUTH SAN FRANCISCO",-122.43474409,37.660128589999999
6710008,2014,2016-06-16,9330,2014-11-03,1045,17991,,1,1,9,4100,0,1,3,,2,031,"RT 92","RT 280",462.00,E,N,A,-,Y,SM,4,92,-,R,7.390,H,-,W,Y,4,0,2,2,A,-,03,22350,,N,C,C,A,A,H,-,A,D,1,,,,,Y,,A,01,0,0,2,0,0,0,0,0,0,"- ","- ",,,"SAN MATEO",UNINCORPORATED,-122.33782794,37.507362129999997
6710024,2014,2016-07-07,9330,2014-11-12,1800,020761,,3,2,4,4115,0,1,2,,2,048,"RT 101","HOLLY ST",2746.00,S,N,A,-,Y,SM,4,101,-,-,8.191,R,1,S,Y,4,0,1,2,A,-,03,22350,,N,C,C,A,A,H,-,C,A,1,,,,,Y,,A,01,0,0,1,0,0,0,0,0,0,FR,"- ",37.508130000000001,-122.25005,"SAN MATEO","SAN CARLOS",-122.25364046,37.511629370000001
6710077,2014,2016-06-27,9335,2014-11-12,1630,015042,,3,2,9,4100,0,1,2,,2,011,"RT 101",SFO,100.00,N,N,A,-,Y,SM,4,101,-,-,18.870,H,-,S,Y,4,0,1,3,A,-,03,22350,,N,C,C,A,A,H,-,A,D,1,,,,,Y,,A,01,0,0,1,0,0,0,0,0,0,"- ","- ",,,"SAN MATEO",UNINCORPORATED,-122.39278037,37.61042715
6710767,2014,2015-01-06,4113,2014-10-23,1549,244,7,4,5,5,4113,0,0,0,,0,007,HOPKINS,ELWOOD,0.00,,Y,A,-,N,,,,,,,,,,N,4,0,1,2,A,-,09,21802,A,N,H,G,A,A,H,-,A,A,0,,Y,,,Y,,L,04,0,0,1,0,0,0,1,0,0,"- ","- ",37.48912,-122.23639,"SAN MATEO","REDWOOD CITY",-122.24198997000001,37.48570994
6715016,2014,2016-06-16,9330,2014-11-01,1010,020337,,6,1,9,4100,0,1,3,,1,011,"RT 92","PILARCITOS CREEK RD",300.00,E,N,B,-,Y,SM,4,92,-,-,3.340,H,-,E,Y,3,0,1,1,A,-,08,22107,,N,H,I,A,B,H,-,A,D,0,,,,,Y,,A,01,0,1,0,0,0,0,0,0,0,"- ","- ",,,"SAN MATEO",UNINCORPORATED,-122.38522017,37.49252061
6717011,2014,2015-01-09,9330,2014-11-07,0730,020382,,5,1,9,4100,0,2,4,,1,051,"5TH AV","MIDDLEFIELD RD",500.00,E,N,A,-,N,,,,,,,,,,N,4,0,1,2,A,-,05,21650,1,N,D,G,A,A,H,-,A,D,0,,Y,,,Y,,L,04,0,0,1,0,0,0,1,0,0,"- ","- ",37.472459999999998,-122.20432,"SAN MATEO",UNINCORPORATED,-122.20377649,37.473342979999998
6718256,2014,2015-03-16,4116,2014-09-26,1232,157850,NORTH,5,5,5,4116,0,0,0,,0,12K110,"SOUTH EL CAMINO REAL","10TH AV",165.00,N,N,A,-,N,,,,,,,,,,Y,1,2,6,2,A,-,05,21650,,N,A,C,A,A,H,-,A,D,0,,,,,Y,,A,08,0,3,3,0,0,0,0,0,0,"- ","- ",,,"SAN MATEO","SAN MATEO",-122.32001961,37.557597850000001
6721318,2014,2016-07-07,9335,2014-11-22,0300,20281,,6,3,6,4106,0,1,1,,2,021,"RT 280","SOUTHGATE AV",900.00,S,N,C,-,Y,SM,4,280,-,R,24.870,H,-,S,Y,3,0,5,1,A,-,08,22107,,N,F,I,A,B,H,-,C,D,1,,,,,Y,,A,01,0,5,0,0,0,0,0,0,0,"- ","- ",37.672730000000001,-122.46798,"SAN MATEO","DALY CITY",-122.46790703000001,37.67289925
6724726,2014,2016-02-25,4101,2014-10-30,0158,14JR03,,4,5,2,4101,0,0,0,,0,002,"WINCHESTER DR","RT 82",418.00,W,N,A,-,N,,,,,,,,,,Y,4,0,1,1,A,-,01,23152,A,N,E,I,A,A,H,-,D,D,0,,,,,Y,Y,A,07,0,0,1,0,0,0,0,0,0,"- ","- ",,,"SAN MATEO",ATHERTON,-122.19954014,37.460449949999997
6725238,2014,2016-07-07,9335,2014-11-23,0950,020889,,7,1,4,4114,0,1,2,,2,011,"RT 101","SAN BRUNO AV",735.00,N,N,A,-,Y,SM,4,101,-,R,20.801,R,1,S,Y,3,0,1,2,A,-,08,22107,,N,B,C,A,A,H,-,A,D,1,,,,,Y,,A,01,0,1,0,0,0,0,0,0,0,TO,"- ",37.63335,-122.4036,"SAN MATEO","SAN BRUNO",-122.40439069,37.637015750000003
6731923,2014,2015-02-04,9330,2014-12-07,1245,20467,,7,1,9,4100,0,1,3,,1,021,"RT 84","PEEK-A-BOO LN",500.00,W,N,A,-,Y,,,84,,,,,,,N,3,0,1,2,A,-,03,22350,,N,H,G,A,A,H,-,A,D,0,,Y,,,Y,,L,04,0,1,0,0,0,0,1,0,0,"- ","- ",37.317,-122.303,"SAN MATEO",UNINCORPORATED,-122.30296634,37.316526750000001
6732715,2014,2015-01-16,4120,2014-11-10,0911,106,10,1,5,4,4120,0,0,0,,0,00Y,"PARKWAY LN","EAST HILLSDALE BL",0.00,,Y,A,-,N,,,,,,,,,,N,3,0,1,2,A,-,05,21650,1,N,H,G,A,A,H,-,A,A,0,,Y,,,Y,,L,04,0,1,0,0,0,0,1,0,0,"- ","- ",37.556319999999999,-122.27536000000001,"SAN MATEO","FOSTER CITY",-122.2755499,37.55564992
6732749,2014,2015-01-20,4120,2014-11-10,1845,088,1,1,5,4,4120,0,0,0,,0,00X,"SHELL BL","BOUNTY DR",0.00,,Y,A,-,N,,,,,,,,,,N,3,0,1,2,A,-,05,21650,1,N,D,G,A,A,H,-,C,A,0,,Y,,,Y,,L,04,0,1,0,0,0,0,1,0,0,"- ","- ",37.555900000000001,-122.26603,"SAN MATEO","FOSTER CITY",-122.26509996999999,37.555149970000002
6733651,2014,2015-01-16,4109,2014-11-11,1142,14485,17,2,5,4,4109,0,0,0,,0,003,"RT 84","MARSH RD",520.00,E,N,A,-,Y,,,,,,,,,,N,4,0,3,2,A,-,03,22350,,N,C,C,A,A,H,-,A,D,0,,,,,Y,,A,01,0,0,3,0,0,0,0,0,0,"- ","- ",,,"SAN MATEO","MENLO PARK",,
6733698,2014,2015-01-12,4113,2014-11-21,1723,363,4,5,5,5,4113,0,0,0,,0,004,"SEAPORT BL",BLOMQUIST,100.00,E,N,A,-,N,,,,,,,,,,N,4,0,1,3,A,-,03,22350,,N,C,C,A,A,H,-,C,D,0,,,,,Y,,A,01,0,0,1,0,0,0,0,0,0,"- ","- ",,,"SAN MATEO","REDWOOD CITY",-122.2133,37.492959999999997
6757797,2015,2016-09-12,9330,2015-01-07,1830,19691,,3,2,9,4100,0,1,1,,2,034,"RT 280","RT 92",6.00,N,N,A,-,Y,SM,4,280,-,-,11.083,R,1,S,Y,4,0,1,2,A,-,03,22350,,N,C,C,A,A,H,-,D,D,1,,,,,Y,,A,01,0,0,1,0,0,0,0,0,0,TO,CN,,,"SAN MATEO",UNINCORPORATED,-122.34232055,37.509070090000002
6763092,2014,2015-02-04,9335,2014-12-12,0020,020658,,5,3,9,4100,0,1,1,,2,038,"RT 380","7TH AV",100.00,E,N,C,-,Y,,,380,,,,,,,N,4,0,2,1,A,-,08,22107,,N,F,I,A,B,H,-,D,D,0,,,,,Y,,D,22,0,0,2,0,0,0,0,0,0,"- ","- ",37.634540000000001,-122.40522,"SAN MATEO",UNINCORPORATED,-122.40532862000001,37.634746790000001
6763314,2014,2015-02-03,9335,2014-12-12,0205,20509,,5,3,2,4103,0,1,2,,2,012,"RT 101","S SAN FRANCISCO",856.00,N,N,C,-,Y,,,101,,,,,,,Y,4,0,1,1,A,-,03,22350,,N,E,J,A,B,A,F,C,D,0,,,,,Y,,A,07,0,0,1,0,0,0,0,0,0,"- ",SF,37.670729999999999,-122.39214,"SAN MATEO",BRISBANE,-122.39211726000001,37.670711279999999
6767100,2014,2016-07-07,9335,2014-12-06,0219,20509,,6,3,6,4106,0,1,1,,2,021,"RT 280 S","WASHINGTON ST",3326.00,N,N,B,C,Y,SM,4,280,-,R,26.600,H,-,S,Y,4,0,1,2,A,-,01,23152,A,N,B,C,A,B,H,-,C,D,1,,,,,Y,Y,A,07,0,0,1,0,0,0,0,0,0,"- ","- ",37.697620000000001,-122.47154999999999,"SAN MATEO","DALY CITY",-122.47127559,37.696864060000003
6767258,2014,2015-02-04,4102,2014-12-02,1318,81264,1,2,5,4,4102,0,0,0,,0,001,"RALSTON AV","RT 101",0.00,,Y,B,C,Y,,,,,,,,,,Y,4,0,1,2,A,-,03,22350,,N,D,C,A,B,H,-,A,A,0,,,,,Y,,A,08,0,0,1,0,0,0,0,0,0,"- ",SF,,,"SAN MATEO",BELMONT,-122.27026986,37.526289980000001
6769609,2014,2015-07-20,4106,2014-12-03,1723,2073,13A,3,5,6,4106,0,0,0,,0,006,"SERRAMONTE CTR S ACCESS RD","SERRAMONTE BL",207.00,N,N,A,-,N,,,,,,,,,,N,3,0,1,2,A,-,"- ",,,M,B,C,A,A,H,-,C,D,0,,,,,Y,,A,01,0,1,0,0,0,0,0,0,0,"- ","- ",,,"SAN MATEO","DALY CITY",-122.46894478999999,37.66976537
6779290,2014,2016-06-27,9335,2014-12-18,2310,016108,,4,3,9,4100,0,1,2,,2,011,"RT 101","MILLBRAE CITY LIMIT",2640.00,N,N,B,-,Y,SM,4,101,-,-,18.600,H,-,S,Y,3,0,2,2,A,-,08,22107,,N,D,C,A,A,H,-,C,D,1,,,,,Y,,A,01,0,2,0,0,0,0,0,0,0,"- ","- ",,,"SAN MATEO",UNINCORPORATED,-122.38918069,37.60811537
6780801,2014,2015-01-29,4106,2014-07-24,1224,1094,8A,4,5,6,4106,0,0,0,,0,004,"PARK PLAZA DR","SOUTH GATE AV",35.00,S,N,A,-,N,,,,,,,,,,N,4,0,1,2,A,-,08,22107,,N,D,C,A,A,H,-,A,D,0,,,,,Y,,A,01,0,0,1,0,0,0,0,0,0,"- ","- ",,,"SAN MATEO","DALY CITY",-122.48038532,37.698330640000002
6784237,2015,2016-10-06,9335,2015-01-02,1842,020666,,5,2,6,4106,0,1,1,,2,021,"RT 280","KING DR",480.00,N,N,A,-,Y,SM,4,280,-,R,23.280,H,-,S,Y,4,0,2,3,A,-,03,22350,,N,C,C,A,A,H,-,D,D,1,,,,,Y,,A,01,0,0,2,0,0,0,0,0,0,"- ","- ",37.653039999999997,-122.45553,"SAN MATEO","DALY CITY",-122.45580514,37.65327645
6785971,2014,2015-02-17,4127,2014-12-23,1303,2169,4127,2,5,4,4127,0,0,0,,0,001,"RT 101","UNIVERSITY AV",0.00,,Y,A,-,Y,,,,,,,,,,N,4,0,1,2,A,-,03,22350,,N,C,C,A,A,H,-,A,D,0,,,,,Y,,A,01,0,0,1,0,0,0,0,0,0,NF,"- ",,,"SAN MATEO","EAST PALO ALTO",-122.14100986,37.460619940000001
6787691,2014,2015-01-28,4117,2014-11-16,0036,09RA03,13AA,7,5,5,4117,0,0,0,,0,004,"EUCALYPTUS AV","PALM AV",0.00,,Y,A,-,N,,,,,,,,,,Y,2,0,1,3,A,-,01,23152,A,N,E,I,A,A,H,-,C,D,0,,,,,Y,Y,A,01,1,0,0,0,0,0,0,0,0,"- ","- ",37.636760000000002,-122.44035,"SAN MATEO","SOUTH SAN FRANCISCO",-122.42580988,37.660649939999999
6789402,2015,2016-10-19,4117,2015-01-10,0640,14SM04,10AE,6,5,5,4117,0,0,0,,0,002,"RT 82","HAZELWOOD DR",139.00,S,N,B,-,Y,SM,4,82,-,-,19.630,H,-,S,N,2,0,2,3,A,-,11,21954,A,N,G,B,D,A,H,-,B,D,0,Y,,,,Y,,N,60,2,0,0,0,2,0,0,0,0,"- ","- ",37.6524,-122.43698000000001,"SAN MATEO","SOUTH SAN FRANCISCO",-122.4248226,37.64228833
6793879,2014,2015-02-02,4100,2014-11-09,1128,18160,WOOD,7,5,2,4118,0,0,0,,0,030,"RT 84","MPM 84 SM 17",637.00,W,N,A,-,Y,,,,,,,,,,Y,4,0,1,2,A,-,05,21460,A,N,A,C,A,A,H,-,A,D,0,,,Y,,Y,,C,02,0,0,1,0,0,0,0,0,1,"- ","- ",,,"SAN MATEO",WOODSIDE,,
6793981,2014,2016-06-16,4100,2014-12-04,0806,18320,17,4,5,4,4115,0,0,0,,0,005,"RT 82","HOWARD AV",0.00,,Y,A,-,Y,SM,4,82,-,-,5.630,I,5,S,N,4,0,1,3,A,-,12,21453,A,N,D,C,A,B,H,-,A,A,0,,,,,Y,,A,01,0,0,1,0,0,0,0,0,0,"- ","- ",,,"SAN MATEO","SAN CARLOS",-122.25024509000001,37.498760339999997
6799665,2014,2015-02-06,4109,2014-12-23,1545,15164,17A,2,5,4,4109,0,0,0,,0,002,"MARSH RD","RT 101",50.00,E,N,A,-,Y,,,,,,,,,,Y,4,0,1,2,A,-,03,22350,,N,C,C,A,A,H,-,A,A,0,,,,,Y,,-,,0,0,1,0,0,0,0,0,0,"- ","- ",,,"SAN MATEO","MENLO PARK",-122.18065258,37.48338742
6802315,2015,2016-10-19,4102,2015-01-20,2139,27750,2,2,5,4,4102,0,0,0,,0,002,"RT 82","RUTH AV",63.00,S,N,A,-,Y,SM,4,82,-,-,8.510,H,-,S,N,4,0,1,3,A,-,08,22107,,N,C,C,A,A,H,-,C,D,0,,,,,Y,,A,01,0,0,1,0,0,0,0,0,0,"- ","- ",37.524700000000003,-122.28128,"SAN MATEO",BELMONT,-122.28661391,37.528724390000001
6810632,2014,2015-07-24,4127,2014-12-20,0227,2151,4127,6,5,4,4127,0,0,0,,0,001,"EAST BAYSHORE RD","DUMBARTON AV",28.00,N,N,C,-,N,,,,,,,,,,N,4,0,1,4,A,-,01,23152,A,N,C,C,A,B,H,-,C,A,0,,,,,Y,,A,01,0,0,1,0,0,0,0,0,0,"- ","- ",,,"SAN MATEO","EAST PALO ALTO",-122.14708817,37.464435100000003
6812663,2015,2016-10-19,4117,2015-01-23,0820,99RG01,25AA,5,5,5,4117,0,0,0,,0,003,"RT 82","WESTBOROUGH BL",0.00,,Y,A,-,Y,SM,4,82,-,-,20.650,I,5,S,Y,4,0,2,3,D,-,00,,,N,D,C,A,A,G,-,A,A,0,,,,,Y,,-,"- ",0,0,2,0,0,0,0,0,0,"- ","- ",37.65258,-122.43698000000001,"SAN MATEO","SOUTH SAN FRANCISCO",-122.4343732,37.655144929999999
6822068,2015,2015-02-26,4127,2015-01-21,1830,2198,4127,3,5,4,4127,0,0,0,,0,003,"UNIVERSITY AV","BELL ST",0.00,,Y,A,-,N,,,,,,,,,,N,4,0,1,2,A,-,08,22107,,N,H,G,A,A,H,-,C,D,0,,Y,,,Y,,A,01,0,0,1,0,0,0,1,0,0,"- ","- ",,,"SAN MATEO","EAST PALO ALTO",-122.1416799,37.465589899999998