CASE_ID,ACCIDENT_YEAR,PROC_DATE,JURIS,COLLISION_DATE,COLLISION_TIME,OFFICER_ID,REPORTING_DISTRICT,DAY_OF_WEEK,CHP_SHIFT,POPULATION,CNTY_CITY_LOC,SPECIAL_COND,BEAT_TYPE,CHP_BEAT_TYPE,CITY_DIVISION_LAPD,CHP_BEAT_CLASS,BEAT_NUMBER,PRIMARY_RD,SECONDARY_RD,DISTANCE,DIRECTION,INTERSECTION,WEATHER_1,WEATHER_2,STATE_HWY_IND,CALTRANS_COUNTY,CALTRANS_DISTRICT,STATE_ROUTE,ROUTE_SUFFIX,POSTMILE_PREFIX,POSTMILE,LOCATION_TYPE,RAMP_INTERSECTION,SIDE_OF_HWY,TOW_AWAY,COLLISION_SEVERITY,NUMBER_KILLED,NUMBER_INJURED,PARTY_COUNT,PRIMARY_COLL_FACTOR,PCF_CODE_OF_VIOL,PCF_VIOL_CATEGORY,PCF_VIOLATION,PCF_VIOL_SUBSECTION,HIT_AND_RUN,TYPE_OF_COLLISION,MVIW,PED_ACTION,ROAD_SURFACE,ROAD_COND_1,ROAD_COND_2,LIGHTING,CONTROL_DEVICE,CHP_ROAD_TYPE,PEDESTRIAN_ACCIDENT,BICYCLE_ACCIDENT,MOTORCYCLE_ACCIDENT,TRUCK_ACCIDENT,NOT_PRIVATE_PROPERTY,ALCOHOL_INVOLVED,STWD_VEHTYPE_AT_FAULT,CHP_VEHTYPE_AT_FAULT,COUNT_SEVERE_INJ,COUNT_VISIBLE_INJ,COUNT_COMPLAINT_PAIN,COUNT_PED_KILLED,COUNT_PED_INJURED,COUNT_BICYCLIST_KILLED,COUNT_BICYCLIST_INJURED,COUNT_MC_KILLED,COUNT_MC_INJURED,PRIMARY_RAMP,SECONDARY_RAMP,LATITUDE,LONGITUDE,COUNTY,CITY,POINT_X,POINT_Y
6376907,2014,2014-06-18,4113,2014-02-21,0000,369,7,5,5,5,4113,0,0,0,,0,007,"EL CAMINO REAL","BREWSTER ST",6.00,N,N,A,-,N,,,,,,,,,,Y,4,0,1,2,A,-,03,22350,,N,C,C,A,A,H,-,A,D,0,,,,,Y,,A,01,0,0,1,0,0,0,0,0,0,"- ","- ",,,"SAN MATEO","REDWOOD CITY",-122.23610413,37.487152039999998
6377752,2014,2016-03-02,9330,2014-01-30,2205,020324,,4,3,9,4100,0,1,3,,1,020,"RT 1","DEHOFF CANYON RD",3168.00,S,N,C,-,Y,SM,4,1,-,-,25.300,H,-,S,Y,3,0,1,1,A,-,08,22107,,N,F,I,A,B,H,-,D,D,0,,,,,Y,,A,01,0,1,0,0,0,0,0,0,0,"- ","- ",37.423769999999998,-122.42623,"SAN MATEO",UNINCORPORATED,-122.42362548,37.414993989999999
6388615,2014,2014-06-17,4117,2014-01-31,2311,09MO02,17BE,5,5,5,4117,0,0,0,,0,002,"ORANGE AV","COMMERCIAL AV",141.00,S,N,A,-,N,,,,,,,,,,N,3,0,1,2,A,-,01,23152,A,N,D,C,A,A,H,-,C,D,0,,,,,Y,Y,A,08,0,1,0,0,0,0,0,0,0,"- ","- ",,,"SAN MATEO","SOUTH SAN FRANCISCO",-122.42389531000001,37.655727880000001
6390444,2014,2016-03-05,4111,2014-01-16,1522,P5122,P12,4,5,4,4111,0,0,0,,0,0P2,"CABRILLO HWY","SAN MARLO WY",136.00,S,N,A,-,Y,SM,4,1,-,-,42.100,H,-,S,Y,4,0,1,3,A,-,03,22350,,N,C,C,A,A,H,-,A,A,0,,,,,Y,,A,01,0,0,1,0,0,0,0,0,0,"- ","- ",37.611530000000002,-122.49206,"SAN MATEO",PACIFICA,-122.49413389,37.609508480000002
6393132,2014,2016-02-08,4101,2014-01-11,0945,5980,,6,5,2,4101,0,0,0,,0,001,"RT 82","ALEJANDRA AV",2.00,S,N,B,-,Y,SM,4,82,-,-,1.397,I,5,S,N,3,0,1,2,A,-,09,21802,A,N,H,G,A,A,H,-,A,A,0,,Y,,,Y,,L,04,0,1,0,0,0,0,1,0,0,"- ","- ",,,"SAN MATEO",ATHERTON,-122.19268169,37.458386150000003
6393136,2014,2016-02-08,4101,2014-01-28,0824,5980,,2,5,2,4101,0,0,0,,0,001,"RT 82","WALNUT AV",0.00,,Y,A,-,Y,SM,4,82,-,-,1.642,I,5,N,Y,4,0,2,2,A,-,09,21802,A,N,D,C,A,A,H,-,A,A,0,,,,,Y,,A,01,0,0,2,0,0,0,0,0,0,"- ","- ",,,"SAN MATEO",ATHERTON,-122.19641243,37.460262890000003
6395990,2014,2014-06-19,9330,2014-02-10,1750,20023,,1,2,9,4100,0,3,5,,2,509,"ALAMEDA DE LAS PULGAS","AVY AV",200.00,N,N,A,-,N,,,,,,,,,,N,3,0,1,2,A,-,08,22107,,N,B,G,A,A,H,-,B,D,0,,Y,,,Y,,A,01,0,1,0,0,0,0,1,0,0,"- ","- ",37.432119999999998,-122.20196,"SAN MATEO",UNINCORPORATED,-122.20209692,37.432090369999997
6395994,2014,2016-01-23,9330,2014-02-11,1715,14184,,2,2,5,4116,0,1,3,,2,031,"RT 92","WEST HILLSDALE BL",2640.00,E,N,A,-,Y,SM,4,92,-,R,9.900,H,-,E,Y,3,0,1,1,C,-,18,,,N,E,I,A,A,H,-,B,D,1,,,,,Y,,-,"- ",0,1,0,0,0,0,0,0,0,"- ","- ",37.538170000000001,-122.32933,"SAN MATEO","SAN MATEO",-122.32977723,37.540242929999998
6396064,2014,2016-03-14,9330,2014-02-03,1815,020162,,1,2,5,4116,0,1,2,,2,048,"RT 101","RT 92",300.00,S,N,A,-,Y,SM,4,101,-,-,11.840,H,-,S,Y,4,0,2,3,A,-,03,22350,,N,C,C,A,A,H,-,D,D,1,,,,,Y,,A,01,0,0,2,0,0,0,0,0,0,"- ","- ",,,"SAN MATEO","SAN MATEO",-122.2956812,37.552705899999999
6398201,2014,2016-06-07,4109,2014-02-11,1856,14771,17,2,5,4,4109,0,0,0,,0,003,"BAYFRONT EXPWY","CHRYSLER ST",10.00,W,N,A,-,Y,SM,4,84,-,R,26.310,H,-,N,N,4,0,1,2,A,-,03,22350,,N,C,C,A,A,H,-,C,A,0,,,,,Y,,A,01,0,0,1,0,0,0,0,0,0,"- ","- ",,,"SAN MATEO","MENLO PARK",-122.17419661,37.485323450000003
6398221,2014,2015-11-16,4109,2014-02-09,1908,14758,18,7,5,4,4109,0,0,0,,0,003,"RT 84","UNIVERSITY AV",30.00,W,N,B,-,Y,SM,4,84,-,R,28.170,H,-,N,N,4,0,2,2,A,-,03,22350,,N,C,C,A,A,H,-,C,A,0,,,,,Y,,A,07,0,0,2,0,0,0,0,0,0,"- ","- ",,,"SAN MATEO","MENLO PARK",-122.14310399999999,37.485924519999998
6398635,2014,2015-10-09,4117,2014-01-04,1544,JB04,15AD,6,5,5,4117,0,0,0,,0,002,"COUNTRY CLUB DR","RT 82",269.00,W,N,A,-,N,,,,,,,,,,N,2,0,1,2,A,-,11,21955,,N,G,B,D,A,H,-,A,D,0,Y,,,,Y,,N,60,1,0,0,0,1,0,0,0,0,"- ","- ",,,"SAN MATEO","SOUTH SAN FRANCISCO",-122.42847025,37.64551428
6399103,2014,2016-03-14,9330,2014-02-13,1940,020272,,4,2,4,4115,0,1,2,,2,048,"RT 101","HOLLY ST",1056.00,N,N,A,-,Y,SM,4,101,-,-,8.760,H,-,N,Y,4,0,1,2,A,-,03,22350,,N,C,C,A,A,H,-,C,D,1,,,,,Y,,A,07,0,0,1,0,0,0,0,0,0,"- ","- ",,,"SAN MATEO","SAN CARLOS",-122.26044118999999,37.517851190000002
6399196,2014,2015-10-15,4113,2014-02-24,1555,376,8,1,5,5,4113,0,0,0,,0,008,"FARM HILL BL","3615 FARM HILL BL",0.00,,Y,A,-,N,,,,,,,,,,Y,4,0,1,2,A,-,03,22350,,N,C,C,A,A,H,-,A,D,0,,,,,Y,,A,01,0,0,1,0,0,0,0,0,0,"- ","- ",,,"SAN MATEO","REDWOOD CITY",-122.25000054,37.462192219999999
6400214,2014,2014-04-12,9335,2014-02-20,1215,020212,,4,1,5,4117,0,1,2,,2,012,"RT 101","OYSTER POINT BL",1300.00,N,N,A,-,Y,,,101,,,,,,,N,2,0,2,3,A,-,03,22350,,N,C,C,A,A,H,-,A,D,0,,,,Y,Y,,J,48,1,0,1,0,0,0,0,0,0,"- ","- ",37.666460000000001,-122.39624000000001,"SAN MATEO","SOUTH SAN FRANCISCO",-122.39617203,37.666394949999997
6404367,2014,2014-07-02,4114,2014-02-19,1658,7,,3,5,4,4114,0,0,0,,0,001,"HUNTINGTON AV","SNEATH LN",0.00,,Y,A,-,N,,,,,,,,,,N,3,0,2,3,A,-,10,21950,A,N,G,B,B,A,H,-,A,A,0,Y,,,,Y,,A,01,0,1,1,0,2,0,0,0,0,"- ","- ",,,"SAN MATEO","SAN BRUNO",-122.41836994000001,37.639469910000003
6404663,2014,2016-02-08,4100,2014-02-14,1730,14190,17,5,5,4,4115,0,0,0,,0,005,"EL CAMINO REAL","WHITE OAK WY",59.00,N,N,A,-,Y,SM,4,82,-,-,5.440,H,-,N,Y,4,0,2,5,A,-,03,22350,,N,C,C,A,A,H,-,B,D,0,,,,,Y,,D,82,0,0,2,0,0,0,0,0,0,"- ","- ",,,"SAN MATEO","SAN CARLOS",-122.24790249,37.496702329999998
6409535,2014,2016-05-20,4101,2014-02-10,1427,1821,,1,5,2,4101,0,0,0,,0,001,"RT 82","STOCKBRIDGE AV",0.00,,Y,B,-,Y,SM,4,82,-,-,2.380,I,5,N,N,4,0,1,2,A,-,03,22350,,N,B,C,A,A,H,-,A,D,0,,,,,Y,,A,01,0,0,1,0,0,0,0,0,0,"- ","- ",,,"SAN MATEO",ATHERTON,-122.20763156,37.46615388
6413549,2014,2014-06-24,4113,2014-03-14,0700,411,3,5,5,5,4113,0,0,0,,0,003,"MIDDLEFIELD RD","CEDAR ST",9.00,N,N,A,-,N,,,,,,,,,,N,4,0,1,2,A,-,"- ",,,N,G,B,B,A,H,-,B,D,0,Y,,,,Y,,A,01,0,0,1,0,1,0,0,0,0,"- ","- ",,,"SAN MATEO","REDWOOD CITY",-122.22243712,37.482562010000002
6417208,2014,2016-03-14,9330,2014-03-15,2216,020071,,6,3,4,4104,0,1,2,,2,038,"RT 101","ANZA BL",4224.00,S,N,A,-,Y,SM,4,101,-,-,15.200,H,-,N,Y,3,0,2,2,A,-,01,23152,F,N,B,C,A,A,H,-,D,D,1,,,,,Y,Y,A,01,0,2,0,0,0,0,0,0,0,"- ","- ",,,"SAN MATEO",BURLINGAME,-122.33701524,37.586901570000002
6418642,2014,2014-06-23,4113,2014-03-06,1919,295,5,4,5,5,4113,0,0,0,,0,005,"WOODSIDE RD","ORCHARD AV",192.00,W,N,A,-,N,,,84,,,,,,,N,3,0,1,2,A,-,11,21954,A,N,H,G,A,A,H,-,C,D,0,,Y,,,Y,Y,L,04,0,1,0,0,0,0,1,0,0,"- ","- ",37.460209999999996,-122.22615999999999,"SAN MATEO","REDWOOD CITY",-122.22594279,37.460091120000001
6418646,2014,2015-02-23,4113,2014-03-19,1038,275,7,3,5,5,4113,0,0,0,,0,007,"WHIPPLE AV","EL CAMINO REAL",0.00,,Y,A,-,N,,,,,,,,,,N,4,0,1,2,A,-,09,21804,A,N,-,C,A,A,H,-,A,-,0,,,,,Y,,D,82,0,0,1,0,0,0,0,0,0,"- ","- ",,,"SAN MATEO","REDWOOD CITY",-122.23981987000001,37.490399940000003
6419087,2014,2014-06-23,4113,2014-03-08,1736,363,2,6,5,5,4113,0,0,0,,0,002,"MAPLE ST",BLOMQUIST,0.00,,Y,A,-,N,,,,,,,,,,N,4,0,2,2,A,-,09,21801,A,N,D,C,A,A,H,-,A,D,0,,,,,Y,,A,01,0,0,2,0,0,0,0,0,0,"- ","- ",,,"SAN MATEO","REDWOOD CITY",-122.21936986,37.493699970000002
6419129,2014,2016-03-14,9330,2014-03-07,1848,20593,,5,2,4,4104,0,1,2,,2,038,"RT 101","PENINSULA AV",5280.00,N,N,A,-,Y,SM,4,101,-,-,15.690,H,-,S,Y,4,0,1,3,A,-,03,22350,,N,C,C,A,A,H,-,D,D,1,,,,,Y,,A,07,0,0,1,0,0,0,0,0,0,"- ","- ",,,"SAN MATEO",BURLINGAME,-122.3459239,37.586940820000002
6421128,2014,2014-07-09,4117,2014-03-10,0007,13SS03,08AE,1,5,5,4117,0,0,0,,0,001,"LINDEN AV","BADEN AV",0.00,,Y,A,-,N,,,,,,,,,,N,3,0,2,2,A,-,09,21801,A,F,D,C,A,A,H,-,C,A,0,,,,,Y,,A,01,0,1,1,0,0,0,0,0,0,"- ","- ",,,"SAN MATEO","SOUTH SAN FRANCISCO",-122.41046994,37.654189909999999
6424203,2014,2016-01-05,9335,2014-02-22,1846,016108,,6,2,5,4117,0,1,2,,2,012,"RT 101","EAST GRAND AV",15.00,,N,A,-,Y,SM,4,101,-,-,21.870,H,-,N,Y,3,0,1,1,A,-,08,22107,,N,E,I,A,A,H,-,D,A,1,,,,,Y,,A,01,0,1,0,0,0,0,0,0,0,"- ","- ",,,"SAN MATEO","SOUTH SAN FRANCISCO",-122.40689817000001,37.65248544
6428280,2014,2015-11-16,4117,2014-03-23,1406,12JC11,15AI,7,5,5,4117,0,0,0,,0,002,"RT 82","HAZELWOOD DR",0.00,,Y,A,-,Y,SM,4,82,-,-,19.657,I,5,S,N,3,0,1,2,A,-,12,21453,A,N,D,C,A,A,H,-,A,A,0,,,Y,,Y,,C,02,0,1,0,0,0,0,0,0,1,"- ","- ",37.642620000000001,-122.42528,"SAN MATEO","SOUTH SAN FRANCISCO",-122.42507061000001,37.64263708
6428536,2014,2014-06-27,4100,2014-02-11,1710,19610,1J,2,5,2,4118,0,0,0,,0,003,"LA HONDA RD","PORTOLA RD",400.00,W,N,B,-,N,,,,,,,,,,N,3,0,1,1,A,-,03,22350,,N,H,A,A,B,H,-,A,D,0,,Y,,,Y,,L,04,0,1,0,0,0,0,1,0,0,"- ","- ",,,"SAN MATEO",WOODSIDE,-122.25703,37.407470000000004
6430160,2014,2014-06-27,4105,2014-02-25,0838,071013,4105,2,5,1,4105,0,0,0,,0,PATROL,"JUNIPERO SERRA BL","SERRAMONTE BL",0.00,,Y,A,-,N,,,,,,,,,,Y,4,0,1,2,A,-,09,21801,A,N,D,C,A,A,H,-,A,A,0,,,,,Y,,-,"- ",0,0,1,0,0,0,0,0,0,"- ","- ",,,"SAN MATEO",COLMA,-122.46434988,37.670749929999999
6432811,2014,2014-06-30,4104,2014-03-07,1616,0216,PATRO,5,5,4,4104,0,0,0,,0,00A,"CARMELITA AV","CHULA VISTA AV",0.00,,Y,B,-,N,,,,,,,,,,N,3,0,1,2,A,-,10,21950,A,N,G,B,D,A,H,-,A,D,0,Y,,,,Y,,A,01,0,1,0,0,1,0,0,0,0,"- ","- ",,,"SAN MATEO",BURLINGAME,-122.36198992,37.585989980000001
6433239,2014,2014-06-28,4102,2014-03-03,1515,13400,4,1,5,4,4102,0,0,0,,0,002,"CHULA VISTA DR","ESCONDIDO AV",239.00,S,N,B,-,N,,,,,,,,,,Y,3,0,1,1,A,-,08,22107,,N,E,I,A,A,H,-,A,D,0,,,,,Y,,A,01,0,1,0,0,0,0,0,0,0,"- ","- ",,,"SAN MATEO",BELMONT,-122.28273213,37.513777670000003
6438206,2014,2014-06-30,4111,2014-02-08,1124,P5134,P07,6,5,4,4111,0,0,0,,0,0P2,"FRANCISCO BL","SANTA ROSA AV",0.00,,Y,C,-,N,,,,,,,,,,Y,4,0,1,2,A,-,09,21802,A,N,D,C,A,B,H,-,A,A,0,,,,,Y,,A,01,0,0,1,0,0,0,0,0,0,"- ","- ",,,"SAN MATEO",PACIFICA,-122.49005,37.633389960000002
6444115,2014,2014-06-26,4120,2014-02-24,1710,97,10,1,5,4,4120,0,0,0,,0,00X,"EAST HILLSDALE BL","HILLSDALE BL 1061",0.00,,Y,A,-,N,,,,,,,,,,N,3,0,1,2,A,-,05,21202,A,N,D,G,A,A,H,-,A,A,0,,Y,,,Y,,L,04,0,1,0,0,0,0,1,0,0,"- ","- ",37.560079999999999,-122.27042,"SAN MATEO","FOSTER CITY",-122.26986855,37.56025631
6444671,2014,2014-07-08,4117,2014-03-21,1730,03ML07,13AH,5,5,5,4117,0,0,0,,0,001,"MAGNOLIA AV","BADEN AV",0.00,,Y,A,-,N,,,,,,,,,,N,3,0,1,2,A,-,12,22450,A,N,D,G,A,A,H,-,A,A,0,,Y,,,Y,,A,01,0,1,0,0,0,0,1,0,0,"- ","- ",,,"SAN MATEO","SOUTH SAN FRANCISCO",-122.41986989999999,37.65625996
6448846,2014,2016-01-05,9335,2014-03-26,0700,19737,,3,1,6,4106,0,1,1,,2,021,"RT 280","JUNIPER SERRA BL",30.00,N,N,C,-,Y,SM,4,280,-,R,26.510,H,-,N,Y,4,0,2,2,A,-,03,22350,,N,E,I,A,B,H,-,A,D,1,,,,,Y,,A,01,0,0,2,0,0,0,0,0,0,"- ","- ",37.689039999999999,-122.47069999999999,"SAN MATEO","DALY CITY",-122.47051902,37.695654400000002
6451477,2014,2016-02-23,9335,2014-03-05,0350,16137,,3,3,4,4114,0,1,1,,2,020,"RT 280","CUNNINGHAM WY",200.00,N,N,A,-,Y,SM,4,280,-,R,20.271,R,2,S,Y,3,0,1,1,A,-,01,23152,A,N,E,I,A,A,H,-,C,D,1,,,,,Y,Y,A,01,0,1,0,0,0,0,0,0,0,SF,"- ",,,"SAN MATEO","SAN BRUNO",-122.42469754,37.61816597
6452863,2014,2016-04-12,4117,2014-04-17,1523,4RC07,21AK,4,5,5,4117,0,0,0,,0,003,"RT 82","CHESTNUT AV",295.00,N,N,B,-,Y,SM,4,82,-,-,20.720,H,-,N,N,4,0,1,2,A,-,03,22350,,N,C,C,A,A,H,-,A,D,0,,,,,Y,,A,01,0,0,1,0,0,0,0,0,0,"- ","- ",,,"SAN MATEO","SOUTH SAN FRANCISCO",-122.43527066999999,37.655786329999998
6453153,2014,2014-08-01,4104,2014-04-18,1330,1,1,5,5,4,4104,0,0,0,,0,00A,"CALIFORNIA DR","FLORIBUNDA AV",0.00,,Y,A,-,N,,,,,,,,,,Y,4,0,1,3,A,-,05,21650,,N,D,E,A,A,H,-,A,D,0,,,,,Y,,A,01,0,0,1,0,0,0,0,0,0,"- ","- ",,,"SAN MATEO",BURLINGAME,-122.35006992,37.581829929999998
6454572,2014,2014-07-23,4109,2014-04-14,1715,145411,16,1,5,4,4109,0,0,0,,0,002,"WILLOW RD","RT 101",341.00,E,N,A,-,N,,,,,,,,,,Y,4,0,1,3,A,-,03,22350,,N,C,C,A,A,H,-,A,A,0,,,,,Y,Y,A,01,0,0,1,0,0,0,0,0,0,"- ","- ",,,"SAN MATEO","MENLO PARK",-122.15512038999999,37.469755470000003
6454704,2014,2015-10-13,4109,2014-02-28,1615,15262,22,5,5,4,4109,0,0,0,,0,002,"WILLOW RD","CHESTER ST",0.00,,Y,A,-,N,,,,,,,,,,N,4,0,1,2,A,-,08,22107,,N,D,C,A,A,H,-,A,A,0,,,,,Y,,A,01,0,0,1,0,0,0,0,0,0,"- ","- ",,,"SAN MATEO","MENLO PARK",-122.15697987999999,37.465989989999997
6454774,2014,2016-01-20,4109,2014-03-29,0901,14600,25A,6,5,4,4109,0,0,0,,0,001,"EL CAMINO REAL","SANTA CRUZ AV",0.00,,Y,B,C,Y,SM,4,82,-,-,0.771,I,5,N,N,4,0,1,2,A,-,"- ",,,N,D,C,A,B,H,-,A,A,0,,,,,Y,,A,01,0,0,1,0,0,0,0,0,0,"- ","- ",,,"SAN MATEO","MENLO PARK",-122.18303763999999,37.453585590000003
6454798,2014,2014-07-07,4109,2014-03-11,0808,1849,26,2,5,4,4109,0,0,0,,0,001,"VALPARAISO AV","HOOVER ST",0.00,,Y,A,-,N,,,,,,,,,,Y,4,0,1,2,A,-,17,21209,A,N,D,C,A,A,H,-,A,A,0,,,,,Y,,A,01,0,0,1,0,0,0,0,0,0,"- ","- ",,,"SAN MATEO","MENLO PARK",-122.18840994999999,37.45492994
6454854,2014,2015-06-22,4109,2014-04-06,1750,13938,30,7,5,4,4109,0,0,0,,0,001,"SAND HILL RD","SAND HILL RD 3000 BLK",0.00,,-,A,-,N,,,,,,,,,,N,4,0,1,2,A,-,12,21453,A,N,D,C,A,A,H,-,A,A,0,,,,,Y,,A,07,0,0,1,0,0,0,0,0,0,"- ","- ",,,"SAN MATEO","MENLO PARK",,
6454858,2014,2014-07-23,4109,2014-04-03,1814,15156,30,4,5,4,4109,0,0,0,,0,001,"SAND HILL RD","SAGA LN",650.00,E,N,A,-,N,,,,,,,,,,N,3,0,1,1,A,-,16,24002,A,N,G,A,A,A,H,-,A,D,0,,Y,,,Y,,L,04,0,1,0,0,0,0,1,0,0,"- ","- ",,,"SAN MATEO","MENLO PARK",-122.20200524000001,37.421579979999997
6457934,2014,2014-07-10,9330,2014-04-04,2045,020750,,5,2,9,4100,0,3,5,,2,509,"AVY AV","ALAMEDA DE LAS PULGAS",230.00,W,N,B,-,N,,,,,,,,,,Y,2,0,1,2,A,-,09,21804,A,N,D,C,A,B,H,-,C,D,0,,,Y,,Y,,A,01,1,0,0,0,0,0,0,0,1,"- ","- ",37.431260000000002,-122.20193,"SAN MATEO",UNINCORPORATED,-122.20195411,37.431261409999998
6459289,2014,2014-07-11,4106,2014-04-02,0840,1185,3,3,5,6,4106,0,0,0,,0,002,"BELLEVUE AV","LOWELL ST",0.00,,Y,B,-,N,,,,,,,,,,N,3,0,1,2,A,-,11,21950,B,N,G,B,B,B,H,-,A,A,0,Y,,,,Y,,N,60,0,1,0,0,1,0,0,0,0,"- ","- ",,,"SAN MATEO","DALY CITY",-122.44418992,37.707329940000001
6459595,2014,2016-04-12,9330,2014-05-05,1650,020750,,1,2,5,4113,0,1,2,,2,058,"RT 101","WOODSIDE RD",70.00,N,N,A,-,Y,SM,4,101,-,-,5.244,R,2,N,Y,3,0,1,1,A,-,08,22107,,N,E,I,A,A,H,-,A,D,1,,,Y,,Y,,C,02,0,1,0,0,0,0,0,0,1,"- ","- ",,,"SAN MATEO","REDWOOD CITY",-122.21029322,37.488352890000002
6459716,2014,2016-03-30,9330,2014-05-07,1730,015268,,3,2,9,4100,0,1,1,,2,054,"RT 280","SAND HILL RD",25.00,S,N,A,-,Y,SM,4,280,-,R,1.610,H,-,N,Y,4,0,1,3,A,-,03,22350,,N,C,C,A,A,H,-,A,D,1,,,,,Y,,A,01,0,0,1,0,0,0,0,0,0,"- ","- ",37.419179999999997,-122.21923,"SAN MATEO",UNINCORPORATED,-122.21913716,37.41909261
6465607,2014,2015-11-12,4111,2014-01-24,1807,P5130,P05,5,5,4,4111,0,0,0,,0,0P1,"RT 35","SKYRIDGE DR",501.00,N,N,A,-,Y,SM,4,35,-,-,26.510,H,-,N,N,4,0,2,2,A,-,"- ",,,N,C,C,A,B,H,-,C,D,0,,,,,Y,,A,01,0,0,2,0,0,0,0,0,0,"- ","- ",,,"SAN MATEO",PACIFICA,-122.46710197,37.642126259999998
6466565,2014,2016-04-12,9330,2014-04-14,1345,020778,,1,1,5,4116,0,1,2,,2,038,"RT 101","3RD AV",1056.00,N,N,A,-,Y,SM,4,101,-,-,13.700,H,-,S,N,4,0,2,2,A,-,03,22350,,N,C,C,A,A,H,-,A,D,1,,,,,Y,,D,22,0,0,2,0,0,0,0,0,0,"- ","- ",37.572879999999998,-122.31643,"SAN MATEO","SAN MATEO",-122.31693615,37.573435869999997
6466809,2014,2016-04-14,4102,2014-04-05,1243,58925,1,6,5,4,4102,0,0,0,,0,001,"RT 82","HARBOR BL",156.00,S,N,A,-,Y,SM,4,82,-,-,7.350,H,-,N,N,4,0,1,2,A,-,03,22350,,N,C,C,A,A,H,-,A,A,0,,,,,Y,,A,07,0,0,1,0,0,0,0,0,0,"- ","- ",,,"SAN MATEO",BELMONT,-122.27167623,37.516836619999999
6467370,2014,2014-07-18,4113,2014-04-10,1249,315,2,4,5,5,4113,0,0,0,,0,002,"VETERANS BL","WHIPPLE AV",400.00,N,N,A,-,N,,,,,,,,,,Y,4,0,1,4,A,-,03,22350,,N,C,C,A,A,H,-,A,D,0,,,,,Y,,A,01,0,0,1,0,0,0,0,0,0,"- ","- ",,,"SAN MATEO","REDWOOD CITY",-122.23540886000001,37.495390209999997
6467398,2014,2014-07-18,4113,2014-04-03,1055,315,2,4,5,5,4113,0,0,0,,0,002,"EL CAMINO REAL","FINGER ST",75.00,N,N,A,-,N,,,,,,,,,,Y,4,0,1,3,A,-,08,22107,,N,B,C,A,A,H,-,A,D,0,,,,,Y,,A,01,0,0,1,0,0,0,0,0,0,"- ","- ",,,"SAN MATEO","REDWOOD CITY",-122.24391248000001,37.493235990000002
6468515,2014,2016-03-14,9330,2014-03-20,0138,019960,,4,3,5,4116,0,1,2,,2,038,"RT 101","POPLAR AV",875.00,N,N,A,-,Y,SM,4,101,-,-,14.530,H,-,S,Y,3,0,2,2,A,-,03,22350,,N,C,C,A,A,C,-,D,D,1,,,,,Y,,A,01,0,2,0,0,0,0,0,0,0,"- ","- ",37.582999999999998,-122.32741,"SAN MATEO","SAN MATEO",-122.32681878,37.582530249999998
6469622,2014,2016-04-13,9330,2014-04-09,0900,18886,,3,1,4,4120,0,1,3,,2,031,"RT 92","FOSTER CITY BL",20.00,W,N,A,-,Y,SM,4,92,-,R,13.600,H,-,W,Y,4,0,1,2,A,-,08,22107,,N,B,C,A,A,H,-,A,D,1,,,Y,,Y,,C,02,0,0,1,0,0,0,0,0,1,"- ","- ",,,"SAN MATEO","FOSTER CITY",-122.2734518,37.563838029999999
6469678,2014,2016-04-12,9330,2014-04-09,0935,20778,,3,1,5,4116,0,1,2,,2,038,"RT 101","3RD AV",1584.00,N,N,A,-,Y,SM,4,101,-,-,13.760,H,-,S,N,4,0,1,2,A,-,03,22350,,N,C,C,A,A,H,-,A,D,1,,,,,Y,,A,01,0,0,1,0,0,0,0,0,0,"- ","- ",37.571840000000002,-122.31525999999999,"SAN MATEO","SAN MATEO",-122.3176493,37.57409972
6471657,2014,2015-11-16,9330,2014-02-19,1605,13431,4100,3,2,9,4100,0,3,5,,2,002,"STAGE RD","RT 84",0.00,,Y,A,-,Y,SM,4,84,-,-,0.788,I,5,S,Y,4,0,1,2,A,-,09,21802,A,N,D,C,A,A,H,-,A,A,0,,,,,Y,,A,01,0,0,1,0,0,0,0,0,0,"- ","- ",,,"SAN MATEO",UNINCORPORATED,-122.38653088,37.326844549999997
6471751,2014,2016-03-30,9335,2014-04-26,1727,20132,,6,2,6,4106,0,1,1,,2,021,"RT 280","SCHOOL ST",10.00,N,N,A,-,Y,SM,4,280,-,R,26.350,H,-,N,N,4,0,2,2,A,-,04,21703,,N,C,C,A,A,H,-,A,D,1,,,,,Y,,A,01,0,0,2,0,0,0,0,0,0,"- ","- ",37.693449999999999,-122.47033999999999,"SAN MATEO","DALY CITY",-122.47032704,37.693363599999998
6475367,2014,2014-07-11,4117,2014-04-26,1123,00KS20,27AH,6,5,5,4117,0,0,0,,0,002,"CALLAN BL","DUHALLOW WY",145.00,N,N,B,-,N,,,,,,,,,,N,4,0,1,2,A,-,21,22106,,N,D,C,A,A,H,-,A,D,0,,,,,Y,,A,08,0,0,1,0,0,0,0,0,0,"- ","- ",37.646250000000002,-122.46449,"SAN MATEO","SOUTH SAN FRANCISCO",-122.46425243,37.645672429999998
6478004,2014,2015-03-20,4111,2014-04-10,0121,P5122,P02,4,5,4,4111,0,0,0,,0,0P1,"CATALINA AV",RUTLAND,54.00,S,N,B,E,N,,,,,,,,,,Y,4,0,1,2,A,-,01,23152,A,M,A,E,A,A,H,-,C,A,0,,,,,Y,Y,A,07,0,0,1,0,0,0,0,0,0,"- ","- ",,,"SAN MATEO",PACIFICA,-122.48232597000001,37.65672678
6479141,2014,2016-04-14,4111,2014-04-15,2112,P5121,P14,2,5,4,4111,0,0,0,,0,0P3,"CABRILLO HWY","FASSLER AV",20.00,N,N,A,-,Y,SM,4,1,-,-,45.030,H,-,S,Y,3,0,1,1,A,-,03,22350,,N,E,I,A,A,H,-,C,A,0,,,,,Y,,A,01,0,1,0,0,0,0,0,0,0,"- ","- ",,,"SAN MATEO",PACIFICA,-122.49120839,37.648117399999997
6479149,2014,2014-07-11,4111,2014-04-22,1931,P5122,P04,2,5,4,4111,0,0,0,,0,0P1,"MONTEREY RD","BEAUMONT BL",245.00,E,N,A,-,N,,,,,,,,,,N,3,0,1,5,A,-,"- ",,,N,G,B,D,A,H,-,A,D,0,Y,,,,Y,,N,60,0,1,0,0,1,0,0,0,0,"- ","- ",,,"SAN MATEO",PACIFICA,-122.48267272,37.651000770000003
6484622,2014,2014-07-29,4114,2014-05-01,0922,0060,SNB11,4,5,4,4114,0,0,0,,0,001,"SAN BRUNO AV","ELM AV",158.00,E,N,A,-,N,,,,,,,,,,Y,4,0,1,2,A,-,09,21804,A,N,D,C,A,A,H,-,A,D,0,,,,Y,Y,,F,26,0,0,1,0,0,0,0,0,0,"- ","- ",,,"SAN MATEO","SAN BRUNO",-122.4185983,37.62811834