CASE_ID,ACCIDENT_YEAR,PROC_DATE,JURIS,COLLISION_DATE,COLLISION_TIME,OFFICER_ID,REPORTING_DISTRICT,DAY_OF_WEEK,CHP_SHIFT,POPULATION,CNTY_CITY_LOC,SPECIAL_COND,BEAT_TYPE,CHP_BEAT_TYPE,CITY_DIVISION_LAPD,CHP_BEAT_CLASS,BEAT_NUMBER,PRIMARY_RD,SECONDARY_RD,DISTANCE,DIRECTION,INTERSECTION,WEATHER_1,WEATHER_2,STATE_HWY_IND,CALTRANS_COUNTY,CALTRANS_DISTRICT,STATE_ROUTE,ROUTE_SUFFIX,POSTMILE_PREFIX,POSTMILE,LOCATION_TYPE,RAMP_INTERSECTION,SIDE_OF_HWY,TOW_AWAY,COLLISION_SEVERITY,NUMBER_KILLED,NUMBER_INJURED,PARTY_COUNT,PRIMARY_COLL_FACTOR,PCF_CODE_OF_VIOL,PCF_VIOL_CATEGORY,PCF_VIOLATION,PCF_VIOL_SUBSECTION,HIT_AND_RUN,TYPE_OF_COLLISION,MVIW,PED_ACTION,ROAD_SURFACE,ROAD_COND_1,ROAD_COND_2,LIGHTING,CONTROL_DEVICE,CHP_ROAD_TYPE,PEDESTRIAN_ACCIDENT,BICYCLE_ACCIDENT,MOTORCYCLE_ACCIDENT,TRUCK_ACCIDENT,NOT_PRIVATE_PROPERTY,ALCOHOL_INVOLVED,STWD_VEHTYPE_AT_FAULT,CHP_VEHTYPE_AT_FAULT,COUNT_SEVERE_INJ,COUNT_VISIBLE_INJ,COUNT_COMPLAINT_PAIN,COUNT_PED_KILLED,COUNT_PED_INJURED,COUNT_BICYCLIST_KILLED,COUNT_BICYCLIST_INJURED,COUNT_MC_KILLED,COUNT_MC_INJURED,PRIMARY_RAMP,SECONDARY_RAMP,LATITUDE,LONGITUDE,COUNTY,CITY,POINT_X,POINT_Y
7047102,2015,2015-09-11,4117,2015-08-14,1553,141P02,21AL,5,5,5,4117,0,0,0,,0,003,"EL CAMINO REAL HWY","MCLELLAN DR",350.00,N,N,A,-,N,,,,,,,,,,N,4,0,2,2,A,-,03,22350,,N,C,C,A,A,H,-,A,D,0,,Y,,,Y,,A,01,0,0,2,0,0,0,2,0,0,"- ","- ",37.665599999999998,-122.44887,"SAN MATEO","SOUTH SAN FRANCISCO",-122.44738073000001,37.663583459999998
7047931,2015,2015-09-10,4117,2015-08-15,1424,15PN05,13AH,6,5,5,4117,0,0,0,,0,001,"COMMERCIAL AV","ORANGE AV",0.00,,Y,A,-,N,,,,,,,,,,N,4,0,2,2,A,-,09,21802,A,N,D,C,A,A,H,-,A,A,0,,,,,Y,,A,01,0,0,2,0,0,0,0,0,0,"- ","- ",37.656089999999999,-122.42375,"SAN MATEO","SOUTH SAN FRANCISCO",-122.42375987,37.65609989
7049763,2015,2017-01-27,4113,2015-07-04,0915,320,3,6,5,5,4113,0,0,0,,0,003,"WOODSIDE RD","BAY RD",0.00,,Y,A,-,Y,SM,4,84,-,-,25.447,I,6,N,N,2,0,1,2,A,-,10,21950,A,N,G,B,B,A,H,-,A,A,0,Y,,,,Y,,-,,1,0,0,0,1,0,0,0,0,"- ","- ",,,"SAN MATEO","REDWOOD CITY",-122.21468215,37.485358939999998
7054444,2015,2015-10-08,4106,2015-08-18,1834,1150,6,2,5,6,4106,0,0,0,,0,002,"BRUNSWICK AV",HILLSIDE,48.00,E,N,A,-,N,,,,,,,,,,N,4,0,1,2,A,-,03,22350,,N,C,C,A,A,H,-,A,D,0,,,,,Y,,A,01,0,0,1,0,0,0,0,0,0,"- ","- ",37.704120000000003,-122.46205999999999,"SAN MATEO","DALY CITY",-122.46189403,37.704120000000003
7056869,2015,2015-11-13,4100,2015-09-20,1840,15380,2G,7,5,2,4112,0,0,0,,0,003,"WESTRIDGE DR",GOYA,149.00,W,N,A,-,N,,,,,,,,,,N,3,0,1,1,A,-,08,22107,,N,H,A,A,A,H,-,A,D,0,,,Y,,Y,,C,03,0,1,0,0,0,0,0,0,1,"- ","- ",,,"SAN MATEO","PORTOLA VALLEY",-122.21262244,37.395403960000003
7057099,2015,2015-10-19,4104,2015-09-08,1504,0230,20,2,5,4,4104,0,0,0,,0,00C,BROADWAY,"ROLLINS RD",0.00,,Y,A,-,N,,,,,,,,,,N,4,0,1,2,A,-,03,22350,,N,C,C,A,A,H,-,A,A,0,,,,,Y,,A,01,0,0,1,0,0,0,0,0,0,"- ","- ",37.590150000000001,-122.36193,"SAN MATEO",BURLINGAME,-122.36232986,37.588969910000003
7059975,2015,2017-01-23,4108,2015-08-29,1242,1585,,6,5,3,4108,0,0,0,,0,NORTH,"RT 82","BELLEVUE AV",0.00,,Y,A,-,Y,SM,4,82,-,-,12.579,I,5,S,Y,4,0,1,3,A,-,09,21802,A,N,D,C,A,A,H,-,A,A,0,,,,,Y,,-,,0,0,1,0,0,0,0,0,0,"- ","- ",,,"SAN MATEO",HILLSBOROUGH,-122.33762555,37.571172060000002
7060489,2015,2015-10-06,4109,2015-09-16,1232,15157,18,3,5,4,4109,0,0,0,,0,003,"UNIVERSITY AV","BAYFRONT EXPWY",15.00,E,N,A,-,N,,,,,,,,,,Y,3,0,1,1,A,-,03,22350,,N,F,A,A,A,H,-,A,A,0,,,,,Y,,A,01,0,1,0,0,0,0,0,0,0,"- ","- ",37.481760000000001,-122.15148000000001,"SAN MATEO","MENLO PARK",-122.15152144,37.4819405
7061794,2015,2015-10-06,4102,2015-09-26,1526,60500,5,6,5,4,4102,0,0,0,,0,002,"RALSTON AV","MAYWOOD DR",0.00,,Y,A,-,N,,,,,,,,,,N,4,0,1,2,A,-,08,22107,,N,H,G,A,A,H,-,A,A,0,,Y,,,Y,,A,01,0,0,1,0,0,0,1,0,0,"- ","- ",,,"SAN MATEO",BELMONT,-122.29217998999999,37.512749939999999
7066561,2015,2015-09-18,4120,2015-05-16,1243,097,5,6,5,4,4120,0,0,0,,0,00Y,"SHELL BL","CATAMARAN ST",0.00,,Y,B,-,N,,,,,,,,,,N,4,0,1,2,A,-,12,22450,A,F,D,G,A,A,H,-,A,A,0,,Y,,,Y,,A,01,0,0,1,0,0,0,1,0,0,"- ","- ",37.552219999999998,-122.26349999999999,"SAN MATEO","FOSTER CITY",-122.26358987,37.552209959999999
7067716,2015,2017-01-21,4109,2015-09-14,2037,14494,16,1,5,4,4109,0,0,0,,0,002,"RT 112","RT 101",0.00,,Y,A,-,Y,SM,4,114,-,-,5.000,H,-,S,N,4,0,1,2,A,-,00,21760,B,F,H,G,A,A,H,-,C,D,0,,Y,,,Y,,A,01,0,0,1,0,0,0,1,0,0,"- ","- ",,,"SAN MATEO","MENLO PARK",-122.15531375,37.468934580000003
7076204,2015,2017-01-27,4113,2015-09-23,1310,363,4,3,5,5,4113,0,0,0,,0,004,"WOODSIDE RD","MIDDLEFIELD RD",300.00,E,N,A,-,Y,SM,4,84,-,-,25.120,H,-,S,N,4,0,1,3,A,-,03,22350,,N,C,C,A,A,H,-,A,D,0,,,,,Y,,A,01,0,0,1,0,0,0,0,0,0,"- ","- ",37.481099999999998,-122.21899000000001,"SAN MATEO","REDWOOD CITY",-122.21849902,37.481976420000002
7077292,2015,2015-10-10,4106,2015-08-17,2129,1292,8A,1,5,6,4106,0,0,0,,0,004,"WESTLAKE CNTR","SOUTHGATE AV",26.00,N,N,A,-,N,,,,,,,,,,Y,3,0,2,4,A,-,01,23152,A,N,A,B,B,A,H,-,C,D,0,Y,,,,Y,,A,01,0,1,1,0,2,0,0,0,0,"- ","- ",37.697470000000003,-122.48152,"SAN MATEO","DALY CITY",-122.48183825,37.698089940000003
7092970,2015,2015-10-23,4100,2015-09-21,1800,19060,SNC,1,5,4,4115,0,0,0,,0,051,"CEDAR ST","BELMONT AV",0.00,,Y,A,-,N,,,,,,,,,,N,3,0,1,2,A,-,10,21950,A,N,G,B,B,A,H,-,A,A,0,Y,,,,Y,,A,01,0,1,0,0,1,0,0,0,0,"- ","- ",,,"SAN MATEO","SAN CARLOS",-122.25461992,37.493299909999998
7092987,2015,2016-01-25,4113,2015-10-11,0233,18950,J,7,5,5,4113,0,0,0,,0,00O,"OAK AV","HUDSON ST",33.00,W,N,A,-,N,,,,,,,,,,Y,3,0,1,3,A,-,01,23152,A,N,A,E,A,A,H,-,C,D,0,,,,,Y,Y,A,01,0,1,0,0,0,0,0,0,0,"- ","- ",,,"SAN MATEO","REDWOOD CITY",-122.23026009,37.472245630000003
7097376,2015,2015-10-22,4114,2015-09-28,0913,0037,SNB1,1,5,4,4114,0,0,0,,0,001,"HUNTINGTON AV","HERMAN ST",0.00,,Y,A,-,N,,,,,,,,,,Y,4,0,2,2,A,-,12,22450,A,N,D,C,A,A,H,-,A,A,0,,,,,Y,,A,01,0,0,2,0,0,0,0,0,0,"- ","- ",37.634650000000001,-122.41322,"SAN MATEO","SAN BRUNO",-122.41379988,37.633919949999999
7099662,2015,2015-10-31,4113,2015-08-19,1554,415,5,3,5,5,4113,0,0,0,,0,005,"HEMLOCK ST","LOCUST ST",0.00,,Y,A,-,N,,,,,,,,,,Y,4,0,2,2,-,-,"- ",,,N,B,C,A,A,H,-,A,D,0,,,,,Y,,-,"- ",0,0,2,0,0,0,0,0,0,"- ","- ",,,"SAN MATEO","REDWOOD CITY",-122.2218299,37.472599979999998
7099730,2015,2017-02-03,4113,2015-10-06,1151,309,7,2,5,5,4113,0,0,0,,0,002,"EL CAMINO REAL","FINGER AV",45.00,S,N,A,-,Y,SM,4,82,-,-,5.100,H,-,N,Y,4,0,1,4,A,-,04,21703,,N,C,C,A,A,H,-,A,D,0,,,,,Y,,A,07,0,0,1,0,0,0,0,0,0,"- ","- ",37.493119999999998,-122.24374,"SAN MATEO","REDWOOD CITY",-122.24365045,37.493090449999997
7103126,2015,2015-10-31,4117,2015-10-22,0652,99RG01,09AA,4,5,5,4117,0,0,0,,0,001,"SOUTH LINDEN AV","S CANAL ST",0.00,,Y,A,-,N,,,,,,,,,,Y,4,0,2,2,A,-,09,21802,A,N,D,C,A,A,H,-,C,A,0,,,,,Y,,A,01,0,0,2,0,0,0,0,0,0,"- ","- ",37.649830000000001,-122.41177999999999,"SAN MATEO","SOUTH SAN FRANCISCO",-122.41193988000001,37.649999889999997
7103344,2015,2016-01-11,4113,2015-09-08,1706,394,6,2,5,5,4113,0,0,0,,0,006,JACKSON,CLINTON,75.00,E,N,A,-,N,,,,,,,,,,N,4,0,1,2,A,-,08,22107,,N,C,C,A,A,H,-,A,D,0,,,,,Y,,A,01,0,0,1,0,0,0,0,0,0,"- ","- ",37.480170000000001,-122.23154,"SAN MATEO","REDWOOD CITY",-122.23169408,37.480268019999997
7103986,2015,2017-01-21,4120,2015-09-30,1413,112,11,3,5,4,4120,0,0,0,,0,00X,"CHESS DR","RT 92",116.00,E,N,C,-,Y,SM,4,92,-,R,13.634,R,4,E,Y,4,0,1,1,A,-,03,22350,,N,E,I,A,B,H,-,A,D,0,,,,,Y,,A,01,0,0,1,0,0,0,0,0,0,"- ","- ",37.568049999999999,-122.27615,"SAN MATEO","FOSTER CITY",-122.27278552,37.564080599999997
7104225,2015,2015-11-12,4104,2015-10-30,0700,0197,1,5,5,4,4104,0,0,0,,0,00A,"LORTON AV","HOWARD AV",0.00,,Y,B,-,N,,,,,,,,,,N,4,0,1,2,A,-,10,21950,A,N,G,B,B,A,H,-,C,A,0,Y,,,,Y,,A,07,0,0,1,0,0,0,0,0,0,"- ","- ",37.857790000000001,-122.34474,"SAN MATEO",BURLINGAME,-122.34473991,37.577899899999998
7105638,2015,2015-11-06,4104,2015-10-02,0107,0146,3,5,5,4,4104,0,0,0,,0,00A,"ROLLINS RD","TRENTON WY",253.00,N,N,A,-,N,,,,,,,,,,Y,4,0,1,3,A,-,08,22107,,N,C,E,A,A,H,-,C,D,0,,,,,Y,,A,01,0,0,1,0,0,0,0,0,0,"- ","- ",,,"SAN MATEO",BURLINGAME,-122.34223,37.586680000000001
7105642,2015,2015-11-04,4104,2015-09-23,1529,230,16,3,5,4,4104,0,0,0,,0,00B,"TROUSDALE DR","QUESADA WY",20.00,W,N,A,-,N,,,,,,,,,,N,4,0,1,2,A,-,03,22350,,N,C,C,A,A,H,-,A,A,0,,,,Y,Y,,F,26,0,0,1,0,0,0,0,0,0,"- ","- ",37.5901,-122.38847,"SAN MATEO",BURLINGAME,-122.38852429000001,37.590038569999997
7106110,2015,2015-11-05,4113,2015-09-13,2130,419,4,7,5,5,4113,0,0,0,,0,004,"2ND AV","BAY RD",30.00,W,N,A,-,N,,,,,,,,,,N,4,0,1,3,A,-,03,22350,,F,C,C,A,A,H,-,C,D,0,,,,,Y,,-,,0,0,1,0,0,0,0,0,0,"- ","- ",,,"SAN MATEO","REDWOOD CITY",-122.20148460999999,37.48261565
7106839,2015,2015-10-29,4106,2015-09-27,1830,2066,3,7,5,6,4106,0,0,0,,0,002,"WHITTIER ST",WHITTIER,8.00,S,N,A,-,N,,,,,,,,,,N,2,0,1,2,A,-,11,21950,B,N,G,B,D,A,H,-,A,D,0,Y,,,,Y,,N,60,1,0,0,0,1,0,0,0,0,"- ","- ",37.707450000000001,-122.44643000000001,"SAN MATEO","DALY CITY",-122.4472581,37.708270159999998
7106863,2015,2017-01-11,4106,2015-09-11,0628,1255,7,5,5,6,4106,0,0,0,,0,002,"MISSION ST","SAN PEDRO RD",7.00,S,N,B,-,Y,SM,4,82,-,-,23.770,H,-,S,Y,3,0,2,1,A,-,08,22107,,N,E,I,A,A,H,-,C,A,0,,,,,Y,,A,01,0,1,1,0,0,0,0,0,0,"- ","- ",37.689259999999997,-122.40603,"SAN MATEO","DALY CITY",-122.46603820999999,37.689414929999998
7110455,2015,2015-11-17,4113,2015-10-18,1221,320,4,7,5,5,4113,0,0,0,,0,004,"MIDDLEFIELD RD","DOUGLAS AV",100.00,N,N,A,-,N,,,,,,,,,,N,3,0,1,2,A,-,17,21200,A,N,H,G,A,A,H,-,A,A,0,,Y,,,Y,,L,04,0,1,0,0,0,0,1,0,0,"- ","- ",,,"SAN MATEO","REDWOOD CITY",-122.21312279999999,37.477827779999998
7110463,2015,2015-11-17,4113,2015-10-23,1634,363,2,5,5,5,4113,0,0,0,,0,002,"BREWSTER AV","WARREN ST",0.00,,Y,A,-,N,,,,,,,,,,Y,4,0,1,2,A,-,09,21802,A,N,D,C,A,A,H,-,A,D,0,,,,,Y,,A,08,0,0,1,0,0,0,0,0,0,"- ","- ",37.488840000000003,-122.23331,"SAN MATEO","REDWOOD CITY",-122.2336999,37.488889890000003
7110572,2015,2017-02-03,4109,2015-10-08,1357,13938,26,4,5,4,4109,0,0,0,,0,001,"ROBLE AV","RT 82",0.00,,Y,A,-,Y,SM,4,82,-,-,0.561,I,5,S,N,3,0,1,2,A,-,10,21950,A,N,G,B,B,A,H,-,A,A,0,Y,,,,Y,,A,01,0,1,0,0,1,0,0,0,0,"- ","- ",,,"SAN MATEO","MENLO PARK",-122.17976614,37.45195794
7110580,2015,2015-11-18,4109,2015-10-09,1455,145611,22,5,5,4,4109,0,0,0,,0,002,"WILLOW RD","OKEEFE ST",200.00,W,N,A,-,N,,,,,,,,,,N,4,0,1,2,A,-,03,22350,,N,C,C,A,A,H,-,A,D,0,,,,,Y,,A,01,0,0,1,0,0,0,0,0,0,"- ","- ",37.463889999999999,-122.15786,"SAN MATEO","MENLO PARK",-122.15819659,37.463425690000001
7110629,2015,2017-01-27,4111,2015-10-20,1129,P5085,P19,2,5,4,4111,0,0,0,,0,0P3,"RT 35","SKYRIDGE DR",0.00,,Y,A,-,Y,SM,4,35,-,-,26.440,I,5,S,Y,4,0,1,2,A,-,09,21804,A,N,D,C,A,A,H,-,A,A,0,,,,,Y,,A,01,0,0,1,0,0,0,0,0,0,"- ","- ",37.641179999999999,-122.46629,"SAN MATEO",PACIFICA,-122.46635285000001,37.641316310000001
7112355,2015,2016-01-28,4111,2015-10-13,0156,P5108,P05,2,5,4,4111,0,0,0,,0,0P1,"MANOR DR","HEATHCLIFF DR",0.00,,Y,A,-,N,,,,,,,,,,Y,3,0,1,2,A,-,01,23152,A,M,C,E,A,A,H,-,C,A,0,,,,,Y,Y,A,01,0,1,0,0,0,0,0,0,0,"- ","- ",,,"SAN MATEO",PACIFICA,-122.47405995,37.645359990000003
7112874,2015,2017-02-03,4100,2015-10-07,1148,15760,5T,3,5,3,4110,0,0,0,,0,006,"RT 82","MILLWOOD DR",120.00,S,N,A,-,Y,SM,4,82,-,-,17.060,H,-,S,Y,3,0,1,1,A,-,05,21651,,N,E,I,A,A,H,-,A,A,0,,,,,Y,,A,01,0,1,0,0,0,0,0,0,0,"- ","- ",,,"SAN MATEO",MILLBRAE,-122.40136576,37.610245460000002
7117975,2015,2015-11-30,4113,2015-11-17,0808,384,6,2,5,5,4113,0,0,0,,0,006,"ROOSEVELT AV",JOHNSON,114.00,E,N,A,-,N,,,,,,,,,,N,3,0,1,2,A,-,09,21801,A,N,H,G,A,A,H,-,A,D,0,,Y,,,Y,,A,01,0,1,0,0,0,0,1,0,0,"- ","- ",,,"SAN MATEO","REDWOOD CITY",-122.23321215999999,37.473031470000002
7117999,2015,2015-12-03,4113,2015-11-09,0851,430,4,1,5,5,4113,0,0,0,,0,004,"MIDDLEFIELD RD","WILLOW ST",0.00,,Y,C,-,N,,,,,,,,,,N,4,0,1,2,A,-,05,21651,A,N,A,C,A,D,H,-,A,A,0,,,,,Y,,A,01,0,0,1,0,0,0,0,0,0,"- ","- ",37.478549999999998,-122.21657999999999,"SAN MATEO","REDWOOD CITY",-122.21704995,37.480099899999999
7122541,2015,2017-01-19,4104,2015-09-06,1558,19560,4100,7,5,4,4104,0,0,0,,0,NORTH,"EL CAMINO REAL","BURLINGAME AV",0.00,,Y,A,-,Y,SM,4,82,-,-,13.380,H,-,N,Y,4,0,2,3,A,-,07,21658,A,N,B,C,A,A,H,-,A,D,0,,,,Y,Y,,D,22,0,0,2,0,0,0,0,0,0,"- ","- ",,,"SAN MATEO",BURLINGAME,-122.35033903,37.576473040000003
7122641,2015,2016-01-07,4100,2015-11-03,0730,15440,,2,5,3,4107,0,0,0,,0,,"MAIN ST","LEWIS FOSTER DR",0.00,,Y,A,-,N,,,,,,,,,,N,4,0,1,2,A,-,"- ",,,M,C,C,A,A,H,-,A,D,0,,,,,Y,,-,,0,0,1,0,0,0,0,0,0,"- ","- ",,,"SAN MATEO","HALF MOON BAY",-122.43213992,37.469589999999997
7122743,2015,2015-11-25,4100,2015-10-24,1841,18950,37,6,5,4,4115,0,0,0,,0,005,"ALAMEDA DE LAS PULGAS","MELENDY DR",272.00,N,N,A,-,N,,,,,,,,,,Y,4,0,1,1,A,-,08,22107,,N,E,J,A,A,H,-,D,D,0,,,,,Y,,A,01,0,0,1,0,0,0,0,0,0,"- ","- ",,,"SAN MATEO","SAN CARLOS",-122.2670442,37.494416409999999
7128308,2015,2015-12-07,4113,2015-11-17,1029,295,5,2,5,5,4113,0,0,0,,0,005,"WOODSIDE RD","BONITA ST",0.00,,N,A,-,N,,,,,,,,,,Y,4,0,1,2,A,-,03,22350,,N,C,C,A,A,H,-,A,D,0,,,,,Y,,A,01,0,0,1,0,0,0,0,0,0,"- ","- ",,,"SAN MATEO","REDWOOD CITY",-122.22371991,37.468279950000003
7128372,2015,2015-12-21,4113,2015-10-30,2311,416,7,5,5,5,4113,0,0,0,,0,007,"BREWSTER AV","HILLCREST AV",0.00,,N,A,-,N,,,,,,,,,,N,4,0,1,2,-,-,"- ",,,N,E,I,A,A,H,-,C,D,0,,,Y,,Y,,-,"- ",0,0,1,0,0,0,0,0,1,"- ","- ",37.477530000000002,-122.24887,"SAN MATEO","REDWOOD CITY",-122.24929779999999,37.476698640000002
7129463,2015,2015-12-08,4117,2015-11-27,1433,05JA03,19BK,5,5,5,4117,0,0,0,,0,002,"WESTBOROUGH BL","JUNIPERO SERRA BL",0.00,,Y,A,-,N,,,,,,,,,,Y,4,0,4,2,A,-,09,21453,C,N,A,C,A,A,H,-,A,A,0,,,,,Y,,A,01,0,0,4,0,0,0,0,0,0,"- ","- ",37.646189999999997,-122.44846,"SAN MATEO","SOUTH SAN FRANCISCO",-122.44858997,37.646109979999999
7129529,2015,2015-12-07,4114,2015-11-20,0908,0043,SNB14,5,5,4,4114,0,0,0,,0,002,"CRYSTAL SPRINGS RD","ELM AV",0.00,,Y,A,-,N,,,,,,,,,,Y,4,0,2,2,A,-,03,22350,A,N,D,C,A,A,H,-,A,A,0,,,,,Y,,A,01,0,0,2,0,0,0,0,0,0,"- ","- ",37.618789999999997,-122.41267000000001,"SAN MATEO","SAN BRUNO",-122.41265988000001,37.618769960000002
7130007,2015,2015-12-08,4111,2015-11-25,0255,P5025,P13,3,5,4,4111,0,0,0,,0,0P2,"SHARP PARK RD","GYPSY HILL RD",528.00,W,N,B,-,N,,,,,,,,,,Y,4,0,1,1,A,-,03,22350,,N,E,I,A,B,H,-,C,D,0,,,,,Y,,A,01,0,0,1,0,0,0,0,0,0,"- ","- ",,,"SAN MATEO",PACIFICA,-122.47803124000001,37.62831748
7131165,2015,2016-01-04,4114,2015-10-30,1747,0067,SNB4,5,5,4,4114,0,0,0,,0,001,"SNEATH LN","SEABISCUIT WY",250.00,E,N,A,-,N,,,,,,,,,,N,4,0,1,2,A,-,07,21658,A,N,C,C,A,A,H,-,A,D,0,,,,Y,Y,,F,55,0,0,1,0,0,0,0,0,0,"- ","- ",37.636870000000002,-122.42148,"SAN MATEO","SAN BRUNO",-122.41944245000001,37.638407549999997
7132283,2015,2015-12-14,4104,2015-11-15,1712,0230,5,7,5,4,4104,0,0,0,,0,00A,"CALIFORNIA DR","OAK GROVE AV",0.00,,Y,A,-,N,,,,,,,,,,Y,4,0,1,2,A,-,12,22450,A,N,D,C,A,A,H,-,B,A,0,,,,,Y,,A,01,0,0,1,0,0,0,0,0,0,"- ","- ",37.58229,-122.35111999999999,"SAN MATEO",BURLINGAME,-122.35110985999999,37.582279909999997
7132437,2015,2015-12-14,4117,2015-12-05,2202,15JS21,01AO,6,5,5,4117,0,0,0,,0,001,"N ACCESS RD","N FIELD RD",1056.00,W,N,A,-,N,,,,,,,,,,Y,3,0,1,1,A,-,08,22107,,N,A,I,A,A,H,-,C,D,0,,,,,Y,,A,01,0,1,0,0,0,0,0,0,0,"- ","- ",,,"SAN MATEO","SOUTH SAN FRANCISCO",-122.39431485,37.638839040000001
7097054,2015,2015-10-16,4104,2015-09-29,1554,0216,9,2,5,4,4104,0,0,0,,0,00B,BROADWAY,"BALBOA AV",0.00,,Y,B,-,N,,,,,,,,,,N,4,0,1,2,A,-,09,21802,A,N,D,C,A,A,H,-,A,A,0,,,,,Y,,A,01,0,0,1,0,0,0,0,0,0,"- ","- ",37.583480000000002,-122.36682999999999,"SAN MATEO",BURLINGAME,-122.36680997000001,37.58346993
7133492,2015,2015-12-14,4113,2015-10-13,0936,305,7,2,5,5,4113,0,0,0,,0,007,"EL CAMINO REAL",WHIPPLE,0.00,,Y,A,-,N,,,,,,,,,,Y,4,0,1,2,A,-,11,21950,B,N,G,B,B,A,H,-,D,B,0,Y,,,,Y,,N,60,0,0,1,0,1,0,0,0,0,"- ","- ",,,"SAN MATEO","REDWOOD CITY",-122.23981987000001,37.490399940000003
7141710,2015,2016-01-09,4103,2015-09-17,1235,HU350,1,4,5,2,4103,0,0,0,,0,00U,"BEATTY AV","TUNNEL AV",39.00,E,N,A,-,N,,,,,,,,,,N,4,0,1,2,A,-,08,22107,,N,B,C,A,A,H,-,A,A,0,,,,,Y,,A,01,0,0,1,0,0,0,0,0,0,"- ","- ",37.706710000000001,-122.40114,"SAN MATEO",BRISBANE,-122.40098827,37.706692910000001
7141876,2015,2016-01-04,4103,2015-10-15,0643,OL400,1,4,5,2,4103,0,0,0,,0,00U,"BAYSHORE BL","MAIN ST",801.00,S,N,B,-,N,,,,,,,,,,N,3,0,1,1,A,-,08,22107,,N,H,-,A,A,G,H,A,D,0,,Y,,,Y,,L,04,0,1,0,0,0,0,1,0,0,"- ","- ",,,"SAN MATEO",BRISBANE,-122.40745112,37.69813225
7141941,2015,2016-01-04,4103,2015-11-09,1530,GU350,1,1,5,2,4103,0,0,0,,0,00U,"OLD COUNTY RD","BAYSHORE BL",0.00,,Y,A,-,N,,,,,,,,,,Y,4,0,1,2,A,-,12,21453,A,N,B,C,A,A,H,-,A,A,0,,,,,Y,,A,01,0,0,1,0,0,0,0,0,0,"- ","- ",37.685409999999997,-122.39823,"SAN MATEO",BRISBANE,-122.39813997,37.685439930000001
7143640,2015,2017-02-03,4100,2015-11-27,1755,19450,CST,5,5,3,4107,0,0,0,,0,075,"RT 92","MAIN ST",528.00,E,N,A,-,Y,SM,4,92,-,-,0.300,H,-,E,N,4,0,1,2,A,-,07,21658,A,N,B,C,A,A,H,-,C,D,0,,,,,Y,,A,01,0,0,1,0,0,0,0,0,0,"- ","- ",,,"SAN MATEO","HALF MOON BAY",-122.42845446,37.468374050000001
7143671,2015,2017-01-27,4100,2015-12-04,1708,19450,CST,5,5,3,4107,0,0,0,,0,075,"KELLY AV","RT 1",0.00,,Y,A,-,Y,SM,4,1,-,-,28.750,I,5,N,N,4,0,1,2,A,-,05,21650,1,N,H,G,A,A,H,-,B,A,0,,Y,,,Y,,L,04,0,0,1,0,0,0,1,0,0,"- ","- ",,,"SAN MATEO","HALF MOON BAY",-122.43413199,37.46411355
7143797,2015,2017-01-28,4100,2015-11-03,0856,18170,5A,2,5,3,4107,0,0,0,,0,075,"RT 1","VAN NESS",0.00,,Y,A,-,Y,SM,4,1,-,-,27.320,H,-,S,Y,4,0,1,2,A,-,09,21802,A,N,D,C,A,A,H,-,A,D,0,,,,,Y,,A,01,0,0,1,0,0,0,0,0,0,"- ","- ",,,"SAN MATEO","HALF MOON BAY",-122.42831674,37.444031850000002
7143821,2015,2017-02-03,4100,2015-11-24,1025,18640,32,2,5,4,4115,0,0,0,,0,005,"EL CAMINO REAL","HOLLY ST",70.00,S,N,C,-,Y,SM,4,82,-,-,6.560,H,-,N,Y,4,0,1,3,A,-,09,21806,A,N,C,C,A,B,H,-,A,A,0,,,,,Y,,A,01,0,0,1,0,0,0,0,0,0,"- ","- ",,,"SAN MATEO","SAN CARLOS",-122.26186016,37.508580930000001
7143899,2015,2017-01-27,4100,2015-12-04,2105,18710,,5,5,3,4107,0,0,0,,0,075,"RT 1","CORONADO ST",53.00,N,N,A,-,Y,SF,4,1,-,-,32.040,H,-,S,Y,4,0,1,1,A,-,01,23152,E,N,E,I,A,A,H,-,C,D,0,,,,,Y,,A,01,0,0,1,0,0,0,0,0,0,"- ","- ",,,"SAN MATEO","HALF MOON BAY",-122.46768711999999,37.499881590000001
7147786,2015,2016-01-09,4100,2015-11-09,0759,18690,,1,5,3,4107,0,0,0,,0,075,"MAIN ST","MILL ST",128.00,N,N,C,-,N,,,,,,,,,,N,4,0,1,2,A,-,08,22107,,N,B,C,A,B,H,-,A,D,0,,,,,Y,,A,01,0,0,1,0,0,0,0,0,0,"- ","- ",,,"SAN MATEO","HALF MOON BAY",-122.42902232,37.464998629999997
7148075,2015,2017-01-14,4106,2015-12-20,1808,1130,13A,7,5,6,4106,0,0,0,,0,006,"SERRAMONTE BL","RT 280",10.00,W,N,C,-,Y,SM,4,280,-,R,24.821,R,4,S,N,4,0,1,4,A,-,03,22350,,N,C,C,A,B,H,-,C,A,0,,,,,Y,,A,01,0,0,1,0,0,0,0,0,0,"- ","- ",37.687919999999998,-122.47020999999999,"SAN MATEO","DALY CITY",-122.46751643,37.672296799999998
7148089,2015,2017-02-03,4114,2015-11-11,1630,0035,SNB4,3,5,4,4114,0,0,0,,0,001,"RT 82","COMMODORE DR",50.00,N,N,B,-,Y,SM,4,82,-,-,19.120,H,-,S,N,4,0,1,3,A,-,07,21658,A,N,B,C,A,A,H,-,B,D,0,,,,,Y,,A,01,0,0,1,0,0,0,0,0,0,"- ","- ",37.635129999999997,-122.42046000000001,"SAN MATEO","SAN BRUNO",-122.42056753,37.635473840000003
7148137,2015,2016-01-04,4109,2015-11-03,1405,14048,22,2,5,4,4109,0,0,0,,0,002,"WILLOW RD","NASH AV",220.00,W,N,A,-,N,,,,,,,,,,Y,4,0,1,2,A,-,03,22350,,N,C,C,A,A,H,-,A,A,0,,,,,Y,,A,01,0,0,1,0,0,0,0,0,0,"- ","- ",37.454650000000001,-122.16407,"SAN MATEO","MENLO PARK",-122.16208502000001,37.458339960000004