CASE_ID,ACCIDENT_YEAR,PROC_DATE,JURIS,COLLISION_DATE,COLLISION_TIME,OFFICER_ID,REPORTING_DISTRICT,DAY_OF_WEEK,CHP_SHIFT,POPULATION,CNTY_CITY_LOC,SPECIAL_COND,BEAT_TYPE,CHP_BEAT_TYPE,CITY_DIVISION_LAPD,CHP_BEAT_CLASS,BEAT_NUMBER,PRIMARY_RD,SECONDARY_RD,DISTANCE,DIRECTION,INTERSECTION,WEATHER_1,WEATHER_2,STATE_HWY_IND,CALTRANS_COUNTY,CALTRANS_DISTRICT,STATE_ROUTE,ROUTE_SUFFIX,POSTMILE_PREFIX,POSTMILE,LOCATION_TYPE,RAMP_INTERSECTION,SIDE_OF_HWY,TOW_AWAY,COLLISION_SEVERITY,NUMBER_KILLED,NUMBER_INJURED,PARTY_COUNT,PRIMARY_COLL_FACTOR,PCF_CODE_OF_VIOL,PCF_VIOL_CATEGORY,PCF_VIOLATION,PCF_VIOL_SUBSECTION,HIT_AND_RUN,TYPE_OF_COLLISION,MVIW,PED_ACTION,ROAD_SURFACE,ROAD_COND_1,ROAD_COND_2,LIGHTING,CONTROL_DEVICE,CHP_ROAD_TYPE,PEDESTRIAN_ACCIDENT,BICYCLE_ACCIDENT,MOTORCYCLE_ACCIDENT,TRUCK_ACCIDENT,NOT_PRIVATE_PROPERTY,ALCOHOL_INVOLVED,STWD_VEHTYPE_AT_FAULT,CHP_VEHTYPE_AT_FAULT,COUNT_SEVERE_INJ,COUNT_VISIBLE_INJ,COUNT_COMPLAINT_PAIN,COUNT_PED_KILLED,COUNT_PED_INJURED,COUNT_BICYCLIST_KILLED,COUNT_BICYCLIST_INJURED,COUNT_MC_KILLED,COUNT_MC_INJURED,PRIMARY_RAMP,SECONDARY_RAMP,LATITUDE,LONGITUDE,COUNTY,CITY,POINT_X,POINT_Y
8349296,2017,2017-04-20,4111,2017-03-24,1932,P5136,P02,5,5,4,4111,0,0,0,,0,0P1,"HICKEY BL","GATEWAY DR",48.00,E,N,A,-,N,,,,,,,,,,N,4,0,1,2,A,-,07,21658,A,N,D,C,A,A,H,-,A,D,0,,,,,Y,,A,01,0,0,1,0,0,0,0,0,0,"- ","- ",,,"SAN MATEO",PACIFICA,-122.47787307999999,37.659783539999999
8349394,2017,2017-04-20,4127,2017-04-02,1454,2230,4127,7,5,4,4127,0,0,0,,0,003,"EAST BAYSHORE RD","DONOHOE ST",0.00,,Y,A,-,N,,,,,,,,,,N,4,0,1,2,A,-,08,22107,,N,B,C,A,A,H,-,A,A,0,,,,,Y,,A,01,0,0,1,0,0,0,0,0,0,"- ","- ",,,"SAN MATEO","EAST PALO ALTO",-122.14407993,37.46281991
8349490,2017,2017-04-26,4113,2017-03-31,0828,451,4,5,5,5,4113,0,0,0,,0,004,"10TH AV","PAGE ST",300.00,W,N,A,-,N,,,,,,,,,,Y,4,0,1,2,A,-,09,21804,A,N,C,C,A,A,H,-,A,D,0,,,,,Y,,A,01,0,0,1,0,0,0,0,0,0,"- ","- ",37.48001,-122.1944,"SAN MATEO","REDWOOD CITY",-122.19330619999999,37.481003100000002
8351688,2017,2018-04-23,4113,2017-04-17,2128,428,5,1,5,5,4113,0,0,0,,0,005,"WOODSIDE RD","KENTFIELD AV",0.00,,Y,C,-,Y,SM,4,84,-,-,23.718,I,5,N,Y,3,0,1,2,A,-,12,21453,A,N,A,C,A,B,H,-,C,A,0,,,,,Y,,-,,0,1,0,0,0,0,0,0,0,"- ","- ",37.462699999999998,-122.22499999999999,"SAN MATEO","REDWOOD CITY",-122.22507853,37.462678330000003
8351822,2017,2018-04-23,4127,2017-04-09,1736,2240,4127,7,5,4,4127,0,0,0,,0,004,"WEST BAYSHORE RD","CAPITOL AV",37.00,S,N,A,-,Y,SM,4,101,-,-,0.761,R,3,S,Y,4,0,1,1,A,-,03,22350,,N,E,I,A,A,H,-,A,D,0,,,,,Y,,A,01,0,0,1,0,0,0,0,0,0,"- ","- ",,,"SAN MATEO","EAST PALO ALTO",-122.13898712,37.459218829999998
8352174,2017,2017-05-08,4117,2017-04-17,1530,14SM04,09AA,1,5,5,4117,0,0,0,,0,001,"SOUTH LINDEN AV","S CANAL ST",0.00,,Y,C,-,N,,,,,,,,,,Y,4,0,2,3,A,-,01,23152,A,F,C,C,A,B,H,-,A,D,0,,,,,Y,Y,A,07,0,0,2,0,0,0,0,0,0,"- ","- ",37.650010000000002,-122.41194,"SAN MATEO","SOUTH SAN FRANCISCO",-122.41193988000001,37.649999889999997
8352186,2017,2017-05-08,4117,2017-04-13,2135,10SM11,01AC,4,5,5,4117,0,0,0,,0,004,"GATEWAY BL","CORPORATE DR",900.00,N,N,A,-,N,,,,,,,,,,Y,3,0,1,1,A,-,01,23152,A,N,E,J,A,A,H,-,C,D,0,,,,,Y,Y,A,01,0,1,0,0,0,0,0,0,0,"- ","- ",37.657440000000001,-122.39762,"SAN MATEO","SOUTH SAN FRANCISCO",-122.39836141000001,37.658139300000002
8353943,2017,2017-05-03,4111,2017-04-08,0204,P5134,P09,6,5,4,4111,0,0,0,,0,0P2,"SHARP PARK RD","LUNDY WY",365.00,E,N,A,-,N,,,,,,,,,,Y,4,0,1,1,A,-,03,22350,,N,B,I,A,B,H,-,C,D,0,,,,,Y,,A,07,0,0,1,0,0,0,0,0,0,"- ","- ",37.626719999999999,-122.48636999999999,"SAN MATEO",PACIFICA,-122.48605209999999,37.626674020000003
8356719,2017,2017-05-22,4109,2017-03-20,1229,14600,,1,5,4,4109,0,0,0,,0,001,"VALPARAISO AV","UNIVERSITY DR",0.00,,Y,B,-,N,,,,,,,,,,N,4,0,1,3,A,-,08,22107,,N,A,C,A,A,H,-,A,A,0,,,Y,,Y,,C,02,0,0,1,0,0,0,0,0,1,"- ","- ",37.452269999999999,-122.19063,"SAN MATEO","MENLO PARK",-122.19061994,37.452279949999998
8357907,2017,2018-04-23,4104,2017-04-29,0754,0197,4,6,5,4,4104,0,0,0,,0,00A,"EL CAMINO REAL","CHAPIN AV",0.00,,Y,A,-,Y,SM,4,82,-,-,13.440,I,5,S,N,4,0,2,2,D,-,00,,,N,D,C,A,A,H,-,A,A,0,,,,,Y,,-,"- ",0,0,2,0,0,0,0,0,0,"- ","- ",37.576740000000001,-122.35135,"SAN MATEO",BURLINGAME,-122.35137831,37.576747240000003
8357951,2017,2018-05-17,4100,2017-04-20,1435,18060,,4,5,2,4118,0,0,0,,0,,"OLD LA HONDA RD","OLD LA HONDA RD 600",35.00,N,N,A,-,N,,,,,,,,,,Y,3,0,1,2,D,-,00,,,N,H,G,A,A,E,-,A,D,0,,Y,,,Y,,-,"- ",0,1,0,0,0,0,1,0,0,"- ","- ",,,"SAN MATEO",WOODSIDE,,
8358818,2017,2017-05-05,4114,2017-01-30,1831,0037,,1,5,4,4114,0,0,0,,0,001,"SAN BRUNO AV","6TH AV",0.00,,Y,A,-,N,,,,,,,,,,N,3,0,1,2,A,-,09,21801,A,N,D,G,A,A,H,-,C,D,0,,Y,,,Y,,L,04,0,1,0,0,0,0,1,0,0,"- ","- ",,,"SAN MATEO","SAN BRUNO",-122.40673986,37.630889969999998
8358983,2017,2017-05-08,4120,2017-03-26,1505,201,,7,5,4,4120,0,0,0,,0,00Y,"CATAMARAN ST","SHELL BL",230.00,W,N,B,-,N,,,,,,,,,,Y,4,0,1,2,A,-,08,22107,,N,B,C,A,A,H,-,A,D,0,,,,,Y,,A,01,0,0,1,0,0,0,0,0,0,"- ","- ",37.552219999999998,-122.26366,"SAN MATEO","FOSTER CITY",-122.26437604,37.552129999999998
8362016,2017,2018-04-23,4109,2017-04-28,1800,6911,,5,5,4,4109,0,0,0,,0,,"RT 82","SAND HILL RD",60.00,N,N,A,-,Y,SCL,4,82,-,-,26.340,H,-,S,N,4,0,1,2,A,-,03,22350,,N,C,C,A,A,H,-,B,A,0,,,,,Y,,A,01,0,0,1,0,0,0,0,0,0,"- ","- ",,,"SAN MATEO","MENLO PARK",-122.17129735,37.446461030000002
8362988,2017,2017-05-12,4104,2017-04-03,2314,0241,9,1,5,4,4104,0,0,0,,0,00B,BROADWAY,"CALIFORNIA DR",0.00,,Y,A,-,N,,,,,,,,,,Y,4,0,1,2,A,-,12,21453,A,N,D,C,A,A,H,-,C,A,0,,,,,Y,,A,01,0,0,1,0,0,0,0,0,0,"- ","- ",37.358759999999997,-122.36349,"SAN MATEO",BURLINGAME,-122.36348997,37.587569899999998
8365104,2017,2018-05-24,4114,2017-04-19,1138,0024,SNB14,3,5,4,4114,0,0,0,,0,002,"EL CAMINO REAL","SANTA DOMINGO AV",0.00,,Y,A,-,Y,SM,4,82,-,-,17.529,I,5,S,Y,3,0,2,3,A,-,09,21802,A,N,D,C,A,A,H,-,A,A,0,,,,,Y,,A,01,0,2,0,0,0,0,0,0,0,"- ","- ",,,"SAN MATEO","SAN BRUNO",-122.40664639000001,37.615548799999999
8366241,2017,2017-05-19,4117,2017-05-01,0809,03JA06,11AE,1,5,5,4117,0,0,0,,0,004,"HEMLOCK AV","KEARNEY ST",206.00,E,N,A,-,N,,,,,,,,,,Y,4,0,1,2,A,-,09,21804,A,N,D,C,A,A,H,-,A,D,0,,,,,Y,,A,07,0,0,1,0,0,0,0,0,0,"- ","- ",37.668689999999998,-122.42028000000001,"SAN MATEO","SOUTH SAN FRANCISCO",-122.42032191,37.668685539999998
8368404,2017,2017-05-23,4100,2017-05-01,1235,25074,SNC,1,5,4,4115,0,0,0,,0,051,"BRITTAN AV","CORDILLERAS AV",21.00,E,N,A,-,N,,,,,,,,,,N,4,0,2,2,C,-,18,,,N,C,C,A,A,H,-,A,D,0,,,,,Y,,-,"- ",0,0,2,0,0,0,0,0,0,"- ","- ",,,"SAN MATEO","SAN CARLOS",-122.26079707,37.494579369999997
8369983,2017,2017-05-31,4113,2017-05-09,1615,309,4,2,5,5,4113,0,0,0,,0,004,"PAGE ST","HAVEN AV",0.00,,Y,A,-,N,,,,,,,,,,Y,3,0,2,4,A,-,09,21802,A,N,D,C,F,A,H,-,A,A,0,Y,,,,Y,,A,01,0,1,1,0,1,0,0,0,0,"- ","- ",37.481470000000002,-122.19068,"SAN MATEO","REDWOOD CITY",-122.19068999,37.48146989
8372739,2017,2017-06-08,4106,2017-04-03,0558,2028,,1,5,6,4106,0,0,0,,0,002,"MISSION ST","EAST MOLTKE ST",0.00,,Y,A,-,N,,,,,,,,,,Y,4,0,3,3,A,-,08,22107,,N,D,C,A,A,H,-,C,A,0,,,,,Y,,A,01,0,0,3,0,0,0,0,0,0,"- ","- ",,,"SAN MATEO","DALY CITY",-122.46478989000001,37.69440994
8372913,2017,2017-05-31,4106,2017-05-21,0049,2133,,7,5,6,4106,0,0,0,,0,002,"SAN JOSE BL","FLOURNOY ST",41.00,N,N,A,-,N,,,,,,,,,,Y,2,0,4,4,A,-,01,23153,A,F,B,E,A,A,H,-,C,D,0,,,,,Y,Y,A,01,1,2,1,0,0,0,0,0,0,"- ","- ",,,"SAN MATEO","DALY CITY",-122.45990961,37.70745677
8373282,2017,2017-06-13,4106,2017-03-11,0935,1085,,6,5,6,4106,0,0,0,,0,003,"JUNIPERO SERRA BL","GARDEN GATEWAY",0.00,,Y,A,-,N,,,,,,,,,,Y,4,0,4,2,A,-,09,21802,A,N,B,C,A,A,H,-,A,D,0,,,,,Y,,A,01,0,0,4,0,0,0,0,0,0,"- ","- ",,,"SAN MATEO","DALY CITY",-122.47102987,37.694059940000002
8373290,2017,2018-02-28,4106,2017-03-17,2100,2129,,5,5,6,4106,0,0,0,,0,004,"RT 35","JOHN DALY BL",0.00,,Y,A,-,Y,SM,4,35,-,-,30.834,I,5,S,Y,4,0,1,2,A,-,12,21453,A,N,D,C,A,A,H,-,C,A,0,,,,,Y,,A,01,0,0,1,0,0,0,0,0,0,"- ","- ",,,"SAN MATEO","DALY CITY",-122.49521568,37.698851089999998
8373298,2017,2017-06-05,4106,2017-03-13,1843,1180,,1,5,6,4106,0,0,0,,0,001,"MISSION HILLS DR","SAN GABRIEL CIR",122.00,E,N,A,-,N,,,,,,,,,,N,3,0,1,2,A,-,10,21954,B,F,G,B,D,A,H,-,A,D,0,Y,,,,Y,,A,01,0,1,0,0,1,0,0,0,0,"- ","- ",,,"SAN MATEO","DALY CITY",-122.44199213,37.705854420000001
8374101,2017,2017-05-26,4102,2017-01-07,0158,81100,1,6,5,4,4102,0,0,0,,0,001,"OLD COUNTY RD","MARINE VIEW AV",744.00,S,N,B,C,N,,,,,,,,,,Y,4,0,2,4,A,-,01,23153,A,F,C,C,A,B,H,-,C,D,0,,,,,Y,Y,A,01,0,0,2,0,0,0,0,0,0,"- ","- ",37.52467,-122.27932,"SAN MATEO",BELMONT,-122.27908343999999,37.523976310000002
8376706,2017,2018-04-09,4114,2017-05-13,1247,0825,SNB33,6,5,4,4114,0,0,0,,0,003,"SKYLINE BL","SAN BRUNO AV",940.00,S,N,A,-,Y,SM,4,35,-,-,24.170,H,-,N,N,2,0,2,3,A,-,03,22350,,N,C,C,A,A,H,-,A,A,0,,,,,Y,,A,01,1,0,1,0,0,0,0,0,0,"- ","- ",,,"SAN MATEO","SAN BRUNO",-122.44002362000001,37.61639572
8377456,2017,2017-06-09,4117,2017-05-19,0720,13NP01,05AB,5,5,5,4117,0,0,0,,0,001,"SOUTH LINDEN AV","SAN MATEO AV",40.00,W,N,A,-,N,,,,,,,,,,Y,4,0,2,2,A,-,07,21658,A,N,B,C,A,A,H,-,A,A,0,,,,,Y,,A,01,0,0,2,0,0,0,0,0,0,"- ","- ",37.641559999999998,-122.41191999999999,"SAN MATEO","SOUTH SAN FRANCISCO",-122.41192601,37.641676009999998
8377828,2017,2017-07-11,4109,2017-05-22,1744,145754,99,1,5,4,4109,0,0,0,,0,002,"BAY RD","RINGWOOD AV",0.00,,Y,A,-,N,,,,,,,,,,N,4,0,1,2,A,-,09,21801,A,N,H,G,A,A,H,-,A,D,0,,Y,,,Y,,D,22,0,0,1,0,0,0,1,0,0,"- ","- ",37.471690000000002,-122.16782000000001,"SAN MATEO","MENLO PARK",-122.16785987999999,37.4717099
8378817,2017,2017-06-22,4100,2017-05-19,1855,25168,PV,5,5,2,4112,0,0,0,,0,031,"PORTOLA RD","PORTOLA RD 725",0.00,,N,A,-,N,,,,,,,,,,N,3,0,1,1,A,-,"- ",,,N,E,H,A,A,H,-,A,D,0,,,,,Y,,A,01,0,1,0,0,0,0,0,0,0,"- ","- ",,,"SAN MATEO","PORTOLA VALLEY",-122.22654104,37.380945320000002
8379033,2017,2018-04-17,4117,2017-05-13,1107,15GR13,21AK,6,5,5,4117,0,0,0,,0,003,"RT 82","MCLELLAN DR",700.00,N,N,A,-,Y,SM,4,82,-,-,21.750,H,-,S,N,4,0,3,2,A,-,03,22350,,N,C,C,A,A,H,-,A,A,0,,,,,Y,,J,48,0,0,3,0,0,0,0,0,0,"- ","- ",37.66545,-122.44911,"SAN MATEO","SOUTH SAN FRANCISCO",-122.44934621,37.664633930000001
8383670,2017,2017-06-08,4117,2017-05-11,0727,15NM20,08AD,4,5,5,4117,0,0,0,,0,004,"GRAND AV","LINDEN AV",280.00,W,N,B,-,N,,,,,,,,,,N,2,0,1,2,A,-,08,22107,,N,D,G,A,A,H,-,A,D,0,,Y,,,Y,,A,01,1,0,0,0,0,0,1,0,0,"- ","- ",37.655279999999998,-122.41106000000001,"SAN MATEO","SOUTH SAN FRANCISCO",-122.41106266,37.655374520000002
8383674,2017,2017-06-08,4117,2017-05-10,0748,15PN05,06AB,3,5,5,4117,0,0,0,,0,004,"AIRPORT BL","CHAPMAN AV",418.00,N,N,A,-,N,,,,,,,,,,N,2,0,1,2,A,-,11,21954,A,F,G,B,D,A,H,-,A,D,0,Y,,,,Y,,N,60,1,0,0,0,1,0,0,0,0,"- ","- ",37.663029999999999,-122.40098999999999,"SAN MATEO","SOUTH SAN FRANCISCO",-122.4011733,37.663018610000002
8385247,2017,2017-07-05,4117,2017-06-15,0132,14JP02,05AC,4,5,5,4117,0,0,0,,0,001,"SHAW RD","SAN MARCO AV",1500.00,E,N,A,-,N,,,,,,,,,,Y,3,0,1,1,A,-,01,23152,E,N,E,I,A,A,H,-,C,D,0,,,,,Y,Y,A,01,0,1,0,0,0,0,0,0,0,"- ","- ",37.639330000000001,-122.40658999999999,"SAN MATEO","SOUTH SAN FRANCISCO",-122.40629196,37.63938125
8386664,2017,2018-04-17,4111,2017-05-10,2217,P5135,P09,3,5,4,4111,0,0,0,,0,0P2,"RT 35","GLENCOURT WY",114.00,N,N,A,-,Y,SM,4,35,-,-,27.110,H,-,S,Y,4,0,2,3,A,-,04,21703,,N,C,C,A,A,H,-,C,A,0,,,,,Y,,A,01,0,0,2,0,0,0,0,0,0,"- ","- ",,,"SAN MATEO",PACIFICA,-122.47182302,37.649450280000003
8395887,2017,2017-07-10,4113,2017-06-23,2120,440,5,5,5,5,4113,0,0,0,,0,005,"EL CAMINO REAL","CARLOS AV",150.00,S,N,A,-,N,,,82,,,,,,,N,4,0,1,2,A,-,09,21802,A,N,D,G,A,A,H,-,C,D,0,,Y,,,Y,,L,04,0,0,1,0,0,0,1,0,0,"- ","- ",37.47137,-122.21539,"SAN MATEO","REDWOOD CITY",-122.21518568,37.471654010000002
8397642,2017,2017-07-20,4113,2017-06-13,2325,426,8,2,5,5,4113,0,0,0,,0,008,"WOODSIDE RD","SAN CARLOS",34.00,S,N,A,-,N,,,84,,,,,,,Y,4,0,1,2,A,-,03,22350,,N,C,C,A,A,H,-,C,A,0,,,,,Y,,A,01,0,0,1,0,0,0,0,0,0,"- ","- ",37.457250000000002,-122.22758,"SAN MATEO","REDWOOD CITY",-122.22753394999999,37.45722542
8398110,2017,2017-06-29,4109,2017-03-30,1550,145611,22,4,5,4,4109,0,0,0,,0,002,"WALNUT ST","LAUREL AV",0.00,,Y,A,-,N,,,,,,,,,,N,4,0,1,2,A,-,12,22450,A,N,H,G,A,A,H,-,A,D,0,,Y,,,Y,,L,04,0,0,1,0,0,0,1,0,0,"- ","- ",37.460500000000003,-122.15475000000001,"SAN MATEO","MENLO PARK",-122.15474992999999,37.461899950000003
8400017,2017,2017-09-09,4120,2017-04-27,1626,209,,4,5,4,4120,0,0,0,,0,00Y,"METRO CENTER BL","VINTAGE PARK DR",0.00,,Y,A,-,N,,,,,,,,,,N,3,0,1,2,A,-,10,21950,A,N,G,B,B,A,H,-,A,A,0,Y,,,,Y,,D,22,0,1,0,0,1,0,0,0,0,"- ","- ",37.559159999999999,-122.2774,"SAN MATEO","FOSTER CITY",-122.27731987,37.559129929999997
8400686,2017,2017-07-10,4101,2017-06-02,1532,94DM01,,5,5,2,4101,0,0,0,,0,001,"MIDDLEFIELD RD","GLENWOOD AV",87.00,S,N,A,-,N,,,,,,,,,,Y,3,0,3,4,A,-,03,22350,,N,C,C,A,A,H,-,A,D,0,,,,,Y,,A,01,0,1,2,0,0,0,0,0,0,"- ","- ",37.463500000000003,-122.18156,"SAN MATEO",ATHERTON,-122.18136561999999,37.463321520000001
8403530,2017,2017-07-11,4104,2017-06-24,1359,0228,22,6,5,4,4104,0,0,0,,0,00C,"AIRPORT BL","ANZA BL",224.00,S,N,A,-,N,,,,,,,,,,Y,2,0,1,1,A,-,08,22107,,N,E,I,A,A,H,-,A,D,0,,,,,Y,Y,-,,1,0,0,0,0,0,0,0,0,"- ","- ",37.58972,-122.35039999999999,"SAN MATEO",BURLINGAME,-122.34931675999999,37.589988329999997
8403983,2017,2017-07-12,4106,2017-05-10,2040,1183,8,3,5,6,4106,0,0,0,,0,004,"LAKE MERCED BL","JOHN DALY BL",91.00,N,N,A,-,N,,,,,,,,,,Y,4,0,2,2,A,-,00,23123,A,N,C,C,A,A,H,-,C,A,0,,,,,Y,,A,01,0,0,2,0,0,0,0,0,0,"- ","- ",,,"SAN MATEO","DALY CITY",-122.48505437999999,37.701662120000002
8403991,2017,2017-07-13,4106,2017-05-06,1321,1280,07,6,5,6,4106,0,0,0,,0,003,"SAN PEDRO RD","WASHINGTON ST",0.00,,Y,A,-,N,,,,,,,,,,N,4,0,1,2,A,-,03,22350,,N,C,D,A,A,H,-,A,A,0,,,Y,,Y,,A,01,0,0,1,0,0,0,0,0,1,"- ","- ",,,"SAN MATEO","DALY CITY",-122.46822993000001,37.687809960000003
8411873,2017,2017-07-27,4113,2017-07-06,1706,382,7,4,5,5,4113,0,0,0,,0,007,"JEFFERSON AV","DEVON WY",24.00,N,N,A,-,N,,,,,,,,,,N,4,0,1,1,A,-,08,22107,,N,A,I,A,A,H,-,A,D,0,,,,,Y,,A,01,0,0,1,0,0,0,0,0,0,"- ","- ",37.468089999999997,-122.25031,"SAN MATEO","REDWOOD CITY",-122.2499139,37.468015880000003
8412643,2017,2017-09-12,4117,2017-08-12,0301,16LT04,11AE,6,5,5,4117,0,0,0,,0,004,"HILLSIDE BL","LINCOLN ST",65.00,E,N,A,-,N,,,,,,,,,,Y,3,0,1,2,A,-,01,23152,A,N,C,E,A,A,H,-,C,D,0,,,,,Y,Y,A,01,0,1,0,0,0,0,0,0,0,"- ","- ",37.668439999999997,-122.42413999999999,"SAN MATEO","SOUTH SAN FRANCISCO",-122.42396717,37.668416749999999
8414300,2017,2017-08-18,4117,2017-07-31,1413,01CG09,22AB,1,5,5,4117,0,0,0,,0,003,"CRESTWOOD DR","GARDENSIDE AV",100.00,E,N,A,-,N,,,,,,,,,,Y,3,0,1,2,A,-,08,22107,,N,C,E,A,A,H,-,A,D,0,,,,,Y,,A,08,0,1,0,0,0,0,0,0,0,"- ","- ",37.667760000000001,-122.43541,"SAN MATEO","SOUTH SAN FRANCISCO",-122.43571709,37.667691689999998
8414714,2017,2017-09-28,4103,2017-07-28,1316,QU400,1,5,5,2,4103,0,0,0,,0,00U,"3745 BAYSHORE BL","BAYSHORE BL",10.00,N,N,A,-,N,,,,,,,,,,N,3,0,1,2,A,-,04,21703,,N,C,C,A,A,H,-,A,A,0,,,,,Y,,D,22,0,1,0,0,0,0,0,0,0,"- ","- ",37.679130000000001,-122.3929,"SAN MATEO",BRISBANE,-122.39382505,37.678678990000002
8417411,2017,2017-08-23,4113,2017-07-24,1404,394,11,1,5,5,4113,0,0,0,,0,023,"WINSLOW ST","MARSHALL ST",0.00,,Y,A,-,N,,,,,,,,,,N,3,0,1,3,A,-,10,21950,A,N,G,B,B,A,H,-,A,A,0,Y,,,,Y,,D,72,0,1,0,0,1,0,0,0,0,"- ","- ",37.48789,-122.22444,"SAN MATEO","REDWOOD CITY",-122.23114993,37.487429949999999
8417708,2017,2017-08-01,4113,2017-07-20,0921,438,1,4,5,5,4113,0,0,0,,0,001,"REDWOOD SHORES PKWY","TWIN DOLPHIN DR",0.00,,Y,A,-,N,,,,,,,,,,N,4,0,2,2,A,-,03,22350,,N,C,C,A,A,H,-,A,A,0,,,,,Y,,A,01,0,0,2,0,0,0,0,0,0,"- ","- ",37.518900000000002,-122.25256,"SAN MATEO","REDWOOD CITY",-122.25255995000001,37.518859900000002
8418611,2017,2017-07-28,4103,2017-06-21,0644,MC425,1,3,5,2,4103,0,0,0,,0,00U,"SIERRA POINT PKWY","SHORELINE CT",416.00,E,N,A,-,N,,,,,,,,,,Y,3,0,1,1,A,-,08,22107,,N,E,I,A,A,H,-,A,D,0,,,,,Y,,A,01,0,1,0,0,0,0,0,0,0,"- ","- ",37.674140000000001,-122.38575,"SAN MATEO",BRISBANE,-122.38586644,37.673278060000001
8420237,2017,2017-08-11,4116,2017-06-21,1525,28288,14,3,5,5,4116,0,0,0,,0,00A,"SAN MATEO DR","SAN MATEO DR 338",0.00,,Y,A,-,N,,,,,,,,,,N,3,0,1,2,A,-,"- ",,,N,B,G,A,A,H,-,A,D,0,,Y,,,Y,,-,"- ",0,1,0,0,0,0,1,0,0,"- ","- ",37.572139999999997,-122.33246,"SAN MATEO","SAN MATEO",-122.33207434000001,37.571781659999999
8420327,2017,2017-08-08,4116,2017-02-28,1645,25128,38,2,5,5,4116,0,0,0,,0,00C,"WEST HILLSDALE BL","GLENDORA AV",15.00,W,N,A,-,N,,,,,,,,,,N,4,0,1,2,A,-,03,22350,,N,C,C,A,A,H,-,A,D,0,,,,,Y,,A,01,0,0,1,0,0,0,0,0,0,"- ","- ",37.53302,-122.32655,"SAN MATEO","SAN MATEO",-122.32661148,37.533015849999998
8420331,2017,2017-08-08,4116,2017-02-03,1421,27308,37,5,5,5,4116,0,0,0,,0,00C,"42ND AV","BERESFORD ST",0.00,,Y,B,-,N,,,,,,,,,,Y,4,0,1,2,A,-,09,21802,A,N,D,C,A,B,H,-,A,A,0,,,,,Y,,A,01,0,0,1,0,0,0,0,0,0,"- ","- ",37.529389999999999,-122.29194,"SAN MATEO","SAN MATEO",-122.29193991,37.529389950000002
8420333,2017,2017-08-08,4116,2017-05-03,1952,27872,14,3,5,5,4116,0,0,0,,0,00A,PENINSULA,"SAN MATEO DR",0.00,,Y,A,-,N,,,,,,,,,,N,3,0,1,3,A,-,12,21453,A,N,D,C,A,A,H,-,A,A,0,,,,,Y,Y,A,01,0,1,0,0,0,0,0,0,0,"- ","- ",37.577039999999997,-122.33932,"SAN MATEO","SAN MATEO",-122.33936993,37.57705996
8420341,2017,2017-08-08,4116,2017-05-05,0908,27872,12,5,5,5,4116,0,0,0,,0,00A,"TILTON AV",HUMBOLDT,0.00,,Y,A,-,N,,,,,,,,,,N,3,0,1,2,A,-,08,22107,,F,D,G,A,A,H,-,A,B,0,,Y,,,Y,Y,-,99,0,1,0,0,0,0,1,0,0,"- ","- ",37.573520000000002,-122.32055,"SAN MATEO","SAN MATEO",-122.32055986,37.573529890000003
8420355,2017,2017-08-23,4116,2017-03-16,0750,27872,30,4,5,5,4116,0,0,0,,0,00C,"BERMUDA DR","DELAWARE ST",0.00,E,N,A,-,N,,,,,,,,,,N,3,0,1,2,A,-,11,21950,B,N,G,B,D,A,H,-,A,D,0,Y,,,,Y,,N,60,0,1,0,0,1,0,0,0,0,"- ","- ",37.550960000000003,-122.30466,"SAN MATEO","SAN MATEO",-122.30518997999999,37.55117997
8420373,2017,2017-08-23,4116,2017-05-19,2050,27791,12,5,5,5,4116,0,0,0,,0,00A,"N DELAWARE ST","MONTE DIABLO AV",6.00,N,N,-,-,N,,,,,,,,,,N,4,0,1,2,A,-,12,22450,A,N,-,-,A,-,-,-,-,-,0,,Y,,,Y,,L,04,0,0,1,0,0,0,1,0,0,"- ","- ",37.572330000000001,-122.32574,"SAN MATEO","SAN MATEO",-122.32575359000001,37.572322440000001
8420416,2017,2017-08-09,4116,2017-06-25,1820,28314,53,7,5,5,4116,0,0,0,,0,00D,"FASHION ISLAND BL","S NORFOLK ST",0.00,,Y,A,-,N,,,,,,,,,,Y,4,0,2,2,A,-,01,23152,,F,D,C,A,A,H,-,A,A,0,,,,,Y,Y,A,01,0,0,2,0,0,0,0,0,0,"- ","- ",37.55424,-122.29173,"SAN MATEO","SAN MATEO",-122.29169994999999,37.554229900000003
8420452,2017,2017-08-09,4116,2017-06-08,0807,26199,32,4,5,5,4116,0,0,0,,0,00C,"HILLSDALE BL","CURTISS ST",0.00,,Y,C,-,N,,,,,,,,,,N,4,0,1,2,A,-,03,22350,,N,C,C,A,B,H,-,A,A,0,,,,,Y,,A,01,0,0,1,0,0,0,0,0,0,"- ","- ",37.539450000000002,-122.29389999999999,"SAN MATEO","SAN MATEO",-122.29390986999999,37.539429949999999
8420490,2017,2017-09-13,4116,2017-02-21,2127,27437,13,2,5,5,4116,0,0,0,,0,00B,"EAST 3RD AV","E 3RD AV 44",0.00,,-,-,-,N,,,,,,,,,,N,3,0,1,2,A,-,01,23152,A,N,G,B,E,-,-,-,-,-,0,Y,,,,Y,,A,01,0,1,0,0,1,0,0,0,0,"- ","- ",37.56371,-122.32494,"SAN MATEO","SAN MATEO",-122.32512385,37.563601490000003
8420948,2017,2018-05-24,4114,2017-05-28,2143,14610,,7,5,4,4114,0,0,0,,0,,"EL CAMINO REAL","SAN DIEGO",0.00,,Y,B,-,Y,SM,4,82,-,-,17.268,I,5,N,N,4,0,1,2,A,-,10,21950,A,N,G,B,C,A,H,-,D,D,0,Y,,,,Y,Y,A,01,0,0,1,0,1,0,0,0,0,"- ","- ",,,"SAN MATEO","SAN BRUNO",-122.40371020000001,37.612604930000003