CASE_ID,ACCIDENT_YEAR,PROC_DATE,JURIS,COLLISION_DATE,COLLISION_TIME,OFFICER_ID,REPORTING_DISTRICT,DAY_OF_WEEK,CHP_SHIFT,POPULATION,CNTY_CITY_LOC,SPECIAL_COND,BEAT_TYPE,CHP_BEAT_TYPE,CITY_DIVISION_LAPD,CHP_BEAT_CLASS,BEAT_NUMBER,PRIMARY_RD,SECONDARY_RD,DISTANCE,DIRECTION,INTERSECTION,WEATHER_1,WEATHER_2,STATE_HWY_IND,CALTRANS_COUNTY,CALTRANS_DISTRICT,STATE_ROUTE,ROUTE_SUFFIX,POSTMILE_PREFIX,POSTMILE,LOCATION_TYPE,RAMP_INTERSECTION,SIDE_OF_HWY,TOW_AWAY,COLLISION_SEVERITY,NUMBER_KILLED,NUMBER_INJURED,PARTY_COUNT,PRIMARY_COLL_FACTOR,PCF_CODE_OF_VIOL,PCF_VIOL_CATEGORY,PCF_VIOLATION,PCF_VIOL_SUBSECTION,HIT_AND_RUN,TYPE_OF_COLLISION,MVIW,PED_ACTION,ROAD_SURFACE,ROAD_COND_1,ROAD_COND_2,LIGHTING,CONTROL_DEVICE,CHP_ROAD_TYPE,PEDESTRIAN_ACCIDENT,BICYCLE_ACCIDENT,MOTORCYCLE_ACCIDENT,TRUCK_ACCIDENT,NOT_PRIVATE_PROPERTY,ALCOHOL_INVOLVED,STWD_VEHTYPE_AT_FAULT,CHP_VEHTYPE_AT_FAULT,COUNT_SEVERE_INJ,COUNT_VISIBLE_INJ,COUNT_COMPLAINT_PAIN,COUNT_PED_KILLED,COUNT_PED_INJURED,COUNT_BICYCLIST_KILLED,COUNT_BICYCLIST_INJURED,COUNT_MC_KILLED,COUNT_MC_INJURED,PRIMARY_RAMP,SECONDARY_RAMP,LATITUDE,LONGITUDE,COUNTY,CITY,POINT_X,POINT_Y
8555427,2018,2018-02-20,4109,2018-01-17,1126,14435,,3,5,4,4109,0,0,0,,0,099,"HAVEN AV","HAVEN AV 3580",20.00,N,N,A,-,N,,,,,,,,,,Y,4,0,1,3,A,-,09,21801,A,N,D,C,A,A,H,-,A,D,0,,,,,Y,,A,01,0,0,1,0,0,0,0,0,0,"- ","- ",37.485889434814453,-122.18672943115234,"SAN MATEO","MENLO PARK",,
8557065,2018,2018-03-13,4116,2018-02-05,0913,25128,53,1,5,5,4116,0,0,0,,0,00D,"FASHION ISLAND BL","S NORFOLK ST",1168.00,W,N,A,-,N,,,,,,,,,,N,4,0,1,2,A,-,03,22350,A,N,C,C,A,A,H,-,A,D,0,,,,,Y,,J,48,0,0,1,0,0,0,0,0,0,"- ","- ",,,"SAN MATEO","SAN MATEO",-122.29208374023438,37.554050445556641
8557362,2018,2018-08-02,4100,2018-02-03,1210,18060,1G,6,5,2,4118,0,0,0,,0,030,"LA HONDA RD","LA HONDA RD 895",110.00,W,N,A,-,Y,SM,4,84,-,-,16.780,H,-,N,Y,3,0,1,1,A,-,03,22350,,N,F,A,A,A,H,-,A,D,0,,,Y,,Y,,C,02,0,1,0,0,0,0,0,0,1,"- ","- ",,,"SAN MATEO",WOODSIDE,-122.25655364990234,37.397289276123047
8565921,2018,2018-03-02,4127,2018-01-29,1917,2233,4127,1,5,4,4127,0,0,0,,0,003,"COOLEY AV","SCHEMBRI LN",48.00,W,N,A,-,N,,,,,,,,,,N,3,0,1,2,A,-,11,21954,A,N,G,B,D,A,H,-,C,A,0,Y,,,,Y,Y,N,60,0,1,0,0,1,0,0,0,0,"- ","- ",,,"SAN MATEO","EAST PALO ALTO",-122.13935852050781,37.466861724853516
8567671,2018,2018-03-16,4127,2018-01-13,1737,2166,4127,6,5,4,4127,0,0,0,,0,001,"NEWBRIDGE ST","WILLOW RD",0.00,,Y,A,-,N,,,,,,,,,,N,3,0,1,2,A,-,12,21453,A,N,H,G,A,A,H,-,C,A,0,,Y,,,Y,,L,04,0,1,0,0,0,0,1,0,0,"- ","- ",,,"SAN MATEO","EAST PALO ALTO",-122.15438842773438,37.472801208496094
8568661,2018,2018-03-20,4113,2018-02-16,0000,431,4,5,5,5,4113,0,0,0,,0,004,"BAY RD","8TH AV",72.00,S,N,A,-,N,,,,,,,,,,Y,3,0,1,3,A,-,05,21650,,N,A,E,A,A,H,-,A,D,0,,,,,Y,,A,01,0,1,0,0,0,0,0,0,0,"- ","- ",37.48065185546875,-122.19606781005859,"SAN MATEO","REDWOOD CITY",-122.19586944580078,37.480571746826172
8568736,2018,2018-03-14,4117,2018-02-20,2210,13DF04,02AB,2,5,5,4117,0,0,0,,0,004,"OYSTER POINT BL","VETERANS BL",0.00,,Y,A,-,N,,,,,,,,,,N,3,0,1,2,A,-,12,21453,A,N,D,C,A,A,H,-,C,A,0,,,,,Y,,A,01,0,1,0,0,0,0,0,0,0,"- ","- ",37.662479400634766,-122.39305114746094,"SAN MATEO","SOUTH SAN FRANCISCO",-122.39299011230469,37.662479400634766
8569331,2017,2018-03-19,4106,2017-11-29,1430,1253,,3,5,6,4106,0,0,0,,0,003,"JUNIPERO SERRA BL","WESTLAKE AV",0.00,,Y,A,-,N,,,,,,,,,,Y,3,0,1,2,A,-,07,21658,A,N,B,C,A,A,H,-,A,A,0,,,,,Y,,A,07,0,1,0,0,0,0,0,0,0,"- ","- ",,,"SAN MATEO","DALY CITY",-122.4708299,37.699489929999999
8575139,2017,2018-06-15,4106,2017-11-17,1817,2121,,5,5,6,4106,0,0,0,,0,002,"MISSION ST","WEST MARKET",80.00,N,N,A,-,Y,SM,4,82,-,-,23.800,H,-,S,N,3,0,1,2,A,-,11,21954,A,N,G,B,D,A,H,-,C,A,0,Y,,,,Y,Y,A,01,0,1,0,0,1,0,0,0,0,"- ","- ",,,"SAN MATEO","DALY CITY",-122.46591071,37.689855260000002
8575165,2018,2018-08-10,4127,2018-02-19,1748,2234,4127,1,5,4,4127,0,0,0,,0,004,"RT 101","UNIVERSITY AV",9.00,S,N,A,-,Y,SM,4,101,-,-,0.884,R,1,N,N,3,0,1,2,A,-,03,22350,,N,C,C,A,A,H,-,A,D,0,,,,,Y,,A,07,0,1,0,0,0,0,0,0,0,NF,"- ",,,"SAN MATEO","EAST PALO ALTO",-122.14084625244141,37.460575103759766
8575865,2018,2018-03-22,4106,2018-02-15,1407,2143,,4,5,6,4106,0,0,0,,0,003,"WESTLAKE AV","JUNIPERO SERRA BL",20.00,E,N,A,-,N,,,,,,,,,,N,3,0,1,2,A,-,21,22106,,N,C,C,A,A,H,-,A,A,0,,,,,Y,,A,01,0,1,0,0,0,0,0,0,0,"- ","- ",,,"SAN MATEO","DALY CITY",-122.47076416015625,37.699489593505859
8579227,2018,2018-08-10,4117,2018-03-03,1328,06KW06,14AE,6,5,5,4117,0,0,0,,0,002,"RT 82","FRANCISCO DR",272.00,N,N,C,-,Y,SM,4,82,-,-,19.810,H,-,N,Y,3,0,2,2,A,-,03,22350,,N,C,C,A,B,D,-,A,D,0,,,,,Y,,A,01,0,2,0,0,0,0,0,0,0,"- ","- ",37.645999908447266,-122.42748260498047,"SAN MATEO","SOUTH SAN FRANCISCO",-122.42652893066406,37.644569396972656
8581545,2018,2018-03-29,4113,2018-03-06,0807,316,3,2,5,5,4113,0,0,0,,0,003,"LATHROP ST","BEECH ST",0.00,,Y,A,-,N,,,,,,,,,,N,4,0,1,2,A,-,03,22350,,N,C,C,A,A,H,-,A,D,0,,,,,Y,,A,07,0,0,1,0,0,0,0,0,0,"- ","- ",37.480491638183594,-122.22557830810547,"SAN MATEO","REDWOOD CITY",-122.22557067871094,37.48046875
8581735,2018,2018-03-29,4113,2018-02-15,0739,381,4,4,5,5,4113,0,0,0,,0,004,"10TH AV","10TH AV 903",0.00,,Y,A,-,N,,,,,,,,,,N,3,0,1,2,A,-,03,22350,,F,C,C,A,A,A,-,A,A,0,,,,,Y,,-,,0,1,0,0,0,0,0,0,0,"- ","- ",37.47998046875,-122.19394683837891,"SAN MATEO","REDWOOD CITY",-122.19450000000001,37.479934
8585886,2018,2018-04-10,4127,2018-03-26,1752,2234,4127,1,5,4,4127,0,0,0,,0,004,"CAPITOL AV","SCOFIELD AV",3.00,E,N,A,-,N,,,,,,,,,,N,4,0,1,2,A,-,05,21650,,N,D,D,A,A,H,-,A,A,0,,,Y,,Y,,A,01,0,0,1,0,0,0,0,0,1,"- ","- ",,,"SAN MATEO","EAST PALO ALTO",-122.14063262939453,37.457698822021484
8587881,2018,2018-05-08,4106,2018-03-14,1320,1181,,3,5,6,4106,0,0,0,,0,004,"PARK PLAZA DR","BEL MAR AV",28.00,N,N,A,-,N,,,,,,,,,,N,4,0,1,2,A,-,03,22350,,N,C,C,A,A,H,-,A,D,0,,,,,Y,,D,22,0,0,1,0,0,0,0,0,0,"- ","- ",,,"SAN MATEO","DALY CITY",-122.48125457763672,37.700191497802734
8589434,2018,2018-04-06,4113,2018-02-21,1504,348,4,3,5,5,4113,0,0,0,,0,004,"BAY RD","DOUGLAS AV",0.00,,Y,A,-,N,,,,,,,,,,N,3,0,1,3,A,-,03,22350,,F,C,C,A,A,H,-,A,D,0,,,,,Y,,-,,0,1,0,0,0,0,0,0,0,"- ","- ",37.484321594238281,-122.20823669433594,"SAN MATEO","REDWOOD CITY",-122.20822906494141,37.484340667724609
8589486,2018,2018-04-05,4113,2018-03-04,1301,309,4,7,5,5,4113,0,0,0,,0,004,"SEAPORT BL","LIGHTING POLE #206",0.00,,-,A,-,N,,,,,,,,,,N,2,0,1,2,A,-,17,21367,C,N,H,G,A,A,H,-,A,A,0,,Y,,,Y,,A,01,1,0,0,0,0,0,1,0,0,"- ","- ",37.511379241943359,-122.20487213134766,"SAN MATEO","REDWOOD CITY",,
8590406,2018,2018-04-09,4116,2018-02-10,1440,28071,13,6,5,5,4116,0,0,0,,0,0DT,"2ND AV","SOUTH B ST",120.00,E,N,A,-,N,,,,,,,,,,N,3,0,1,2,A,-,03,22350,,N,C,C,A,A,H,-,A,A,0,,,,,Y,,A,01,0,1,0,0,0,0,0,0,0,"- ","- ",37.566120147705078,-122.32209777832031,"SAN MATEO","SAN MATEO",-122.32292938232422,37.566474914550781
8590783,2018,2018-07-31,4101,2018-03-12,1830,14TB01,,1,5,2,4101,0,0,0,,0,001,"RT 82","FAIR OAKS LN",30.00,S,N,C,-,Y,SM,4,82,-,-,1.870,H,-,N,Y,4,0,1,3,A,-,03,22350,,N,C,C,A,B,H,-,B,A,0,,,,,Y,,A,01,0,0,1,0,0,0,0,0,0,"- ","- ",37.462169647216797,-122.19999694824219,"SAN MATEO",ATHERTON,-122.19994354248047,37.462024688720703
8592824,2018,2018-08-06,4111,2018-02-17,1016,P5151,P14,6,5,4,4111,0,0,0,,0,0P3,"RT 1","SEA BOWL LN",443.00,S,N,A,-,Y,SM,4,1,-,-,41.820,H,-,N,Y,3,0,1,2,A,-,03,22350,,N,C,C,A,A,H,-,A,B,0,,,,,Y,,D,22,0,1,0,0,0,0,0,0,0,"- ","- ",37.607051849365234,-122.49594116210938,"SAN MATEO",PACIFICA,-122.49766540527344,37.606899261474609
8592980,2018,2018-04-11,4120,2018-02-13,0820,206,,2,5,4,4120,0,0,0,,0,00X,"EAST HILLSDALE BL","PILGRIM DR",0.00,,Y,A,-,N,,,,,,,,,,N,3,0,1,2,A,-,03,22350,,N,C,C,A,A,H,-,A,A,0,,,,,Y,,A,08,0,1,0,0,0,0,0,0,0,"- ","- ",37.563579559326172,-122.26789093017578,"SAN MATEO","FOSTER CITY",-122.26806640625,37.563579559326172
8592996,2018,2018-04-11,4120,2018-02-06,1315,206,,2,5,4,4120,0,0,0,,0,00Y,"SHELL BL","CATAMARAN ST",0.00,,Y,A,-,N,,,,,,,,,,N,3,0,1,2,A,-,09,21802,A,N,A,C,A,A,H,-,A,A,0,,,,,Y,,A,01,0,1,0,0,0,0,0,0,0,"- ","- ",37.552219390869141,-122.26349639892578,"SAN MATEO","FOSTER CITY",-122.26358795166016,37.552211761474609
8593497,2018,2018-08-10,4113,2018-03-26,1707,417,5,1,5,5,4113,0,0,0,,0,005,"WOODSIDE RD","ORCHARD AV",0.00,,Y,A,-,Y,SM,4,84,-,-,24.007,I,5,S,N,4,0,1,2,A,-,09,21801,A,N,D,C,A,A,H,-,A,D,0,,,,,Y,,A,01,0,0,1,0,0,0,0,0,0,"- ","- ",37.4669189453125,-122.22457885742188,"SAN MATEO","REDWOOD CITY",-122.22411346435547,37.466770172119141
8595821,2018,2018-04-17,4109,2018-02-12,1003,145755,,1,5,4,4109,0,0,0,,0,001,"EL CAMINO REAL","CAMBRIDGE AV",0.00,,Y,A,-,N,,,82,,,,,,,N,3,0,2,2,A,-,22,23123,5,N,D,C,A,A,H,-,A,A,0,,,,,Y,,A,01,0,1,1,0,0,0,0,0,0,"- ","- ",37.448490142822266,-122.17405700683594,"SAN MATEO","MENLO PARK",-122.17408752441406,37.448444366455078
8597588,2018,2018-04-24,4111,2018-03-10,1716,P5147,P19,6,5,4,4111,0,0,0,,0,0P3,"ROSITA RD","ADOBE DR",179.00,W,N,A,-,N,,,,,,,,,,Y,4,0,1,2,C,-,18,,,N,A,E,A,A,H,-,A,D,0,,,,,Y,,-,"- ",0,0,1,0,0,0,0,0,0,"- ","- ",,,"SAN MATEO",PACIFICA,-122.49735260009766,37.585739135742188
8597652,2018,2018-04-24,4127,2018-03-30,2312,2242,4127,5,5,4,4127,0,0,0,,0,001,"MENALTO AV",NEWBRIDGE,12.00,E,N,A,-,N,,,,,,,,,,N,3,0,1,2,A,-,12,22450,A,N,H,G,A,A,H,-,C,D,0,,Y,,,Y,,A,01,0,1,0,0,0,0,1,0,0,"- ","- ",,,"SAN MATEO","EAST PALO ALTO",-122.14977264404297,37.4713134765625
8597816,2018,2018-08-02,4100,2018-03-31,1318,18060,IF,6,5,2,4118,0,0,0,,0,030,"SKYLINE BL","RT 84",272.00,N,N,A,-,Y,SM,4,35,-,-,10.650,I,5,N,Y,3,0,1,2,A,-,03,22350,,N,B,C,A,A,H,-,A,D,0,,,Y,,Y,,C,02,0,1,0,0,0,0,0,0,1,"- ","- ",,,"SAN MATEO",WOODSIDE,-122.26536560058594,37.387092590332031
8601750,2018,2018-08-10,4100,2018-03-29,1034,25096,HMB,4,5,3,4107,0,0,0,,0,075,"N CABRILLO HWY","KEHOE AV",0.00,,Y,A,-,Y,SM,4,1,-,-,29.740,H,-,N,N,3,0,1,2,A,-,03,22350,,N,C,C,A,A,H,-,A,D,0,,,,,Y,,A,01,0,1,0,0,0,0,0,0,0,"- ","- ",,,"SAN MATEO","HALF MOON BAY",-122.43976593017578,37.47662353515625
8601883,2018,2018-05-16,4106,2018-03-26,0800,1137,06,1,5,6,4106,0,0,0,,0,002,"ABBOT AV","PRICE ST",7.00,N,N,A,-,N,,,,,,,,,,N,4,0,1,2,A,-,10,21950,A,N,G,B,B,A,H,-,A,A,0,Y,,,,Y,,D,22,0,0,1,0,1,0,0,0,0,"- ","- ",,,"SAN MATEO","DALY CITY",-122.46089172363281,37.693069458007812
8602079,2018,2018-05-16,4102,2018-04-25,1625,84165,7,3,5,4,4102,0,0,0,,0,003,"CARLMONT DR","LAKE RD",21.00,E,N,A,-,N,,,,,,,,,,N,3,0,1,2,A,-,06,21760,C,F,H,G,A,A,H,-,A,A,0,,Y,,,Y,,-,99,0,1,0,0,0,0,1,0,0,"- ","- ",37.509490966796875,-122.29933929443359,"SAN MATEO",BELMONT,-122.29926300048828,37.509525299072266
8604037,2018,2018-07-03,4106,2018-03-09,1518,1182,9A,5,5,6,4106,0,0,0,,0,004,"JOHN DALY BL","PONCETTA DR",100.00,E,N,A,-,N,,,,,,,,,,N,4,0,1,2,A,-,03,22350,,N,C,C,A,A,H,-,A,A,0,,,,,Y,,A,01,0,0,1,0,0,0,0,0,0,"- ","- ",,,"SAN MATEO","DALY CITY",-122.4752197265625,37.704158782958984
8604147,2018,2018-08-23,4100,2018-04-19,1907,17680,SNC,4,5,4,4115,0,0,0,,0,051,"EL CAMINO REAL","HOWARD AV",0.00,,Y,A,-,Y,SM,4,82,-,-,5.630,I,5,S,Y,4,0,1,3,A,-,12,21453,A,N,D,C,A,A,H,-,A,A,0,,,,,Y,,A,01,0,0,1,0,0,0,0,0,0,"- ","- ",,,"SAN MATEO","SAN CARLOS",-122.250244140625,37.498760223388672
8606194,2018,2018-05-18,4114,2018-05-07,1507,0825,SNB32,1,5,4,4114,0,0,0,,0,,"SNEATH LN","LOWER CLAREMONT DR",0.00,,Y,A,-,N,,,,,,,,,,Y,3,0,1,2,A,-,17,21461,A,N,C,C,A,A,H,-,A,A,0,,,,,Y,,A,01,0,1,0,0,0,0,0,0,0,"- ","- ",,,"SAN MATEO","SAN BRUNO",-122.4455999,37.624990019999998
8606434,2018,2018-05-16,4116,2018-04-16,0800,27909,37,1,5,5,4116,0,0,0,,0,00C,"36TH AV","ALAMEDA DE LAS PULGAS",0.00,,Y,A,-,N,,,,,,,,,,N,3,0,1,2,A,-,10,21950,A,F,G,B,B,A,H,-,A,A,0,Y,,,,Y,,-,,0,1,0,0,1,0,0,0,0,"- ","- ",37.530200958251953,-122.30722808837891,"SAN MATEO","SAN MATEO",-122.30721282958984,37.530178070068359
8606470,2018,2018-05-17,4116,2018-04-30,2215,28252,53,1,5,5,4116,0,0,0,,0,00D,"SOUTH NORFOLK ST","NORFOLK ST",0.00,,Y,A,-,N,,,,,,,,,,N,3,0,1,2,A,-,21,22106,,N,C,C,A,A,H,-,C,D,0,,,,,Y,,A,01,0,1,0,0,0,0,0,0,0,"- ","- ",37.556610107421875,-122.29505157470703,"SAN MATEO","SAN MATEO",-122.31488037109375,37.575450897216797
8607209,2018,2018-05-16,4113,2018-04-20,1502,434,7,5,5,5,4113,0,0,0,,0,007,"JEFFERSON AV","FARM HILL BL",0.00,,Y,A,-,N,,,,,,,,,,N,4,0,1,2,A,-,03,22350,,N,C,C,A,A,H,-,A,A,0,,,,,Y,,A,07,0,0,1,0,0,0,0,0,0,"- ","- ",37.465240478515625,-122.24922180175781,"SAN MATEO","REDWOOD CITY",-122.24918365478516,37.46527099609375
8608146,2018,2018-04-25,4113,2018-04-03,1610,440,6,2,5,5,4113,0,0,0,,0,006,"ROOSEVELT AV","ADAMS ST",0.00,,Y,A,-,N,,,,,,,,,,N,4,0,1,2,A,-,09,21802,A,N,D,C,A,A,H,-,A,A,0,,,,,Y,,A,01,0,0,1,0,0,0,0,0,0,"- ","- ",37.478160858154297,-122.22676086425781,"SAN MATEO","REDWOOD CITY",-122.22676086425781,37.478141784667969
8609742,2018,2018-05-01,4111,2018-04-05,2235,P5104,P02,4,5,4,4111,0,0,0,,0,0P1,"GATEWAY DR","IMPERIAL DR",7.00,S,N,C,-,N,,,,,,,,,,N,3,0,1,2,A,-,10,21950,A,F,G,B,-,B,H,-,C,D,0,Y,,,,Y,,A,01,0,1,0,0,1,0,0,0,0,"- ","- ",,,"SAN MATEO",PACIFICA,-122.47616577148438,37.658214569091797
8610155,2018,2018-05-07,4111,2018-03-29,1248,P5085,P02,4,5,4,4111,0,0,0,,0,0P1,"HICKEY BL","GATEWAY DR",12.00,E,N,A,-,N,,,,,,,,,,N,4,0,1,2,A,-,10,21950,A,N,G,B,B,A,H,-,A,A,0,Y,,,,Y,,A,01,0,0,1,0,1,0,0,0,0,"- ","- ",,,"SAN MATEO",PACIFICA,-122.47795867919922,37.659713745117188
8614541,2018,2018-04-30,4117,2018-03-21,2354,15PN05,01AJ,3,5,5,4117,0,0,0,,0,001,"UTAH AV","SOUTH AIRPORT BL",100.00,E,N,C,-,N,,,,,,,,,,N,4,0,1,2,A,-,11,21954,A,N,G,B,D,B,H,-,D,D,0,Y,,,,Y,,N,60,0,0,1,0,1,0,0,0,0,"- ","- ",37.645530700683594,-122.40371704101562,"SAN MATEO","SOUTH SAN FRANCISCO",-122.40451812744141,37.645282745361328
8614630,2018,2018-05-07,4117,2018-03-29,1038,05RR05,01AQ,4,5,5,4117,0,0,0,,0,001,"EAST GRAND AV","AIRPORT DR",0.00,,N,A,-,N,,,,,,,,,,Y,3,0,2,2,A,-,03,22350,,N,D,C,A,A,H,-,A,A,0,,,,,Y,,A,01,0,1,1,0,0,0,0,0,0,"- ","- ",37.654708862304688,-122.40773773193359,"SAN MATEO","SOUTH SAN FRANCISCO",-122.40786743164062,37.654670715332031
8614914,2018,2018-05-08,4111,2018-03-29,1243,P5146,P05,4,5,4,4111,0,0,0,,0,001,"CLARIDGE DR",SOUTHMOOR,149.00,S,N,A,-,N,,,,,,,,,,N,3,0,1,4,A,-,08,22107,,N,B,C,A,A,H,-,-,D,0,,,,,Y,,A,01,0,1,0,0,0,0,0,0,0,"- ","- ",37.645210266113281,-122.47048950195312,"SAN MATEO",PACIFICA,-122.47063446044922,37.645092010498047
8617524,2018,2018-08-15,4117,2018-05-24,0915,5RR05,25AA,4,5,5,4117,0,0,0,,0,003,"RT 82","2ND ST",18.00,S,N,B,-,Y,SM,4,82,-,-,20.039,H,-,S,Y,2,0,2,2,A,-,08,22107,,N,C,E,A,A,H,-,A,D,0,,,,Y,Y,,A,07,1,0,1,0,0,0,0,0,0,"- ","- ",37.651878356933594,-122.43182373046875,"SAN MATEO","SOUTH SAN FRANCISCO",-122.42865753173828,37.647434234619141
8618822,2018,2018-05-21,4117,2018-04-30,1334,01CG09,02AA,1,5,5,4117,0,0,0,,0,004,"OYSTER POINT BL","MARINA BL",120.00,E,N,A,-,N,,,,,,,,,,Y,3,0,1,1,A,-,08,22107,,N,E,J,A,A,H,-,A,D,0,,,,,Y,,A,01,0,1,0,0,0,0,0,0,0,"- ","- ",37.6627197265625,-122.38571166992188,"SAN MATEO","SOUTH SAN FRANCISCO",-122.38503265380859,37.663127899169922
8619442,2018,2018-05-25,4109,2018-04-02,0900,145755,,1,5,4,4109,0,0,0,,0,002,"MIDDLEFIELD RD","SEMINARY DR",0.00,,Y,A,-,N,,,,,,,,,,N,3,0,1,2,A,-,08,22107,,N,H,G,A,A,H,-,A,D,0,,Y,,,Y,,A,01,0,1,0,0,0,0,1,0,0,"- ","- ",37.458141326904297,-122.17105102539062,"SAN MATEO","MENLO PARK",-122.17106628417969,37.458091735839844
8621214,2018,2018-05-24,4109,2018-05-02,0737,14749,25,3,5,4,4109,0,0,0,,0,002,"MIDDLEFIELD RD","RAVENSWOOD AV",81.00,S,N,A,-,N,,,,,,,,,,N,4,0,1,2,A,-,03,22350,,N,H,G,A,A,H,-,A,D,0,,Y,,,Y,,A,07,0,0,1,0,0,0,1,0,0,"- ","- ",37.460330963134766,-122.17539215087891,"SAN MATEO","MENLO PARK",-122.17517852783203,37.460166931152344
8623745,2018,2018-05-29,4106,2018-05-07,1225,1151,12,1,5,6,4106,0,0,0,,0,005,"SAINT FRANCIS BL","CLARINADA AV",0.00,,Y,A,-,N,,,,,,,,,,N,3,0,1,2,A,-,08,22107,,N,D,C,A,A,H,-,A,A,0,,,,,Y,,A,01,0,1,0,0,0,0,0,0,0,"- ","- ",,,"SAN MATEO","DALY CITY",-122.48016357421875,37.671230316162109
8623767,2018,2018-05-29,4106,2018-04-19,0545,1129,,4,5,6,4106,0,0,0,,0,001,"GENEVA AV","RIO VERDE AV",0.00,,Y,A,-,N,,,,,,,,,,N,3,0,1,2,A,-,12,21453,A,F,B,C,A,A,H,-,C,A,0,,,Y,,Y,,A,01,0,1,0,0,0,0,0,0,1,"- ","- ",,,"SAN MATEO","DALY CITY",-122.41578674316406,37.707099914550781
8623775,2018,2018-05-29,4106,2018-04-26,2137,2121,,4,5,6,4106,0,0,0,,0,006,"WEMBLEY DR","GELLERT BL",226.00,W,N,A,-,N,,,,,,,,,,N,3,0,1,3,A,-,08,22107,,N,B,E,A,A,H,-,C,D,0,,,,,Y,,A,01,0,1,0,0,0,0,0,0,0,"- ","- ",,,"SAN MATEO","DALY CITY",-122.47005462646484,37.662590026855469
8623787,2018,2018-05-29,4106,2018-04-03,1111,1180,,2,5,6,4106,0,0,0,,0,006,"SERRAMONTE BL","CALLAN BL",0.00,,Y,A,-,N,,,,,,,,,,Y,4,0,1,2,A,-,12,22450,A,N,D,D,A,A,H,-,A,D,0,,,,,Y,,A,01,0,0,1,0,0,0,0,0,0,"- ","- ",,,"SAN MATEO","DALY CITY",-122.47547149658203,37.669399261474609
8625257,2018,2018-05-30,4117,2018-05-09,1712,13NP01,13AI,3,5,5,4117,0,0,0,,0,001,"SOUTH SPRUCE AV","N CANAL ST",40.00,N,N,A,-,N,,,,,,,,,,N,3,0,3,2,A,-,03,22350,,N,C,C,A,A,H,-,A,A,0,,,,,Y,,A,01,0,3,0,0,0,0,0,0,0,"- ","- ",37.651599884033203,-122.41773223876953,"SAN MATEO","SOUTH SAN FRANCISCO",-122.41770935058594,37.651683807373047
8626605,2018,2018-06-05,4101,2018-05-18,0820,14TB01,,5,5,2,4101,0,0,0,,0,001,"MIDDLEFIELD RD","LINDEN AV",225.00,N,N,B,-,N,,,,,,,,,,Y,4,0,1,1,A,-,08,22107,,N,E,I,A,A,H,-,A,D,0,,,,,Y,,A,01,0,0,1,0,0,0,0,0,0,"- ","- ",37.4635009765625,-122.18155670166016,"SAN MATEO",ATHERTON,-122.18226623535156,37.463790893554688
8626609,2018,2018-06-05,4101,2018-05-17,1318,14TB01,,4,5,2,4101,0,0,0,,0,002,"VALPARAISO AV","CRANE ST",50.00,E,N,A,-,N,,,,,,,,,,N,4,0,1,2,A,-,03,22350,,N,C,C,A,A,H,-,A,D,0,,,,,Y,,A,07,0,0,1,0,0,0,0,0,0,"- ","- ",37.453441619873047,-122.18974304199219,"SAN MATEO",ATHERTON,-122.18949127197266,37.453636169433594
8629631,2018,2018-08-23,4100,2018-05-15,0740,25091,4100,2,5,3,4110,0,0,0,,0,062,"EL CAMINO REAL","CENTER ST",0.00,,Y,B,-,Y,SM,4,82,-,-,3.168,I,5,N,Y,3,0,2,2,A,-,12,21453,A,N,D,C,A,A,H,-,A,A,0,,,,,Y,,A,01,0,2,0,0,0,0,0,0,0,"- ","- ",,,"SAN MATEO",MILLBRAE,-122.21823883056641,37.473869323730469
8629988,2018,2018-06-05,4113,2018-04-06,1754,412,11,5,5,5,4113,0,0,0,,0,002,"BRADFORD ST",JEFFERSON,0.00,,Y,C,-,N,,,,,,,,,,Y,3,0,1,2,A,-,09,21800,A,N,D,D,A,B,H,-,A,D,0,,,,,Y,,A,07,0,1,0,0,0,0,0,0,0,"- ","- ",37.488620758056641,-122.22833251953125,"SAN MATEO","REDWOOD CITY",-122.22834777832031,37.488620758056641
8630419,2018,2018-05-31,4113,2018-04-30,2150,440,5,1,5,5,4113,0,0,0,,0,005,"HAZEL AV","LINDEN ST",46.00,E,N,A,-,N,,,,,,,,,,Y,4,0,1,1,A,-,08,22107,,N,E,I,A,A,H,-,C,D,0,,,,,Y,,A,01,0,0,1,0,0,0,0,0,0,"- ","- ",37.474628448486328,-122.22125244140625,"SAN MATEO","REDWOOD CITY",-122.22116851806641,37.474746704101562
8631711,2018,2018-06-07,4104,2018-05-03,1544,0230,21,4,5,4,4104,0,0,0,,0,00C,"COWAN RD","GILBRETH RD",150.00,E,N,A,-,N,,,,,,,,,,Y,3,0,1,3,A,-,21,22106,,N,D,E,A,A,H,-,A,D,0,,,,,Y,,A,01,0,1,0,0,0,0,0,0,0,"- ","- ",37.601280212402344,-122.37667846679688,"SAN MATEO",BURLINGAME,-122.37606048583984,37.6009521484375
8631965,2018,2018-07-09,4113,2018-05-21,1732,295,11,1,5,5,4113,0,0,0,,0,023,"JEFFERSON AV","FRANKLIN ST",0.00,,Y,A,-,N,,,,,,,,,,N,3,0,1,2,A,-,12,21453,A,N,D,C,A,A,H,-,A,A,0,,,,,Y,,A,01,0,1,0,0,0,0,0,0,0,"- ","- ",37.483451843261719,-122.22960662841797,"SAN MATEO","REDWOOD CITY",-122.22972106933594,37.483470916748047