CASE_ID,ACCIDENT_YEAR,PROC_DATE,JURIS,COLLISION_DATE,COLLISION_TIME,OFFICER_ID,REPORTING_DISTRICT,DAY_OF_WEEK,CHP_SHIFT,POPULATION,CNTY_CITY_LOC,SPECIAL_COND,BEAT_TYPE,CHP_BEAT_TYPE,CITY_DIVISION_LAPD,CHP_BEAT_CLASS,BEAT_NUMBER,PRIMARY_RD,SECONDARY_RD,DISTANCE,DIRECTION,INTERSECTION,WEATHER_1,WEATHER_2,STATE_HWY_IND,CALTRANS_COUNTY,CALTRANS_DISTRICT,STATE_ROUTE,ROUTE_SUFFIX,POSTMILE_PREFIX,POSTMILE,LOCATION_TYPE,RAMP_INTERSECTION,SIDE_OF_HWY,TOW_AWAY,COLLISION_SEVERITY,NUMBER_KILLED,NUMBER_INJURED,PARTY_COUNT,PRIMARY_COLL_FACTOR,PCF_CODE_OF_VIOL,PCF_VIOL_CATEGORY,PCF_VIOLATION,PCF_VIOL_SUBSECTION,HIT_AND_RUN,TYPE_OF_COLLISION,MVIW,PED_ACTION,ROAD_SURFACE,ROAD_COND_1,ROAD_COND_2,LIGHTING,CONTROL_DEVICE,CHP_ROAD_TYPE,PEDESTRIAN_ACCIDENT,BICYCLE_ACCIDENT,MOTORCYCLE_ACCIDENT,TRUCK_ACCIDENT,NOT_PRIVATE_PROPERTY,ALCOHOL_INVOLVED,STWD_VEHTYPE_AT_FAULT,CHP_VEHTYPE_AT_FAULT,COUNT_SEVERE_INJ,COUNT_VISIBLE_INJ,COUNT_COMPLAINT_PAIN,COUNT_PED_KILLED,COUNT_PED_INJURED,COUNT_BICYCLIST_KILLED,COUNT_BICYCLIST_INJURED,COUNT_MC_KILLED,COUNT_MC_INJURED,PRIMARY_RAMP,SECONDARY_RAMP,LATITUDE,LONGITUDE,COUNTY,CITY,POINT_X,POINT_Y
90254432,2016,2016-08-26,9330,2016-08-12,1015,020646,,5,1,3,4110,0,1,2,,2,038,"US 101 S/B","BROADWAY AVE",2200.00,N,N,A,-,Y,,,,,,,,,,Y,3,0,1,2,A,-,07,21658,A,N,C,C,A,A,H,-,A,D,0,,,Y,,Y,,A,01,0,1,0,0,0,0,0,0,1,"- ","- ",37.590200000000003,-122.3617,"SAN MATEO",MILLBRAE,-122.36758251000001,37.594043319999997
90255138,2016,2016-08-29,9335,2016-08-18,1920,019999,,4,2,4,4114,0,1,1,,2,020,"I-280 N/B","SAN BRUNO AVE",550.00,S,N,A,-,Y,,,280,,,,,,N,Y,4,0,1,2,A,-,03,22350,,N,C,C,A,A,H,-,A,D,0,,,,,Y,,A,01,0,0,1,0,0,0,0,0,0,"- ","- ",37.623640000000002,-122.42779,"SAN MATEO","SAN BRUNO",-122.42785397,37.62359893
90257852,2016,2016-08-31,9335,2016-08-21,0042,021125,,7,3,2,4103,0,1,2,,2,012,"US-101 N/B","ALANA WAY UNDER-CROSSING",4947.00,S,N,B,-,Y,,,101,,,,,,N,Y,3,0,1,1,A,-,08,22107,,N,E,I,A,A,H,-,C,D,0,,,,,Y,Y,A,01,0,1,0,0,0,0,0,0,0,"- ","- ",37.696779999999997,-122.39215,"SAN MATEO",BRISBANE,-122.39223891,37.696760019999999
90257886,2016,2016-08-31,9335,2016-08-20,0239,021125,,6,3,2,4103,0,1,2,,2,012,"US-101 S/B","SIERRA POINT PARKWAY UNDER-CROSSING",4170.00,N,N,B,-,Y,,,101,,,,,,S,Y,3,0,1,2,A,-,07,21658,A,N,C,C,A,A,H,-,C,D,0,,,,Y,Y,,A,07,0,1,0,0,0,0,0,0,0,"- ","- ",37.686619999999998,-122.39028,"SAN MATEO",BRISBANE,-122.39023186999999,37.68663067
9026207,2020,2020-02-25,4116,2020-01-21,2054,27730,13A,2,5,5,4116,0,0,0,,0,00A,"TILTON AV","B ST",0.00,,Y,C,-,N,,,,,,,,,,N,3,0,1,2,A,-,03,22350,,N,G,B,B,B,H,-,C,D,0,Y,,,,Y,,A,01,0,1,0,0,1,0,0,0,0,"- ","- ",37.569438934326172,-122.32646942138672,"SAN MATEO","SAN MATEO",-122.32649230957031,37.569431304931641
90262881,2016,2016-09-07,9330,2016-09-01,1927,021315,,4,2,5,4116,0,1,2,,2,038,"US-101 S/B","PENINSULA AVE",2500.00,N,N,A,-,Y,,,,,,,,,,Y,4,0,1,2,A,-,03,22350,,N,C,C,A,A,H,-,A,D,0,,,,,Y,,A,01,0,0,1,0,0,0,0,0,0,"- ","- ",37.586829999999999,-122.34008,"SAN MATEO","SAN MATEO",-122.33635013,37.5866811
90267680,2016,2016-09-14,9330,2016-09-02,1352,021265,,5,1,9,4100,0,2,4,,1,051,"5TH AVE","MIDDLEFIELD RD.",65.00,E,N,A,-,N,,,,,,,,,,N,4,0,2,2,A,-,09,21804,A,N,D,C,A,A,H,-,A,D,0,,,,,Y,,A,08,0,0,2,0,0,0,0,0,0,"- ","- ",,,"SAN MATEO",UNINCORPORATED,-122.20441502,37.47226173
90267759,2016,2016-09-14,9330,2016-09-07,1050,016534,,3,1,5,4116,0,1,2,,2,038,"US-101 S/B","SR-92 O/C",528.00,N,N,A,-,Y,,,,,,,,,,N,4,0,1,2,A,-,07,21658,A,N,B,C,A,A,H,-,A,A,0,,,Y,,Y,,A,01,0,0,1,0,0,0,0,0,1,"- ","- ",,,"SAN MATEO","SAN MATEO",-122.29598,37.553400000000003
90271350,2016,2016-09-20,9330,2016-09-07,1818,015311,,3,2,9,4100,0,3,5,,2,111,"SR-92 EASTBOUND","CANADA RD",0.00,,Y,A,-,Y,,,,,,,,,,Y,3,0,1,2,A,-,03,22350,,N,C,C,A,A,H,-,A,A,0,,,,,Y,,A,07,0,1,0,0,0,0,0,0,0,"- ","- ",,,"SAN MATEO",UNINCORPORATED,-122.3413099,37.506909970000002
90273345,2016,2016-09-22,9330,2016-09-08,1540,021276,,4,2,9,4100,0,3,5,,2,505,"BAY RD","12TH AVE",0.00,,Y,A,-,N,,,,,,,,,,Y,4,0,2,2,A,-,09,21802,A,N,D,C,A,A,H,-,A,A,0,,,,,Y,,A,07,0,0,2,0,0,0,0,0,0,"- ","- ",37.284570000000002,-122.11338000000001,"SAN MATEO",UNINCORPORATED,-122.19271997,37.47937992
90274071,2016,2017-10-18,9330,2016-09-15,0510,016534,,4,3,4,4104,0,1,2,,2,038,"US-101 S/B","PENINSULA AVEN UE O/C",1056.00,N,N,B,-,Y,,,,,,,,,,Y,4,0,1,5,A,-,08,22107,,N,A,C,A,A,H,-,D,A,0,,,,,Y,,A,01,0,0,1,0,0,0,0,0,0,"- ","- ",,,"SAN MATEO",BURLINGAME,,
90275564,2016,2016-09-26,9335,2016-09-14,0745,016118,,3,1,4,4114,0,1,1,,2,020,"I-280 S/B","SNEATH LANE/SAN BRUNO AVE OFF-RAMP",425.00,N,N,B,-,Y,,,,,,,,,,Y,3,0,2,3,A,-,03,22350,,N,C,C,A,A,H,-,A,D,0,,,,,Y,,A,01,0,1,1,0,0,0,0,0,0,"- ","- ",,,"SAN MATEO","SAN BRUNO",,
90278704,2016,2016-09-29,9335,2016-09-17,0020,021293,,6,3,9,4100,0,1,2,,2,011,"US-101 N/B","SAN BRUNO AVE.",5808.00,S,N,B,-,Y,,,101,,,,,,N,Y,4,0,2,1,A,-,08,22107,,N,E,I,A,A,H,-,D,D,0,,,,,Y,,A,07,0,0,2,0,0,0,0,0,0,"- ","- ",37.614710000000002,-122.39748,"SAN MATEO",UNINCORPORATED,-122.39739697,37.614774670000003
90278830,2016,2016-09-29,9330,2016-09-19,0830,018415,,1,1,9,4100,0,1,1,,2,054,"I-280 SOUTHBOUND","SAND HILL RD.",1056.00,N,N,A,-,Y,,,,,,,,,,N,3,0,1,3,A,-,03,22350,,N,C,C,A,A,H,-,A,D,0,,,,,Y,,A,08,0,1,0,0,0,0,0,0,0,"- ","- ",,,"SAN MATEO",UNINCORPORATED,-122.22335158999999,37.42032983
90281095,2016,2016-09-30,9330,2016-09-20,2119,019960,,2,2,5,4113,0,1,2,,2,048,"US-101 NORTHBOUND","WHIPPLE AVE.",1056.00,S,N,A,-,Y,,,101,,,,,,N,Y,4,0,1,3,A,-,03,22350,,N,C,C,A,A,H,-,D,D,0,,,,Y,Y,,A,01,0,0,1,0,0,0,0,0,0,"- ","- ",37.495330000000003,-122.22924999999999,"SAN MATEO","REDWOOD CITY",-122.22925236,37.495321359999998
90284306,2016,2016-10-05,9335,2016-09-30,1750,020132,,5,2,6,4106,0,1,1,,2,021,"I-280 N/B","SCHOOL STREET OVER-CROSSING",15.00,N,N,A,-,Y,,,280,,,,,,N,Y,4,0,1,2,A,-,04,21703,,N,C,C,A,A,H,-,A,D,0,,,,,Y,,A,01,0,0,1,0,0,0,0,0,0,"- ","- ",37.693449999999999,-122.47018,"SAN MATEO","DALY CITY",-122.47032656,37.693450810000002
90285045,2016,2016-10-06,9330,2016-09-15,1655,020207,,4,2,5,4113,0,1,2,,2,048,"US-101 N/B","WHIPPLE AVE",1056.00,N,N,A,-,Y,,,,,,,,,,Y,4,0,1,2,A,-,03,22350,,N,C,C,A,A,H,-,A,D,0,,,,,Y,,D,22,0,0,1,0,0,0,0,0,0,"- ","- ",,,"SAN MATEO","REDWOOD CITY",-122.2364295,37.497478860000001
90285393,2016,2016-10-06,9330,2016-09-27,0755,020056,,2,1,4,4120,0,1,3,,1,035,"SR-92 W/B","SUBSTATION #5",528.00,W,N,A,-,Y,,,92,,,,,,W,N,4,0,1,3,A,-,03,22350,,N,C,C,A,A,H,-,A,D,0,,,,Y,Y,,F,26,0,0,1,0,0,0,0,0,0,"- ","- ",37.601840000000003,-122.20656,"SAN MATEO","FOSTER CITY",-122.20653557999999,37.601758830000001
9028934,2019,2020-01-24,4104,2019-11-19,0000,9891,,2,5,4,4104,0,0,0,,0,OOH,"EL CAMINO REAL","EASTON DR",0.00,,Y,A,-,N,,,82,,,,,,,N,3,0,1,2,A,-,08,22107,,N,D,C,A,A,H,-,A,A,0,,,,,Y,,A,01,0,1,0,0,0,0,0,0,0,"- ","- ",37.586139678955078,-122.36961364746094,"SAN MATEO",BURLINGAME,-122.36961364746094,37.586128234863281
90289742,2016,2016-10-12,9330,2016-10-03,1630,021276,,1,2,9,4100,0,1,1,,2,054,"I-280 N/B","SAND HILL RD",1584.00,N,N,A,-,Y,,,,,,,,,,Y,4,0,2,3,A,-,03,22350,,N,C,C,A,A,H,-,A,D,0,,,,,Y,,A,07,0,0,2,0,0,0,0,0,0,"- ","- ",,,"SAN MATEO",UNINCORPORATED,-122.22437024,37.421328449999997
90294279,2016,2016-10-18,9330,2016-10-02,0955,020580,,7,1,9,4100,0,1,3,,1,010,"SR-1 N/B","MEDIO AVE.",0.00,,Y,B,-,Y,,,1,,,,,,N,Y,4,0,1,2,A,-,09,21802,A,N,D,C,A,A,H,-,A,A,0,,,,,Y,,A,01,0,0,1,0,0,0,0,0,0,"- ","- ",37.495989999999999,-122.45768,"SAN MATEO",UNINCORPORATED,-122.4576737,37.496005539999999
90295416,2016,2016-10-19,9330,2016-10-14,2045,020735,,5,2,4,4102,0,1,2,,2,048,"US 101 N/B","RALSTON AVE",1000.00,S,N,B,-,Y,,,,,,,,,,Y,4,0,1,1,A,-,08,22107,,N,E,I,A,A,H,-,C,D,0,,,,,Y,,A,01,0,0,1,0,0,0,0,0,0,"- ","- ",37.521180000000001,-122.26416,"SAN MATEO",BELMONT,-122.27,37.526319999999998
90298839,2016,2016-10-24,9335,2016-09-29,1741,021312,,4,2,5,4117,0,1,2,,2,012,"US-101 N/B","OYSTER POINT BLVD. O/C",1584.00,N,N,B,-,Y,,,101,,,,,,N,Y,2,0,1,2,A,-,07,21658,A,F,B,C,A,A,H,-,A,D,0,,,Y,,Y,,A,01,1,0,0,0,0,0,0,0,1,"- ","- ",37.667099999999998,-122.3952,"SAN MATEO","SOUTH SAN FRANCISCO",-122.39521118,37.667110610000002
90301433,2016,2016-10-26,9330,2016-10-13,2335,020577,,4,3,4,4104,0,1,2,,2,038,"US-101 N/B S/OF MILLBRAE","MILLBRAE AVE",1584.00,S,N,A,-,Y,,,101,,,,R,,N,Y,4,0,1,2,A,-,01,23152,A,N,C,C,A,A,H,-,C,D,0,,,,Y,Y,Y,A,07,0,0,1,0,0,0,0,0,0,"- ","- ",37.593919999999997,-122.36658,"SAN MATEO",BURLINGAME,-122.36658,37.593919999999997
90301656,2016,2016-10-26,9330,2016-10-19,1640,019478,,3,2,5,4116,0,1,3,,2,031,"EL CAMINO REAL NB TO SR-92 EB","EL CAMINO REAL",300.00,E,N,A,-,Y,,,,,,,,,,Y,4,0,2,2,A,-,03,22350,,N,C,C,A,A,H,-,A,A,0,,,Y,,Y,,C,02,0,0,2,0,0,0,0,0,1,"- ","- ",,,"SAN MATEO","SAN MATEO",,
90308275,2016,2016-11-01,9335,2016-10-21,1620,020212,,5,2,9,4100,0,1,2,,2,011,"US-101 N/B","SAN BRUNO AVE",0.00,,N,A,-,Y,,,101,,,,,,N,Y,4,0,1,2,A,-,03,22350,,N,C,C,A,A,H,-,A,D,0,,,,,Y,,A,08,0,0,1,0,0,0,0,0,0,"- ","- ",37.626989999999999,-122.40172,"SAN MATEO",UNINCORPORATED,-122.40184856,37.626936489999999
9031044,2020,2020-10-20,4116,2020-01-20,1016,27872,13,1,5,5,4116,0,0,0,,0,0DT,"EL CAMINO REAL",BALDWIN,0.00,,Y,B,-,Y,SM,4,82,-,-,11.920,H,-,N,N,3,0,1,3,A,-,03,22350,,N,C,C,A,A,H,-,A,A,0,,,,Y,Y,,F,26,0,1,0,0,0,0,0,0,0,"- ","- ",37.565399169921875,-122.32795715332031,"SAN MATEO","SAN MATEO",-122.32811737060547,37.565406799316406
9031049,2019,2020-01-30,4113,2019-12-09,0113,462,4,1,5,5,4113,0,0,0,,0,004,BROADWAY,"5TH AV",15.00,S,N,A,-,N,,,,,,,,,,N,3,0,1,1,A,-,01,23152,,M,E,J,A,A,H,-,C,A,0,,,,,Y,Y,A,01,0,1,0,0,0,0,0,0,0,"- ","- ",37.484359741210938,-122.19635772705078,"SAN MATEO","REDWOOD CITY",-122.19664764404297,37.484390258789062
90310501,2016,2016-11-03,9330,2016-10-27,0025,020023,,4,3,5,4113,0,1,2,,2,058,"US-101 S/B","SR-84 (WOODSIDE ROAD)",2640.00,S,N,A,-,Y,,,101,,,,,,S,N,4,0,1,2,A,-,03,22350,,N,C,C,A,A,H,-,D,D,0,,,,,Y,,A,01,0,0,1,0,0,0,0,0,0,"- ","- ",37.488349999999997,-122.21002,"SAN MATEO","REDWOOD CITY",-122.21006341,37.488154289999997
9031178,2020,2020-03-13,4113,2020-01-06,0647,434,11,1,5,5,4113,0,0,0,,0,"2 3","BREWSTER AV","ARGUELLO ST",0.00,,Y,A,-,N,,,,,,,,,,N,3,0,1,2,A,-,10,21950,A,N,G,B,B,A,H,-,B,A,0,Y,,,,Y,,A,01,0,1,0,0,1,0,0,0,0,"- ","- ",37.488189697265625,-122.23467254638672,"SAN MATEO","REDWOOD CITY",-122.23464965820312,37.488201141357422
90312073,2016,2016-11-07,9335,2016-10-25,0825,016118,,2,1,4,4111,0,1,3,,2,041,"SR-1 S/B","MANOR DRIVE OFF-RAMP",1800.00,N,N,B,-,Y,,,,,,,,,,Y,4,0,1,1,A,-,03,22350,,N,E,I,A,B,H,-,A,D,0,,,,,Y,,A,01,0,0,1,0,0,0,0,0,0,"- ","- ",,,"SAN MATEO",PACIFICA,,
90314096,2016,2016-11-08,9330,2016-11-01,0320,021414,,2,3,5,4116,0,1,2,,2,038,"US-101 NORTHBOUND","KEHOE AVE",800.00,S,N,C,-,Y,,,101,,,,,,N,Y,4,0,1,1,A,-,03,22350,,N,E,I,A,B,H,-,C,D,0,,,,,Y,,A,01,0,0,1,0,0,0,0,0,0,"- ","- ",37.561100000000003,-122.30338,"SAN MATEO","SAN MATEO",-122.30333331999999,37.561152030000002
90316392,2016,2016-11-10,9330,2016-11-02,0825,021378,,3,1,9,4100,0,3,5,,2,505,"SAN CARLOS AVENUE","MONTGOMERY AVENUE",0.00,,Y,A,-,Y,,,,,,,,,,Y,4,0,2,2,A,-,09,21802,A,N,D,C,A,A,H,-,A,D,0,,,,,Y,,A,01,0,0,2,0,0,0,0,0,0,"- ","- ",37.45635,-122.22586,"SAN MATEO",UNINCORPORATED,-122.22583999,37.456329949999997
90318149,2016,2016-11-14,9330,2016-10-30,1825,021197,,7,2,9,4100,0,1,3,,1,021,"SR-84 EASTBOUND","PEEK A BOO LN",500.00,E,N,B,-,Y,,,,,,,,,,Y,4,0,2,2,A,-,09,21801,A,N,D,C,A,B,H,-,D,D,0,,,,,Y,,D,22,0,0,2,0,0,0,0,0,0,"- ","- ",37.326830000000001,-122.35481,"SAN MATEO",UNINCORPORATED,,
90318251,2016,2016-11-14,9330,2016-11-02,1340,019478,,3,1,9,4100,0,3,5,,2,511,"ALPINE RD","I-280 NB OFF-RAMP",0.00,,Y,A,-,Y,,,,,,,,,,Y,4,0,1,2,A,-,12,22450,A,N,D,C,A,A,H,-,A,A,0,,,,,Y,,D,22,0,0,1,0,0,0,0,0,0,"- ","- ",,,"SAN MATEO",UNINCORPORATED,,
90320418,2016,2016-11-16,9335,2016-10-31,0735,016118,,1,1,5,4117,0,1,2,,2,012,"US-101 S/B TO AIRPORT BLVD.","AIRPORT BLVD",80.00,E,N,B,-,Y,,,,,,,,,,Y,3,0,1,1,A,-,03,22350,,N,E,I,A,B,H,-,A,D,0,,,,,Y,,A,07,0,1,0,0,0,0,0,0,0,"- ","- ",,,"SAN MATEO","SOUTH SAN FRANCISCO",-122.40685999999999,37.650010000000002
90320474,2016,2016-11-16,9335,2016-11-05,1424,019581,,6,2,6,4106,0,1,1,,2,021,"I-280 N/B","JUNIPERO SERRA BLVD",10.00,S,N,A,-,Y,,,280,,,,,,N,Y,3,0,4,2,A,-,03,22350,,N,C,C,A,A,H,-,A,D,0,,,,,Y,,A,07,0,1,3,0,0,0,0,0,0,"- ","- ",37.695909999999998,-122.4704,"SAN MATEO","DALY CITY",-122.47059133,37.695832170000003
90321061,2016,2016-11-16,9330,2016-11-11,1420,020324,,5,2,9,4100,0,3,5,,2,407,"CANADA RD","JEFFERSON AVE.",5280.00,N,N,A,-,N,,,,,,,,,,Y,4,0,1,1,A,-,08,22107,,N,F,A,A,A,H,-,A,D,0,,,,,Y,,A,01,0,0,1,0,0,0,0,0,0,"- ","- ",37.45731,-122.28729,"SAN MATEO",UNINCORPORATED,-122.28801753,37.457972730000002
90321165,2016,2016-11-16,9335,2016-11-06,0850,019581,,7,1,4,4111,0,1,3,,2,041,"SR-1 N/B","MANOR DR.",1800.00,N,N,B,-,Y,,,1,,,,,,N,Y,4,0,1,1,A,-,08,22107,,N,E,I,A,B,H,-,A,D,0,,,,,Y,,A,07,0,0,1,0,0,0,0,0,0,"- ","- ",37.654119999999999,-122.49039,"SAN MATEO",PACIFICA,-122.49044517,37.654094460000003
9032189,2019,2020-02-04,4113,2019-12-19,1320,380,1,4,5,5,4113,0,0,0,,0,001,"REDWOOD SHORES PKWY","MARLIN DR",25.00,W,N,A,B,N,,,,,,,,,,Y,3,0,1,2,A,-,12,22450,A,N,D,C,A,A,H,-,A,A,0,,,,,Y,,A,01,0,1,0,0,0,0,0,0,0,"- ","- ",37.530559539794922,-122.24564361572266,"SAN MATEO","REDWOOD CITY",-122.24568939208984,37.530490875244141
90327653,2016,2016-11-22,9330,2016-11-10,2107,020023,,4,2,9,4100,0,3,5,,2,505,"SEMICURCULAR (200 BLOCK)","6TH AVE.",100.00,N,N,A,-,N,,,,,,,,,,Y,4,0,2,2,A,-,09,21801,A,N,D,C,A,A,H,-,C,D,0,,,,,Y,,A,01,0,0,2,0,0,0,0,0,0,"- ","- ",37.470199999999998,-122.20493,"SAN MATEO",UNINCORPORATED,-122.20408908,37.470330449999999
90328145,2016,2016-11-23,9330,2016-11-10,1920,016184,,4,2,9,4100,0,1,1,,2,044,"I-280 NORTHBOUND",SR-92,1584.00,S,N,A,-,Y,,,280,,,,,,N,Y,4,0,1,4,A,-,03,22350,,N,C,C,A,A,H,-,D,D,0,,,,,Y,,A,01,0,0,1,0,0,0,0,0,0,"- ","- ",37.500869999999999,-122.32254,"SAN MATEO",UNINCORPORATED,-122.32253976,37.500873249999998
90330355,2016,2016-11-28,9330,2016-11-17,1230,021319,,4,1,4,4120,0,1,3,,1,035,"SR-92 W/B","TURNOUT #1",1000.00,W,N,A,-,Y,,,,,,,,,,Y,4,0,1,2,A,-,03,22350,,N,C,C,A,A,H,-,A,D,0,,,,,Y,,A,07,0,0,1,0,0,0,0,0,0,"- ","- ",37.615690000000001,-122.15979,"SAN MATEO","FOSTER CITY",,
90335137,2016,2016-12-01,9330,2016-11-30,2050,020023,,3,2,4,4109,0,1,2,,2,058,"US-101 S/B","WILLOW RD",5280.00,N,N,A,-,Y,,,101,,,,,,S,Y,3,0,1,2,A,-,01,23152,A,N,C,C,A,A,H,-,D,D,0,,,,,Y,Y,A,01,0,1,0,0,0,0,0,0,0,"- ","- ",37.473210000000002,-122.16330000000001,"SAN MATEO","MENLO PARK",-122.16319185,37.473393020000003
90337622,2016,2016-12-06,9330,2016-11-23,0655,021378,,3,1,5,4113,0,1,2,,2,058,"US-101 S/B","WOODSIDE RD",1584.00,S,N,A,-,Y,,,101,,,,,,S,Y,4,0,2,3,A,-,07,21658,A,N,B,J,A,B,H,-,A,D,0,,,,,Y,,D,22,0,0,2,0,0,0,0,0,0,"- ","- ",37.487549999999999,-122.20679,"SAN MATEO","REDWOOD CITY",-122.20678492,37.487587660000003
90338633,2016,2016-12-07,9335,2016-11-20,0325,021390,,7,3,4,4114,0,1,1,,2,020,"I-280 S/B TO I-380 E/B","CHERRY AVE",1320.00,N,N,B,-,Y,,,280,,,,R,,S,Y,3,0,1,1,A,-,01,23152,A,N,E,I,A,B,H,-,D,D,0,,,,,Y,Y,A,01,0,1,0,0,0,0,0,0,0,"- ","- ",37.627200000000002,-122.43040000000001,"SAN MATEO","SAN BRUNO",-122.43040000000001,37.627200000000002
90338741,2016,2016-12-07,9330,2016-10-01,2330,020894,,6,3,9,4100,0,1,3,,1,011,"SR-92 WESTBOUND","SKYLINE QUARRY ROAD",630.00,W,N,A,-,Y,,,92,,,,,,W,Y,4,0,1,2,A,-,05,21460,A,M,B,C,A,A,H,-,D,D,0,,,,,Y,,D,22,0,0,1,0,0,0,0,0,0,"- ","- ",37.503430000000002,-122.35827,"SAN MATEO",UNINCORPORATED,-122.35825954000001,37.503433080000001
90343018,2016,2016-12-13,9330,2016-12-07,1017,019356,,3,1,5,4116,0,1,3,,2,031,"SR-92 W/B TO SR-82 N/B OFF-RAMP","SR-82 (EL CAMINO REAL)",20.00,E,N,B,-,Y,,,92,,,,R,,W,N,4,0,1,2,A,-,03,22350,,N,C,C,A,A,H,-,A,D,0,,,,,Y,,A,01,0,0,1,0,0,0,0,0,0,"- ","- ",37.551079999999999,-122.31265999999999,"SAN MATEO","SAN MATEO",-122.31265999999999,37.551079999999999
90343265,2016,2016-12-13,9335,2016-12-01,1928,021312,,4,2,4,4114,0,1,1,,2,020,"I-280 N/B","JENEVEIN AVE. U/C",960.00,N,N,A,-,Y,,,280,,,,,,N,Y,4,0,1,2,A,-,07,21658,A,N,B,C,A,A,H,-,D,D,0,,,,,Y,,A,01,0,0,1,0,0,0,0,0,0,"- ","- ",37.620199999999997,-122.4255,"SAN MATEO","SAN BRUNO",-122.42558123000001,37.620144860000003
90344028,2016,2016-12-14,9335,2016-12-07,2340,020084,,3,3,6,4106,0,1,1,,2,021,"I-280 N/B","SERRAMONTE BLVD",540.00,S,N,C,-,Y,,,280,,,,,,N,Y,3,0,1,1,A,-,03,22350,,N,E,I,A,B,H,-,C,D,0,,,,,Y,,A,01,0,1,0,0,0,0,0,0,0,"- ","- ",37.668239999999997,-122.46550000000001,"SAN MATEO","DALY CITY",-122.46563368,37.668227850000001
9034494,2020,2020-11-20,4117,2020-01-02,0214,07JL03,25AA,4,5,5,4117,0,0,0,,0,003,"RT 82","CHESTNUT AV",0.00,,Y,A,-,Y,SM,4,82,-,-,20.650,I,5,S,N,3,0,1,2,A,-,05,21651,B,F,H,G,A,A,H,-,C,A,0,,Y,,,Y,,L,04,0,1,0,0,0,0,1,0,0,"- ","- ",37.648811340332031,-122.43031311035156,"SAN MATEO","SOUTH SAN FRANCISCO",-122.43437194824219,37.655143737792969
9034518,2020,2020-09-24,4117,2020-01-10,1217,18LO10,21AK,5,5,5,4117,0,0,0,,0,003,"RT 82",BART,600.00,S,N,A,-,Y,SM,4,82,-,-,20.910,H,-,N,N,3,0,1,2,A,-,03,22350,,N,C,C,A,A,D,-,A,A,0,,,,,Y,,D,22,0,1,0,0,0,0,0,0,0,"- ","- ",37.659198760986328,-122.43932342529297,"SAN MATEO","SOUTH SAN FRANCISCO",-122.43782806396484,37.657501220703125
90345321,2016,2017-01-26,9330,2016-12-07,0805,020770,,3,1,5,4116,0,1,3,,2,031,"SR-92 E/B TO ALAMEDA DE LAS PULGAS","ALAMEDA DE LAS PULGAS",130.00,W,N,A,-,Y,,,92,,,,R,,E,Y,4,0,2,4,A,-,08,22107,,N,C,I,A,A,H,-,A,D,0,,,,Y,Y,,G,24,0,0,2,0,0,0,0,0,0,"- ","- ",37.546799999999998,-122.3228,"SAN MATEO","SAN MATEO",-122.3228,37.546799999999998
9035030,2020,2020-10-20,4116,2020-02-01,2137,28252,34,6,5,5,4116,0,0,0,,0,00C,"SOUTH EL CAMINO REAL","E 20TH AV",0.00,,Y,A,-,Y,SM,4,82,-,-,10.371,I,5,N,N,4,0,1,2,A,-,12,21453,A,N,D,C,A,A,H,-,C,A,0,,,,,Y,,A,01,0,0,1,0,0,0,0,0,0,"- ","- ",37.548980712890625,-122.31021881103516,"SAN MATEO","SAN MATEO",-122.309814453125,37.548255920410156
9035234,2020,2020-11-03,4127,2020-02-05,1832,222,4127,3,5,4,4127,0,0,0,,0,001,"UNIVERSITY AV","MICHIGAN AV",103.00,W,N,A,-,N,,,,,,,,,,N,4,0,1,1,A,-,08,22107,,M,E,J,A,A,H,-,C,D,0,,,,,Y,,A,01,0,0,1,0,0,0,0,0,0,"- ","- ",,,"SAN MATEO","EAST PALO ALTO",-122.13958740234375,37.473590850830078
9035426,2020,2020-12-15,4113,2020-06-09,1354,462,3,2,5,5,4113,0,0,0,,0,003,"WOODSIDE RD","VETERANS BL",198.00,E,N,A,-,Y,SM,4,84,-,-,25.700,H,-,N,N,4,0,1,2,A,-,08,22107,,N,B,C,A,A,H,-,A,A,0,,,,,Y,,-,"- ",0,0,1,0,0,0,0,0,0,"- ","- ",37.488250732421875,-122.21357727050781,"SAN MATEO","REDWOOD CITY",-122.21304321289062,37.48870849609375
90354329,2016,2016-12-27,9335,2016-12-14,0534,016118,,3,3,9,4100,0,3,5,,2,001,"GUADALUPE CANYON PARKWAY","CARTER STREET",4260.00,W,N,B,-,N,,,,,,,,,,Y,4,0,1,1,A,-,03,22350,,N,E,I,A,B,H,-,D,D,0,,,,,Y,,A,07,0,0,1,0,0,0,0,0,0,"- ","- ",37.698619999999998,-122.42965,"SAN MATEO",UNINCORPORATED,-122.43194231,37.697275439999999
90355447,2016,2016-12-27,9335,2016-12-16,1215,020783,,5,1,4,4114,0,1,1,,2,020,"I-280 S/B","SNEATH LN",980.00,N,N,A,-,Y,,,280,,,,,,S,Y,4,0,1,3,A,-,03,22350,,N,C,C,A,A,H,-,A,D,0,,,,,Y,,A,01,0,0,1,0,0,0,0,0,0,"- ","- ",37.63261,-122.43767,"SAN MATEO","SAN BRUNO",-122.43764408,37.632631940000003
90355499,2016,2016-12-27,9335,2016-12-16,0349,020892,,5,3,2,4103,0,1,2,,2,012,"US-101 N/B","CANDLESTICK PARK",463.00,S,N,B,-,Y,,,101,,,,,,N,Y,4,0,1,1,A,-,08,22107,,N,E,I,A,A,H,-,C,D,0,,,,,Y,,A,07,0,0,1,0,0,0,0,0,0,"- ","- ",37.700389999999999,-122.39319999999999,"SAN MATEO",BRISBANE,-122.39306787,37.700417659999999