CASE_ID,ACCIDENT_YEAR,PROC_DATE,JURIS,COLLISION_DATE,COLLISION_TIME,OFFICER_ID,REPORTING_DISTRICT,DAY_OF_WEEK,CHP_SHIFT,POPULATION,CNTY_CITY_LOC,SPECIAL_COND,BEAT_TYPE,CHP_BEAT_TYPE,CITY_DIVISION_LAPD,CHP_BEAT_CLASS,BEAT_NUMBER,PRIMARY_RD,SECONDARY_RD,DISTANCE,DIRECTION,INTERSECTION,WEATHER_1,WEATHER_2,STATE_HWY_IND,CALTRANS_COUNTY,CALTRANS_DISTRICT,STATE_ROUTE,ROUTE_SUFFIX,POSTMILE_PREFIX,POSTMILE,LOCATION_TYPE,RAMP_INTERSECTION,SIDE_OF_HWY,TOW_AWAY,COLLISION_SEVERITY,NUMBER_KILLED,NUMBER_INJURED,PARTY_COUNT,PRIMARY_COLL_FACTOR,PCF_CODE_OF_VIOL,PCF_VIOL_CATEGORY,PCF_VIOLATION,PCF_VIOL_SUBSECTION,HIT_AND_RUN,TYPE_OF_COLLISION,MVIW,PED_ACTION,ROAD_SURFACE,ROAD_COND_1,ROAD_COND_2,LIGHTING,CONTROL_DEVICE,CHP_ROAD_TYPE,PEDESTRIAN_ACCIDENT,BICYCLE_ACCIDENT,MOTORCYCLE_ACCIDENT,TRUCK_ACCIDENT,NOT_PRIVATE_PROPERTY,ALCOHOL_INVOLVED,STWD_VEHTYPE_AT_FAULT,CHP_VEHTYPE_AT_FAULT,COUNT_SEVERE_INJ,COUNT_VISIBLE_INJ,COUNT_COMPLAINT_PAIN,COUNT_PED_KILLED,COUNT_PED_INJURED,COUNT_BICYCLIST_KILLED,COUNT_BICYCLIST_INJURED,COUNT_MC_KILLED,COUNT_MC_INJURED,PRIMARY_RAMP,SECONDARY_RAMP,LATITUDE,LONGITUDE,COUNTY,CITY,POINT_X,POINT_Y
9255179,2021,2021-05-05,4127,2021-01-08,1807,2253,4127,5,5,4,4127,0,0,0,,0,003,"PULGAS AV","CAMELLIA DR",138.00,W,N,A,-,N,,,,,,,,,,N,4,0,1,2,A,-,08,22107,,F,A,C,A,A,H,-,C,D,0,,,,,Y,,-,,0,0,1,0,0,0,0,0,0,"- ","- ",,,"SAN MATEO","EAST PALO ALTO",-122.12992095947266,37.455699920654297
92556300,2024,2024-07-23,9330,2024-07-16,1720,022837,,2,2,5,4116,0,1,3,,2,031,"SR-92 E/B","ALAMEDA DE LAS PULGAS",50.00,E,N,A,-,Y,SM,,92," ",R,10.586,H,,R,N,4,0,1,2,A,-,03,22350,,N,C,C,A,A,H,-,A,D,0,,,,,Y,,A,07,0,0,1,0,0,0,0,0,0,"- ","- ",37.547130584716797,-122.32253265380859,"SAN MATEO","SAN MATEO",-122.32254028320312,37.547168731689453
9258178,2021,2021-05-10,4116,2021-04-17,1029,28252,23,6,5,5,4116,0,0,0,,0,00A,"16TH AV","SOUTH B ST",58.00,E,N,-,-,N,,,,,,,,,,Y,3,0,1,1,A,-,03,22350,,N,-,-,A,-,-,-,-,-,0,,,,,Y,,A,01,0,1,0,0,0,0,0,0,0,"- ","- ",37.556068420410156,-122.31165313720703,"SAN MATEO","SAN MATEO",-122.31160736083984,37.555809020996094
92602389,2024,2024-07-25,9330,2024-07-18,"515 ",023494,,4,3,5,4113,0,1,2,,2,058,"US-101 S/B","MARSH ROAD",1214.00,N,N,A,-,Y,SM,,101," "," ",3.826,H,,L,N,2,0,2,2,A,-,03,22350,,N,C,C,A,A,H,-,A,D,0,,,,,Y,,A,01,1,0,1,0,0,0,0,0,0,"- ","- ",37.48455810546875,-122.18482208251953,"SAN MATEO","REDWOOD CITY",-122.18482208251953,37.484546661376953
9260967,2021,2021-10-12,4116,2021-06-04,2222,28806,53,5,5,5,4116,0,0,0,,0,00D,"FASHION ISLAND BL","S NORFOLK ST",282.00,E,N,A,-,N,,,,,,,,,,N,4,0,1,3,A,-,03,22350,,N,C,C,A,A,H,-,C,A,0,,,,,Y,,A,01,0,0,1,0,0,0,0,0,0,"- ","- ",37.554241180419922,-122.29173278808594,"SAN MATEO","SAN MATEO",-122.29095458984375,37.554725646972656
9260977,2021,2021-07-20,4116,2021-06-14,2000,26199,54,1,5,5,4116,0,0,0,,0,00D,"FASHION ISLAND BL","RT 92",32.00,W,N,A,-,Y,SM,4,92,-,R,12.822,R,4,W,N,3,0,1,2,A,-,03,22350,,N,C,C,A,A,H,-,B,D,0,,,,,Y,,A,07,0,1,0,0,0,0,0,0,0,"- ",WO,37.557598114013672,-122.28589630126953,"SAN MATEO","SAN MATEO",-122.28501892089844,37.556659698486328
9263136,2021,2021-05-24,4116,2021-05-05,1113,25586,34,3,5,5,4116,0,0,0,,0,00C,"SOUTH EL CAMINO REAL","22ND AV",0.00,,Y,A,-,Y,SM,4,82,-,-,10.200,H,-,S,Y,3,0,1,2,A,-,03,22350,,N,C,C,A,A,H,-,A,D,0,,,,,Y,,A,01,0,1,0,0,0,0,0,0,0,"- ","- ",37.547378540039062,-122.30760955810547,"SAN MATEO","SAN MATEO",-122.30773162841797,37.546352386474609
9264980,2021,2021-05-21,4113,2021-03-27,2152,486,4,6,5,5,4113,0,0,0,,0,004,"HAVEN AV","PAGE ST",0.00,,Y,A,-,N,,,,,,,,,,N,3,0,1,2,A,-,03,22350,,M,B,E,A,A,H,-,D,D,0,,,,,Y,,-,,0,1,0,0,0,0,0,0,0,"- ","- ",37.483070373535156,-122.18991088867188,"SAN MATEO","REDWOOD CITY",-122.19068908691406,37.481472015380859
9265911,2021,2021-06-08,4106,2021-04-23,1510,1241,5,5,5,6,4106,0,0,0,,0,003,"MISSION ST","CASTLE ST",0.00,,Y,A,-,Y,SM,4,82,-,-,23.870,H,-,N,N,4,0,1,2,A,-,08,22107,,M,B,E,A,A,H,-,A,D,0,,,,,Y,,A,01,0,0,1,0,0,0,0,0,0,"- ","- ",,,"SAN MATEO","DALY CITY",-122.46559906005859,37.690914154052734
9265967,2021,2021-05-27,4106,2021-04-20,0206,2137,3,2,5,6,4106,0,0,0,,0,002,"BRUNSWICK ST","WELLINGTON AV",110.00,N,N,A,-,N,,,,,,,,,,Y,3,0,2,4,A,-,08,22107,,N,H,C,A,A,H,-,C,D,0,,,,,Y,,A,01,0,2,0,0,0,0,0,0,0,"- ","- ",,,"SAN MATEO","DALY CITY",-122.45954132080078,37.704963684082031
9266283,2021,2021-05-27,4106,2021-04-23,2257,2093,4,5,5,6,4106,0,0,0,,0,003,"JOHN DALY BL","JUNIPERO SERRA BL",0.00,,Y,E,-,N,,,,,,,,,,N,4,0,2,2,A,-,09,21453,C,N,D,C,A,B,H,-,C,A,0,,,,,Y,,A,01,0,0,2,0,0,0,0,0,0,"- ","- ",,,"SAN MATEO","DALY CITY",-122.47087097167969,37.704978942871094
9267317,2021,2021-06-17,4116,2021-05-20,1520,26724,22,4,5,5,4116,0,0,0,,0,00A,"DELAWARE ST","CONCAR DR",0.00,,Y,A,-,N,,,,,,,,,,Y,3,0,2,2,A,-,09,21453,C,N,A,C,A,A,H,-,A,A,0,,,,,Y,,-,,0,1,1,0,0,0,0,0,0,"- ","- ",37.554328918457031,-122.30610656738281,"SAN MATEO","SAN MATEO",-122.30609893798828,37.554336547851562
9267318,2021,2021-06-17,4116,2021-05-18,1806,28071,14,2,5,5,4116,0,0,0,,0,00A,"NORTH SAN MATEO DR","MONTE DIABLO AV",0.00,,Y,A,-,N,,,,,,,,,,Y,3,0,3,2,A,-,09,21802,A,N,D,C,A,A,H,-,A,A,0,,,,,Y,,A,01,0,3,0,0,0,0,0,0,0,"- ","- ",37.569629669189453,-122.32964324951172,"SAN MATEO","SAN MATEO",-122.32965087890625,37.569618225097656
9268247,2021,2021-05-27,4114,2021-04-11,0948,0825,SNB13,7,5,4,4114,0,0,0,,0,002,"CRYSTAL SPRINGS RD","LINDEN AV",0.00,,Y,A,-,N,,,,,,,,,,N,2,0,1,2,A,-,00,22950,A,N,G,B,B,A,H,-,A,D,0,Y,,,,Y,,A,01,1,0,0,0,1,0,0,0,0,"- ","- ",,,"SAN MATEO","SAN BRUNO",-122.411376953125,37.619674682617188
9271542,2021,2021-06-16,4116,2021-05-23,1726,28444,23,7,5,5,4116,0,0,0,,0,00A,"9TH AV","SOUTH EL CAMINO REAL",0.00,,Y,A,-,Y,SM,4,82,-,-,11.366,I,5,N,N,3,0,1,2,A,-,10,21950,A,N,G,B,B,A,H,-,A,A,0,Y,,,,Y,,A,01,0,1,0,0,1,0,0,0,0,"- ","- ",37.559120178222656,-122.32180786132812,"SAN MATEO","SAN MATEO",-122.32173919677734,37.559131622314453
9273102,2021,2021-06-23,4113,2021-05-19,1452,457,3,3,5,5,4113,0,0,0,,0,003,"WOODSIDE RD","BAY RD",0.00,,Y,A,-,Y,SM,4,84,-,-,25.440,H,-,N,N,3,0,1,2,A,-,04,21703,,N,C,C,A,A,H,-,A,A,0,,,,,Y,,A,01,0,1,0,0,0,0,0,0,0,"- ","- ",37.748538970947266,-122.21452331542969,"SAN MATEO","REDWOOD CITY",-122.21475219726562,37.4852294921875
9273208,2020,2021-06-18,4127,2020-10-04,1812,2263,4127,7,5,4,4127,0,0,0,,0,002,"PULGAS AV","BAY RD",116.00,W,N,A,-,N,,,,,,,,,,N,2,0,1,2,A,-,21,22106,,N,H,E,A,A,H,-,A,D,0,,,,,Y,,-,,1,0,0,0,0,0,0,0,0,"- ","- ",,,"SAN MATEO","EAST PALO ALTO",-122.13186645507812,37.472911834716797
9273693,2021,2021-06-23,4114,2021-05-24,1022,0825,SNB17,1,5,4,4114,0,0,0,,0,001,"WEST SAN BRUNO AV","CHERRY AV",0.00,,Y,A,-,N,,,,,,,,,,N,4,0,1,2,A,-,12,21453,A,N,D,G,A,A,H,-,A,A,0,,Y,,,Y,,L,04,0,0,1,0,0,0,1,0,0,"- ","- ",,,"SAN MATEO","SAN BRUNO",-122.42440795898438,37.625923156738281
9275276,2021,2021-07-06,4104,2021-03-06,1832,25277,N,6,5,4,4104,0,0,0,,0,00N,"OLD BAYSHORE HWY","MAHLER RD",270.00,S,N,A,-,N,,,,,,,,,,N,3,0,3,2,A,-,08,22107,,N,D,C,A,A,H,-,A,D,0,,,,,Y,,A,01,0,3,0,0,0,0,0,0,0,"- ","- ",,,"SAN MATEO",BURLINGAME,-122.36590576171875,37.597187042236328
9276152,2021,2021-08-30,4113,2021-07-24,1811,351,5,6,5,5,4113,0,0,0,,0,005,"CYPRESS ST","RT 84",0.00,,Y,A,-,Y,SM,4,84,-,-,24.388,I,5,N,N,4,0,1,2,A,-,10,21950,A,N,G,B,B,A,H,-,A,A,0,Y,,,,Y,,A,07,0,0,1,0,1,0,0,0,0,"- ","- ",37.471549987792969,-122.22238922119141,"SAN MATEO","REDWOOD CITY",-122.22288513183594,37.472095489501953
9276518,2021,2021-09-29,4106,2021-09-10,0016,2137,10,5,5,6,4106,0,0,0,,0,004,"WESTMOOR AV","SKYLINE BL",0.00,,Y,E,-,Y,SM,4,35,-,-,29.700,I,6,N,Y,4,0,1,1,A,-,01,23152,A,M,E,I,A,A,H,-,C,A,0,,,,,Y,Y,A,01,0,0,1,0,0,0,0,0,0,"- ","- ",,,"SAN MATEO","DALY CITY",-122.48912811279297,37.683319091796875
9279017,2021,2021-07-09,4106,2021-06-08,2020,2131,3,2,5,6,4106,0,0,0,,0,002,"FRANKFORT ST","FRANKFORT ST 100",0.00,,-,A,-,N,,,,,,,,,,N,4,0,1,2,A,-,09,21804,A,N,H,G,A,A,H,-,B,D,0,,Y,,,Y,,L,04,0,0,1,0,0,0,1,0,0,"- ","- ",,,"SAN MATEO","DALY CITY",-122.44386900000001,37.706485000000001
9280177,2021,2021-06-23,4113,2021-05-07,1247,351,3,5,5,5,4113,0,0,0,,0,003,"WOODSIDE RD","MIDDLEFIELD RD",300.00,W,N,A,-,Y,SM,4,84,-,-,25.000,H,-,N,N,3,0,1,2,A,-,00,23103,,N,C,C,A,A,H,-,A,D,0,,,Y,,Y,,C,02,0,1,0,0,0,0,0,0,1,"- ","- ",37.481098175048828,-122.21898651123047,"SAN MATEO","REDWOOD CITY",-122.21950531005859,37.480434417724609
9280371,2021,2021-06-28,4104,2021-05-08,1858,0256,4,6,5,4,4104,0,0,0,,0,00A,"RT 82","FLORIBUNDA AV",0.00,,Y,A,-,Y,SM,4,82,-,-,13.690,I,5,N,N,3,0,1,2,A,-,10,21950,A,N,G,B,B,A,H,-,C,A,0,Y,,,,Y,,A,07,0,1,0,0,1,0,0,0,0,"- ","- ",37.578178405761719,-122.35545349121094,"SAN MATEO",BURLINGAME,-122.35544586181641,37.578178405761719
9281847,2021,2021-06-24,4111,2021-05-20,1115,P5135,P02,4,5,4,4111,0,0,0,,0,0P1,"GATEWAY DR","SPRINGDALE DR",119.00,S,N,A,-,N,,,,,,,,,,Y,3,0,1,2,A,-,08,22107,,N,C,E,A,A,H,-,A,D,0,,,,,Y,,A,01,0,1,0,0,0,0,0,0,0,"- ","- ",,,"SAN MATEO",PACIFICA,-122.47963714599609,37.663246154785156
9285504,2021,2021-07-28,4106,2021-06-13,0939,2177,13B,7,5,6,4106,0,0,0,,0,006,"HICKEY BL","RT 280",0.00,,Y,A,-,Y,SM,4,280,-,R,24.421,R,4,S,Y,3,0,1,2,A,-,12,21453,A,N,D,D,A,A,H,-,A,A,0,,,,,Y,,D,82,0,1,0,0,0,0,0,0,0,"- ","- ",,,"SAN MATEO","DALY CITY",-122.46590423583984,37.666717529296875
9286368,2021,2021-07-20,4113,2021-06-02,1723,457,7,3,5,5,4113,0,0,0,,0,002,"EL CAMINO REAL","WHIPPLE AV",0.00,,Y,A,-,Y,SM,4,82,-,-,4.800,H,-,N,N,3,0,1,2,A,-,04,21703,,N,C,C,A,A,H,-,A,A,0,,,Y,,Y,,C,03,0,1,0,0,0,0,0,0,1,"- ","- ",37.490440368652344,-122.23985290527344,"SAN MATEO","REDWOOD CITY",-122.23957824707031,37.490249633789062
9287032,2021,2021-08-10,4104,2021-06-01,0813,0238,9,2,5,4,4104,0,0,0,,0,00B,"CALIFORNIA DR","CARMELITA AV",0.00,,Y,A,-,N,,,,,,,,,,N,3,0,1,2,A,-,06,21760,A,N,B,G,A,A,H,-,A,A,0,,Y,,,Y,,A,01,0,1,0,0,0,0,1,0,0,"- ","- ",37.586769104003906,-122.36148834228516,"SAN MATEO",BURLINGAME,-122.36151123046875,37.586761474609375
9287404,2021,2021-07-28,4113,2021-06-17,1702,477,6,4,5,5,4113,0,0,0,,0,006,"EL CAMINO REAL","VERA AV",0.00,,Y,A,-,Y,SM,4,82,-,-,3.858,I,5,S,N,3,0,1,3,A,-,03,22350,,N,C,C,A,A,H,-,A,D,0,,,,,Y,,A,01,0,1,0,0,0,0,0,0,0,"- ","- ",37.480548858642578,-122.22756958007812,"SAN MATEO","REDWOOD CITY",-122.22752380371094,37.480567932128906
9287670,2021,2021-08-02,4113,2021-07-13,1645,487,3,2,5,5,4113,0,0,0,,0,003,"WOODSIDE RD",BROADWAY,0.00,,Y,A,-,Y,SM,4,84,-,-,25.567,I,6,S,N,4,0,1,3,A,-,03,22350,,F,C,C,A,A,H,-,A,A,0,,,,,Y,,D,22,0,0,1,0,0,0,0,0,0,"- ","- ",37.487049102783203,-122.21421051025391,"SAN MATEO","REDWOOD CITY",-122.21422576904297,37.487071990966797
9288456,2021,2021-07-07,4116,2021-05-28,1745,27730,14,5,5,5,4116,0,0,0,,0,00A,"SAN MATEO DR","POPLAR AV",41.00,N,N,A,-,N,,,,,,,,,,N,3,0,1,2,A,-,05,21651,A,N,D,G,A,A,H,-,A,D,0,,Y,,,Y,,A,01,0,1,0,0,0,0,1,0,0,"- ","- ",37.572330474853516,-122.33310699462891,"SAN MATEO","SAN MATEO",-122.33255767822266,37.572212219238281
92893965,2024,2024-07-30,9330,2024-07-21,1005,023492,,7,1,9,4100,0,1,3,,1,020,SR-1,SR-84,3221.00,S,N,C,-,Y,SM,,1," "," ",18.872,H,,R,Y,3,0,2,3,A,-,08,22107,,N,A,C,A,B,H,-,A,D,0,,,,,Y,,A,07,0,1,1,0,0,0,0,0,0,"- ","- ",37.330089569091797,-122.39128112792969,"SAN MATEO",UNINCORPORATED,-122.39131164550781,37.330097198486328
9291851,2020,2021-07-14,4127,2020-11-16,2301,2245,4127,1,5,4,4127,0,0,0,,0,003,"DONOHOE ST","UNIVERSITY AV",40.00,S,N,A,-,N,,,,,,,,,,Y,3,0,2,2,A,-,12,21453,A,F,D,C,A,A,H,-,C,A,0,,,,,Y,,A,01,0,2,0,0,0,0,0,0,0,"- ","- ",,,"SAN MATEO","EAST PALO ALTO",-122.14186859130859,37.462669372558594
9292681,2021,2021-09-09,4106,2021-07-08,0720,1137,4,4,5,6,4106,0,0,0,,0,003,"WOODROW ST","WESTLAKE AV",197.00,N,N,B,-,N,,,,,,,,,,Y,4,0,1,3,A,-,07,21658,,N,B,E,A,A,H,-,A,D,0,,,,,Y,,A,01,0,0,1,0,0,0,0,0,0,"- ","- ",,,"SAN MATEO","DALY CITY",-122.46698760986328,37.700019836425781
9295806,2021,2021-08-25,4116,2021-07-08,1458,28252,21,4,5,5,4116,0,0,0,,0,00A,"GARVEY WY","SOUTH DELAWARE ST",96.00,W,N,A,-,N,,,,,,,,,,Y,4,0,1,2,A,-,09,21804,A,N,D,C,A,A,H,-,A,D,0,,,,,Y,,A,01,0,0,1,0,0,0,0,0,0,"- ","- ",37.56298828125,-122.32552337646484,"SAN MATEO","SAN MATEO",-122.30892181396484,37.556522369384766
9297007,2021,2021-09-07,4101,2021-07-09,1520,16KM02,,5,5,2,4101,0,0,0,,0,003,"RT 82","SELBY LN",0.00,,Y,A,-,Y,SM,4,82,-,-,2.614,I,5,S,N,3,0,1,2,A,-,09,21802,A,N,D,G,A,A,H,-,A,A,0,,Y,,Y,Y,,G,25,0,1,0,0,0,0,1,0,0,"- ","- ",37.468391418457031,-122.21079254150391,"SAN MATEO",ATHERTON,-122.21078491210938,37.468448638916016
9297878,2021,2021-08-12,4113,2021-07-15,2035,469,7,4,5,5,4113,0,0,0,,0,007,"EL CAMINO REAL",WHIPPLE,0.00,,Y,A,-,N,,,82,,,,,,,N,3,0,1,2,A,-,03,22350,,N,C,C,A,A,H,-,B,A,0,,,,,Y,,A,08,0,1,0,0,0,0,0,0,0,"- ","- ",37.490440368652344,-122.23985290527344,"SAN MATEO","REDWOOD CITY",-122.23982238769531,37.490467071533203
9298897,2021,2021-08-19,4111,2021-06-28,1325,P5162,P02,1,5,4,4111,0,0,0,,0,0P1,"HICKEY BL","SKYLINE DR",62.00,W,N,B,-,N,,,,,,,,,,N,3,0,1,2,A,-,03,22350,,N,C,C,A,A,H,-,A,D,0,,,,,Y,,A,71,0,1,0,0,0,0,0,0,0,"- ","- ",,,"SAN MATEO",PACIFICA,-122.47602081298828,37.660469055175781
9309220,2021,2021-09-23,4127,2021-05-09,1824,2264,4127,7,5,4,4127,0,0,0,,0,001,"OAKWOOD DR","GARDEN ST",20.00,E,N,A,-,N,,,,,,,,,,N,4,0,3,2,A,-,05,21650,,N,A,C,A,A,H,-,A,D,0,,,,,Y,,A,07,0,0,3,0,0,0,0,0,0,"- ","- ",,,"SAN MATEO","EAST PALO ALTO",-122.14739227294922,37.467117309570312
9315111,2021,2021-10-18,4113,2021-08-04,1642,477,6,3,5,5,4113,0,0,0,,0,006,"EL CAMINO REAL","JACKSON AV",66.00,S,N,A,-,N,,,82,,,,,,,Y,3,0,1,2,A,-,08,22107,,N,C,E,A,A,H,-,A,D,0,,,,,Y,,A,08,0,1,0,0,0,0,0,0,0,"- ","- ",37.481590270996094,-122.22939300537109,"SAN MATEO","REDWOOD CITY",-122.22923278808594,37.481803894042969
9315846,2021,2021-09-10,4127,2021-04-07,1926,2253,4127,3,5,4,4127,0,0,0,,0,003,"PULGAS AV","MYRTLE ST",175.00,E,N,A,-,N,,,,,,,,,,Y,4,0,2,2,A,-,03,22350,,N,C,C,A,A,H,-,A,A,0,,,,,Y,,A,01,0,0,2,0,0,0,0,0,0,"- ","- ",,,"SAN MATEO","EAST PALO ALTO",-122.130126953125,37.463359832763672
9327358,2021,2021-10-30,4101,2021-08-23,1643,17DR01,,1,5,2,4101,0,0,0,,0,001,"MIDDLEFIELD RD","MARSH RD",95.00,S,N,A,-,N,,,,,,,,,,Y,4,0,1,2,A,-,03,22350,,N,C,C,A,A,H,-,A,D,0,,,,,Y,,D,22,0,0,1,0,0,0,0,0,0,"- ","- ",37.468471527099609,-122.19174194335938,"SAN MATEO",ATHERTON,-122.19130706787109,37.468338012695312
9327407,2021,2021-11-03,4116,2021-09-16,1913,28517,34,4,5,5,4116,0,0,0,,0,00C,"ALAMEDA DE LAS PULGAS","MADERA DR",266.00,S,N,-,-,N,,,,,,,,,,N,3,0,1,2,A,-,01,23152,A,M,B,E,A,A,H,-,B,D,0,,,,,Y,Y,A,01,0,1,0,0,0,0,0,0,0,"- ","- ",37.542999267578125,-122.31794738769531,"SAN MATEO","SAN MATEO",-122.31858825683594,37.543735504150391
9327537,2021,2021-09-16,4127,2021-08-04,1915,2253,4127,3,5,4,4127,0,0,0,,0,003,"AZALIA DR","VERBENA DR",19.00,E,N,A,-,N,,,,,,,,,,Y,4,0,1,3,A,-,09,21802,A,N,D,C,A,A,H,-,A,A,0,,,,,Y,Y,A,07,0,0,1,0,0,0,0,0,0,"- ","- ",,,"SAN MATEO","EAST PALO ALTO",-122.12792205810547,37.458766937255859
9337263,2021,2021-10-09,4127,2021-06-24,1741,2269,4127,4,5,4,4127,0,0,0,,0,001,"UNIVERSITY AV","BELL ST",0.00,,Y,A,-,N,,,,,,,,,,N,4,0,1,2,A,-,10,21950,A,N,G,B,B,A,H,-,A,A,0,Y,,,,Y,,D,22,0,0,1,0,1,0,0,0,0,"- ","- ",,,"SAN MATEO","EAST PALO ALTO",-122.14156341552734,37.465587615966797
9337462,2021,2021-10-19,4111,2021-09-10,1911,P5136,P18,5,5,4,4111,0,0,0,,0,0P3,"LINDA MAR BL","RT 1",251.00,E,N,A,-,N,,,,,,,,,,N,4,0,1,2,A,-,21,22106,,N,C,C,A,A,H,-,A,A,0,,,,,Y,,A,01,0,0,1,0,0,0,0,0,0,"- ","- ",,,"SAN MATEO",PACIFICA,-122.503266,37.595444999999998
9338298,2021,2021-09-29,4127,2021-07-23,2320,2257,4127,5,5,4,4127,0,0,0,,0,001,"NEWBRIDGE ST","SARATOGA AV",0.00,,Y,A,-,N,,,,,,,,,,Y,2,0,2,2,A,-,12,22450,A,N,D,C,A,A,H,-,C,A,0,,,,,Y,,A,01,2,0,0,0,0,0,0,0,0,"- ","- ",,,"SAN MATEO","EAST PALO ALTO",-122.15371704101562,37.472579956054688
9346500,2021,2021-11-06,4111,2021-09-23,1052,P5119,P02,4,5,4,4111,0,0,0,,0,0P1,"HICKEY BL","GATEWAY DR",366.00,E,N,A,-,N,,,,,,,,,,N,4,0,1,2,A,-,08,22107,,N,B,C,A,A,H,-,A,D,0,,,,,Y,,A,01,0,0,1,0,0,0,0,0,0,"- ","- ",,,"SAN MATEO",PACIFICA,-122.47704315185547,37.660354614257812
9346581,2021,2021-11-03,4111,2021-09-11,1526,P5166,P17,6,5,4,4111,0,0,0,,0,0P3,"BLACKBURN TR","KENT RD",163.00,N,N,A,-,N,,,,,,,,,,N,3,0,1,2,A,-,11,21954,A,N,G,B,E,A,H,-,A,D,0,Y,,,,Y,,N,60,0,1,0,0,1,0,0,0,0,"- ","- ",,,"SAN MATEO",PACIFICA,-122.51236724853516,37.596790313720703
9351739,2021,2021-11-15,4120,2021-10-06,1850,201,8,3,5,4,4120,0,0,0,,0,00Y,"BOOTHBAY AV","EDGEWATER BL",0.00,,Y,A,-,N,,,,,,,,,,N,4,0,1,2,A,-,09,21802,A,N,D,C,A,A,H,-,B,A,0,,,,,Y,,A,07,0,0,1,0,0,0,0,0,0,"- ","- ",37.540401458740234,-122.27162933349609,"SAN MATEO","FOSTER CITY",-122.27176666259766,37.540592193603516
9353919,2021,2021-11-17,4106,2021-10-15,1902,2151,11,5,5,6,4106,0,0,0,,0,005,"LONGVIEW DR","BELCREST AV",94.00,S,N,A,-,N,,,,,,,,,,Y,4,0,1,3,A,-,08,22107,,N,B,E,A,A,H,-,C,D,0,,,,,Y,,A,01,0,0,1,0,0,0,0,0,0,"- ","- ",,,"SAN MATEO","DALY CITY",-122.48945617675781,37.66412353515625
9354778,2021,2021-11-02,4106,2021-09-16,1443,2146,12,4,5,6,4106,0,0,0,,0,005,"EASTMOOR AV","SULLIVAN AV",0.00,,Y,A,-,N,,,,,,,,,,N,3,0,2,2,A,-,08,22107,,N,D,C,A,A,H,-,A,D,0,,,,,Y,,A,07,0,2,0,0,0,0,0,0,0,"- ","- ",37.68463134765625,-122.47487640380859,"SAN MATEO","DALY CITY",-122.47223663330078,37.684494018554688
9355316,2021,2021-11-06,4117,2021-09-15,1923,2146,,3,5,5,4117,0,0,0,,0,,"NORTH ACCESS RD","NORTH ACCESS RD 380",0.00,,Y,A,-,N,,,,,,,,,,Y,3,0,3,2,A,-,03,22350,,F,C,C,A,A,H,-,C,A,0,,,,,Y,,A,01,0,3,0,0,0,0,0,0,0,"- ","- ",,,"SAN MATEO","SOUTH SAN FRANCISCO",-122.39845275878906,37.638576507568359
9356122,2021,2021-11-04,4113,2021-08-31,0832,351,7,2,5,5,4113,0,0,0,,0,007,"BREWSTER AV","ELWOOD ST",0.00,,Y,A,-,N,,,,,,,,,,N,3,0,1,2,A,-,00,21281,5,N,G,B,A,A,H,-,A,A,0,,,,,Y,,M,94,0,1,0,0,0,0,0,0,0,"- ","- ",37.48406982421875,-122.23993682861328,"SAN MATEO","REDWOOD CITY",-122.23995208740234,37.484081268310547
9364118,2021,2021-12-07,4127,2021-10-28,2359,2233,4127,4,5,4,4127,0,0,0,,0,002,"EAST BAYSHORE RD","E BAYSHORE RD 1435",0.00,,N,A,-,N,,,,,,,,,,Y,4,0,1,3,A,-,03,22352,A,N,B,C,A,A,H,-,B,D,0,,,,,Y,Y,A,07,0,0,1,0,0,0,0,0,0,"- ","- ",,,"SAN MATEO","EAST PALO ALTO",-122.13077545166016,37.454524993896484
9366150,2021,2021-12-06,4113,2021-10-16,0126,459,7,6,5,5,4113,0,0,0,,0,007,"WHIPPLE AV","EL CAMINO REAL",0.00,,Y,A,-,N,,,,,,,,,,Y,3,0,1,1,A,-,01,23152,A,N,E,I,A,A,H,-,C,A,0,,,,,Y,Y,A,81,0,1,0,0,0,0,0,0,0,"- ","- ",37.490379333496094,-122.23979187011719,"SAN MATEO","REDWOOD CITY",-122.23981475830078,37.490398406982422
9366173,2021,2021-12-30,4102,2021-11-08,0817,69800,4MD,1,5,4,4102,0,0,0,,0,002,"CHULA VISTA DR","ESCONDIDO WY",49.00,N,N,A,-,N,,,,,,,,,,N,4,0,2,2,A,-,03,22350,,N,C,C,A,A,H,-,A,A,0,,,,,Y,,A,01,0,0,2,0,0,0,0,0,0,"- ","- ",37.514408111572266,-122.28298950195312,"SAN MATEO",BELMONT,-122.28305816650391,37.514522552490234
9368486,2021,2021-12-14,4102,2021-11-15,1840,00675,8SJ,1,5,4,4102,0,0,0,,0,003,"RALSTON AV","CONTINENTALS WY",44.00,W,N,A,-,N,,,,,,,,,,Y,3,0,2,2,A,-,01,23152,A,N,B,C,A,A,H,-,C,A,0,,,,,Y,Y,A,01,0,2,0,0,0,0,0,0,0,"- ","- ",37.512248992919922,-122.30412292480469,"SAN MATEO",BELMONT,-122.30428314208984,37.512298583984375
9369960,2021,2022-01-18,4102,2021-12-21,2313,98750,10BC,2,5,4,4102,0,0,0,,0,003,"RALSTON AV","TAHOE DR",799.00,E,N,C,E,N,,,,,,,,,,Y,3,0,1,1,A,-,03,22350,,N,E,I,A,B,H,-,C,A,0,,,,,Y,,D,22,0,1,0,0,0,0,0,0,0,"- ","- ",37.512649536132812,-122.30937194824219,"SAN MATEO",BELMONT,-122.31143188476562,37.512672424316406