CASE_ID,ACCIDENT_YEAR,PROC_DATE,JURIS,COLLISION_DATE,COLLISION_TIME,OFFICER_ID,REPORTING_DISTRICT,DAY_OF_WEEK,CHP_SHIFT,POPULATION,CNTY_CITY_LOC,SPECIAL_COND,BEAT_TYPE,CHP_BEAT_TYPE,CITY_DIVISION_LAPD,CHP_BEAT_CLASS,BEAT_NUMBER,PRIMARY_RD,SECONDARY_RD,DISTANCE,DIRECTION,INTERSECTION,WEATHER_1,WEATHER_2,STATE_HWY_IND,CALTRANS_COUNTY,CALTRANS_DISTRICT,STATE_ROUTE,ROUTE_SUFFIX,POSTMILE_PREFIX,POSTMILE,LOCATION_TYPE,RAMP_INTERSECTION,SIDE_OF_HWY,TOW_AWAY,COLLISION_SEVERITY,NUMBER_KILLED,NUMBER_INJURED,PARTY_COUNT,PRIMARY_COLL_FACTOR,PCF_CODE_OF_VIOL,PCF_VIOL_CATEGORY,PCF_VIOLATION,PCF_VIOL_SUBSECTION,HIT_AND_RUN,TYPE_OF_COLLISION,MVIW,PED_ACTION,ROAD_SURFACE,ROAD_COND_1,ROAD_COND_2,LIGHTING,CONTROL_DEVICE,CHP_ROAD_TYPE,PEDESTRIAN_ACCIDENT,BICYCLE_ACCIDENT,MOTORCYCLE_ACCIDENT,TRUCK_ACCIDENT,NOT_PRIVATE_PROPERTY,ALCOHOL_INVOLVED,STWD_VEHTYPE_AT_FAULT,CHP_VEHTYPE_AT_FAULT,COUNT_SEVERE_INJ,COUNT_VISIBLE_INJ,COUNT_COMPLAINT_PAIN,COUNT_PED_KILLED,COUNT_PED_INJURED,COUNT_BICYCLIST_KILLED,COUNT_BICYCLIST_INJURED,COUNT_MC_KILLED,COUNT_MC_INJURED,PRIMARY_RAMP,SECONDARY_RAMP,LATITUDE,LONGITUDE,COUNTY,CITY,POINT_X,POINT_Y
6399132,2014,2014-06-26,4113,2014-02-26,1544,295,5,3,5,5,4113,0,0,0,,0,005,"EL CAMINO REAL","N DUMBARTON AV",0.00,,Y,C,-,N,,,,,,,,,,N,3,0,1,2,A,-,11,21954,A,N,G,B,D,B,H,-,A,D,0,Y,,,,Y,,N,60,0,1,0,0,1,0,0,0,0,"- ","- ",,,"SAN MATEO","REDWOOD CITY",-122.21365996999999,37.470649940000001
6399193,2014,2014-06-20,4104,2014-02-24,1706,0204,1,1,5,4,4104,0,0,0,,0,0AA,"CALIFORNIA DR","BAYSWATER AV",281.00,S,N,A,-,N,,,,,,,,,,N,2,0,1,2,A,-,03,22350,,N,C,C,A,A,H,-,A,A,0,,,Y,,Y,,C,02,1,0,0,0,0,0,0,0,1,"- ","- ",,,"SAN MATEO",BURLINGAME,-122.34056040999999,37.577572369999999
6399200,2014,2014-06-20,4113,2014-02-26,1833,403,7,3,5,5,4113,0,0,0,,0,007,"KING ST","JAMES AV",0.00,,Y,C,-,N,,,,,,,,,,N,3,0,1,2,A,-,10,21950,A,N,G,B,D,B,H,-,C,A,0,Y,,,,Y,,A,07,0,1,0,0,1,0,0,0,0,"- ","- ",,,"SAN MATEO","REDWOOD CITY",-122.24144988,37.47779998
6399649,2014,2014-06-05,4106,2014-01-30,1947,2031,1,4,5,6,4106,0,0,0,,0,001,"GENEVA AV","ORIENTE ST",0.00,,Y,A,-,N,,,,,,,,,,Y,3,0,3,2,A,-,09,21802,A,N,B,C,A,A,H,-,C,A,0,,,,,Y,,A,01,0,1,2,0,0,0,0,0,0,"- ","- ",,,"SAN MATEO","DALY CITY",-122.41407988,37.706629919999997
6401287,2014,2014-06-19,4114,2014-02-02,1211,7261,,7,5,4,4114,0,0,0,,0,003,"SNEATH LN","SEQUOIA AV",0.00,,Y,C,-,N,,,,,,,,,,Y,3,0,3,2,A,-,09,21802,A,N,D,C,A,B,H,-,A,A,0,,,,,Y,,A,01,0,1,2,0,0,0,0,0,0,"- ","- ",,,"SAN MATEO","SAN BRUNO",-122.44366986999999,37.625639980000003
6401389,2014,2015-11-16,9345,2014-02-01,1029,19932,,6,1,4,4109,0,1,3,,2,084,"RT 84","UNIVERSITY AV",2570.00,N,N,A,-,Y,SM,4,84,-,R,28.710,H,-,N,Y,3,0,1,1,A,-,08,22107,,N,E,I,A,A,H,-,A,D,1,,,,,Y,,A,07,0,1,0,0,0,0,0,0,0,"- ","- ",37.49194,-122.13628,"SAN MATEO","MENLO PARK",-122.13649203,37.491860959999997
6401848,2014,2014-06-23,4113,2014-03-06,2258,337,4,4,5,5,4113,0,0,0,,0,004,"3RD AV","BAY RD",55.00,E,N,A,-,N,,,,,,,,,,N,4,0,1,3,A,-,03,22350,,N,B,E,A,A,H,-,C,A,0,,,,,Y,,A,01,0,0,1,0,0,0,0,0,0,"- ","- ",,,"SAN MATEO","REDWOOD CITY",-122.20042658,37.482465689999998
6401921,2014,2014-06-23,4113,2014-03-05,0824,380,4,3,5,5,4113,0,0,0,,0,001,"10TH AV","PAGE ST",86.00,E,N,B,-,N,,,,,,,,,,Y,4,0,3,2,A,-,21,22106,,N,H,C,A,A,H,-,A,D,0,,,,,Y,,A,07,0,0,3,0,0,0,0,0,0,"- ","- ",37.482219999999998,-122.19279,"SAN MATEO","REDWOOD CITY",-122.19282266,37.481983229999997
6403682,2014,2016-03-14,9330,2014-02-13,1625,020056,,4,2,4,4115,0,1,2,,2,048,"RT 101","HOLLY ST",2112.00,S,N,A,-,Y,SM,4,101,-,-,8.000,H,-,N,Y,4,0,1,2,A,-,03,22350,,N,C,C,A,A,H,-,A,D,1,,,,,Y,,A,01,0,0,1,0,0,0,0,0,0,"- ","- ",37.507800000000003,-122.24881999999999,"SAN MATEO","SAN CARLOS",-122.25118009000001,37.509711780000004
6405204,2014,2014-06-25,4127,2014-03-04,1728,2208,4127,2,5,4,4127,0,0,0,,0,001,"RALMAR AV","ALBERNI ST",234.00,E,N,A,-,N,,,,,,,,,,N,4,0,1,2,A,-,09,21804,,N,D,C,A,A,H,-,B,D,0,,,,,Y,,A,01,0,0,1,0,0,0,0,0,0,"- ","- ",,,"SAN MATEO","EAST PALO ALTO",-122.14710915000001,37.473812959999997
6411147,2014,2016-02-08,9330,2014-02-28,1430,20391,,5,2,9,4100,0,1,3,,1,056,"RT 82","SELBY LN",40.00,S,N,B,-,Y,SM,4,82,-,-,2.600,H,-,N,Y,4,0,2,3,A,-,03,22350,,N,C,C,A,B,H,-,A,D,0,,,,,Y,,A,01,0,0,2,0,0,0,0,0,0,"- ","- ",37.468380000000003,-122.2105,"SAN MATEO",UNINCORPORATED,-122.21058155999999,37.468307959999997
6413558,2014,2014-06-24,4111,2014-03-03,1644,P5038,P07,1,5,4,4111,0,0,0,,0,0P2,"PALMETTO AV","SHELL DR",61.00,S,N,C,-,N,,,,,,,,,,N,4,0,2,2,A,-,09,21804,A,N,D,C,A,B,H,-,A,D,0,,,,,Y,,A,01,0,0,2,0,0,0,0,0,0,"- ","- ",,,"SAN MATEO",PACIFICA,-122.49243282,37.638712519999999
6417129,2014,2016-03-14,9330,2014-03-17,2215,020580,,1,3,5,4116,0,1,2,,2,048,"RT 101","RT 92",200.00,S,N,A,-,Y,SM,4,101,-,-,11.780,H,-,S,Y,4,0,1,2,A,-,03,22350,,M,C,C,A,A,H,-,C,D,1,,,,,Y,,-,99,0,0,1,0,0,0,0,0,0,"- ","- ",37.551900000000003,-122.29499,"SAN MATEO","SAN MATEO",-122.29500822,37.551986929999998
6417133,2014,2014-06-24,9330,2014-03-15,0236,020454,,6,3,4,4109,0,2,S,,2,901,"VAN BUREN RD","IRIS LN",318.00,N,N,A,-,N,,,,,,,,,,Y,3,0,1,1,A,-,01,23152,A,N,E,I,A,A,H,-,A,D,0,,,,,Y,Y,A,01,0,1,0,0,0,0,0,0,0,"- ","- ",,,"SAN MATEO","MENLO PARK",-122.1684101,37.476259859999999
6417204,2014,2016-03-14,9330,2014-03-05,0955,019356,,3,1,5,4116,0,1,2,,2,038,"RT 101","POPLAR AV",300.00,N,N,A,-,Y,SM,4,101,-,-,14.420,H,-,S,N,3,0,1,1,C,-,18,,,N,E,I,A,A,H,-,A,D,1,,,,,Y,,-,"- ",0,1,0,0,0,0,0,0,0,"- ","- ",37.581009999999999,-122.32523999999999,"SAN MATEO","SAN MATEO",-122.3255159,37.581323529999999
6419076,2014,2014-06-23,4113,2014-03-02,1228,373,4,7,5,5,4113,0,0,0,,0,004,"ROLISON RD",ANNETTE,150.00,S,N,C,-,N,,,,,,,,,,Y,4,0,3,2,A,-,09,21804,A,N,D,C,A,B,H,-,A,A,0,,,,,Y,,A,08,0,0,3,0,0,0,0,0,0,"- ","- ",,,"SAN MATEO","REDWOOD CITY",-122.18547337,37.484495160000002
6419080,2014,2016-06-30,4113,2014-03-04,1326,275,3,2,5,5,4113,0,0,0,,0,003,"WOODSIDE RD",BROADWAY,0.00,,Y,A,-,Y,SM,4,84,-,-,25.580,H,-,S,N,4,0,3,3,A,-,03,22350,,N,C,C,A,A,H,-,A,A,0,,,,,Y,,-,,0,0,3,0,0,0,0,0,0,"- ","- ",,,"SAN MATEO","REDWOOD CITY",-122.21418374,37.487262880000003
6419081,2014,2016-03-04,9330,2014-03-21,1720,20593,,5,2,5,4113,0,1,2,,2,048,"RT 101","WOODSIDE RD",500.00,N,N,A,-,Y,SM,4,101,-,-,5.810,H,-,S,N,4,0,1,2,A,-,03,22350,,N,C,C,A,A,H,-,A,D,1,,,,,Y,,A,01,0,0,1,0,0,0,0,0,0,"- ","- ",,,"SAN MATEO","REDWOOD CITY",-122.21959649999999,37.491510499999997
6419189,2014,2015-11-13,9330,2014-03-03,1848,19960,,1,2,5,4116,0,1,3,,2,031,"RT 92","EDGEWATER RD",1056.00,W,N,C,-,Y,SM,4,92,-,R,12.580,H,-,W,Y,3,0,2,4,A,-,03,22350,,N,C,C,A,B,H,-,D,D,1,,,,,Y,,A,01,0,1,1,0,0,0,0,0,0,"- ","- ",37.554729999999999,-122.2897,"SAN MATEO","SAN MATEO",-122.28890973,37.554998959999999
6420458,2014,2014-06-23,4113,2014-03-21,1351,411,3,5,5,5,4113,0,0,0,,0,003,"BEECH AV",LATHROP,0.00,,Y,A,-,N,,,,,,,,,,Y,4,0,1,2,A,-,09,21802,A,N,D,C,A,A,H,-,A,D,0,,,,,Y,,A,01,0,0,1,0,0,0,0,0,0,"- ","- ",,,"SAN MATEO","REDWOOD CITY",-122.22556985999999,37.480469970000001
6422240,2014,2014-11-19,4117,2014-09-22,1018,01CG09,,1,5,5,4117,0,0,0,,0,,"ARMOUR AV","AIRPORT BL",0.00,,Y,A,-,N,,,,,,,,,,N,4,0,1,2,A,-,06,21755,,N,B,C,A,A,H,-,A,A,0,,,,,Y,,A,01,0,0,1,0,0,0,0,0,0,"- ","- ",,,"SAN MATEO","SOUTH SAN FRANCISCO",-122.40491996999999,37.660129990000001
6422467,2014,2014-07-09,4117,2014-04-17,0753,99RG01,05AD,4,5,5,4117,0,0,0,,0,001,"SHAW RD","SAN MATEO AV",1438.00,E,N,A,-,N,,,,,,,,,,N,3,0,1,2,A,-,05,21752,A,N,B,C,A,A,H,-,A,D,0,,,,Y,Y,,F,25,0,1,0,0,0,0,0,0,0,"- ","- ",,,"SAN MATEO","SOUTH SAN FRANCISCO",-122.40668597,37.640905779999997
6422836,2014,2016-02-08,4104,2014-02-18,1423,237,9,2,5,4,4104,0,0,0,,0,0BC,BROADWAY,"EL CAMINO REAL HWY",150.00,E,N,A,-,Y,SM,4,82,-,-,14.420,I,6,N,N,4,0,1,1,C,-,18,,,N,H,A,A,A,H,-,A,D,0,,Y,,,Y,,-,"- ",0,0,1,0,0,0,1,0,0,"- ","- ",,,"SAN MATEO",BURLINGAME,-122.36625032000001,37.584184350000001
6423054,2014,2016-03-14,9335,2014-02-20,0735,020281,,4,1,9,4100,0,1,2,,2,011,"RT 101","SAN BRUNO AV",806.00,N,N,A,-,Y,SM,4,101,-,R,20.781,R,2,N,Y,4,0,7,1,A,-,08,22107,,N,F,A,A,A,H,-,A,D,1,,,,,Y,,A,07,0,0,7,0,0,0,0,0,0,FR,"- ",37.634,-122.40252,"SAN MATEO",UNINCORPORATED,-122.40409325,37.636916229999997
6424979,2014,2014-06-10,4109,2014-01-16,0835,14485,26,4,5,4,4109,0,0,0,,0,001,"OAK GROVE AV","HOOVER ST",0.00,,Y,A,-,N,,,,,,,,,,N,2,0,1,2,A,-,10,21950,A,N,G,B,B,A,H,-,A,D,0,Y,,,,Y,,A,01,1,0,0,0,1,0,0,0,0,"- ","- ",,,"SAN MATEO","MENLO PARK",-122.18528997999999,37.453219969999999
6425096,2014,2015-11-19,9335,2014-02-25,1835,19086,,2,2,6,4106,0,1,1,,2,021,"RT 280","WASHINGTON ST",20.00,N,N,A,-,Y,SM,4,280,-,R,25.970,H,-,S,N,4,0,1,3,A,-,03,22350,,N,C,C,A,A,H,-,D,D,1,,,,,Y,,A,01,0,0,1,0,0,0,0,0,0,"- ","- ",37.688009999999998,-122.47109,"SAN MATEO","DALY CITY",-122.47104849,37.687923189999999
6425929,2014,2015-11-19,9335,2014-03-25,1015,019434,,2,1,5,4117,0,1,1,,2,021,"RT 280","HICKEY BL",500.00,S,N,B,-,Y,SM,4,280,-,R,24.110,H,-,S,Y,4,0,3,2,A,-,03,22350,,N,C,C,A,A,H,-,D,D,1,,,,,Y,,A,01,0,0,3,0,0,0,0,0,0,"- ","- ",,,"SAN MATEO","SOUTH SAN FRANCISCO",-122.46562426,37.662175380000001
6425957,2014,2015-11-12,9335,2014-03-22,1655,020132,,6,2,4,4111,0,1,3,,2,035,"RT 35","HICKEY BL",40.00,N,N,A,-,Y,SM,4,35,-,-,27.940,H,-,S,N,4,0,3,3,A,-,03,22350,,N,C,C,A,A,H,-,A,A,1,,,,,Y,,A,01,0,0,3,0,0,0,0,0,0,"- ","- ",37.660690000000002,-122.47602000000001,"SAN MATEO",PACIFICA,-122.47591934,37.660683470000002
6427748,2014,2015-11-13,9330,2014-03-22,1140,020056,,6,1,5,4116,0,1,3,,2,031,"RT 92","DELAWARE ST",528.00,E,N,A,-,Y,SM,4,92,-,R,11.730,H,-,W,Y,4,0,1,4,A,-,03,22350,,N,C,C,A,A,H,-,A,D,1,,,,,Y,,D,22,0,0,1,0,0,0,0,0,0,"- ","- ",37.552639999999997,-122.30148,"SAN MATEO","SAN MATEO",-122.30354124,37.552709120000003
6428249,2014,2016-03-14,9330,2014-03-05,1919,020162,,3,2,5,4116,0,1,2,,2,038,"RT 101","KEHOE AV",300.00,N,N,A,-,Y,SM,4,101,-,-,12.630,H,-,N,Y,4,0,1,3,A,-,03,22350,,N,C,C,A,A,H,-,D,D,1,,,,,Y,,A,01,0,0,1,0,0,0,0,0,0,"- ","- ",,,"SAN MATEO","SAN MATEO",-122.30404523,37.56179856
6428384,2014,2014-07-03,4100,2014-03-07,0040,18250,,5,5,2,4112,0,0,0,,0,031,"PORTOLA RD","ALPINE RD",0.00,,Y,A,-,N,,,,,,,,,,Y,3,0,1,1,A,-,01,23152,A,N,E,I,A,A,H,-,D,A,0,,,,,Y,Y,A,07,0,1,0,0,0,0,0,0,0,"- ","- ",,,"SAN MATEO","PORTOLA VALLEY",-122.20821995,37.371759939999997
6428440,2014,2016-03-01,4111,2014-02-22,1034,P5104,P11,6,5,4,4111,0,0,0,,0,0P2,"CABRILLO HWY","WESTPORT DR",60.00,S,N,A,-,Y,SM,4,1,-,R,43.080,H,-,N,N,4,0,1,2,A,-,03,22350,,N,C,C,A,A,H,-,A,D,0,,,,,Y,,A,01,0,0,1,0,0,0,0,0,0,"- ","- ",,,"SAN MATEO",PACIFICA,-122.48498084000001,37.620669929999998
6428509,2014,2016-03-02,9330,2014-02-27,0655,18694,,4,1,9,4100,0,1,1,,2,044,"RT 280","RT 92",200.00,S,N,B,C,Y,SM,4,280,-,-,10.574,R,2,N,Y,3,0,1,1,A,-,03,22350,,N,F,I,A,B,H,-,A,D,1,,,,,Y,,A,01,0,1,0,0,0,0,0,0,0,TO,"- ",,,"SAN MATEO",UNINCORPORATED,-122.33469449,37.504869769999999
6428512,2014,2014-06-27,4100,2014-02-05,1527,18320,21,3,5,4,4115,0,0,0,,0,005,"INDUSTRIAL RD","HOLLY ST",350.00,S,N,B,-,N,,,,,,,,,,N,4,0,1,2,A,-,08,22107,,N,B,C,A,A,H,-,A,D,0,,,,,Y,,A,01,0,0,1,0,0,0,0,0,0,"- ","- ",,,"SAN MATEO","SAN CARLOS",-122.25688575,37.511293070000001
6428521,2014,2015-11-13,9330,2014-02-22,1545,19764,,6,2,9,4100,0,1,3,,1,011,"RT 92","RT 35",1584.00,W,N,A,-,Y,SM,4,92,-,-,6.950,H,-,E,Y,3,0,1,1,A,-,03,22350,,N,E,I,A,A,H,-,A,D,0,,,Y,,Y,,C,02,0,1,0,0,0,0,0,0,1,"- ","- ",37.508560000000003,-122.25205,"SAN MATEO",UNINCORPORATED,-122.35281559000001,37.508537740000001
6428534,2014,2014-06-28,4106,2014-02-23,0105,1262,5,7,5,6,4106,0,0,0,,0,003,"87TH ST","NIMITZ DR",32.00,W,N,A,-,N,,,,,,,,,,Y,4,0,1,2,A,-,08,22107,,M,C,E,A,A,H,-,C,A,0,,,,,Y,,A,01,0,0,1,0,0,0,0,0,0,"- ","- ",,,"SAN MATEO","DALY CITY",-122.48537202,37.693474010000003
6432334,2014,2015-11-12,9330,2014-03-29,1200,019257,,6,1,9,4100,0,1,3,,2,042,"RT 35","RT 92",1320.00,S,N,B,C,Y,SM,4,35,-,-,22.790,H,-,N,Y,4,0,1,2,D,-,00,,,N,B,C,A,-,H,-,A,D,0,,,,,Y,,-,"- ",0,0,1,0,0,0,0,0,0,"- ","- ",,,"SAN MATEO",UNINCORPORATED,-122.36667563,37.493083820000003
6432385,2014,2016-01-23,9330,2014-03-29,1425,020056,,6,2,4,4120,0,1,3,,2,031,"RT 92","FOSTER CITY BL",300.00,W,N,C,-,Y,SM,4,92,-,R,13.454,R,1,E,Y,4,0,1,1,A,-,03,22350,,N,E,I,A,B,H,-,A,D,1,,,,,Y,,A,01,0,0,1,0,0,0,0,0,0,TO,"- ",37.334499999999998,-122.1623,"SAN MATEO","FOSTER CITY",-122.27532315000001,37.562261130000003
6434212,2014,2014-07-10,4103,2014-03-03,1243,8,,1,5,2,4103,0,0,0,,0,,"OLD COUNTY RD","POLE #110156324",58.00,E,N,B,-,N,,,,,,,,,,N,4,0,1,2,A,-,09,21804,A,N,D,C,A,A,H,-,A,D,0,,,,,Y,,A,01,0,0,1,0,0,0,0,0,0,"- ","- ",,,"SAN MATEO",BRISBANE,,
6435126,2014,2015-11-16,4114,2014-03-15,0208,4,,6,5,4,4114,0,0,0,,0,001,"RT 82","BAYHILL DR",0.00,,Y,A,-,Y,SM,4,82,-,-,18.737,I,5,S,Y,3,0,1,2,A,-,01,23152,,N,D,C,A,A,H,-,C,A,0,,,,,Y,Y,A,01,0,1,0,0,0,0,0,0,0,"- ","- ",,,"SAN MATEO","SAN BRUNO",-122.41782704000001,37.630729670000001
6435236,2014,2014-07-01,4104,2014-03-21,1654,0199,10,5,5,4,4104,0,0,0,,0,,"EASTON DR","CASTILLO AV",3.00,W,N,A,-,N,,,,,,,,,,Y,4,0,1,1,A,-,03,22350,,N,E,I,A,A,H,-,A,D,0,,,,,Y,,D,22,0,0,1,0,0,0,0,0,0,"- ","- ",,,"SAN MATEO",BURLINGAME,-122.37620602,37.579663289999999
6435328,2014,2014-07-01,4117,2014-02-24,1525,04CW01,13AE,1,5,5,4117,0,0,0,,0,004,"GRAND AV","MAGNOLIA AV",0.00,,Y,A,-,N,,,,,,,,,,N,4,0,1,2,A,-,10,21950,A,N,G,B,B,A,H,-,A,A,0,Y,,,,Y,,A,01,0,0,1,0,1,0,0,0,0,"- ","- ",,,"SAN MATEO","SOUTH SAN FRANCISCO",-122.41951994999999,37.657259889999999
6436749,2014,2014-06-25,4104,2014-03-31,1340,0204,1,1,5,4,4104,0,0,0,,0,0AA,"PENINSULA AV","HIGHLAND AV",23.00,W,N,C,-,N,,,,,,,,,,Y,4,0,2,3,A,-,12,22450,A,N,A,C,A,B,H,-,A,A,0,,,,,Y,,D,23,0,0,2,0,0,0,0,0,0,"- ","- ",,,"SAN MATEO",BURLINGAME,-122.34099981,37.575948449999999
6437948,2014,2015-11-12,4114,2014-02-23,1909,7,,7,5,4,4114,0,0,0,,0,003,"RT 35","SAN BRUNO AV",1095.00,S,N,A,-,Y,SM,4,35,-,-,24.140,H,-,S,Y,4,0,3,2,A,-,01,23152,A,N,D,C,A,A,H,-,D,D,0,,,,,Y,Y,A,01,0,0,3,0,0,0,0,0,0,"- ","- ",,,"SAN MATEO","SAN BRUNO",-122.43975021,37.616028589999999
6441742,2014,2014-06-25,4113,2014-02-11,1312,413,1,2,5,5,4113,0,0,0,,0,001,"MARINE PKWY","SHELL PKWY",0.00,,Y,A,-,N,,,,,,,,,,N,4,0,1,2,A,-,10,21950,A,N,A,B,B,A,H,-,A,D,0,Y,,,,Y,,A,01,0,0,1,0,1,0,0,0,0,"- ","- ",,,"SAN MATEO","REDWOOD CITY",-122.24930999,37.537819939999999
6444533,2014,2016-04-12,9330,2014-04-03,0645,16324,,4,1,5,4113,0,1,2,,2,048,"RT 101","MAPLE ST",1056.00,N,N,A,-,Y,SM,4,101,-,-,6.080,H,-,S,N,4,0,1,5,A,-,04,21703,,N,C,C,A,A,H,-,A,D,1,,,,,Y,,A,01,0,0,1,0,0,0,0,0,0,"- ","- ",37.49389,-122.22508000000001,"SAN MATEO","REDWOOD CITY",-122.22389832,37.493432349999999
6444675,2014,2014-07-08,4117,2014-03-19,2009,12BS04,07AB,3,5,5,4117,0,0,0,,0,004,"LINDEN AV","ARMOUR AV",120.00,S,N,A,-,N,,,,,,,,,,N,4,0,1,2,A,-,11,21954,A,N,G,B,D,A,H,-,C,D,0,Y,,,,Y,Y,N,60,0,0,1,0,1,0,0,0,0,"- ","- ",,,"SAN MATEO","SOUTH SAN FRANCISCO",-122.4079741,37.66134306
6448823,2014,2014-07-03,4113,2014-03-29,1214,373,8,6,5,5,4113,0,0,0,,0,008,"FARM HILL BL","LONESOME PINE RD",300.00,E,N,C,-,N,,,,,,,,,,N,3,0,1,1,A,-,03,22350,,N,E,J,A,B,H,-,A,D,0,,,,,Y,,A,01,0,1,0,0,0,0,0,0,0,"- ","- ",,,"SAN MATEO","REDWOOD CITY",-122.25563167999999,37.453621490000003
6449059,2014,2015-10-15,4102,2014-03-14,2101,65000,1,5,5,4,4102,0,0,0,,0,001,"OLD COUNTY RD","HARBOR BL",0.00,,Y,A,-,N,,,,,,,,,,N,3,0,2,2,A,-,09,21801,A,N,A,C,A,A,H,-,C,A,0,,,,,Y,Y,A,01,0,1,1,0,0,0,0,0,0,"- ","- ",37.522350000000003,-122.26833999999999,"SAN MATEO",BELMONT,-122.27119997,37.517739890000001
6452021,2014,2014-07-25,9330,2014-04-11,1630,20750,,5,2,9,4100,0,3,5,,2,505,"MACARTHUR AV","HALSEY AV",0.00,,Y,A,-,N,,,,,,,,,,Y,3,0,1,2,A,-,09,21802,A,N,D,C,A,A,H,-,A,A,0,,,Y,,Y,,D,22,0,1,0,0,0,0,0,0,1,"- ","- ",37.479790000000001,-122.21034,"SAN MATEO",UNINCORPORATED,-122.21037997000001,37.479819970000001
6452860,2014,2014-07-09,4117,2014-04-09,1543,3JA06,15A1,3,5,5,4117,0,0,0,,0,002,"KENWOOD WY","HAZELWOOD DR",34.00,S,N,A,-,N,,,,,,,,,,N,4,0,1,2,A,-,11,21954,A,N,G,B,D,A,H,-,A,D,0,Y,,,,Y,,N,60,0,0,1,0,1,0,0,0,0,"- ","- ",,,"SAN MATEO","SOUTH SAN FRANCISCO",-122.42576837,37.642206100000003
6453146,2014,2014-08-01,4104,2014-04-08,1413,0172,11,2,5,4,4104,0,0,0,,0,00B,"CALIFORNIA DR","MILLS AV",372.00,S,N,A,-,N,,,,,,,,,,Y,4,0,1,2,A,-,08,22107,,N,B,E,A,A,H,-,A,D,0,,,,,Y,,A,01,0,0,1,0,0,0,0,0,0,"- ","- ",,,"SAN MATEO",BURLINGAME,-122.36993744999999,37.590253320000002
6453149,2014,2014-08-05,4104,2014-04-01,1345,0237,1,2,5,4,4104,0,0,0,,0,00A,"CAROLAN AV","LAKESHIRE DR",0.00,,N,B,-,N,,,,,,,,,,N,4,0,1,3,A,-,03,22350,,N,C,C,A,B,H,-,A,D,0,,,,,Y,,-,,0,0,1,0,0,0,0,0,0,"- ","- ",,,"SAN MATEO",BURLINGAME,,
6453649,2014,2016-03-30,9335,2014-04-16,1533,18053,,3,2,6,4106,0,1,1,,2,021,"RT 280","JOHN DALY BL",1584.00,S,N,A,-,Y,SM,4,280,-,R,26.870,H,-,N,Y,4,0,2,2,A,-,03,22350,,N,C,C,A,A,H,-,A,D,1,,,,,Y,,A,01,0,0,2,0,0,0,0,0,0,"- ","- ",,,"SAN MATEO","DALY CITY",-122.47136388,37.700684160000002
6454708,2014,2016-03-05,4109,2014-02-27,0814,14451,17,4,5,4,4109,0,0,0,,0,003,"BAYFRONT EXPWY","MARSH RD",0.00,,Y,B,-,Y,SM,4,84,-,R,26.030,H,-,N,N,4,0,1,2,A,-,03,22350,,N,D,C,A,B,H,-,A,A,0,,,,,Y,Y,A,01,0,0,1,0,0,0,0,0,0,"- ","- ",,,"SAN MATEO","MENLO PARK",-122.1791178,37.486249549999997
6454778,2014,2014-07-03,4109,2014-03-17,2306,14916,22,1,5,4,4109,0,0,0,,0,002,"WILLOW RD","MIDDLEFIELD RD",25.00,E,N,A,-,N,,,,,,,,,,N,4,0,1,2,A,-,21,22106,,N,C,C,A,A,H,-,C,A,0,,,,,Y,Y,A,01,0,0,1,0,0,0,0,0,0,"- ","- ",,,"SAN MATEO","MENLO PARK",-122.16402198,37.454657019999999
6454790,2014,2014-07-03,4109,2014-03-12,1520,15342,25,3,5,4,4109,0,0,0,,0,002,"MIDDLEFIELD RD","LINFIELD DR",0.00,,Y,A,-,N,,,,,,,,,,Y,3,0,2,2,A,-,03,22350,,N,C,C,A,A,H,-,A,A,0,,,,,Y,,A,08,0,1,1,0,0,0,0,0,0,"- ","- ",,,"SAN MATEO","MENLO PARK",-122.16736997,37.456239930000002
6455145,2014,2014-07-03,4109,2014-03-12,1749,15164,17,3,5,4,4109,0,0,0,,0,003,"HAVEN AV","MARSH RD",185.00,N,N,A,-,N,,,,,,,,,,N,4,0,1,2,A,-,09,21801,A,N,D,C,A,A,H,-,A,D,0,,,,,Y,,A,01,0,0,1,0,0,0,0,0,0,"- ","- ",,,"SAN MATEO","MENLO PARK",-122.17964445,37.486556090000001
6457922,2014,2016-04-15,9330,2014-04-16,1655,020064,,3,2,4,4127,0,1,2,,2,058,"RT 101","UNIVERSITY AV",300.00,S,N,A,-,Y,SM,4,101,-,-,0.830,H,-,S,N,4,0,1,3,A,-,03,22350,,N,C,C,A,A,H,-,A,D,1,,,,,Y,,A,01,0,0,1,0,0,0,0,0,0,"- ","- ",37.455979999999997,-122.13366000000001,"SAN MATEO","EAST PALO ALTO",-122.13999930999999,37.459798200000002
6457926,2014,2016-04-12,9330,2014-04-08,1150,020761,,2,1,9,4100,0,1,3,,1,021,"RT 84","RT 35",5808.00,W,N,A,-,Y,SM,4,84,-,-,13.910,H,-,S,Y,3,0,1,1,A,-,08,22107,,N,F,A,A,A,H,-,A,D,0,,,Y,,Y,,C,02,0,1,0,0,0,0,0,0,1,"- ","- ",37.373800000000003,-122.26479999999999,"SAN MATEO",UNINCORPORATED,-122.26484771,37.374038220000003
6457930,2014,2015-12-03,9330,2014-04-21,1845,019055,,1,2,9,4100,0,3,5,,2,002,"PORTOLA HEIGHTS RD","RT 35",2640.00,W,N,A,-,N,,,,,,,,,,Y,2,0,2,1,A,-,01,23152,A,N,H,J,A,A,H,-,A,D,0,,,,,Y,Y,A,01,2,0,0,0,0,0,0,0,0,"- ","- ",,,"SAN MATEO",UNINCORPORATED,-122.15962528999999,37.289890960000001
6459344,2014,2016-04-15,9330,2014-04-25,1530,20760,,5,2,4,4115,0,1,2,,2,048,"RT 101","BRITTAN AV",100.00,N,N,C,-,Y,SM,4,101,-,-,7.790,H,-,S,Y,4,0,1,4,A,-,03,22350,,N,C,D,A,B,H,-,A,D,1,,,,,Y,,A,01,0,0,1,0,0,0,0,0,0,"- ","- ",37.507280000000002,-122.24867,"SAN MATEO","SAN CARLOS",-122.24877406,37.507305909999999
6459348,2014,2014-07-15,9330,2014-04-01,1520,18089,,2,2,9,4100,0,3,5,,2,505,"5TH AV","PARK RD",0.00,,Y,B,C,N,,,,,,,,,,N,4,0,1,2,A,-,05,21202,A,N,D,G,A,B,H,-,A,A,0,,Y,,,Y,,L,04,0,0,1,0,0,0,1,0,0,"- ","- ",,,"SAN MATEO",UNINCORPORATED,-122.20308993,37.474489900000002