CASE_ID,ACCIDENT_YEAR,PROC_DATE,JURIS,COLLISION_DATE,COLLISION_TIME,OFFICER_ID,REPORTING_DISTRICT,DAY_OF_WEEK,CHP_SHIFT,POPULATION,CNTY_CITY_LOC,SPECIAL_COND,BEAT_TYPE,CHP_BEAT_TYPE,CITY_DIVISION_LAPD,CHP_BEAT_CLASS,BEAT_NUMBER,PRIMARY_RD,SECONDARY_RD,DISTANCE,DIRECTION,INTERSECTION,WEATHER_1,WEATHER_2,STATE_HWY_IND,CALTRANS_COUNTY,CALTRANS_DISTRICT,STATE_ROUTE,ROUTE_SUFFIX,POSTMILE_PREFIX,POSTMILE,LOCATION_TYPE,RAMP_INTERSECTION,SIDE_OF_HWY,TOW_AWAY,COLLISION_SEVERITY,NUMBER_KILLED,NUMBER_INJURED,PARTY_COUNT,PRIMARY_COLL_FACTOR,PCF_CODE_OF_VIOL,PCF_VIOL_CATEGORY,PCF_VIOLATION,PCF_VIOL_SUBSECTION,HIT_AND_RUN,TYPE_OF_COLLISION,MVIW,PED_ACTION,ROAD_SURFACE,ROAD_COND_1,ROAD_COND_2,LIGHTING,CONTROL_DEVICE,CHP_ROAD_TYPE,PEDESTRIAN_ACCIDENT,BICYCLE_ACCIDENT,MOTORCYCLE_ACCIDENT,TRUCK_ACCIDENT,NOT_PRIVATE_PROPERTY,ALCOHOL_INVOLVED,STWD_VEHTYPE_AT_FAULT,CHP_VEHTYPE_AT_FAULT,COUNT_SEVERE_INJ,COUNT_VISIBLE_INJ,COUNT_COMPLAINT_PAIN,COUNT_PED_KILLED,COUNT_PED_INJURED,COUNT_BICYCLIST_KILLED,COUNT_BICYCLIST_INJURED,COUNT_MC_KILLED,COUNT_MC_INJURED,PRIMARY_RAMP,SECONDARY_RAMP,LATITUDE,LONGITUDE,COUNTY,CITY,POINT_X,POINT_Y
6571040,2014,2014-09-19,4127,2014-07-14,0840,2213,4127,1,5,4,4127,0,0,0,,0,001,"UNIVERSITY AV","BELL ST",292.00,W,N,A,-,N,,,,,,,,,,Y,4,0,1,3,A,-,03,22350,,N,C,C,A,A,H,-,A,D,0,,,,,Y,,A,07,0,0,1,0,0,0,0,0,0,"- ","- ",,,"SAN MATEO","EAST PALO ALTO",-122.14167999999999,37.465589999999999
6572015,2014,2016-05-09,9335,2014-07-10,1820,20198,,4,2,6,4106,0,1,1,,2,021,"RT 280","HICKEY BL",1700.00,S,N,B,-,Y,SM,4,280,-,R,23.880,H,-,S,Y,4,0,1,3,A,-,03,22350,,N,C,C,A,A,H,-,A,D,1,,,,,Y,,D,22,0,0,1,0,0,0,0,0,0,"- ","- ",37.658580000000001,-122.46272,"SAN MATEO","DALY CITY",-122.46356091,37.659334399999999
6572205,2014,2015-04-02,4111,2014-06-26,0807,P5085,P02,4,5,4,4111,0,0,0,,0,0P1,"SKYLINE BL","TIMBERHILL ST",620.00,N,N,E,-,Y,SM,4,35,-,-,27.400,H,-,S,Y,4,0,4,3,A,-,04,21703,,N,C,C,A,B,H,-,A,D,0,,,,,Y,,A,01,0,0,4,0,0,0,0,0,0,"- ","- ",,,"SAN MATEO",PACIFICA,-122.47152604,37.653617480000001
6572217,2014,2016-01-11,4114,2014-06-30,0812,0023,SNB37,1,5,4,4114,0,0,0,,0,003,"COLLEGE DR","RT 35",0.00,,Y,A,-,Y,SM,4,35,-,-,25.510,I,5,S,Y,4,0,1,4,A,-,08,22107,,N,D,C,A,A,H,-,A,A,0,,,,,Y,,A,01,0,0,1,0,0,0,0,0,0,"- ","- ",,,"SAN MATEO","SAN BRUNO",-122.45428015,37.632086469999997
6572775,2014,2014-08-28,4111,2014-07-05,0304,P5133,P11,6,5,4,4111,0,0,0,,0,0P2,"CABRILLO HWY","MORI POINT RD",267.00,N,N,A,-,N,,,,,,,,,,Y,3,0,1,1,A,-,01,23152,A,N,F,J,A,A,H,-,D,D,0,,,,,Y,Y,A,01,0,1,0,0,0,0,0,0,0,"- ","- ",,,"SAN MATEO",PACIFICA,-122.48509794,37.619075530000003
6573256,2014,2016-05-09,9335,2014-07-16,0035,20779,,3,3,6,4106,0,1,1,,2,021,"RT 280","SOUTHGATE AV",840.00,S,N,A,-,Y,SM,4,280,-,R,24.880,H,-,N,Y,4,0,1,2,A,-,03,22350,,M,C,C,A,A,H,-,D,D,1,,,,,Y,,A,01,0,0,1,0,0,0,0,0,0,"- ","- ",37.67315,-122.46765000000001,"SAN MATEO","DALY CITY",-122.46768692000001,37.673073649999999
6575093,2014,2016-05-23,9330,2014-07-22,1042,017222,,2,1,4,4120,0,1,3,,1,035,"RT 92","SAN MATEO BRIDGE SUBSTATION #4",2640.00,W,N,B,-,Y,SM,4,92,-,R,16.940,H,-,W,Y,4,0,1,1,A,-,08,22107,,N,E,I,A,A,H,-,A,D,4,,,,,Y,,A,01,0,0,1,0,0,0,0,0,0,"- ","- ",37.594709999999999,-122.23005999999999,"SAN MATEO","FOSTER CITY",-122.22732818999999,37.595507599999998
6575208,2014,2015-12-14,9330,2014-06-28,1940,020651,,6,2,9,4100,0,1,3,,1,010,"AVENUE ALHAMBRA","ISABELLA AV",50.00,N,N,A,-,N,,,,,,,,,,Y,3,0,1,3,A,-,08,22107,,N,D,E,A,A,H,-,B,D,0,,,,,Y,,A,01,0,1,0,0,0,0,0,0,0,"- ","- ",37.502139999999997,-122.46903,"SAN MATEO",UNINCORPORATED,-122.46880174,37.502109130000001
6576660,2014,2016-05-14,9335,2014-07-27,1010,020212,,7,1,4,4114,0,1,1,,2,021,"RT 280","KING DR",750.00,S,N,A,-,Y,SM,4,280,-,R,22.994,R,1,N,Y,4,0,1,2,A,-,03,22350,,N,C,C,A,A,H,-,A,D,1,,,,,Y,,A,01,0,0,1,0,0,0,0,0,0,FR,"- ",37.650500000000001,-122.4525,"SAN MATEO","SAN BRUNO",-122.45233387,37.650170680000002
6576766,2014,2016-05-14,4101,2014-07-15,0957,01TM02,,2,5,2,4101,0,0,0,,0,003,"RT 82","5TH AV",50.00,N,N,A,-,Y,SM,4,82,-,-,2.500,H,-,S,Y,4,0,1,3,A,-,03,22350,,N,C,C,A,A,H,-,A,A,0,,,,,Y,,A,01,0,0,1,0,0,0,0,0,0,"- ","- ",,,"SAN MATEO",ATHERTON,-122.20920974000001,37.467315159999998
6578665,2014,2016-05-14,9330,2014-07-29,1255,020056,,2,1,4,4115,0,1,2,,2,048,"RT 101","RALSTON AV",2640.00,N,N,A,-,Y,SM,4,101,-,-,10.050,H,-,N,Y,4,0,1,1,C,-,18,,,N,E,I,A,A,H,-,A,D,1,,,,Y,Y,,-,"- ",0,0,1,0,0,0,0,0,0,"- ","- ",37.520829999999997,-122.26383,"SAN MATEO","SAN CARLOS",-122.27594182,37.531741930000003
6578988,2014,2014-08-19,4102,2014-06-25,1630,53310,5,3,5,4,4102,0,0,0,,0,002,"RALSTON AV","ACADEMY AV",359.00,E,N,B,-,N,,,,,,,,,,Y,4,0,1,3,A,-,04,21703,,N,C,C,A,A,H,-,A,D,0,,,,,Y,,A,01,0,0,1,0,0,0,0,0,0,"- ","- ",,,"SAN MATEO",BELMONT,-122.29136822,37.512990520000002
6578998,2014,2014-08-19,4114,2014-06-29,0011,037,SNB19,7,5,4,4114,0,0,0,,0,002,"CRYSTAL SPRINGS RD","CUNNINGHAM WY",475.00,E,N,A,-,N,,,,,,,,,,Y,2,0,3,2,A,-,01,23152,A,N,A,C,A,A,H,-,C,D,0,,,,,Y,Y,A,01,3,0,0,0,0,0,0,0,0,"- ","- ",,,"SAN MATEO","SAN BRUNO",-122.41864187,37.614032799999997
6579799,2014,2016-05-14,9335,2014-07-28,1800,020157,,1,2,9,4100,0,1,2,,2,011,"RT 101","SAN BRUNO AV",340.00,S,N,A,-,Y,SM,4,101,-,R,20.330,H,-,N,N,4,0,1,2,A,-,03,22350,,N,C,C,A,A,H,-,A,D,1,,,,,Y,,A,01,0,0,1,0,0,0,0,0,0,"- ","- ",37.630000000000003,-122.402,"SAN MATEO",UNINCORPORATED,-122.40249532,37.630484770000002
6580463,2014,2014-08-26,4113,2014-07-22,1513,198,7,2,5,5,4113,0,0,0,,0,007,"BREWSTER AV","EL CAMINO REAL",30.00,E,N,A,-,N,,,,,,,,,,N,4,0,1,2,A,-,03,22350,,N,C,C,A,A,H,-,A,A,0,,,,,Y,,A,01,0,0,1,0,0,0,0,0,0,"- ","- ",,,"SAN MATEO","REDWOOD CITY",-122.23601701,37.487198390000003
6580694,2014,2016-05-14,4102,2014-07-28,1445,13400,2,1,5,4,4102,0,0,0,,0,002,"EL CAMINO REAL","DAVEY GLEN RD",101.00,S,N,A,-,Y,SM,4,82,-,-,8.280,H,-,S,Y,4,0,3,3,A,-,03,22350,,N,C,C,A,A,H,-,A,D,0,,,,,Y,,A,01,0,0,3,0,0,0,0,0,0,"- ","- ",,,"SAN MATEO",BELMONT,-122.28346067,37.526610910000002
6580708,2014,2016-05-12,4106,2014-07-15,1747,2083,14,2,5,6,4106,0,0,0,,0,006,"HICKEY BL","IMPERIAL WY",0.00,,Y,A,-,Y,SM,4,280,-,R,23.964,R,4,N,Y,3,0,1,2,A,-,17,21451,A,N,A,C,A,A,H,-,A,A,0,,,,,Y,,A,01,0,1,0,0,0,0,0,0,0,"- ","- ",37.663069999999998,-122.46414,"SAN MATEO","DALY CITY",-122.46413748000001,37.660260530000002
6580869,2014,2014-08-07,4106,2014-05-29,1000,1253,14,4,5,6,4106,0,0,0,,0,006,"GELLERT BL","SERRAVISTA AV",0.00,,Y,A,-,N,,,,,,,,,,N,4,0,1,2,A,-,09,21802,A,N,D,C,A,A,H,-,A,A,0,,,,,Y,,A,01,0,0,1,0,0,0,0,0,0,"- ","- ",37.663460000000001,-122.46869,"SAN MATEO","DALY CITY",-122.46929994,37.663409909999999
6580906,2014,2016-04-13,9330,2014-05-19,1716,020579,,1,2,4,4120,0,1,3,,2,031,"RT 92","MARINERS ISLAND BL",1056.00,E,N,A,-,Y,SM,4,92,-,R,12.980,H,-,W,Y,4,0,5,4,A,-,03,22350,,N,C,C,A,A,H,-,A,D,1,,,,,Y,,A,01,0,0,5,0,0,0,0,0,0,"- ","- ",37.557879999999997,-122.28288000000001,"SAN MATEO","FOSTER CITY",-122.28258795000001,37.557985240000001
6580984,2014,2014-09-04,4101,2014-07-29,1731,11DG01,,2,5,2,4101,0,0,0,,0,003,"SELBY LN","AUSTIN AV",5.00,E,N,A,-,N,,,,,,,,,,N,4,0,1,2,A,-,03,22350,,N,C,C,A,A,H,-,A,D,0,,,,,Y,,A,07,0,0,1,0,0,0,0,0,0,"- ","- ",,,"SAN MATEO",ATHERTON,-122.21590034,37.462001379999997
6580992,2014,2014-09-03,4101,2014-07-19,0849,14JG01,,6,5,2,4101,0,0,0,,0,001,"MIDDLEFIELD RD","LINDEN AV",20.00,S,N,A,-,N,,,,,,,,,,Y,3,0,1,1,A,-,08,22107,,N,E,I,A,A,H,-,A,D,0,,,,,Y,,A,01,0,1,0,0,0,0,0,0,0,"- ","- ",,,"SAN MATEO",ATHERTON,-122.18155382,37.463428159999999
6581296,2014,2014-08-27,4106,2014-06-05,2038,2034,6,4,5,6,4106,0,0,0,,0,002,"HILLSIDE BL",BRUNSWICK,10.00,S,N,A,-,N,,,,,,,,,,N,4,0,1,2,A,-,10,21950,A,N,G,B,B,A,H,-,C,A,0,Y,,,,Y,,A,01,0,0,1,0,1,0,0,0,0,"- ","- ",37.704169999999998,-122.46204,"SAN MATEO","DALY CITY",-122.46206161000001,37.704092559999999
6581316,2014,2014-08-27,4106,2014-06-17,1844,2031,7,2,5,6,4106,0,0,0,,0,002,"HOFFMAN ST","SYLVAN ST",0.00,,Y,A,-,N,,,,,,,,,,Y,3,0,4,2,A,-,09,21801,A,N,D,C,A,A,H,-,A,D,0,,,,,Y,Y,A,01,0,1,3,0,0,0,0,0,0,"- ","- ",37.688519999999997,-122.45056,"SAN MATEO","DALY CITY",-122.45726993,37.686569990000002
6583425,2014,2014-08-16,4113,2014-07-27,1818,389,2,7,5,5,4113,0,0,0,,0,002,"MAIN ST","VETERANS BL",0.00,,Y,A,-,N,,,,,,,,,,Y,4,0,2,2,A,-,12,21453,A,N,D,C,A,A,H,-,A,A,0,,,,,Y,,A,01,0,0,2,0,0,0,0,0,0,"- ","- ",37.487499999999997,-122.2265,"SAN MATEO","REDWOOD CITY",-122.22658996,37.49006988
6584563,2014,2016-05-18,9335,2014-07-27,1855,020571,,7,2,2,4103,0,1,2,,2,012,"RT 101","ALANA WY",2030.00,S,N,A,-,Y,SM,4,101,-,-,25.844,R,2,N,,3,0,1,1,A,-,03,22350,,N,F,A,A,A,H,-,A,D,1,,,,Y,Y,,G,25,0,1,0,0,0,0,0,0,0,FR,"- ",37.422530000000002,-122.23607,"SAN MATEO",BRISBANE,-122.39386718,37.703987689999998
6585948,2014,2016-05-21,9335,2014-07-31,2145,020563,,4,2,9,4100,0,1,2,,2,011,"RT 101","SAN BRUNO AV",1000.00,N,N,A,-,Y,SM,4,101,-,R,20.218,R,2,N,N,4,0,2,2,A,-,03,22350,,N,C,C,A,A,H,-,C,D,1,,,,,Y,,A,01,0,0,2,0,0,0,0,0,0,TO,"- ",37.382330000000003,-122.2414,"SAN MATEO",UNINCORPORATED,-122.40226842,37.62872917
6586583,2014,2016-05-23,9330,2014-07-24,0935,17222,,4,1,5,4116,0,1,3,,2,031,"RT 92","RT 101",1000.00,W,N,A,-,Y,SM,4,92,-,R,11.890,H,-,E,Y,4,0,1,3,A,-,03,22350,,N,C,C,A,A,H,-,A,D,1,,,,,Y,,A,01,0,0,1,0,0,0,0,0,0,"- ","- ",37.55245,-122.30038,"SAN MATEO","SAN MATEO",-122.30052035999999,37.552479849999997
6586681,2014,2016-05-14,9330,2014-07-17,2316,20577,,4,3,4,4104,0,1,2,,2,038,"RT 101","BROADWAY AV",515.00,N,N,A,-,Y,SM,4,101,-,-,9.160,H,-,N,Y,3,0,2,3,A,-,03,22350,,N,E,J,A,A,C,-,C,D,1,,,,,Y,,A,01,0,1,1,0,0,0,0,0,0,"- ","- ",,,"SAN MATEO",BURLINGAME,-122.26530708999999,37.522159549999998
6588524,2014,2014-08-29,4104,2014-04-21,0808,0204,10,1,5,4,4104,0,0,0,,0,00B,"EASTON DR","VANCOUVER AV",0.00,,Y,A,-,N,,,,,,,,,,Y,4,0,1,2,A,-,09,21802,A,N,D,C,A,A,H,-,A,A,0,,,,,Y,,-,"- ",0,0,1,0,0,0,0,0,0,"- ","- ",,,"SAN MATEO",BURLINGAME,-122.37197999,37.581339989999996
6589715,2014,2014-09-05,4102,2014-08-08,1152,51585,3,5,5,4,4102,0,0,0,,0,002,"SUNNYSLOPE AV","POLE #660",149.00,E,N,A,-,N,,,,,,,,,,N,3,0,1,1,A,-,13,22515,A,N,H,I,A,A,H,-,A,D,0,,,,,Y,,A,01,0,1,0,0,0,0,0,0,0,"- ","- ",,,"SAN MATEO",BELMONT,,
6589881,2014,2014-08-25,4100,2014-06-18,1650,18690,4100,3,5,3,4107,0,0,0,,0,075,"GRAND BL","ST JAMES AV",5.00,W,N,A,-,N,,,,,,,,,,N,2,0,1,2,A,-,05,21752,,N,H,G,A,A,H,-,A,D,0,,Y,,,Y,,L,04,1,0,0,0,0,0,1,0,0,"- ","- ",,,"SAN MATEO","HALF MOON BAY",-122.43721074,37.470539260000002
6589889,2014,2016-04-13,4100,2014-06-20,1750,17340,5B,5,5,3,4107,0,0,0,,0,007,"RT 1","GRAND BL",100.00,N,N,A,-,Y,SM,4,1,-,-,29.380,H,-,N,N,3,0,1,2,A,-,"- ",,,N,D,C,A,A,H,-,A,D,0,,,Y,,Y,,C,02,0,1,0,0,0,0,0,0,1,"- ","- ",,,"SAN MATEO","HALF MOON BAY",-122.43558951,37.472545689999997
6592999,2014,2016-05-14,9330,2014-08-01,1225,020324,,5,1,4,4104,0,1,2,,2,038,"RT 101","BROADWAY AV",600.00,N,N,A,-,Y,SM,4,101,-,-,16.690,H,-,N,N,4,0,1,2,A,-,07,21658,A,N,B,C,A,A,H,-,A,D,1,,,Y,,Y,,A,01,0,0,1,0,0,0,0,0,1,"- ","- ",37.594799999999999,-122.36843,"SAN MATEO",BURLINGAME,-122.36271397,37.59114245
6593003,2014,2016-05-14,9330,2014-08-03,1603,020322,,7,2,5,4113,0,1,2,,2,048,"RT 101","HOLLY ST",240.00,S,N,A,-,Y,SM,4,101,-,-,8.350,H,-,S,Y,3,0,1,1,A,-,01,23152,A,N,E,I,A,A,H,-,A,D,1,,,,,Y,Y,A,01,0,1,0,0,0,0,0,0,0,"- ","- ",37.040210000000002,-122.89561,"SAN MATEO","REDWOOD CITY",-122.25557762,37.513335249999997
6593011,2014,2016-05-14,9330,2014-08-08,1730,020580,,5,2,4,4127,0,1,2,,2,058,"RT 101","UNIVERSITY AV",50.00,N,N,A,-,Y,SM,4,101,-,-,1.093,R,2,N,Y,3,0,1,1,A,-,01,23152,A,N,F,I,A,A,H,-,A,D,1,,,,,Y,Y,A,07,0,1,0,0,0,0,0,0,0,"- ","- ",37.460880000000003,-122.14113999999999,"SAN MATEO","EAST PALO ALTO",-122.14390118,37.462363940000003
6593929,2014,2016-05-14,9330,2014-07-30,0835,20064,,3,1,4,4109,0,1,2,,2,058,"RT 101","HENDERSON RAILROAD",1056.00,S,N,A,-,Y,SM,4,101,-,-,2.850,H,-,S,Y,4,0,1,4,A,-,03,22350,,N,C,C,A,A,H,-,A,D,1,,,,,Y,,A,01,0,0,1,0,0,0,0,0,0,"- ","- ",37.47683,-122.16880999999999,"SAN MATEO","MENLO PARK",-122.16979329,37.477260350000002
6593933,2014,2016-05-13,9330,2014-07-30,1739,20071,,3,2,4,4104,0,1,2,,2,038,"RT 101","ANZA BL",2112.00,S,N,A,-,Y,SM,4,101,-,-,15.600,H,-,N,Y,2,0,1,1,A,-,03,22350,,N,E,I,A,A,H,-,A,D,1,,,Y,,Y,,C,02,1,0,0,0,0,0,0,0,1,"- ","- ",37.587209999999999,-122.34542,"SAN MATEO",BURLINGAME,-122.3441895,37.58708927
6595483,2014,2016-07-06,9335,2014-08-09,0955,020274,,6,1,5,4117,0,1,2,,2,011,"RT 101",SFO,540.00,S,N,A,-,Y,SM,4,101,-,-,18.400,H,-,N,Y,3,0,1,2,A,-,07,21658,A,N,B,C,A,A,H,-,A,D,1,,,Y,,Y,,A,01,0,1,0,0,0,0,0,0,1,"- ","- ",37.362340000000003,-122.23102,"SAN MATEO","SOUTH SAN FRANCISCO",-122.38627713,37.606566880000003
6597546,2014,2014-09-03,4127,2014-07-31,0650,2151,4127,4,5,4,4127,0,0,0,,0,001,"UNIVERSITY AV","RUNNYMEDE ST",299.00,W,N,A,-,N,,,,,,,,,,Y,4,0,4,3,A,-,04,21703,,N,C,C,A,A,H,-,A,A,0,,,,,Y,,A,07,0,0,4,0,0,0,0,0,0,"- ","- ",,,"SAN MATEO","EAST PALO ALTO",-122.14156101,37.467702379999999
6598316,2014,2016-05-14,9330,2014-07-31,0940,20319,,4,1,5,4113,0,1,2,,2,058,"RT 101","WOODSIDE RD",500.00,S,N,A,-,Y,SM,4,101,-,-,5.300,H,-,S,Y,4,0,1,2,A,-,08,22107,,N,B,C,A,A,H,-,A,D,1,,,,,Y,,D,22,0,0,1,0,0,0,0,0,0,"- ","- ",37.488579999999999,-122.21195,"SAN MATEO","REDWOOD CITY",-122.2114381,37.488479339999998
6600983,2014,2016-05-14,9335,2014-08-14,0625,18053,,4,1,6,4106,0,1,3,,2,041,"RT 1","SOUTH GATE AV",75.00,W,N,B,-,Y,SM,4,1,-,R,47.604,R,2,N,Y,4,0,1,1,A,-,08,22107,,N,E,I,A,A,H,-,A,D,1,,,,,Y,,A,07,0,0,1,0,0,0,0,0,0,TO,"- ",37.675420000000003,-122.47262000000001,"SAN MATEO","DALY CITY",-122.4729464,37.675352590000003
6601725,2014,2016-05-09,9335,2014-08-16,2105,020311,,6,2,6,4106,0,1,1,,2,021,"RT 280","D ST",100.00,S,N,A,-,Y,SM,4,280,-,R,25.670,H,-,N,Y,4,0,1,1,A,-,08,22107,,N,F,A,A,A,H,-,C,D,1,,,,,Y,,A,07,0,0,1,0,0,0,0,0,0,"- ","- ",37.683680000000003,-122.47132000000001,"SAN MATEO","DALY CITY",-122.47142522999999,37.683637849999997
6602876,2014,2016-05-14,4114,2014-08-08,1035,0060,SNB3,5,5,4,4114,0,0,0,,0,001,"RT 82","CITATION AV",0.00,,Y,A,-,Y,SM,4,82,-,-,19.370,H,-,S,N,4,0,1,2,A,-,03,22350,,N,C,C,A,A,H,-,A,A,0,,,,,Y,,A,01,0,0,1,0,0,0,0,0,0,"- ","- ",,,"SAN MATEO","SAN BRUNO",-122.42262319,37.639001389999997
6603676,2014,2016-05-24,9330,2014-08-21,0835,017222,,4,1,5,4116,0,1,3,,2,031,"RT 92","ALAMEDA DE LAS PULGAS",1584.00,W,N,A,-,Y,SM,4,92,-,R,10.260,H,-,E,N,4,0,1,3,A,-,03,22350,,N,C,C,A,A,H,-,A,D,1,,,,,Y,,A,07,0,0,1,0,0,0,0,0,0,"- ","- ",37.544730000000001,-122.32691,"SAN MATEO","SAN MATEO",-122.32710809,37.54454999
6603696,2014,2014-09-06,4113,2014-08-19,1924,328,8,2,5,5,4113,0,0,0,,0,008,"OAK AV","VIRGINIA ST",0.00,,Y,A,-,N,,,,,,,,,,N,4,0,1,2,A,-,12,22450,A,N,D,C,A,A,H,-,A,A,0,,,,,Y,,A,01,0,0,1,0,0,0,0,0,0,"- ","- ",,,"SAN MATEO","REDWOOD CITY",-122.2385099,37.465689980000001
6603697,2014,2014-09-06,4113,2014-08-20,0658,394,3,3,5,5,4113,0,0,0,,0,003,"MARSHALL ST","MAPLE ST",0.00,,Y,A,-,N,,,,,,,,,,N,3,0,1,2,A,-,09,21802,A,N,H,G,A,A,H,-,A,A,0,,Y,,,Y,,A,08,0,1,0,0,0,0,1,0,0,"- ","- ",,,"SAN MATEO","REDWOOD CITY",-122.22303989,37.487569950000001
6604074,2014,2016-05-09,9330,2014-08-10,1658,20207,,7,2,2,4118,0,1,1,,2,054,"RT 280","RT 84",2940.00,S,N,A,-,Y,SM,4,280,-,R,2.780,H,-,S,Y,3,0,4,3,A,-,03,22350,,N,C,C,A,A,C,-,A,D,1,,,,,Y,,A,01,0,2,2,0,0,0,0,0,0,"- ","- ",,,"SAN MATEO",WOODSIDE,-122.23590621,37.429287209999998
6604078,2014,2016-05-17,9330,2014-08-16,1345,20324,,6,1,5,4113,0,1,2,,2,048,"RT 101","WHIPPLE AV",500.00,S,N,A,-,Y,SM,4,101,-,-,6.530,H,-,N,Y,4,0,2,3,A,-,03,22350,,N,C,C,A,A,H,-,A,D,1,,,,,Y,,A,07,0,0,2,0,0,0,0,0,0,"- ","- ",37.49418,-122.22526999999999,"SAN MATEO","REDWOOD CITY",-122.23147391000001,37.495935240000001
6604175,2014,2016-05-14,9335,2014-08-07,0845,019631,,4,1,5,4117,0,1,2,,2,012,"RT 101","SOUTH AIRPORT BL",1320.00,S,N,B,-,Y,SM,4,101,-,-,21.360,H,-,S,N,4,0,1,2,A,-,04,21703,,N,C,C,A,A,H,-,A,D,1,,,Y,,Y,,C,02,0,0,1,0,0,0,0,0,1,"- ","- ",37.644109999999998,-122.40645000000001,"SAN MATEO","SOUTH SAN FRANCISCO",-122.40641576,37.644929390000001
6604349,2014,2015-04-30,9330,2014-08-26,1230,19055,,2,1,9,4100,0,3,5,,2,002,"PESCADERO CREEK RD","WURR RD",2640.00,E,N,A,-,N,,,,,,,,,,Y,4,0,1,1,A,-,08,22107,,N,H,J,A,A,H,-,A,D,0,,,Y,,Y,,C,02,0,0,1,0,0,0,0,0,1,"- ","- ",37.283830000000002,-122.28398,"SAN MATEO",UNINCORPORATED,-122.30215097999999,37.274182930000002
6605028,2014,2014-09-18,4114,2014-08-18,1400,0035,SNB29,1,5,4,4114,0,0,0,,0,003,"WHITMAN WY","CUNNINGHAM WY",228.00,W,N,B,-,N,,,,,,,,,,Y,3,0,1,2,A,-,08,22107,,N,C,E,A,A,G,-,A,D,0,,,,,Y,,A,01,0,1,0,0,0,0,0,0,0,"- ","- ",37.612780000000001,-122.40275,"SAN MATEO","SAN BRUNO",-122.42439330000001,37.617683229999997
6605103,2014,2016-05-14,4114,2014-08-08,1836,0016,SNB11,5,5,4,4114,0,0,0,,0,001,"RT 82","RT 380",40.00,S,N,A,-,Y,SM,4,82,-,-,18.910,H,-,S,Y,4,0,1,2,A,-,04,21703,,N,C,C,A,A,H,-,A,D,0,,,,,Y,,A,01,0,0,1,0,0,0,0,0,0,"- ",EO,37.628030000000003,-122.42531,"SAN MATEO","SAN BRUNO",-122.4188375,37.632480010000002
6606196,2014,2014-10-02,4100,2014-06-10,1401,19190,HMB,2,5,3,4107,0,0,0,,0,075,"RT 1","HIGGINS CANYON RD",0.00,,Y,A,-,Y,SM,4,1,-,-,27.750,I,5,N,Y,1,1,3,2,A,-,09,21804,A,N,D,C,A,A,H,-,A,A,0,,,,,Y,,A,01,1,0,2,0,0,0,0,0,0,"- ","- ",,,"SAN MATEO","HALF MOON BAY",-122.42980779,37.45038933
6606845,2014,2014-09-23,4104,2014-08-26,1020,204,5,2,5,4,4104,0,0,0,,0,00A,"CALIFORNIA DR","MORRELL AV",192.00,N,N,A,-,N,,,,,,,,,,N,2,0,1,2,A,-,07,21658,A,N,C,E,A,A,H,-,A,D,0,,Y,,,Y,,L,04,1,0,0,0,0,0,1,0,0,"- ","- ",,,"SAN MATEO",BURLINGAME,,
6606925,2014,2016-05-14,9330,2014-08-24,0130,020454,,7,3,5,4113,0,1,2,,2,048,"RT 101","RT 84",300.00,N,N,A,-,Y,SM,4,101,-,-,5.450,H,-,N,Y,3,0,2,1,A,-,01,23152,A,N,E,I,A,A,H,-,D,D,1,,,,,Y,Y,A,01,0,2,0,0,0,0,0,0,0,"- ","- ",37.489789999999999,-122.21456000000001,"SAN MATEO","REDWOOD CITY",-122.2138393,37.48932671
6606929,2014,2016-05-23,9330,2014-08-22,1606,020430,,5,2,4,4120,0,1,3,,1,035,"RT 92","PIER 1",1056.00,E,N,A,-,Y,SM,4,92,-,R,14.640,H,-,E,N,3,0,1,2,A,-,03,22350,,N,C,C,A,A,H,-,A,D,4,,,,,Y,,A,01,0,1,0,0,0,0,0,0,0,"- ","- ",37.574089999999998,-122.2617,"SAN MATEO","FOSTER CITY",-122.26012083000001,37.57569041
6606964,2014,2016-05-21,9330,2014-08-29,1210,19646,,5,1,5,4116,0,1,2,,2,038,"RT 101","3RD AV",600.00,N,N,A,-,Y,SM,4,101,-,-,13.640,H,-,N,N,4,0,1,3,A,-,03,22350,,N,C,C,A,A,A,-,A,D,1,,,,,Y,,A,01,0,0,1,0,0,0,0,0,0,"- ","- ",,,"SAN MATEO","SAN MATEO",-122.31608525999999,37.572899620000001
6607709,2014,2014-09-08,4106,2014-07-16,1713,1272,14,3,5,6,4106,0,0,0,,0,006,"HICKEY BL","SAINT FRANCIS BL",17.00,E,N,A,-,N,,,,,,,,,,Y,4,0,1,2,A,-,09,21801,A,N,D,C,A,A,H,-,A,D,0,,,,,Y,,A,01,0,0,1,0,0,0,0,0,0,"- ","- ",,,"SAN MATEO","DALY CITY",-122.47578919999999,37.663284089999998
6607713,2014,2014-09-08,4106,2014-07-25,0918,2070,1,5,5,6,4106,0,0,0,,0,001,GENEVA,"TALBERT ST",0.00,,Y,A,-,N,,,,,,,,,,N,2,0,1,2,A,-,08,22107,,N,H,G,A,A,H,-,A,D,0,,Y,,,Y,,L,04,1,0,0,0,0,0,1,0,0,"- ","- ",37.705240000000003,-122.40872,"SAN MATEO","DALY CITY",-122.40904986,37.705219980000003
6607804,2014,2016-05-09,9335,2014-08-27,1633,019521,,3,2,6,4106,0,1,1,,2,022,"RT 280","JOHN DALY",20.00,S,N,A,-,Y,SF,4,280,-,R,0.143,R,1,S,Y,4,0,1,3,A,-,03,22350,,N,C,C,A,A,H,-,A,A,1,,,,,Y,,A,01,0,0,1,0,0,0,0,0,0,TO,"- ",37.706299999999999,-122.47110000000001,"SAN MATEO","DALY CITY",-122.46704076,37.709706400000002