CASE_ID,ACCIDENT_YEAR,PROC_DATE,JURIS,COLLISION_DATE,COLLISION_TIME,OFFICER_ID,REPORTING_DISTRICT,DAY_OF_WEEK,CHP_SHIFT,POPULATION,CNTY_CITY_LOC,SPECIAL_COND,BEAT_TYPE,CHP_BEAT_TYPE,CITY_DIVISION_LAPD,CHP_BEAT_CLASS,BEAT_NUMBER,PRIMARY_RD,SECONDARY_RD,DISTANCE,DIRECTION,INTERSECTION,WEATHER_1,WEATHER_2,STATE_HWY_IND,CALTRANS_COUNTY,CALTRANS_DISTRICT,STATE_ROUTE,ROUTE_SUFFIX,POSTMILE_PREFIX,POSTMILE,LOCATION_TYPE,RAMP_INTERSECTION,SIDE_OF_HWY,TOW_AWAY,COLLISION_SEVERITY,NUMBER_KILLED,NUMBER_INJURED,PARTY_COUNT,PRIMARY_COLL_FACTOR,PCF_CODE_OF_VIOL,PCF_VIOL_CATEGORY,PCF_VIOLATION,PCF_VIOL_SUBSECTION,HIT_AND_RUN,TYPE_OF_COLLISION,MVIW,PED_ACTION,ROAD_SURFACE,ROAD_COND_1,ROAD_COND_2,LIGHTING,CONTROL_DEVICE,CHP_ROAD_TYPE,PEDESTRIAN_ACCIDENT,BICYCLE_ACCIDENT,MOTORCYCLE_ACCIDENT,TRUCK_ACCIDENT,NOT_PRIVATE_PROPERTY,ALCOHOL_INVOLVED,STWD_VEHTYPE_AT_FAULT,CHP_VEHTYPE_AT_FAULT,COUNT_SEVERE_INJ,COUNT_VISIBLE_INJ,COUNT_COMPLAINT_PAIN,COUNT_PED_KILLED,COUNT_PED_INJURED,COUNT_BICYCLIST_KILLED,COUNT_BICYCLIST_INJURED,COUNT_MC_KILLED,COUNT_MC_INJURED,PRIMARY_RAMP,SECONDARY_RAMP,LATITUDE,LONGITUDE,COUNTY,CITY,POINT_X,POINT_Y
6659097,2014,2016-06-16,9330,2014-10-03,1441,020489,,5,2,5,4116,0,1,3,,2,031,"RT 92","ALAMEDA DE LAS PULGAS",150.00,W,N,A,-,Y,SM,4,92,-,R,10.530,H,-,E,Y,3,0,1,1,A,-,08,22107,,N,F,I,A,A,H,-,A,D,1,,,,,Y,,A,01,0,1,0,0,0,0,0,0,0,"- ","- ",37.546979999999998,-122.32326999999999,"SAN MATEO","SAN MATEO",-122.32342125,37.5468622
6659989,2014,2016-06-16,9330,2014-10-11,1140,020382,,6,1,5,4116,0,1,3,,2,031,"RT 92","RALSTON AV",500.00,W,N,A,-,Y,SM,4,92,-,R,7.840,H,-,E,Y,4,0,1,1,A,-,08,22107,,N,E,I,A,A,H,-,A,D,1,,,,,Y,,D,22,0,0,1,0,0,0,0,0,0,"- ","- ",37.511499999999998,-122.3309,"SAN MATEO","SAN MATEO",-122.33184367,37.510855800000002
6660187,2014,2016-07-07,9330,2014-10-02,1910,019738,,4,2,5,4116,0,1,2,,2,038,"RT 101","POPLAR AV",1500.00,N,N,A,-,Y,SM,4,101,-,-,14.650,H,-,S,Y,3,0,3,4,A,-,01,23152,A,M,C,C,A,A,H,-,A,D,1,,,,,Y,Y,A,01,0,1,2,0,0,0,0,0,0,"- ","- ",37.582700000000003,-122.327,"SAN MATEO","SAN MATEO",-122.32825148000001,37.583837610000003
6661423,2014,2016-05-18,4106,2014-08-31,1942,2048,10,7,5,6,4106,0,0,0,,0,004,"RT 35",WESTMOOR,23.00,W,N,A,-,Y,SM,4,35,-,-,29.700,I,5,S,Y,4,0,1,2,A,-,"- ",,,N,D,C,A,A,H,-,A,A,0,,,,,Y,,A,01,0,0,1,0,0,0,0,0,0,"- ","- ",,,"SAN MATEO","DALY CITY",-122.48935886,37.683371129999998
6661435,2014,2014-11-18,4117,2014-08-13,2157,03ML07,01AN,3,5,5,4117,0,0,0,,0,001,"SOUTH AIRPORT BL","NORTH ACCESS RD",0.00,,Y,A,-,N,,,,,,,,,,N,4,0,1,2,A,-,12,21453,A,N,D,C,A,A,H,-,C,A,0,,,,,Y,,A,01,0,0,1,0,0,0,0,0,0,"- ","- ",37.643419999999999,-122.40438,"SAN MATEO","SOUTH SAN FRANCISCO",-122.40132996,37.639339980000003
6663923,2014,2016-07-07,4114,2014-10-08,1700,019960,,3,5,4,4114,0,0,0,,0,048,"RT 101","HOLLY ST",1000.00,S,N,A,-,Y,SM,4,101,-,-,8.210,H,-,S,Y,3,0,1,2,A,-,07,21658,A,N,B,C,A,A,H,-,A,D,0,,,Y,,Y,,A,01,0,1,0,0,0,0,0,0,1,"- ","- ",37.513330000000003,-122.25552,"SAN MATEO","SAN BRUNO",-122.25387194,37.51183322
6663924,2014,2014-11-17,9330,2014-10-08,1235,020324,,3,1,4,4102,0,1,2,,2,048,"RT 101","RALSTON AV",350.00,N,N,A,-,Y,,,101,,,,,,,Y,4,0,1,2,A,-,03,22350,,N,C,C,A,A,H,-,A,D,0,,,,,Y,,A,01,0,0,1,0,0,0,0,0,0,"- ","- ",37.533569999999997,-122.2775,"SAN MATEO",BELMONT,-122.27756093000001,37.533515129999998
6666388,2014,2014-12-17,4113,2014-10-07,1400,428,2,2,5,5,4113,0,0,0,,0,002,"EL CAMINO REAL","WHIPPLE AV",0.00,,Y,A,-,N,,,,,,,,,,N,4,0,1,2,A,-,03,22350,,M,C,C,A,A,H,-,A,A,0,,,,,Y,,A,01,0,0,1,0,0,0,0,0,0,"- ","- ",37.494509999999998,-122.22817000000001,"SAN MATEO","REDWOOD CITY",-122.23981987000001,37.490399940000003
6668336,2014,2014-12-12,4106,2014-10-09,1225,1067,8,4,5,6,4106,0,0,0,,0,004,"JOHN DALY BL","LAKE MERCED BL",102.00,E,N,B,-,N,,,,,,,,,,Y,4,0,1,2,A,-,03,22350,,N,C,C,A,A,H,-,A,D,0,,,,,Y,,A,01,0,0,1,0,0,0,0,0,0,"- ","- ",37.702269999999999,-122.48178,"SAN MATEO","DALY CITY",-122.48457693,37.701532129999997
6668337,2014,2014-12-12,4106,2014-10-10,0035,2068,6,5,5,6,4106,0,0,0,,0,002,"BISMARK ST",CAVOUR,3.00,E,N,A,-,N,,,,,,,,,,Y,3,0,1,2,A,-,01,23152,A,N,C,E,A,A,H,-,C,D,0,,,Y,,Y,Y,C,02,0,1,0,0,0,0,0,0,1,"- ","- ",,,"SAN MATEO","DALY CITY",,
6669200,2014,2016-07-07,9330,2014-10-15,1750,020162,,3,2,5,4113,0,1,2,,2,058,"RT 101","RT 84",100.00,S,N,A,-,Y,SM,4,101,-,-,5.124,R,1,N,Y,4,0,1,3,A,-,03,22350,,N,C,C,A,A,H,-,A,D,1,,,,,Y,,A,01,0,0,1,0,0,0,0,0,0,"- ","- ",,,"SAN MATEO","REDWOOD CITY",-122.20812463,37.487919410000003
6670337,2014,2014-12-17,4106,2014-10-01,1554,1180,13,3,5,6,4106,0,0,0,,0,006,"HICKEY BL","CALLAN BL",209.00,E,N,A,-,N,,,,,,,,,,N,3,0,1,1,A,-,08,22107,,N,E,I,A,A,H,-,A,D,0,,,,,Y,,A,01,0,1,0,0,0,0,0,0,0,"- ","- ",,,"SAN MATEO","DALY CITY",-122.47408233,37.665527529999999
6672084,2014,2016-05-14,4111,2014-09-25,1640,P5133,P12,4,5,4,4111,0,0,0,,0,0P2,"RT 1","SAN MARLO WY",1175.00,N,N,A,-,Y,SM,4,1,-,R,42.350,H,-,S,Y,4,0,1,3,A,-,03,22350,,N,C,C,A,A,H,-,A,D,0,,,,,Y,,A,01,0,0,1,0,0,0,0,0,0,"- ","- ",,,"SAN MATEO",PACIFICA,-122.4905055,37.611742309999997
6674933,2014,2016-06-16,9330,2014-10-12,0935,20379,,7,1,9,4100,0,1,3,,1,011,"RT 92","RT 35",300.00,E,N,A,-,Y,SM,4,92,-,T,6.840,H,-,W,Y,2,0,1,1,A,-,06,21755,,N,E,I,A,A,H,-,A,A,0,,,Y,,Y,,C,02,1,0,0,0,0,0,0,0,1,"- ","- ",37.510069999999999,-122.34463,"SAN MATEO",UNINCORPORATED,-122.34485136000001,37.510271000000003
6675925,2014,2016-05-14,4100,2014-09-20,1223,17550,SNC,6,5,4,4115,0,0,0,,0,051,"RT 82","BELMONT AV",29.00,E,N,A,-,Y,SM,4,82,-,-,5.581,I,5,S,Y,4,0,1,2,A,-,09,21802,A,N,D,C,A,A,H,-,A,D,0,,,,,Y,,A,01,0,0,1,0,0,0,0,0,0,"- ","- ",,,"SAN MATEO","SAN CARLOS",-122.24962798999999,37.498236009999999
6676144,2014,2014-11-12,4100,2014-09-22,1537,18170,5A,1,5,3,4107,0,0,0,,0,075,"S CABRILLO HWY","GROVE ST",0.00,,Y,A,-,N,,,,,,,,,,Y,3,0,6,2,A,-,09,21801,A,N,D,C,A,A,H,-,A,D,0,,,,,Y,,-,,0,1,5,0,0,0,0,0,0,"- ","- ",,,"SAN MATEO","HALF MOON BAY",-122.43241987,37.455219890000002
6676428,2014,2015-02-09,4117,2014-11-22,0012,95AB03,16AB,6,5,5,4117,0,0,0,,0,002,"PONDEROSA RD","ALHAMBRA RD",82.00,E,N,A,-,N,,,,,,,,,,Y,4,0,1,1,A,-,01,23152,A,N,B,I,A,A,H,-,C,D,0,,,,,Y,Y,A,01,0,0,1,0,0,0,0,0,0,"- ","- ",,,"SAN MATEO","SOUTH SAN FRANCISCO",-122.43700647999999,37.644036040000003
6676692,2014,2014-12-16,9330,2014-10-14,2025,20126,,2,2,4,4102,0,1,2,,2,048,"RT 101","RALSTON AV",15.00,N,N,A,-,Y,,,,,,,,,,N,4,0,1,2,A,-,01,23152,A,M,C,C,A,A,H,-,C,A,0,,,,,Y,Y,A,07,0,0,1,0,0,0,0,0,0,SF,"- ",,,"SAN MATEO",BELMONT,-122.2703042,37.526320920000003
6678155,2015,2017-04-04,4100,2015-12-27,0020,15380,,7,5,2,4112,0,0,0,,0,031,"PORTOLA RD","FAMILY FARM RD",1056.00,N,N,A,-,N,,,,,,,,,,Y,1,1,0,1,A,-,"- ",,,N,E,I,A,A,H,-,D,D,0,,,,,Y,Y,A,01,0,0,0,0,0,0,0,0,0,"- ","- ",,,"SAN MATEO","PORTOLA VALLEY",-122.24332455,37.393111380000001
6678460,2014,2014-12-18,4104,2014-10-20,1549,0172,4,1,5,4,4104,0,0,0,,0,00A,"CALIFORNIA DR","HOWARD AV",0.00,,Y,B,-,N,,,,,,,,,,N,3,0,1,2,A,-,09,21801,A,N,D,C,A,A,H,-,A,A,0,,,,,Y,,A,01,0,1,0,0,0,0,0,0,0,"- ","- ",37.576860000000003,-122.3498,"SAN MATEO",BURLINGAME,-122.34345991000001,37.578799920000002
6679074,2014,2016-07-06,9335,2014-10-17,1930,020132,,5,2,6,4106,0,1,1,,2,021,"RT 280","HICKEY BL",20.00,N,N,A,-,Y,SM,4,280,-,R,24.230,H,-,N,Y,4,0,1,2,A,-,04,21703,,N,C,C,A,A,H,-,C,D,1,,,,,Y,,A,01,0,0,1,0,0,0,0,0,0,"- ","- ",37.663789999999999,-122.46544,"SAN MATEO","DALY CITY",-122.46554571,37.663814270000003
6679443,2014,2014-11-10,4127,2014-04-17,0809,2209,4127,4,5,4,4127,0,0,0,,0,001,"EAST BAYSHORE RD","GLENN WY",481.00,S,N,A,-,N,,,,,,,,,,N,4,0,1,2,A,-,08,22107,,N,D,C,A,A,H,-,A,D,0,,,Y,,Y,,C,02,0,0,1,0,0,0,0,0,1,"- ","- ",,,"SAN MATEO","EAST PALO ALTO",-122.14408,37.462820000000001
6680909,2014,2015-01-12,4100,2014-10-16,0756,18320,11,4,5,4,4115,0,0,0,,0,005,"SAN CARLOS AV","CORDILLERAS AV",45.00,E,N,A,-,N,,,,,,,,,,N,3,0,1,2,C,-,18,,,N,H,H,F,A,H,-,A,D,0,Y,,,,Y,,-,"- ",0,1,0,0,1,0,0,0,0,"- ","- ",,,"SAN MATEO","SAN CARLOS",-122.26688554,37.502175139999999
6681263,2014,2016-07-06,9330,2014-10-20,1140,15268,,1,1,9,4100,0,1,1,,2,054,"RT 280","SAND HILL RD",3696.00,N,N,B,-,Y,SM,4,280,-,R,2.320,H,-,S,Y,3,0,1,2,A,-,03,22350,,N,C,C,A,A,D,-,A,D,1,,,,Y,Y,,F,26,0,1,0,0,0,0,0,0,0,"- ","- ",37.42557,-122.23092,"SAN MATEO",UNINCORPORATED,-122.2298098,37.42470316
6688691,2014,2014-11-21,4117,2014-10-18,0818,97BM09,01AD,6,5,5,4117,0,0,0,,0,004,"EAST GRAND AV","GATEWAY BL",0.00,,Y,A,-,N,,,,,,,,,,Y,4,0,2,2,A,-,12,21453,A,N,D,C,A,A,H,-,A,A,0,,,,,Y,,A,01,0,0,2,0,0,0,0,0,0,"- ","- ",37.650779999999997,-122.04046,"SAN MATEO","SOUTH SAN FRANCISCO",-122.40223987,37.654629960000001
6689365,2014,2014-12-03,4102,2014-10-29,1201,53200,1,3,5,4,4102,0,0,0,,0,001,"SHOREWAY RD","LIGHT POLE #20765",1575.00,N,N,A,-,N,,,,,,,,,,N,3,0,1,3,A,-,09,21804,A,N,B,C,A,A,H,-,A,D,0,,,,,Y,,A,01,0,1,0,0,0,0,0,0,0,"- ","- ",,,"SAN MATEO",BELMONT,,
6689723,2014,2014-11-18,4109,2014-09-20,1800,4911,22,6,5,4,4109,0,0,0,,0,002,"COLEMAN AV","ARLINGTON AV",0.00,,Y,A,-,N,,,,,,,,,,N,3,0,1,2,A,-,21,22106,,F,H,A,-,A,G,-,A,D,0,Y,,,Y,Y,Y,F,55,0,1,0,0,1,0,0,0,0,"- ","- ",,,"SAN MATEO","MENLO PARK",-122.16804993,37.463900000000002
6689813,2014,2014-11-19,4117,2014-10-27,1111,12RK10,08AL,1,5,5,4117,0,0,0,,0,004,"AIRPORT BL","GRAND AV",30.00,N,N,A,-,N,,,,,,,,,,N,4,0,2,2,A,-,03,22350,,N,C,C,A,A,H,-,A,D,0,,,,,Y,,A,01,0,0,2,0,0,0,0,0,0,"- ","- ",,,"SAN MATEO","SOUTH SAN FRANCISCO",-122.40782421999999,37.654743949999997
6689872,2014,2014-11-12,4117,2014-09-05,2005,09SL05,08AH,5,5,5,4117,0,0,0,,0,001,"SPRUCE AV","3RD LN",42.00,S,N,A,-,N,,,,,,,,,,N,4,0,1,2,A,-,03,22350,,N,C,C,A,A,H,-,C,A,0,,,,,Y,,A,01,0,0,1,0,0,0,0,0,0,"- ","- ",,,"SAN MATEO","SOUTH SAN FRANCISCO",-122.41623642,37.65583831
6689878,2014,2014-11-12,4109,2014-09-29,1703,15164,22,1,5,4,4109,0,0,0,,0,002,"WILLOW RD","MIDDLEFIELD RD",1056.00,E,N,A,-,N,,,,,,,,,,N,4,0,1,1,A,-,08,22107,,N,E,I,A,A,H,-,A,A,0,,,,,Y,,A,01,0,0,1,0,0,0,0,0,0,"- ","- ",,,"SAN MATEO","MENLO PARK",-122.16262614,37.457257740000003
6691722,2014,2016-01-13,4108,2014-09-05,2000,0724,,5,5,3,4108,0,0,0,,0,SOUTH,"TOBIN CLARK","BRANDON CT",636.00,W,N,F,-,N,,,,,,,,,,Y,3,0,1,1,A,-,08,22107,,N,E,I,A,-,H,-,D,D,0,,,,,Y,Y,A,01,0,1,0,0,0,0,0,0,0,"- ","- ",,,"SAN MATEO",HILLSBOROUGH,-122.33525252,37.539950869999998
6691875,2014,2014-11-20,4104,2014-06-11,1229,0216,2,3,5,4,4104,0,0,0,,0,00A,"OCCIDENTAL AV","BURLINGAME AV",65.00,S,N,A,-,N,,,,,,,,,,Y,3,0,1,1,A,-,08,22107,,N,E,I,A,A,H,-,A,D,0,,,,,Y,,A,08,0,1,0,0,0,0,0,0,0,"- ","- ",37.574629999999999,-122.35115,"SAN MATEO",BURLINGAME,-122.3511408,37.574694010000002
6694005,2014,2016-07-07,9330,2014-10-27,0745,012628,,1,1,5,4113,0,1,1,,2,044,"RT 280","FARMHILL BL",5280.00,N,N,A,-,Y,SM,4,280,-,R,5.700,H,-,N,Y,4,0,1,1,A,-,08,22107,,N,F,A,A,A,H,-,A,D,1,,,,Y,Y,,F,26,0,0,1,0,0,0,0,0,0,"- ","- ",37.44988,-122.27744,"SAN MATEO","REDWOOD CITY",-122.27901112000001,37.45067332
6694021,2014,2015-01-26,9330,2014-11-03,1050,020322,,1,1,4,4109,0,1,2,,2,058,"RT 101","MARSH RD",165.00,S,N,A,-,Y,,,101,,,,,,,Y,4,0,1,1,A,-,08,22107,,N,F,J,A,A,H,-,A,D,0,,,,Y,Y,,F,27,0,0,1,0,0,0,0,0,0,"- ","- ",37.482390000000002,-122.17898,"SAN MATEO","MENLO PARK",-122.17891906,37.482525889999998
6694057,2014,2016-02-29,4109,2014-10-13,1530,14048,17,1,5,4,4109,0,0,0,,0,003,"MARSH RD","BAYFRONT EXPWY",0.00,,Y,A,-,N,,,,,,,,,,N,4,0,1,3,A,-,03,22350,,N,C,C,A,A,H,-,A,A,0,,,,,Y,,D,72,0,0,1,0,0,0,0,0,0,"- ","- ",,,"SAN MATEO","MENLO PARK",-122.17902989,37.486419929999997
6694100,2014,2014-11-19,4109,2014-10-24,0842,14448,17,5,5,4,4109,0,0,0,,0,003,"RT 84","CHILCO AV",10.00,E,N,A,-,Y,,,,,,,,,,N,4,0,2,2,A,-,03,22350,,N,C,C,A,A,H,-,A,A,0,,,,,Y,,A,01,0,0,2,0,0,0,0,0,0,"- ","- ",,,"SAN MATEO","MENLO PARK",,
6694344,2014,2015-01-05,4109,2014-10-16,1903,15262,22,4,5,4,4109,0,0,0,,0,002,"WOODLAND AV","WOODLAND CT",0.00,W,N,A,-,N,,,,,,,,,,N,3,0,1,1,A,-,"- ",,,N,F,A,A,A,H,-,C,A,0,,Y,,,Y,,L,04,0,1,0,0,0,0,1,0,0,"- ","- ",,,"SAN MATEO","MENLO PARK",-122.15656995000001,37.455059980000001
6695694,2014,2015-01-27,4117,2014-10-19,1240,12JC11,22AB,7,5,5,4117,0,0,0,,0,003,"MILLER AV",FORRESTVIEW,134.00,N,N,A,-,N,,,,,,,,,,N,3,0,1,2,A,-,01,23152,A,N,C,E,A,A,H,-,A,D,0,,,,,Y,Y,A,01,0,1,0,0,0,0,0,0,0,"- ","- ",37.656239999999997,-122.43243,"SAN MATEO","SOUTH SAN FRANCISCO",-122.43492522,37.66275933
6696648,2014,2016-06-27,9335,2014-10-20,1545,020772,,1,2,9,4100,0,1,2,,2,011,"RT 101","SAN BRUNO AV E",2280.00,S,N,A,-,Y,SM,4,101,-,-,19.940,H,-,S,Y,3,0,2,2,A,-,08,22107,,N,E,I,A,A,H,-,A,D,1,,,,,Y,,A,01,0,1,1,0,0,0,0,0,0,"- ","- ",37.624879999999997,-122.40152999999999,"SAN MATEO",UNINCORPORATED,-122.40129939000001,37.624418730000002
6696695,2014,2015-01-05,9335,2014-10-30,2030,20557,,4,2,2,4103,0,1,2,,2,012,"RT 101","ALANA WY",1600.00,S,N,A,-,Y,,,,,,,,,,Y,4,0,1,1,A,-,03,22350,,N,F,A,A,A,H,-,C,D,0,,,Y,,Y,,C,02,0,0,1,0,0,0,0,0,1,TO,"- ",37.707470000000001,-122.3927,"SAN MATEO",BRISBANE,,
6696711,2014,2016-06-27,9335,2014-10-24,0633,20234,,5,1,9,4100,0,1,2,,2,011,"RT 101","SAN BRUNO AV",3015.00,S,N,A,-,Y,SM,4,101,-,-,19.820,H,-,S,Y,3,0,1,1,A,-,08,22107,,N,E,I,A,A,H,-,B,D,1,,,,,Y,,A,01,0,1,0,0,0,0,0,0,0,"- ","- ",37.623040000000003,-122.40094999999999,"SAN MATEO",UNINCORPORATED,-122.4006942,37.622615170000003
6698984,2014,2016-02-29,9330,2014-10-26,1220,020778,,7,1,9,4100,0,3,5,,2,203,"ALPINE RD","PESCADERO RD",5280.00,E,N,A,-,N,,,,,,,,,,Y,3,0,1,1,A,-,03,22350,,N,E,I,A,A,H,-,A,D,0,,Y,,,Y,,L,04,0,1,0,0,0,0,1,0,0,"- ","- ",37.297110000000004,-122.47938000000001,"SAN MATEO",UNINCORPORATED,-122.24966774000001,37.297329519999998
6699062,2014,2016-06-17,9335,2014-10-31,1040,019521,,5,1,6,4106,0,1,3,,2,041,"RT 1","RT 35",150.00,W,N,B,C,Y,SM,4,1,-,R,46.811,R,2,S,Y,3,0,1,1,A,-,03,22350,,N,F,I,A,B,H,-,A,D,1,,,,,Y,,A,07,0,1,0,0,0,0,0,0,0,"- ","- ",37.40108,-122.29067000000001,"SAN MATEO","DALY CITY",-122.48411355,37.669689159999997
6699123,2014,2014-11-18,4114,2014-10-28,0837,0019,SNB40,2,5,4,4114,0,0,0,,0,003,"RT 35","SNEATH LN",218.00,N,N,A,-,Y,,,,,,,,,,N,4,0,1,3,A,-,"- ",,,N,C,C,A,A,H,-,A,A,0,,,,,Y,,A,01,0,0,1,0,0,0,0,0,0,"- ","- ",,,"SAN MATEO","SAN BRUNO",,
6700279,2014,2016-05-18,4111,2014-09-17,2108,P5133,P02,3,5,4,4111,0,0,0,,0,0P1,"GATEWAY DR","RT 35",0.00,,Y,A,-,Y,SM,4,35,-,-,27.930,I,6,S,N,4,0,1,2,A,-,05,21651,B,M,D,C,A,A,H,-,C,A,0,,,,,Y,,A,01,0,0,1,0,0,0,0,0,0,"- ","- ",,,"SAN MATEO",PACIFICA,-122.47582712000001,37.66055283
6701689,2014,2015-01-08,4100,2014-10-18,1224,18880,5T,6,5,3,4110,0,0,0,,0,062,BROADWAY,"CIVIC CENTER LN",0.00,,Y,A,-,N,,,,,,,,,,N,3,0,1,3,A,-,"- ",,,N,D,E,A,A,H,-,A,D,0,,,,,Y,,A,01,0,1,0,0,0,0,0,0,0,"- ","- ",,,"SAN MATEO",MILLBRAE,-122.39551991,37.603739949999998
6703818,2014,2015-01-12,4104,2014-11-05,0800,0216,8,3,5,4,4104,0,0,0,,0,00A,"CALIFORNIA DR","SANCHEZ AV",269.00,S,N,A,-,N,,,,,,,,,,Y,2,0,1,2,A,-,"- ",,,N,H,C,A,A,H,-,A,D,0,,,,Y,Y,,F,87,1,0,0,0,0,0,0,0,0,"- ","- ",,,"SAN MATEO",BURLINGAME,-122.35873243,37.585555159999998
6703849,2014,2014-12-03,4114,2014-11-07,1714,0028,SNB32,5,5,4,4114,0,0,0,,0,003,"RT 35","SAN BRUNO AV",0.00,,Y,A,-,Y,,,,,,,,,,Y,4,0,1,4,A,-,03,22350,,N,C,C,A,A,H,-,D,D,0,,,,,Y,,D,22,0,0,1,0,0,0,0,0,0,"- ","- ",,,"SAN MATEO","SAN BRUNO",,
6704080,2014,2016-06-16,4104,2014-11-06,1405,0204,1,4,5,4,4104,0,0,0,,0,00A,"RT 82","PRIMROSE RD",0.00,,Y,A,-,Y,SM,4,82,-,-,13.090,I,5,N,Y,4,0,2,2,A,-,01,23152,A,F,C,C,A,A,H,-,A,A,0,,,,,Y,Y,-,,0,0,2,0,0,0,0,0,0,"- ","- ",,,"SAN MATEO",BURLINGAME,-122.34528917999999,37.575141930000001
6705274,2014,2014-11-18,9330,2014-10-18,0844,020489,,6,1,4,4104,0,1,2,,2,038,"RT 101","BROADWAY AV",2500.00,S,N,A,-,Y,,,,,,,,,,Y,4,0,1,1,A,-,01,23152,E,N,E,I,A,A,H,-,A,D,0,,,,,Y,,A,01,0,0,1,0,0,0,0,0,0,"- ","- ",,,"SAN MATEO",BURLINGAME,-122.36062,37.589530000000003
6705484,2014,2015-01-08,9330,2014-11-08,1845,020606,,6,2,4,4104,0,1,2,,2,038,"RT 101","BROADWAY AV",100.00,S,N,A,-,Y,,,101,,,,,,,Y,4,0,2,2,A,-,03,22350,,N,C,C,A,A,H,-,C,D,0,,,,,Y,,A,01,0,0,2,0,0,0,0,0,0,"- ","- ",37.588909999999998,-122.35963,"SAN MATEO",BURLINGAME,-122.35961576,37.588934940000001
6705665,2014,2014-12-01,4120,2014-10-11,0825,097,11,6,5,4,4120,0,0,0,,0,00X,"FOSTER CITY BL","TRITON DR",0.00,,Y,B,-,N,,,,,,,,,,N,4,0,1,2,A,-,21,22106,,N,C,C,A,A,H,-,A,A,0,,,,,Y,,A,01,0,0,1,0,0,0,0,0,0,"- ","- ",,,"SAN MATEO","FOSTER CITY",-122.27156986999999,37.56278992
6705704,2014,2016-05-18,4111,2014-09-12,1502,P5132,P02,5,5,4,4111,0,0,0,,0,0P1,"RT 35","HICKEY BL",0.00,,Y,B,-,Y,SM,4,35,-,-,27.930,I,5,S,N,3,0,1,2,A,-,01,23152,,M,C,C,A,A,H,-,A,A,0,,,,,Y,Y,A,01,0,1,0,0,0,0,0,0,0,"- ","- ",,,"SAN MATEO",PACIFICA,-122.47582712000001,37.66055283
6705705,2014,2014-11-24,4111,2014-09-12,0000,P5132,P02,5,5,4,4111,0,0,0,,0,0P1,"IMPERIAL DR","GATEWAY DR",340.00,W,N,B,-,N,,,,,,,,,,N,3,0,1,3,A,-,08,22107,,M,B,E,A,A,H,-,A,D,0,,,,,Y,Y,A,01,0,1,0,0,0,0,0,0,0,"- ","- ",,,"SAN MATEO",PACIFICA,-122.47731677,37.658288470000002
6706010,2014,2016-07-07,9335,2014-11-01,1450,019086,,6,2,4,4114,0,1,1,,2,020,"RT 280","AVALON DR",500.00,S,N,A,-,Y,SM,4,280,-,R,21.950,H,-,S,N,4,0,1,3,A,-,03,22350,,N,C,C,A,A,H,-,A,D,1,,,,,Y,,A,01,0,0,1,0,0,0,0,0,0,"- ","- ",37.628239999999998,-122.44089,"SAN MATEO","SAN BRUNO",-122.44088772000001,37.638207909999998
6706983,2014,2015-01-09,4111,2014-10-31,0816,P5136,P12,5,5,4,4111,0,0,0,,0,0P2,"CABRILLO HWY","FASSLER AV",762.00,N,N,C,-,N,,,1,,,,,,,N,4,0,1,2,A,-,03,22350,,N,C,C,A,D,H,-,B,D,0,,,,,Y,,A,01,0,0,1,0,0,0,0,0,0,"- ","- ",37.60886,-122.49518999999999,"SAN MATEO",PACIFICA,-122.49518698,37.6088551
6707299,2014,2014-12-03,4111,2014-10-18,2019,P5130,P19,6,5,4,4111,0,0,0,,0,0P3,"ROSITA RD","S ROSITA CT",0.00,,Y,A,-,N,,,,,,,,,,Y,3,0,1,2,A,-,08,22107,,N,D,C,A,A,H,-,D,D,0,,,,,Y,,A,01,0,1,0,0,0,0,0,0,0,"- ","- ",,,"SAN MATEO",PACIFICA,-122.49514999,37.584519890000003
6707784,2014,2014-11-25,4104,2014-10-09,0622,0216,4,4,5,4,4104,0,0,0,,0,00A,"RT 82","BURLINGAME AV",110.00,S,N,B,-,Y,,,82,,,,,,,N,2,0,1,2,A,-,11,21954,A,N,G,B,D,A,H,-,C,D,0,Y,,,,Y,,N,60,1,0,0,0,1,0,0,0,0,"- ","- ",37.576860000000003,-122.3498,"SAN MATEO",BURLINGAME,-122.34993052999999,37.576365260000003
6707861,2014,2016-06-17,9330,2014-11-04,1430,020761,,2,2,9,4100,0,1,3,,1,020,"RT 1","PIGEON POINT RD",0.00,,Y,A,-,Y,SM,4,1,-,-,8.598,I,5,S,Y,3,0,2,1,A,-,08,22107,,N,E,I,A,A,H,-,A,D,0,,,,,Y,,A,01,0,1,1,0,0,0,0,0,0,"- ","- ",37.184429999999999,-122.39055999999999,"SAN MATEO",UNINCORPORATED,-122.3969175,37.191936669999997
6707869,2014,2016-07-07,9330,2014-11-03,1105,020760,,1,1,5,4113,0,1,2,,2,048,"RT 101","WOODSIDE RD",100.00,N,N,A,-,Y,SM,4,101,-,-,5.400,H,-,S,N,4,0,1,2,A,-,03,22350,,N,C,C,A,A,H,-,A,D,1,,,,,Y,,A,01,0,0,1,0,0,0,0,0,0,"- ","- ",37.48903,-122.21355,"SAN MATEO","REDWOOD CITY",-122.21316865,37.488963069999997
6707881,2014,2016-07-07,9330,2014-11-01,0930,020184,,6,1,9,4100,0,1,1,,2,044,"RT 280","RT 92",150.00,S,N,C,-,Y,SM,4,280,-,-,10.574,R,2,N,Y,4,0,1,1,A,-,08,22107,,N,E,I,A,B,H,-,A,D,1,,,,,Y,,A,01,0,0,1,0,0,0,0,0,0,"- ","- ",,,"SAN MATEO",UNINCORPORATED,-122.33469449,37.504869769999999
6708412,2014,2016-07-06,9335,2014-11-03,0815,018053,,1,1,6,4106,0,1,1,,2,021,"RT 280","JUNIPERO SERRA BL",60.00,N,N,A,-,Y,SM,4,280,-,R,26.050,H,-,S,N,4,0,1,2,A,-,03,22350,,N,C,C,A,A,H,-,A,D,1,,,,,Y,,A,01,0,0,1,0,0,0,0,0,0,"- ","- ",,,"SAN MATEO","DALY CITY",-122.47069018000001,37.689024250000003
6708842,2014,2016-06-16,4117,2014-11-03,0819,01CG09,10AE,1,5,5,4117,0,0,0,,0,002,"EL CAMINO REAL HWY","SOUTH SPRUCE AV",480.00,N,N,A,-,Y,SM,4,82,-,-,19.750,H,-,S,N,4,0,1,2,A,-,03,22350,,N,C,C,A,A,H,-,A,A,0,,,,,Y,,A,01,0,0,1,0,0,0,0,0,0,"- ","- ",,,"SAN MATEO","SOUTH SAN FRANCISCO",-122.4259622,37.643809930000003