CASE_ID,ACCIDENT_YEAR,PROC_DATE,JURIS,COLLISION_DATE,COLLISION_TIME,OFFICER_ID,REPORTING_DISTRICT,DAY_OF_WEEK,CHP_SHIFT,POPULATION,CNTY_CITY_LOC,SPECIAL_COND,BEAT_TYPE,CHP_BEAT_TYPE,CITY_DIVISION_LAPD,CHP_BEAT_CLASS,BEAT_NUMBER,PRIMARY_RD,SECONDARY_RD,DISTANCE,DIRECTION,INTERSECTION,WEATHER_1,WEATHER_2,STATE_HWY_IND,CALTRANS_COUNTY,CALTRANS_DISTRICT,STATE_ROUTE,ROUTE_SUFFIX,POSTMILE_PREFIX,POSTMILE,LOCATION_TYPE,RAMP_INTERSECTION,SIDE_OF_HWY,TOW_AWAY,COLLISION_SEVERITY,NUMBER_KILLED,NUMBER_INJURED,PARTY_COUNT,PRIMARY_COLL_FACTOR,PCF_CODE_OF_VIOL,PCF_VIOL_CATEGORY,PCF_VIOLATION,PCF_VIOL_SUBSECTION,HIT_AND_RUN,TYPE_OF_COLLISION,MVIW,PED_ACTION,ROAD_SURFACE,ROAD_COND_1,ROAD_COND_2,LIGHTING,CONTROL_DEVICE,CHP_ROAD_TYPE,PEDESTRIAN_ACCIDENT,BICYCLE_ACCIDENT,MOTORCYCLE_ACCIDENT,TRUCK_ACCIDENT,NOT_PRIVATE_PROPERTY,ALCOHOL_INVOLVED,STWD_VEHTYPE_AT_FAULT,CHP_VEHTYPE_AT_FAULT,COUNT_SEVERE_INJ,COUNT_VISIBLE_INJ,COUNT_COMPLAINT_PAIN,COUNT_PED_KILLED,COUNT_PED_INJURED,COUNT_BICYCLIST_KILLED,COUNT_BICYCLIST_INJURED,COUNT_MC_KILLED,COUNT_MC_INJURED,PRIMARY_RAMP,SECONDARY_RAMP,LATITUDE,LONGITUDE,COUNTY,CITY,POINT_X,POINT_Y
6708846,2014,2015-01-08,4117,2014-11-11,1720,04JL03,20AI,2,5,5,4117,0,0,0,,0,003,"JUNIPERO SERRA BL","HICKEY BL",92.00,N,N,A,-,N,,,,,,,,,,N,4,0,5,4,A,-,03,22350,,N,C,C,A,A,H,-,C,A,0,,,,,Y,,A,01,0,0,5,0,0,0,0,0,0,"- ","- ",,,"SAN MATEO","SOUTH SAN FRANCISCO",-122.45956312,37.665919520000003
6709442,2014,2016-06-27,9330,2014-11-16,1730,020577,,7,2,5,4116,0,1,2,,2,038,"RT 101","POPLAR AV",2112.00,N,N,A,-,Y,SM,4,101,-,-,14.760,H,-,S,Y,4,0,1,2,A,-,08,22107,,N,D,C,A,A,H,-,C,D,1,,,,,Y,,D,22,0,0,1,0,0,0,0,0,0,"- ","- ",,,"SAN MATEO","SAN MATEO",-122.32960299,37.585086130000001
6709595,2014,2016-05-14,4114,2014-09-24,2206,0037,SNB11,3,5,4,4114,0,0,0,,0,001,"RT 82","COMMODORE DR",75.00,S,N,B,-,Y,SM,4,82,-,-,19.060,H,-,S,Y,4,0,1,3,A,-,04,21703,,N,C,C,A,B,H,-,C,A,0,,,,,Y,,A,08,0,0,1,0,0,0,0,0,0,"- ","- ",,,"SAN MATEO","SAN BRUNO",-122.42002125,37.634535839999998
6710004,2014,2016-07-07,9330,2014-11-05,1811,019960,,3,2,5,4113,0,1,2,,2,048,"RT 101","WHIPPLE AV",1056.00,N,N,A,-,Y,SM,4,101,-,-,6.820,H,-,N,Y,3,0,1,3,A,-,07,21658,A,N,B,C,A,A,H,-,A,D,1,,,Y,,Y,,A,01,0,1,0,0,0,0,0,0,1,"- ","- ",37.496929999999999,-122.23496,"SAN MATEO","REDWOOD CITY",-122.23626016,37.497438979999998
6710020,2014,2016-07-07,9330,2014-11-13,0755,017991,,4,1,9,4100,0,3,5,,2,509,"RT 280","LAWLER RANCH RD",528.00,E,N,B,C,Y,SM,4,280,-,R,1.811,R,4,S,Y,4,0,1,1,A,-,08,22107,,N,E,I,A,B,F,-,A,D,1,,,,,Y,,A,01,0,0,1,0,0,0,0,0,0,TO,"- ",,,"SAN MATEO",UNINCORPORATED,-122.22285324000001,37.41992407
6710061,2014,2016-07-06,9335,2014-11-09,1920,020557,,7,2,5,4117,0,1,1,,2,020,"RT 280","KING DR",500.00,S,N,A,-,Y,SM,4,280,-,R,23.060,H,-,N,N,4,0,2,2,A,-,03,22350,,N,C,C,A,A,H,-,C,D,1,,,,,Y,,A,01,0,0,2,0,0,0,0,0,0,"- ","- ",37.651000000000003,-122.4528,"SAN MATEO","SOUTH SAN FRANCISCO",-122.45288935000001,37.65103732
6710828,2014,2015-01-05,4113,2014-10-22,0839,337,6,3,5,5,4113,0,0,0,,0,006,"JEFFERSON AV","CLEVELAND ST",8.00,W,N,A,-,N,,,,,,,,,,Y,4,0,1,2,A,-,04,21703,,N,C,C,A,A,H,-,A,A,0,,,,,Y,,A,07,0,0,1,0,0,0,0,0,0,"- ","- ",,,"SAN MATEO","REDWOOD CITY",-122.23391832999999,37.479723579999998
6710984,2014,2015-01-23,4113,2014-11-01,0012,396,2,6,5,5,4113,0,0,0,,0,002,BROADWAY,"MAIN ST",0.00,,Y,A,-,N,,,,,,,,,,N,4,0,1,2,A,-,12,21453,A,N,D,C,A,A,H,-,C,A,0,,,,,Y,,-,"- ",0,0,1,0,0,0,0,0,0,"- ","- ",37.487940000000002,-122.22438,"SAN MATEO","REDWOOD CITY",-122.22631987,37.486629929999999
6710988,2014,2015-01-12,4113,2014-11-01,1225,309,2,6,5,5,4113,0,0,0,,0,002,"BREWSTER AV","WINSLOW ST",0.00,,Y,A,-,N,,,,,,,,,,Y,4,0,1,2,A,-,12,21453,A,N,D,C,A,A,H,-,A,A,0,,,,,Y,,A,01,0,0,1,0,0,0,0,0,0,"- ","- ",,,"SAN MATEO","REDWOOD CITY",-122.23174991,37.490309949999997
6711526,2014,2015-01-09,4127,2014-11-10,1250,2169,4127,1,5,4,4127,0,0,0,,0,001,"GLEN WY","GLEN WY 2300",0.00,,-,A,-,N,,,,,,,,,,N,4,0,1,2,A,-,08,22107,,F,G,B,A,A,H,-,A,D,0,,,,,Y,,A,01,0,0,1,0,0,0,0,0,0,"- ","- ",,,"SAN MATEO","EAST PALO ALTO",-122.14370638,37.46881175
6711546,2014,2015-01-09,4127,2014-11-07,0809,2045,4127,5,5,4,4127,0,0,0,,0,003,"UNIVERSITY AV","BELL ST",948.00,E,N,A,-,N,,,,,,,,,,N,4,0,1,3,A,-,03,22350,,N,C,C,A,A,H,-,A,D,0,,,,,Y,,A,01,0,0,1,0,0,0,0,0,0,"- ","- ",,,"SAN MATEO","EAST PALO ALTO",-122.14167999999999,37.465589999999999
6714290,2014,2015-01-12,4102,2014-11-20,1055,13400,2,4,5,4,4102,0,0,0,,0,002,"RALSTON AV","6TH AV",0.00,,Y,B,-,N,,,,,,,,,,N,4,0,1,2,A,-,08,22107,,N,H,G,A,A,H,-,A,A,0,,Y,,,Y,,A,07,0,0,1,0,0,0,1,0,0,"- ","- ",,,"SAN MATEO",BELMONT,-122.27734997,37.519229940000002
6714741,2014,2016-02-29,9330,2014-11-19,1215,020322,,3,1,9,4100,0,3,5,,2,505,"SPRING ST","WARRINGTON AV",0.00,,Y,A,B,N,,,,,,,,,,Y,4,0,1,2,A,-,09,21802,A,N,D,C,A,A,H,-,A,A,0,,,,,Y,,A,07,0,0,1,0,0,0,0,0,0,"- ","- ",37.481960000000001,-122.20605999999999,"SAN MATEO",UNINCORPORATED,-122.20595998,37.481889889999998
6715185,2014,2016-06-16,9330,2014-11-19,1815,020760,,3,2,5,4116,0,1,3,,2,031,"RT 92","RT 101",300.00,E,N,C,-,Y,SM,4,92,-,R,12.280,H,-,W,Y,4,0,1,3,A,-,03,22350,,N,C,C,A,B,H,-,D,D,1,,,,,Y,,A,01,0,0,1,0,0,0,0,0,0,"- ","- ",37.553190000000001,-122.29478,"SAN MATEO","SAN MATEO",-122.29398748,37.553686550000002
6715189,2014,2016-06-17,9330,2014-11-17,0820,016324,,1,1,9,4100,0,1,3,,1,020,"RT 1","PESCADERO CREEK RD",11088.00,N,N,A,-,Y,SM,4,1,-,-,15.750,H,-,N,Y,4,0,1,1,A,-,08,22107,,N,E,I,A,A,H,-,A,D,0,,,,,Y,,A,01,0,0,1,0,0,0,0,0,0,"- ","- ",37.289990000000003,-122.40506000000001,"SAN MATEO",UNINCORPORATED,-122.40508853,37.289894250000003
6716977,2014,2015-01-12,4117,2014-11-14,1838,10SM11,10AF,5,5,5,4117,0,0,0,,0,002,"SOUTH SPRUCE AV","EL CAMINO REAL",100.00,E,N,A,-,N,,,,,,,,,,N,4,0,1,2,A,-,03,22350,,N,C,C,A,A,H,-,C,A,0,,,,,Y,,A,01,0,0,1,0,0,0,0,0,0,"- ","- ",,,"SAN MATEO","SOUTH SAN FRANCISCO",-122.42470335,37.642823329999999
6717012,2014,2016-06-16,9330,2014-11-17,1620,016324,,1,2,9,4100,0,1,3,,1,011,"RT 92","RT 35",3168.00,W,N,A,-,Y,SM,4,92,-,-,6.500,H,-,E,Y,3,0,2,2,A,-,05,21460,A,N,A,C,A,A,H,-,A,D,0,,,,,Y,,A,01,0,1,1,0,0,0,0,0,0,"- ","- ",37.50712,-122.35754,"SAN MATEO",UNINCORPORATED,-122.35826453,37.50495858
6717373,2014,2015-01-12,4104,2014-11-10,1223,0233,4,1,5,4,4104,0,0,0,,0,00A,"CALIFORNIA DR","BELLEVUE AV",0.00,,Y,A,-,N,,,,,,,,,,N,4,0,1,2,A,-,09,21804,A,N,D,C,A,A,H,-,A,D,0,,,,,Y,,A,01,0,0,1,0,0,0,0,0,0,"- ","- ",37.580469999999998,-122.34714,"SAN MATEO",BURLINGAME,-122.34715998,37.580505809999998
6720901,2014,2015-06-30,4108,2014-11-11,1719,3200,,2,5,3,4108,0,0,0,,0,SOUTH,"HAYNE RD","EL CERRITO AV",15.00,N,N,A,-,N,,,,,,,,,,Y,4,0,1,1,A,-,08,22107,,N,E,I,A,A,H,-,D,D,0,,,,,Y,,-,,0,0,1,0,0,0,0,0,0,"- ","- ",,,"SAN MATEO",HILLSBOROUGH,-122.34186661,37.56088793
6721230,2014,2015-01-20,4104,2014-11-24,0726,0172,5,1,5,4,4104,0,0,0,,0,00A,"CALIFORNIA DR","PALM DR",270.00,S,N,A,-,N,,,,,,,,,,N,4,0,1,2,A,-,"- ",,,N,B,G,A,A,H,-,A,D,0,,Y,,,Y,,A,01,0,0,1,0,0,0,1,0,0,"- ","- ",,,"SAN MATEO",BURLINGAME,-122.35327581999999,37.583183609999999
6721234,2014,2015-01-08,4104,2014-11-17,1444,0199,20,1,5,4,4104,0,0,0,,0,00C,"ROLLINS RD",BROADWAY,55.00,N,N,B,-,N,,,,,,,,,,N,4,0,1,3,A,-,03,22350,,N,C,C,A,A,H,-,A,A,0,,,,,Y,,A,01,0,0,1,0,0,0,0,0,0,"- ","- ",,,"SAN MATEO",BURLINGAME,-122.362503,37.589032279999998
6721243,2014,2016-06-16,4104,2014-11-24,0559,0146,9,1,5,4,4104,0,0,0,,0,00B,"EL CAMINO REAL",BROADWAY,0.00,,Y,A,-,Y,SM,4,82,-,-,14.420,I,5,S,Y,4,0,1,2,A,-,12,21457,A,N,D,C,A,A,H,-,C,A,0,,,,,Y,,A,07,0,0,1,0,0,0,0,0,0,"- ","- ",,,"SAN MATEO",BURLINGAME,-122.36625032000001,37.584184350000001
6721770,2014,2016-07-07,9335,2014-11-15,1817,020132,,6,2,6,4106,0,1,1,,2,021,"RT 280","WASHINGTON ST",10.00,N,N,A,-,Y,SM,4,280,-,R,25.970,H,-,N,N,4,0,1,3,A,-,04,21703,,N,C,C,A,A,H,-,C,D,1,,,,,Y,Y,A,08,0,0,1,0,0,0,0,0,0,"- ","- ",37.687739999999998,-122.47074000000001,"SAN MATEO","DALY CITY",-122.47082254999999,37.68793616
6724520,2014,2015-01-15,4101,2014-11-25,1809,0856,,2,5,2,4101,0,0,0,,0,002,"VALPARAISO AV","MICHAELS WY",139.00,E,N,A,-,N,,,,,,,,,,Y,4,0,1,2,A,-,03,22350,,N,C,C,A,A,H,-,C,D,0,,,,,Y,,A,01,0,0,1,0,0,0,0,0,0,"- ","- ",,,"SAN MATEO",ATHERTON,-122.1912513,37.451506119999998
6724886,2014,2016-06-16,9330,2014-12-02,1730,16184,,2,2,5,4116,0,1,3,,2,031,"RT 92","ALAMEDA DE LAS PULGAS",100.00,W,N,B,C,Y,SM,4,92,-,R,10.540,H,-,E,Y,4,0,1,2,A,-,03,22350,,N,C,C,A,B,H,-,D,D,1,,,,,Y,,A,01,0,0,1,0,0,0,0,0,0,"- ","- ",37.544119999999999,-122.32774000000001,"SAN MATEO","SAN MATEO",-122.32325818,37.546923929999998
6725254,2014,2016-06-27,9335,2014-11-14,1505,019086,,5,2,9,4100,0,1,1,,2,038,"RT 380","SAN BRUNO AV",2112.00,N,N,A,-,Y,SM,4,380,-,R,6.177,R,1,E,Y,4,0,2,2,A,-,03,22350,,N,C,C,A,A,H,-,A,A,1,,,,,Y,,A,01,0,0,2,0,0,0,0,0,0,TO,"- ",37.63794,-122.40416999999999,"SAN MATEO",UNINCORPORATED,-122.40670011,37.634138309999997
6728020,2014,2016-06-18,9335,2014-11-30,0750,019581,,7,1,4,4114,0,1,1,,2,038,"RT 380","EL CAMINO REAL",800.00,W,N,B,C,Y,SM,4,380,-,-,5.300,H,-,E,Y,4,0,1,1,A,-,03,22350,,N,E,I,A,B,H,-,A,D,1,,,,,Y,,A,01,0,0,1,0,0,0,0,0,0,"- ","- ",37.631500000000003,-122.42169,"SAN MATEO","SAN BRUNO",-122.42163533999999,37.631650110000002
6728028,2014,2016-06-27,9335,2014-11-30,1925,020557,,7,2,5,4117,0,1,2,,2,012,"RT 101","OYSTER POINT BL",250.00,S,N,C,-,Y,SM,4,101,-,-,22.700,H,-,S,Y,4,0,1,2,A,-,03,22350,,N,C,C,A,B,H,-,C,D,1,,,,,Y,,A,01,0,0,1,0,0,0,0,0,0,"- ","- ",37.662999999999997,-122.40049999999999,"SAN MATEO","SOUTH SAN FRANCISCO",-122.39921596000001,37.663815489999998
6728077,2014,2015-01-20,9330,2014-11-20,1735,020593,,4,2,4,4104,0,1,2,,2,038,"RT 101","BROADWAY AV",2112.00,N,N,B,-,Y,,,,,,,,,,Y,4,0,1,3,A,-,03,22350,,N,C,C,A,B,H,-,D,D,0,,,,,Y,,A,01,0,0,1,0,0,0,0,0,0,"- ","- ",,,"SAN MATEO",BURLINGAME,-122.36734706,37.593890539999997
6728500,2014,2015-01-29,4104,2014-11-29,1043,0233,1,6,5,4,4104,0,0,0,,0,00A,"CARMELITA AV","PALOMA AV",15.00,W,N,B,-,N,,,,,,,,,,N,4,0,1,2,-,-,"- ",,,N,B,C,A,B,H,-,A,D,0,,,,,Y,,-,"- ",0,0,1,0,0,0,0,0,0,"- ","- ",,,"SAN MATEO",BURLINGAME,-122.36295346999999,37.584553270000001
6729588,2014,2015-01-21,4109,2014-11-20,0925,15031,25,4,5,4,4109,0,0,0,,0,002,"RAVENSWOOD AV","LAUREL ST",50.00,E,N,C,-,N,,,,,,,,,,N,3,0,1,2,A,-,"- ",,,F,H,G,A,B,H,-,A,D,0,,Y,,,Y,Y,A,07,0,1,0,0,0,0,1,0,0,"- ","- ",,,"SAN MATEO","MENLO PARK",-122.17899279,37.455763410000003
6729589,2014,2015-01-21,4109,2014-11-12,1814,15164,17A,3,5,4,4109,0,0,0,,0,002,"MARSH RD","SCOTT DR",59.00,E,N,B,-,N,,,,,,,,,,Y,3,0,2,4,A,-,03,22350,,N,C,C,A,A,H,-,C,A,0,,,,,Y,,A,01,0,1,1,0,0,0,0,0,0,"- ","- ",,,"SAN MATEO","MENLO PARK",-122.18349947,37.481489000000003
6731431,2014,2015-01-22,4113,2014-11-22,1520,389,2,6,5,5,4113,0,0,0,,0,002,"VETERANS BL","BREWSTER AV",0.00,,Y,A,-,N,,,,,,,,,,Y,4,0,1,2,A,-,12,21453,A,N,B,C,A,A,H,-,A,A,0,,,,,Y,,A,01,0,0,1,0,0,0,0,0,0,"- ","- ",37.486130000000003,-122.2332,"SAN MATEO","REDWOOD CITY",-122.23050990999999,37.491219899999997
6731514,2014,2015-01-22,4104,2014-11-30,2124,169,5,7,5,4,4104,0,0,0,,0,00S,"PRIMROSE RD","CHAPIN AV",103.00,N,N,C,-,N,,,,,,,,,,N,3,0,1,2,A,-,03,22350,,N,C,E,A,B,H,-,C,D,0,,Y,,,Y,,L,04,0,1,0,0,0,0,1,0,0,"- ","- ",,,"SAN MATEO",BURLINGAME,-122.3494189,37.578946520000002
6731533,2014,2015-01-29,4104,2014-12-02,1742,0204,4,2,5,4,4104,0,0,0,,0,00A,"CALIFORNIA DR","SOUTH LN",124.00,S,N,B,C,N,,,,,,,,,,N,4,0,1,2,A,-,10,21950,A,N,G,B,C,B,H,-,C,A,0,Y,,,,Y,,A,07,0,0,1,0,1,0,0,0,0,"- ","- ",37.579270000000001,-122.34452,"SAN MATEO",BURLINGAME,-122.34456710000001,37.579286109999998
6731958,2014,2016-06-16,9330,2014-11-18,2245,015311,,2,3,9,4100,0,1,3,,1,011,"RT 92","SKYLINE BL",60.00,E,N,B,-,Y,SM,4,92,-,T,6.430,H,-,W,Y,3,0,1,2,A,-,01,23152,A,N,A,C,A,A,H,-,C,D,0,,,,,Y,Y,A,01,0,1,0,0,0,0,0,0,0,"- ","- ",37.511710000000001,-122.34988,"SAN MATEO",UNINCORPORATED,-122.35059517000001,37.511072929999997
6732653,2014,2015-01-05,4120,2014-10-18,1451,097,8,6,5,4,4120,0,0,0,,0,00Y,"BISCAYNE AV","CHESAPEAKE AV",0.00,,Y,A,-,N,,,,,,,,,,N,4,0,1,2,A,-,03,22350,,N,D,D,A,A,H,-,A,D,0,,,,,Y,,A,01,0,0,1,0,0,0,0,0,0,"- ","- ",37.544499999999999,-122.27061999999999,"SAN MATEO","FOSTER CITY",-122.27023988000001,37.536709960000003
6732657,2014,2015-01-05,4120,2014-10-26,0635,185,5,7,5,4,4120,0,0,0,,0,00Y,"CATAMARAN ST","LIGHT POLE 4209",60.00,W,N,A,-,N,,,,,,,,,,N,3,0,1,4,A,-,01,23152,A,M,E,E,A,A,H,-,C,D,0,,,Y,,Y,Y,A,01,0,1,0,0,0,0,0,0,0,"- ","- ",37.555120000000002,-122.25848999999999,"SAN MATEO","FOSTER CITY",,
6732692,2014,2015-01-30,4120,2014-12-03,1839,164,9,3,5,4,4120,0,0,0,,0,00Y,"EAST HILLSDALE BL","ALTAIR AV",143.00,E,N,C,-,N,,,,,,,,,,Y,4,0,1,1,A,-,05,21651,A,N,E,I,A,B,H,-,C,D,0,,,,,Y,,A,01,0,0,1,0,0,0,0,0,0,"- ","- ",,,"SAN MATEO","FOSTER CITY",-122.27998196999999,37.552340370000003
6733655,2014,2016-06-16,4109,2014-11-07,1154,1894,25A,5,5,4,4109,0,0,0,,0,001,"RT 82",GLENWOOD,0.00,,Y,A,-,Y,SM,4,82,-,-,1.060,H,-,N,Y,4,0,1,3,A,-,04,21703,,N,C,C,A,A,H,-,A,A,0,,,,,Y,,A,01,0,0,1,0,0,0,0,0,0,"- ","- ",,,"SAN MATEO","MENLO PARK",-122.18743547,37.455777699999999
6733710,2014,2014-12-31,4113,2014-11-26,1712,416,4,3,5,5,4113,0,0,0,,0,004,"MIDDLEFIELD RD","DOUGLASS AV",0.00,,Y,A,-,N,,,,,,,,,,Y,4,0,4,2,A,-,09,21801,A,N,A,C,A,A,H,-,C,A,0,,,,,Y,,A,01,0,0,4,0,0,0,0,0,0,"- ","- ",,,"SAN MATEO","REDWOOD CITY",-122.21285989,37.477649939999999
6736450,2014,2015-01-05,4113,2014-10-31,1924,424,6,5,5,5,4113,0,0,0,,0,006,"ROOSEVELT AV","EL CAMINO REAL",0.00,,Y,A,-,N,,,,,,,,,,Y,2,0,1,3,A,-,11,21453,D,N,G,B,B,B,H,-,C,A,0,Y,,,,Y,Y,N,60,1,0,0,0,1,0,0,0,0,"- ","- ",37.479889999999997,-122.21899000000001,"SAN MATEO","REDWOOD CITY",-122.2255699,37.479099959999999
6737341,2014,2016-06-18,9335,2014-11-26,2005,20888,,3,2,6,4106,0,1,1,,2,038,"RT 380","MONTGOMERY AV",35.00,W,N,A,-,Y,SM,4,380,-,-,5.870,H,-,W,Y,4,0,1,3,A,-,07,21658,A,N,B,C,A,A,H,-,C,D,1,,,,,Y,,A,08,0,0,1,0,0,0,0,0,0,"- ","- ",37.634300000000003,-122.41251,"SAN MATEO","DALY CITY",-122.41223174,37.63430812
6737887,2014,2016-02-29,4104,2014-12-03,1328,0204,15,3,5,4,4104,0,0,0,,0,00B,"TROUSDALE DR","MAGNOLIA AV",73.00,E,N,B,-,N,,,,,,,,,,Y,3,0,1,1,A,-,01,23152,A,M,E,I,A,B,H,-,A,D,0,,,,,Y,Y,A,01,0,1,0,0,0,0,0,0,0,"- ","- ",37.59402,-122.3843,"SAN MATEO",BURLINGAME,-122.38419734,37.593606100000002
6741801,2014,2015-01-12,4106,2014-10-31,1721,1273,3,5,5,6,4106,0,0,0,,0,002,"TEMPLETON AV","MISSION ST",0.00,,Y,A,-,N,,,,,,,,,,N,4,0,1,2,A,-,09,21800,A,N,B,C,A,A,H,-,A,A,0,,,,,Y,,D,72,0,0,1,0,0,0,0,0,0,"- ","- ",,,"SAN MATEO","DALY CITY",-122.45504986,37.707999919999999
6742081,2014,2016-07-07,4106,2014-11-01,1536,2083,,6,5,6,4106,0,0,0,,0,006,"SERRAMONTE BL","RT 280",0.00,,Y,A,-,Y,SM,4,280,-,R,24.804,R,4,N,N,3,0,2,2,A,-,03,22350,,N,A,D,A,A,H,-,A,A,0,,,,,Y,,A,07,0,1,1,0,0,0,0,0,0,"- ",NO,,,"SAN MATEO","DALY CITY",-122.46707043000001,37.672128800000003
6742085,2014,2015-01-02,4106,2014-11-03,1633,2084,4,1,5,6,4106,0,0,0,,0,003,"WESTLAKE AV","NIANTIC AV",0.00,,Y,A,-,N,,,,,,,,,,N,2,0,1,2,A,-,10,21950,A,N,G,B,B,A,H,-,A,A,0,Y,,,,Y,,A,01,1,0,0,0,1,0,0,0,0,"- ","- ",37.699689999999997,-122.46934,"SAN MATEO","DALY CITY",-122.46899992,37.699499959999997
6742323,2014,2016-03-08,4106,2014-10-17,1840,2031,5,5,5,6,4106,0,0,0,,0,003,"SAN PEDRO RD","REINER ST",47.00,W,N,B,-,N,,,,,,,,,,N,3,0,3,2,A,-,09,21801,A,N,B,C,A,A,H,-,B,D,0,,,,,Y,,A,01,0,1,2,0,0,0,0,0,0,"- ","- ",,,"SAN MATEO","DALY CITY",-122.46678262,37.688975399999997
6742327,2014,2016-03-08,4106,2014-10-26,1414,2083,14,7,5,6,4106,0,0,0,,0,005,"CALLAN BL","BEVERLY WY",0.00,,Y,A,-,N,,,,,,,,,,N,4,0,1,2,A,-,08,22107,,N,D,C,A,A,H,-,A,A,0,,,,,Y,,A,01,0,0,1,0,0,0,0,0,0,"- ","- ",,,"SAN MATEO","DALY CITY",-122.46904992,37.654249909999997
6742375,2014,2014-12-30,4106,2014-10-17,1013,2031,13B,5,5,6,4106,0,0,0,,0,006,"HICKEY BL","GELLERT BL",0.00,,Y,B,-,N,,,,,,,,,,Y,4,0,2,2,A,-,09,21453,C,N,A,C,A,A,H,-,A,A,0,,,,,Y,,A,01,0,0,2,0,0,0,0,0,0,"- ","- ",,,"SAN MATEO","DALY CITY",-122.46922991,37.66445993
6742391,2014,2016-07-07,4106,2014-10-04,1330,1232,14,6,5,6,4106,0,0,0,,0,006,"HICKEY BL","RT 280",0.00,,Y,A,-,Y,SM,4,280,-,R,24.081,R,4,S,N,4,0,2,3,A,-,04,21703,,N,C,C,A,A,H,-,A,A,0,,,,,Y,,-,,0,0,2,0,0,0,0,0,0,"- ",SO,37.663870000000003,-122.46704,"SAN MATEO","DALY CITY",-122.46545266,37.661779510000002
6743923,2014,2015-01-26,4117,2014-11-19,1237,01CG09,13AN,3,5,5,4117,0,0,0,,0,001,"WEST ORANGE AV","C ST",170.00,E,N,C,-,N,,,,,,,,,,N,4,0,2,2,A,-,08,22107,,N,A,C,A,B,H,-,A,D,0,,,,,Y,,A,01,0,0,2,0,0,0,0,0,0,"- ","- ",,,"SAN MATEO","SOUTH SAN FRANCISCO",-122.42757641999999,37.651501670000002
6744126,2014,2015-01-29,4102,2014-12-02,1733,31500,1,2,5,4,4102,0,0,0,,0,001,"MASONIC WY","HILLER ST",90.00,W,N,C,-,N,,,,,,,,,,N,4,0,1,2,A,-,11,21954,A,N,G,B,D,B,H,-,C,D,0,Y,,,,Y,,N,60,0,0,1,0,1,0,0,0,0,"- ","- ",,,"SAN MATEO",BELMONT,-122.27358716000001,37.523605860000004
6745072,2014,2015-01-23,4111,2014-11-23,1334,P5136,P14,7,5,4,4111,0,0,0,,0,0P3,"FASSLER AV","CRESPI DR",587.00,W,N,A,-,N,,,,,,,,,,N,3,0,1,2,A,-,03,22350,,N,F,E,A,A,H,-,A,D,0,,,Y,,Y,,C,02,0,1,0,0,0,0,0,0,1,"- ","- ",,,"SAN MATEO",PACIFICA,-122.48457164,37.59927106
6745202,2014,2014-12-30,4117,2014-10-24,0434,13BB06,01AE,5,5,5,4117,0,0,0,,0,004,"FORBES BL","FORBES BL 440",0.00,,Y,A,-,N,,,,,,,,,,Y,3,0,1,1,A,-,08,22107,,N,E,I,A,A,H,-,C,C,0,,,,,Y,,A,01,0,1,0,0,0,0,0,0,0,"- ","- ",,,"SAN MATEO","SOUTH SAN FRANCISCO",-122.39305973,37.656618020000003
6746106,2014,2015-01-09,4113,2014-10-07,1144,421,3,2,5,5,4113,0,0,0,,0,003,BROADWAY,JEFFERSON,0.00,,Y,A,-,N,,,,,,,,,,N,4,0,2,2,A,-,"- ",,,N,C,C,A,A,H,-,A,D,0,,,,,Y,,A,01,0,0,2,0,0,0,0,0,0,"- ","- ",,,"SAN MATEO","REDWOOD CITY",-122.22817997999999,37.486539950000001
6748000,2014,2015-01-26,4113,2014-11-21,1638,382,4,5,5,5,4113,0,0,0,,0,004,"MIDDLEFIELD RD","WOODSIDE RD",175.00,S,N,A,-,N,,,,,,,,,,N,4,0,1,2,A,-,04,21703,,N,H,G,A,A,H,-,A,D,0,,Y,,,Y,,L,04,0,0,1,0,0,0,1,0,0,"- ","- ",37.479889999999997,-122.21899000000001,"SAN MATEO","REDWOOD CITY",-122.2186816,37.48083381
6749921,2014,2015-01-27,4117,2014-11-30,0832,12DB01,21A1,7,5,5,4117,0,0,0,,0,003,"HOLLY AV","MISSION RD",50.00,E,N,C,-,N,,,,,,,,,,N,4,0,1,2,A,-,08,22107,,N,D,C,A,B,H,-,A,D,0,,,,,Y,Y,A,01,0,0,1,0,0,0,0,0,0,"- ","- ",37.661490000000001,-122.43846000000001,"SAN MATEO","SOUTH SAN FRANCISCO",-122.43847160999999,37.661206970000002
6751533,2014,2015-02-04,9330,2014-12-14,1800,20593,,7,2,9,4100,0,3,5,,2,505,"HURLINGAME AV","SPRING ST",0.00,,Y,B,-,N,,,,,,,,,,N,4,0,1,2,A,-,12,22450,A,N,D,C,A,A,H,-,C,A,0,,,,,Y,,D,22,0,0,1,0,0,0,0,0,0,"- ","- ",37.482250000000001,-122.2077,"SAN MATEO",UNINCORPORATED,-122.20768984999999,37.482249940000003
6752475,2014,2016-06-16,4104,2014-12-13,1742,0221,5,6,5,4,4104,0,0,0,,0,00A,"RT 82","PALM DR",0.00,,Y,A,-,Y,SM,4,82,-,-,13.850,H,-,N,Y,3,0,1,1,A,-,08,22107,,N,E,I,A,A,H,-,C,D,0,,,,,Y,,A,01,0,1,0,0,0,0,0,0,0,"- ","- ",,,"SAN MATEO",BURLINGAME,-122.35815415,37.579675520000002
6754071,2014,2015-02-09,9330,2014-12-10,2000,015268,,3,2,9,4100,0,3,5,,2,513,"LOS TRANCOS RD","LOS TRANCOS CIR",375.00,S,N,B,-,N,,,,,,,,,,N,3,0,1,1,A,-,13,22515,A,N,E,I,A,A,H,-,D,D,0,,,,,Y,,A,07,0,1,0,0,0,0,0,0,0,"- ","- ",37.349530000000001,-122.20059999999999,"SAN MATEO",UNINCORPORATED,-122.19959399,37.348952439999998
6754073,2014,2016-06-17,9330,2014-12-05,1330,020337,,5,1,9,4100,0,3,5,,2,111,"RT 1","MEDIO AV",0.00,,Y,A,B,Y,SM,4,1,-,-,31.410,I,5,N,Y,4,0,1,2,A,-,09,21802,A,N,D,C,A,A,H,-,-,A,0,,,,,Y,,A,07,0,0,1,0,0,0,0,0,0,"- ","- ",37.297640000000001,-122.27455999999999,"SAN MATEO",UNINCORPORATED,-122.45763226,37.495988730000001