CASE_ID,ACCIDENT_YEAR,PROC_DATE,JURIS,COLLISION_DATE,COLLISION_TIME,OFFICER_ID,REPORTING_DISTRICT,DAY_OF_WEEK,CHP_SHIFT,POPULATION,CNTY_CITY_LOC,SPECIAL_COND,BEAT_TYPE,CHP_BEAT_TYPE,CITY_DIVISION_LAPD,CHP_BEAT_CLASS,BEAT_NUMBER,PRIMARY_RD,SECONDARY_RD,DISTANCE,DIRECTION,INTERSECTION,WEATHER_1,WEATHER_2,STATE_HWY_IND,CALTRANS_COUNTY,CALTRANS_DISTRICT,STATE_ROUTE,ROUTE_SUFFIX,POSTMILE_PREFIX,POSTMILE,LOCATION_TYPE,RAMP_INTERSECTION,SIDE_OF_HWY,TOW_AWAY,COLLISION_SEVERITY,NUMBER_KILLED,NUMBER_INJURED,PARTY_COUNT,PRIMARY_COLL_FACTOR,PCF_CODE_OF_VIOL,PCF_VIOL_CATEGORY,PCF_VIOLATION,PCF_VIOL_SUBSECTION,HIT_AND_RUN,TYPE_OF_COLLISION,MVIW,PED_ACTION,ROAD_SURFACE,ROAD_COND_1,ROAD_COND_2,LIGHTING,CONTROL_DEVICE,CHP_ROAD_TYPE,PEDESTRIAN_ACCIDENT,BICYCLE_ACCIDENT,MOTORCYCLE_ACCIDENT,TRUCK_ACCIDENT,NOT_PRIVATE_PROPERTY,ALCOHOL_INVOLVED,STWD_VEHTYPE_AT_FAULT,CHP_VEHTYPE_AT_FAULT,COUNT_SEVERE_INJ,COUNT_VISIBLE_INJ,COUNT_COMPLAINT_PAIN,COUNT_PED_KILLED,COUNT_PED_INJURED,COUNT_BICYCLIST_KILLED,COUNT_BICYCLIST_INJURED,COUNT_MC_KILLED,COUNT_MC_INJURED,PRIMARY_RAMP,SECONDARY_RAMP,LATITUDE,LONGITUDE,COUNTY,CITY,POINT_X,POINT_Y
6754077,2014,2015-02-09,9330,2014-12-20,1515,019478,,6,2,9,4100,0,3,5,,2,305,"CRYSTAL SPRINGS RD","TARTAN TRAIL RD",200.00,W,N,B,-,N,,,,,,,,,,N,2,0,1,1,A,-,08,22107,,N,F,I,A,B,H,-,A,A,0,,Y,,,Y,,L,04,1,0,0,0,0,0,1,0,0,"- ","- ",,,"SAN MATEO",UNINCORPORATED,-122.34984811,37.53747542
6755742,2014,2015-02-05,4114,2014-12-23,1730,0022,SNB6,2,5,4,4114,0,0,0,,0,002,"SAN BRUNO AV","MASSON AV",0.00,,Y,A,-,N,,,,,,,,,,N,4,0,1,2,A,-,10,21950,A,N,G,B,B,A,H,-,C,D,0,Y,,,,Y,,A,01,0,0,1,0,1,0,0,0,0,"- ","- ",,,"SAN MATEO","SAN BRUNO",-122.41357999,37.629979949999999
6756174,2014,2015-02-05,9330,2014-12-15,1235,017991,,1,1,9,4100,0,1,1,,2,044,"RT 280","RANCHO PULGAS",200.00,N,N,B,C,Y,,,,,,,,,,Y,4,0,1,2,A,-,03,22350,,N,B,C,A,B,H,-,A,D,0,,,,,Y,,A,01,0,0,1,0,0,0,0,0,0,"- ","- ",,,"SAN MATEO",UNINCORPORATED,,
6756190,2014,2016-07-07,9330,2014-12-23,1220,020106,,2,1,4,4115,0,1,2,,2,048,"RT 101","HOLLY ST",500.00,N,N,A,-,Y,SM,4,101,-,-,8.500,H,-,N,N,4,0,1,2,A,-,03,22350,,N,C,C,A,A,H,-,A,-,1,,,,,Y,,A,01,0,0,1,0,0,0,0,0,0,"- ","- ",,,"SAN MATEO","SAN CARLOS",-122.25729388000001,37.515064129999999
6756198,2014,2016-07-07,9330,2014-12-23,1800,020922,,2,2,5,4113,0,1,2,,2,058,"RT 101","RT 84",600.00,S,N,A,-,Y,SM,4,101,-,-,5.020,H,-,N,Y,4,0,1,2,A,-,03,22350,,N,C,C,A,A,H,-,C,D,1,,,,,Y,,A,01,0,0,1,0,0,0,0,0,0,"- ","- ",37.487360000000002,-122.20345,"SAN MATEO","REDWOOD CITY",-122.20626157,37.487679329999999
6756214,2014,2016-06-16,9330,2014-12-29,0205,020272,,1,3,9,4100,0,1,3,,1,011,"RT 92","RT 35",10560.00,E,N,A,-,Y,SM,4,92,-,T,6.610,H,-,E,Y,4,0,1,1,A,-,03,22350,,N,E,I,A,B,H,-,D,D,0,,,,,Y,,A,01,0,0,1,0,0,0,0,0,0,"- ","- ",37.499899999999997,-122.36,"SAN MATEO",UNINCORPORATED,-122.34809789000001,37.512178849999998
6758080,2014,2015-01-27,4117,2014-11-24,2029,14MN05,08AF,1,5,5,4117,0,0,0,,0,001,"COMMERCIAL AV","LINDEN AV",0.00,,Y,A,-,N,,,,,,,,,,Y,4,0,1,2,A,-,03,22350,,F,C,D,A,A,H,-,C,D,0,,,,,Y,,A,01,0,0,1,0,0,0,0,0,0,"- ","- ",,,"SAN MATEO","SOUTH SAN FRANCISCO",-122.4108099,37.653219900000003
6759414,2014,2015-01-30,4102,2014-12-15,1408,69800,4,1,5,4,4102,0,0,0,,0,002,"CHULA VISTA DR","SOLANA DR",383.00,W,N,A,-,N,,,,,,,,,,Y,4,0,1,1,A,-,03,22350,,N,E,I,A,B,H,-,A,D,0,,,,,Y,,A,07,0,0,1,0,0,0,0,0,0,"- ","- ",,,"SAN MATEO",BELMONT,-122.28572268000001,37.511085219999998
6762293,2014,2015-01-28,4117,2014-11-10,1530,10DQ13,07AF,1,5,5,4117,0,0,0,,0,004,"HILLSIDE BL","SCHOOL ST",0.00,,Y,A,-,N,,,,,,,,,,N,4,0,1,2,A,-,10,21950,A,F,G,B,B,A,H,-,A,D,0,Y,,,,Y,,-,99,0,0,1,0,1,0,0,0,0,"- ","- ",,,"SAN MATEO","SOUTH SAN FRANCISCO",-122.408559,37.663479000000002
6765885,2014,2016-06-27,9335,2014-12-19,0400,019542,,5,3,5,4117,0,1,2,,2,012,"RT 101","SOUTH AIRPORT BL",575.00,N,N,B,C,Y,SM,4,101,-,-,21.820,H,-,S,Y,4,0,1,2,A,-,03,22350,,M,E,I,A,B,H,-,D,D,1,,,,,Y,,A,01,0,0,1,0,0,0,0,0,0,"- ","- ",37.651809999999998,-122.40702,"SAN MATEO","SOUTH SAN FRANCISCO",-122.40698577000001,37.651678160000003
6767254,2014,2015-02-03,4102,2014-12-21,0559,07000,1,7,5,4,4102,0,0,0,,0,001,"HILLER ST","WESSEX WY",226.00,N,N,A,-,N,,,,,,,,,,Y,4,0,1,1,A,-,01,23152,A,N,E,I,A,B,H,-,C,D,0,,,,,Y,Y,A,01,0,0,1,0,0,0,0,0,0,"- ","- ",,,"SAN MATEO",BELMONT,-122.27352068,37.524944560000002
6770834,2014,2015-06-22,4114,2014-11-14,1908,0048,SNB32,5,5,4,4114,0,0,0,,0,003,"SNEATH LN","CLAREMONT DR",205.00,E,N,A,-,N,,,,,,,,,,Y,4,0,1,1,A,-,07,21658,A,N,E,I,A,A,H,-,C,D,0,,,,,Y,,A,01,0,0,1,0,0,0,0,0,0,"- ","- ",37.627319999999997,-122.44108,"SAN MATEO","SAN BRUNO",-122.44494797,37.625209599999998
6771600,2014,2015-02-05,4101,2014-12-23,0237,14LC01,,2,5,2,4101,0,0,0,,0,001,"MIDDLEFIELD RD","OAK GROVE AV",336.00,S,N,A,-,N,,,,,,,,,,Y,2,0,2,1,A,-,01,23153,A,N,E,I,A,A,H,-,D,D,0,,,,,Y,Y,A,01,2,0,0,0,0,0,0,0,0,"- ","- ",,,"SAN MATEO",ATHERTON,-122.17755428,37.461402929999998
6772730,2014,2016-06-16,4117,2014-12-31,0045,08JP04,21AJ,3,5,5,4117,0,0,0,,0,003,"RT 82","BART RD",0.00,,Y,A,-,Y,SM,4,82,-,-,21.350,H,-,S,N,4,0,1,2,A,-,03,22350,,N,C,C,A,A,H,-,C,A,0,,,,,Y,,A,01,0,0,1,0,0,0,0,0,0,"- ","- ",37.662010000000002,-122.4435,"SAN MATEO","SOUTH SAN FRANCISCO",-122.44346756,37.66196549
6773282,2014,2015-02-13,4117,2014-12-23,1710,03JA06,01AM,2,5,5,4117,0,0,0,,0,001,"SOUTH AIRPORT BL","BELLE AIRE RD",270.00,S,N,A,-,N,,,,,,,,,,N,4,0,1,2,A,-,21,22106,,N,C,C,A,A,H,-,C,A,0,,,,,Y,,A,08,0,0,1,0,0,0,0,0,0,"- ","- ",37.643419999999999,-122.40438,"SAN MATEO","SOUTH SAN FRANCISCO",-122.40191372,37.640318540000003
6773349,2014,2015-02-12,4117,2014-12-19,0451,09RA03,08AH,5,5,5,4117,0,0,0,,0,001,"SPRUCE AV","BADEN AV",0.00,,Y,A,-,N,,,,,,,,,,Y,4,0,1,1,A,-,08,22107,,F,A,J,A,A,H,-,C,A,0,,,,,Y,,A,01,0,0,1,0,0,0,0,0,0,"- ","- ",37.655610000000003,-122.41649,"SAN MATEO","SOUTH SAN FRANCISCO",-122.41634995,37.65548991
6773353,2014,2015-02-13,4117,2014-12-30,1459,99RG01,05AB,2,5,5,4117,0,0,0,,0,001,"SAN MATEO AV","LOWRIE AV",0.00,,Y,A,-,N,,,,,,,,,,N,4,0,1,2,A,-,"- ",,,N,C,C,A,A,H,-,A,D,0,,,,,Y,,A,01,0,0,1,0,0,0,0,0,0,"- ","- ",37.641860000000001,-122.41157,"SAN MATEO","SOUTH SAN FRANCISCO",-122.41121991999999,37.642609909999997
6773358,2014,2015-02-12,4104,2014-12-18,1241,0233,1,4,5,4,4104,0,0,0,,0,00A,"EL CAMINO REAL","BURLINGAME AV",0.00,,Y,B,-,N,,,,,,,,,,N,3,0,1,2,A,-,17,21451,A,N,D,C,A,A,H,-,A,A,0,,,,,Y,,A,01,0,1,0,0,0,0,0,0,0,"- ","- ",37.57882,-122.34274000000001,"SAN MATEO",BURLINGAME,-122.35004000000001,37.576409910000002
6773442,2014,2015-02-13,4113,2014-12-13,0939,384,2,6,5,5,4113,0,0,0,,0,002,"WHIPPLE AV","VETERANS BL",60.00,W,N,A,-,N,,,,,,,,,,N,4,0,1,2,A,-,03,22350,,N,C,C,A,A,H,-,A,A,0,,,,,Y,,A,01,0,0,1,0,0,0,0,0,0,"- ","- ",,,"SAN MATEO","REDWOOD CITY",-122.23467237,37.494438510000002
6773668,2014,2015-02-05,4117,2014-12-21,1748,9SL05,19BK,7,5,5,4117,0,0,0,,0,003,"JUNIPERO SERRA BL","WESTBOROUGH BL",15.00,N,N,C,-,Y,,,,,,,,,,N,4,0,1,2,A,-,21,22106,,N,A,C,A,B,H,-,C,A,0,,,,,Y,,A,01,0,0,1,0,0,0,0,0,0,"- ","- ",37.646259999999998,-122.44880000000001,"SAN MATEO","SOUTH SAN FRANCISCO",-122.44861911,37.646144100000001
6773676,2014,2015-02-05,4117,2014-12-19,1516,4RC07,27AA,5,5,5,4117,0,0,0,,0,002,"CALLAN BL","CARTER DR",47.00,N,N,C,-,N,,,,,,,,,,Y,4,0,2,2,A,-,09,21804,A,N,C,C,A,B,H,-,A,D,0,,,,,Y,,A,07,0,0,2,0,0,0,0,0,0,"- ","- ",37.649459999999998,-122.46825,"SAN MATEO","SOUTH SAN FRANCISCO",-122.46832775,37.649536599999998
6774487,2015,2016-10-26,9330,2015-01-03,1720,020577,,6,2,4,4102,0,1,2,,2,048,"RT 101","RALSTON AV",1353.00,N,N,A,-,Y,SM,4,101,-,-,9.810,H,-,N,Y,3,0,2,4,A,-,03,22350,,N,C,C,A,A,H,-,B,D,1,,,,,Y,,A,01,0,1,1,0,0,0,0,0,0,"- ","- ",37.52993,-122.27381,"SAN MATEO",BELMONT,-122.27315462999999,37.529108839999999
6777030,2014,2015-01-28,4105,2014-11-24,1724,C10,CL01,1,5,1,4105,0,0,0,,0,CL01,"MISSION RD","ELECTRIC POLE #110062993",49.00,S,N,A,-,N,,,,,,,,,,Y,4,0,1,2,A,-,04,21703,,N,C,C,A,A,H,-,D,D,0,,,,,Y,,A,01,0,0,1,0,0,0,0,0,0,"- ","- ",,,"SAN MATEO",COLMA,,
6778080,2014,2015-01-29,4100,2014-10-03,1758,19010,2B,5,5,2,4112,0,0,0,,0,003,"LOS TRANCOS RD","FIRETHORN WY",158.00,S,N,A,-,N,,,,,,,,,,Y,3,0,1,1,A,-,03,22350,,N,E,I,A,A,H,-,A,D,0,,,,,Y,,A,07,0,1,0,0,0,0,0,0,0,"- ","- ",,,"SAN MATEO","PORTOLA VALLEY",-122.2005649,37.374378989999997
6778658,2014,2016-06-17,9330,2014-12-24,1135,16324,,3,1,9,4100,0,1,3,,1,010,"RT 1","MEDIO AV",0.00,,Y,B,-,Y,SM,4,1,-,-,31.410,I,5,N,Y,2,0,3,2,A,-,09,21802,A,N,D,C,A,A,H,-,A,D,0,,,,,Y,,-,,1,0,2,0,0,0,0,0,0,"- ","- ",37.496040000000001,-122.4577,"SAN MATEO",UNINCORPORATED,-122.45763226,37.495988730000001
6779260,2014,2016-06-16,4117,2014-12-17,0741,05RR05,17AV,3,5,5,4117,0,0,0,,0,003,"EL CAMINO REAL HWY","ARROYO DR",0.00,,Y,B,-,Y,SM,4,82,-,-,20.801,I,5,N,N,4,0,1,2,A,-,17,21451,A,N,D,G,A,B,H,-,A,A,0,,Y,,,Y,,A,01,0,0,1,0,0,0,1,0,0,"- ","- ",37.65654,-122.4362,"SAN MATEO","SOUTH SAN FRANCISCO",-122.43631155999999,37.65652626
6779677,2014,2015-01-28,4111,2014-11-16,1613,P5120,P13,7,5,4,4111,0,0,0,,0,0P2,"SHARP PARK RD","GYPSY HILL RD",811.00,W,N,A,-,N,,,,,,,,,,Y,3,0,1,1,A,-,03,22350,,N,E,I,A,A,H,-,A,D,0,,,Y,,Y,,C,02,0,1,0,0,0,0,0,0,1,"- ","- ",,,"SAN MATEO",PACIFICA,-122.47804809,37.627564990000003
6780834,2014,2016-06-17,4100,2014-11-25,1513,18690,4100,2,5,3,4107,0,0,0,,0,075,"RT 1","TERRACE AV",0.00,,Y,A,-,Y,SM,4,1,-,-,29.402,I,5,S,N,3,0,1,2,A,-,09,21802,A,F,H,G,A,A,H,-,A,A,0,,Y,,,Y,,-,,0,1,0,0,0,0,1,0,0,"- ","- ",,,"SAN MATEO","HALF MOON BAY",-122.43584183,37.472803380000002
6781287,2015,2016-09-12,9335,2015-01-20,0735,020072,,2,1,5,4117,0,1,1,,2,020,"RT 280","SNEATH LN",4224.00,N,N,E,-,Y,SM,4,280,-,R,22.110,H,-,S,Y,4,0,1,3,A,-,03,22350,,N,C,C,A,A,H,-,A,D,1,,,,,Y,,A,01,0,0,1,0,0,0,0,0,0,"- ","- ",37.64011,-122.44280000000001,"SAN MATEO","SOUTH SAN FRANCISCO",-122.4426004,37.640088120000001
6782215,2015,2016-10-14,9335,2015-01-04,1040,020892,,7,1,9,4100,0,1,2,,2,011,"RT 101","AIRPORT ACCESS RD",916.00,S,N,A,-,Y,SM,4,101,-,-,18.910,R,1,N,Y,4,0,1,2,A,-,03,22350,,N,C,C,A,A,H,-,A,D,1,,,,,Y,,-,"- ",0,0,1,0,0,0,0,0,0,TO,"- ",37.611890000000002,-122.39409999999999,"SAN MATEO",UNINCORPORATED,-122.39304712000001,37.610941109999999
6784115,2015,2015-02-18,4102,2015-01-04,1420,15200,7,7,5,4,4102,0,0,0,,0,003,"ALAMEDA DE LAS PULGAS","RALSTON AV",287.00,S,N,A,-,N,,,,,,,,,,N,4,0,1,2,A,-,06,21755,A,N,B,C,A,A,H,-,A,D,0,,,Y,,Y,,C,02,0,0,1,0,0,0,0,0,1,"- ","- ",37.512949999999996,-122.29214,"SAN MATEO",BELMONT,-122.29401333,37.511419519999997
6784233,2015,2016-10-26,9335,2015-01-03,1150,020892,,6,1,2,4103,0,1,2,,2,012,"RT 101","ALANA WY",5280.00,S,N,A,-,Y,SM,4,101,-,-,25.120,H,-,N,N,4,0,2,2,A,-,04,21703,,N,C,C,A,A,H,-,A,D,1,,,,,Y,,A,07,0,0,2,0,0,0,0,0,0,"- ","- ",37.695140000000002,-122.39191,"SAN MATEO",BRISBANE,-122.39150938,37.693513430000003
6786165,2014,2015-05-09,4127,2014-12-16,1014,2180,4127,2,5,4,4127,0,0,0,,0,003,"CLARK AV","BEECH ST",0.00,,Y,A,-,N,,,,,,,,,,N,4,0,1,2,A,-,09,21802,,N,D,C,A,B,H,-,A,D,0,,,,,Y,,A,01,0,0,1,0,0,0,0,0,0,"- ","- ",,,"SAN MATEO","EAST PALO ALTO",-122.13475200000001,37.465038
6793298,2014,2015-02-09,4114,2014-12-15,0525,0036,SNB4,1,5,4,4114,0,0,0,,0,001,"EL CAMINO REAL","SNEATH LN",0.00,,Y,C,-,N,,,82,,,,,,,Y,4,0,1,1,A,-,08,22107,,N,E,I,A,B,H,-,C,A,0,,,,,Y,,A,01,0,0,1,0,0,0,0,0,0,"- ","- ",37.63635,-122.42113999999999,"SAN MATEO","SAN BRUNO",-122.42109356,37.63637705
6793314,2014,2015-02-09,4113,2014-12-29,1226,403,4,1,5,5,4113,0,0,0,,0,004,BROADWAY,"WOODSIDE RD",40.00,S,N,A,-,N,,,,,,,,,,Y,4,0,1,2,A,-,08,22100,A,N,D,C,A,A,H,-,A,A,0,,,,,Y,,A,01,0,0,1,0,0,0,0,0,0,"- ","- ",,,"SAN MATEO","REDWOOD CITY",-122.21408426000001,37.487050609999997
6793582,2015,2015-03-18,4113,2015-01-03,1658,428,7,6,5,5,4113,0,0,0,,0,007,"OAK KNOLL DR","HILLSIDE RD",60.00,W,N,A,-,N,,,,,,,,,,Y,4,0,2,2,A,-,"- ",,,N,A,C,A,A,H,-,A,D,0,,,,,Y,,A,01,0,0,2,0,0,0,0,0,0,"- ","- ",,,"SAN MATEO","REDWOOD CITY",-122.25976221000001,37.471197539999999
6793878,2014,2015-01-28,4100,2014-11-11,1118,15760,5T,2,5,3,4110,0,0,0,,0,006,"EL CAMINO REAL","SILVA AV",0.00,,Y,A,-,N,,,,,,,,,,Y,4,0,1,2,A,-,12,21453,A,N,D,C,A,A,H,-,A,A,0,,,,,Y,,A,01,0,0,1,0,0,0,0,0,0,"- ","- ",,,"SAN MATEO",MILLBRAE,-122.39441986,37.60404999
6793880,2014,2015-01-28,4100,2014-11-23,1745,19180,23,7,5,4,4115,0,0,0,,0,005,"BRITTAN AV","INDUSTRIAL RD",0.00,,Y,B,-,N,,,,,,,,,,Y,4,0,1,2,A,-,12,21453,A,N,D,C,A,A,H,-,C,A,0,,,,,Y,,A,01,0,0,1,0,0,0,0,0,0,"- ","- ",,,"SAN MATEO","SAN CARLOS",-122.24839987,37.503729970000002
6793912,2014,2015-07-06,4100,2014-11-17,1811,18950,32,1,5,4,4115,0,0,0,,0,005,"EL CAMINO REAL","EL CAMINO REAL 251",0.00,,-,A,-,N,,,,,,,,,,N,4,0,1,2,A,-,07,21658,A,N,B,C,A,A,H,-,C,D,0,,,Y,,Y,,C,02,0,0,1,0,0,0,0,0,1,"- ","- ",,,"SAN MATEO","SAN CARLOS",-122.32615471,37.56317413
6793980,2014,2016-07-07,9330,2014-12-16,0002,20064,,2,3,5,4113,0,1,2,,2,058,"RT 101","RT 84",2640.00,S,N,B,-,Y,SM,4,101,-,-,4.890,H,-,N,Y,4,0,1,2,A,-,01,23152,A,N,C,C,A,B,H,-,D,D,1,,,,,Y,Y,A,01,0,0,1,0,0,0,0,0,0,"- ","- ",37.487029999999997,-122.20090999999999,"SAN MATEO","REDWOOD CITY",-122.2039084,37.487396310000001
6793982,2014,2016-06-16,4100,2014-12-02,2125,18970,5G,2,5,3,4110,0,0,0,,0,061,"RT 82","VICTORIA AV",0.00,,Y,A,-,Y,SM,4,82,-,-,16.140,H,-,N,N,3,0,1,2,A,-,11,21456,B,N,G,B,D,B,H,-,C,A,0,Y,,,,Y,Y,N,60,0,1,0,0,1,0,0,0,0,"- ","- ",,,"SAN MATEO",MILLBRAE,-122.38981336000001,37.60061469
6793989,2014,2015-02-11,4116,2014-12-23,2300,18360,70,2,5,5,4116,0,0,0,,0,070,"HIGGINS CANYON RD","MAIN ST",15312.00,E,N,A,-,N,,,,,,,,,,N,4,0,1,1,A,-,08,22107,,N,E,J,A,A,H,-,D,D,0,,,,,Y,,A,01,0,0,1,0,0,0,0,0,0,"- ","- ",37.438270000000003,-122.38718,"SAN MATEO","SAN MATEO",-122.38718747999999,37.438258959999999
6794031,2015,2016-09-23,9330,2015-01-15,1715,020577,,4,2,4,4115,0,1,2,,2,048,"RT 101","BRITTAN AV",50.00,N,N,A,-,Y,SM,4,101,-,-,8.191,R,2,S,Y,4,0,1,2,A,-,03,22350,,N,C,C,A,A,H,-,B,D,1,,,,,Y,,A,08,0,0,1,0,0,0,0,0,0,FR,"- ",,,"SAN MATEO","SAN CARLOS",-122.25364046,37.511629370000001
6795483,2014,2015-01-30,4106,2014-08-22,2255,2069,13A,5,5,6,4106,0,0,0,,0,006,"SERRAMONTE BL","GELLERT BL",0.00,,Y,A,-,N,,,,,,,,,,N,4,0,1,2,A,-,10,21950,A,F,G,B,B,A,H,-,C,A,0,Y,,,,Y,Y,A,07,0,0,1,0,1,0,0,0,0,"- ","- ",,,"SAN MATEO","DALY CITY",-122.46896989,37.66905989
6795681,2015,2015-03-18,4102,2015-01-20,1526,65000,7,2,5,4,4102,0,0,0,,0,003,"ALAMEDA DE LAS PULGAS","EL VERANO WY",31.00,S,N,A,-,N,,,,,,,,,,Y,4,0,2,3,A,-,03,22350,,N,C,C,A,A,H,-,A,A,0,,,,,Y,,A,01,0,0,2,0,0,0,0,0,0,"- ","- ",,,"SAN MATEO",BELMONT,-122.29044747,37.508155879999997
6795734,2014,2015-03-18,4109,2014-10-10,1830,14658,25,5,5,4,4109,0,0,0,,0,002,"LAUREL ST","RAVENSWOOD AV",0.00,,Y,A,-,N,,,,,,,,,,N,3,0,1,2,A,-,08,22107,,N,H,G,A,A,H,-,A,D,0,,Y,,,Y,,A,01,0,1,0,0,0,0,1,0,0,"- ","- ",,,"SAN MATEO","MENLO PARK",-122.17909,37.455649970000003
6798437,2015,2016-09-07,9330,2015-01-23,0924,019764,,5,1,5,4116,0,1,2,,2,038,"RT 101","RT 92",2000.00,N,N,A,-,Y,SM,4,101,-,-,12.260,H,-,S,Y,4,0,2,3,A,-,03,22350,,N,C,C,A,A,H,-,A,D,1,,,,,Y,,A,01,0,0,2,0,0,0,0,0,0,"- ","- ",37.559280000000001,-122.30200000000001,"SAN MATEO","SAN MATEO",-122.30021661000001,37.557566090000002
6798438,2015,2016-09-12,9330,2015-01-23,0730,019478,,5,1,9,4100,0,1,1,,2,034,"RT 280","BUNKER HILL DR",528.00,N,N,A,-,Y,SM,4,280,-,R,12.420,H,-,S,Y,4,0,1,2,A,-,03,22350,,N,C,C,A,A,H,-,A,A,1,,,,,Y,,A,07,0,0,1,0,0,0,0,0,0,"- ","- ",,,"SAN MATEO",UNINCORPORATED,-122.35713821,37.524360700000003
6798477,2015,2016-10-12,9330,2015-01-25,0015,020041,,7,3,9,4100,0,1,3,,1,011,"RT 92","RT 280",1150.00,W,N,A,-,Y,SM,4,92,-,T,6.990,H,-,W,Y,4,0,1,1,A,-,01,23152,A,N,F,J,A,A,H,-,C,D,0,,,,,Y,Y,A,01,0,0,1,0,0,0,0,0,0,"- ","- ",37.508180000000003,-122.34381999999999,"SAN MATEO",UNINCORPORATED,-122.34389865,37.508299100000002
6799438,2015,2016-09-07,9330,2015-01-25,1055,19646,,7,1,4,4104,0,1,2,,2,038,"RT 101","BROADWAY AV",300.00,N,N,A,-,Y,SM,4,101,-,-,16.640,H,-,N,N,4,0,1,2,A,-,03,22350,,N,C,C,A,A,H,-,A,D,1,,,,,Y,,A,07,0,0,1,0,0,0,0,0,0,"- ","- ",,,"SAN MATEO",BURLINGAME,-122.3620165,37.590683820000002
6799664,2014,2015-02-06,4109,2014-12-29,1216,15164,23,1,5,4,4109,0,0,0,,0,002,"BAY RD","HERITAGE DR",35.00,S,N,A,-,N,,,,,,,,,,N,4,0,1,2,A,-,03,22350,,N,C,C,A,A,H,-,A,A,0,,,,,Y,,A,01,0,0,1,0,0,0,0,0,0,"- ","- ",,,"SAN MATEO","MENLO PARK",-122.15658999999999,37.467953850000001
6800883,2015,2016-10-14,9335,2015-02-04,1040,017411,,3,1,9,4100,0,1,2,,2,011,"RT 101",SFO,300.00,S,N,A,-,Y,SM,4,101,-,-,19.030,H,-,S,Y,4,0,1,1,A,-,08,22107,,N,E,I,A,A,H,-,A,D,1,,,,,Y,,A,01,0,0,1,0,0,0,0,0,0,"- ","- ",37.615229999999997,-122.39815,"SAN MATEO",UNINCORPORATED,-122.39489158000001,37.611831989999999
6801884,2015,2015-02-26,4111,2015-01-27,1612,P5138,P16,2,5,4,4111,0,0,0,,0,0P3,"PARK PACIFICA AV","BIG SUR WY",79.00,N,N,A,-,N,,,,,,,,,,Y,3,0,2,6,A,-,08,22107,,N,B,E,A,A,H,-,A,D,0,,,,Y,Y,,D,72,0,1,1,0,0,0,0,0,0,"- ","- ",,,"SAN MATEO",PACIFICA,-122.47253392,37.58905043
6803749,2015,2016-10-19,4109,2015-01-07,0854,15174,26,3,5,4,4109,0,0,0,,0,001,"RT 82","CAMBRIDGE AV",50.00,N,N,A,-,Y,SM,4,82,-,-,0.180,H,-,S,N,4,0,1,2,A,-,08,22107,,N,B,C,A,A,H,-,A,A,0,,,,,Y,,-,,0,0,1,0,0,0,0,0,0,"- ","- ",,,"SAN MATEO","MENLO PARK",-122.17428185999999,37.448569790000001
6803751,2015,2015-03-13,4111,2015-01-05,0356,P5132,P02,1,5,4,4111,0,0,0,,0,0P1,"BEACHVIEW AV","HICKEY BL",19.00,N,N,A,G,N,,,,,,,,,,Y,4,0,1,2,A,-,08,22107,,N,D,E,A,A,H,-,C,D,0,,,,,Y,,A,01,0,0,1,0,0,0,0,0,0,"- ","- ",37.653730000000003,-122.48159,"SAN MATEO",PACIFICA,-122.48155180000001,37.653670249999998
6803821,2015,2016-10-19,4101,2015-01-17,1054,14JG01,,6,5,2,4101,0,0,0,,0,001,"RT 82","LLOYDEN DR",40.00,S,N,A,-,Y,SM,4,82,-,-,2.060,H,-,N,Y,4,0,1,1,A,-,03,22350,,N,E,I,A,A,H,-,A,D,0,,,Y,,Y,,C,02,0,0,1,0,0,0,0,0,1,"- ","- ",,,"SAN MATEO",ATHERTON,-122.20289206,37.463489260000003
6804391,2014,2015-02-13,4109,2014-12-09,0948,14636,16,2,5,4,4109,0,0,0,,0,002,"VAN BUREN RD","RINGWOOD AV",0.00,,Y,B,-,N,,,,,,,,,,N,3,0,1,2,A,-,09,21804,,N,H,G,A,A,H,-,A,D,0,,Y,,,Y,,L,04,0,1,0,0,0,0,1,0,0,"- ","- ",,,"SAN MATEO","MENLO PARK",-122.16572991,37.474709969999999
6804750,2015,2015-03-04,4109,2015-01-27,1810,14658,17,2,5,4,4109,0,0,0,,0,003,"CHILCO ST","IVY DR",0.00,,Y,A,-,N,,,,,,,,,,N,4,0,1,2,A,-,05,21650,1,N,H,G,A,A,H,-,C,A,0,,Y,,,Y,,L,04,0,0,1,0,0,0,1,0,0,"- ","- ",,,"SAN MATEO","MENLO PARK",-122.15971992,37.475859890000002
6805475,2015,2016-10-06,9330,2015-01-31,1500,020786,,6,2,5,4113,0,1,2,,2,058,"RT 101","WOODSIDE RD",450.00,S,N,A,-,Y,SM,4,101,-,-,5.300,H,-,N,Y,3,0,3,3,A,-,03,22350,,N,C,C,A,A,H,-,A,D,1,,,,,Y,,A,01,0,2,1,0,0,0,0,0,0,"- ","- ",37.487450000000003,-122.20471000000001,"SAN MATEO","REDWOOD CITY",-122.21128564,37.488595719999999
6808752,2015,2016-09-12,9330,2015-02-06,1250,020580,,5,1,9,4100,0,1,1,,2,044,"RT 280","FARM HILL BL",4224.00,N,N,C,-,Y,SM,4,280,-,R,5.500,H,-,N,Y,4,0,1,1,A,-,08,22107,,N,E,I,A,B,H,-,A,D,1,,,,,Y,,A,07,0,0,1,0,0,0,0,0,0,"- ","- ",37.451259999999998,-122.27995,"SAN MATEO",UNINCORPORATED,-122.27626239999999,37.448835199999998
6808753,2015,2016-10-06,9330,2015-02-05,1545,016324,,4,2,5,4113,0,1,2,,2,048,"RT 101","WHIPPLE AV",1056.00,N,N,B,-,Y,SM,4,101,-,-,6.820,H,-,N,N,4,0,2,3,A,-,03,22350,,N,C,C,A,A,H,-,A,D,1,,,,,Y,,A,01,0,0,2,0,0,0,0,0,0,"- ","- ",37.295099999999998,-122.14116,"SAN MATEO","REDWOOD CITY",-122.23626016,37.497438979999998