CASE_ID,ACCIDENT_YEAR,PROC_DATE,JURIS,COLLISION_DATE,COLLISION_TIME,OFFICER_ID,REPORTING_DISTRICT,DAY_OF_WEEK,CHP_SHIFT,POPULATION,CNTY_CITY_LOC,SPECIAL_COND,BEAT_TYPE,CHP_BEAT_TYPE,CITY_DIVISION_LAPD,CHP_BEAT_CLASS,BEAT_NUMBER,PRIMARY_RD,SECONDARY_RD,DISTANCE,DIRECTION,INTERSECTION,WEATHER_1,WEATHER_2,STATE_HWY_IND,CALTRANS_COUNTY,CALTRANS_DISTRICT,STATE_ROUTE,ROUTE_SUFFIX,POSTMILE_PREFIX,POSTMILE,LOCATION_TYPE,RAMP_INTERSECTION,SIDE_OF_HWY,TOW_AWAY,COLLISION_SEVERITY,NUMBER_KILLED,NUMBER_INJURED,PARTY_COUNT,PRIMARY_COLL_FACTOR,PCF_CODE_OF_VIOL,PCF_VIOL_CATEGORY,PCF_VIOLATION,PCF_VIOL_SUBSECTION,HIT_AND_RUN,TYPE_OF_COLLISION,MVIW,PED_ACTION,ROAD_SURFACE,ROAD_COND_1,ROAD_COND_2,LIGHTING,CONTROL_DEVICE,CHP_ROAD_TYPE,PEDESTRIAN_ACCIDENT,BICYCLE_ACCIDENT,MOTORCYCLE_ACCIDENT,TRUCK_ACCIDENT,NOT_PRIVATE_PROPERTY,ALCOHOL_INVOLVED,STWD_VEHTYPE_AT_FAULT,CHP_VEHTYPE_AT_FAULT,COUNT_SEVERE_INJ,COUNT_VISIBLE_INJ,COUNT_COMPLAINT_PAIN,COUNT_PED_KILLED,COUNT_PED_INJURED,COUNT_BICYCLIST_KILLED,COUNT_BICYCLIST_INJURED,COUNT_MC_KILLED,COUNT_MC_INJURED,PRIMARY_RAMP,SECONDARY_RAMP,LATITUDE,LONGITUDE,COUNTY,CITY,POINT_X,POINT_Y
8030225,2016,2016-04-29,4100,2016-03-19,1928,20180,,6,5,2,4118,0,0,0,,0,,"WOODSIDE RD","NORTHGATE DR",0.00,,Y,A,-,N,,,,,,,,,,N,4,0,2,2,A,-,08,22107,,N,D,C,A,A,H,-,C,A,0,,,,,Y,,A,01,0,0,2,0,0,0,0,0,0,"- ","- ",,,"SAN MATEO",WOODSIDE,-122.23563998,37.442759889999998
8030565,2016,2016-05-04,4117,2016-04-17,0417,15NM20,27AO,7,5,5,4117,0,0,0,,0,002,"WESTBOROUGH BL","GALWAY DR",563.00,W,N,A,-,N,,,,,,,,,,Y,3,0,1,1,A,-,01,23152,A,N,E,J,A,A,H,-,C,D,0,,,,,Y,Y,A,01,0,1,0,0,0,0,0,0,0,"- ","- ",37.643470000000001,-122.45287,"SAN MATEO","SOUTH SAN FRANCISCO",-122.45913195999999,37.643432519999998
8030581,2016,2016-05-04,4117,2016-04-07,2324,14JP02,22AB,4,5,5,4117,0,0,0,,0,003,"HOLLY AV","HILLSIDE BL",31.00,S,N,A,-,N,,,,,,,,,,Y,4,0,1,1,A,-,01,23152,A,N,E,I,A,A,H,-,C,D,0,,,,,Y,Y,A,01,0,0,1,0,0,0,0,0,0,"- ","- ",37.670009999999998,-122.43316,"SAN MATEO","SOUTH SAN FRANCISCO",-122.43323166,37.669975389999998
8030747,2016,2016-05-09,4106,2016-01-12,1230,1050,12,2,5,6,4106,0,0,0,,0,005,"ZITA MANOR CT","EASTMOOR AV",25.00,N,N,A,-,N,,,,,,,,,,N,4,0,1,2,A,-,12,22450,,N,E,I,A,A,H,-,A,A,0,,,,,Y,,D,72,0,0,1,0,0,0,0,0,0,"- ","- ",37.684809999999999,-122.47915999999999,"SAN MATEO","DALY CITY",-122.47911750999999,37.684898650000001
8032881,2016,2016-05-05,4106,2016-03-16,2215,1280,14,3,5,6,4106,0,0,0,,0,006,"KING DR","SHIPLEY AV",0.00,,Y,A,-,N,,,,,,,,,,N,2,0,1,2,A,-,10,21950,A,N,G,B,B,A,H,-,C,A,0,Y,,,,Y,,A,01,1,0,0,0,1,0,0,0,0,"- ","- ",37.650399999999998,-122.4676,"SAN MATEO","DALY CITY",-122.46758988000001,37.650399899999996
8032893,2016,2016-05-05,4106,2016-03-29,1550,1180,5,2,5,6,4106,0,0,0,,0,003,"EDGEWORTH AV","89TH ST",0.00,,Y,A,-,N,,,,,,,,,,N,4,0,1,2,A,-,09,21802,A,N,D,D,A,A,H,-,A,D,0,,,,,Y,,A,01,0,0,1,0,0,0,0,0,0,"- ","- ",37.69182,-122.47449,"SAN MATEO","DALY CITY",-122.47450997999999,37.691799920000001
8033336,2016,2016-05-09,4101,2016-04-23,1247,01DD01,,6,5,2,4101,0,0,0,,0,001,"MIDDLEFIELD RD","GLENWOOD AV",0.00,,Y,A,-,N,,,,,,,,,,Y,4,0,1,2,A,-,09,21802,A,N,D,C,A,A,H,-,A,A,0,,,,,Y,,A,07,0,0,1,0,0,0,0,0,0,"- ","- ",,,"SAN MATEO",ATHERTON,-122.18160992,37.463459980000003
8033748,2016,2016-05-09,4120,2016-03-30,2030,088,10,3,5,4,4120,0,0,0,,0,00Y,"EAST HILLSDALE BL","CENTER PARK LN",0.00,,Y,A,-,N,,,,,,,,,,N,4,0,1,2,A,-,03,22350,,N,C,C,A,A,H,-,C,A,0,,,,,Y,,A,01,0,0,1,0,0,0,0,0,0,"- ","- ",37.556040000000003,-122.27512,"SAN MATEO","FOSTER CITY",-122.27454994999999,37.556299940000002
8033756,2016,2016-05-09,4120,2016-03-30,2039,T201,CIV,3,5,4,4120,0,0,0,,0,00X,"FOSTER CITY BL","EAST HILLSDALE BL",0.00,,Y,A,-,N,,,,,,,,,,N,4,0,1,2,A,-,10,21950,A,N,G,B,B,A,H,-,C,A,0,Y,,,,Y,,A,01,0,0,1,0,1,0,0,0,0,"- ","- ",37.561390000000003,-122.26894,"SAN MATEO","FOSTER CITY",-122.26916991,37.561319920000003
8033809,2016,2017-02-11,4114,2016-04-26,1117,0825,SNB5,2,5,4,4114,0,0,0,,0,001,"EL CAMINO REAL","RT 380",250.00,N,N,A,-,Y,SM,4,82,-,-,18.930,H,-,S,Y,4,0,1,2,A,-,03,22350,A,N,C,C,A,A,H,-,A,D,0,,,,,Y,,A,01,0,0,1,0,0,0,0,0,0,"- ",EF,,,"SAN MATEO","SAN BRUNO",-122.41895353,37.632682350000003
8033844,2016,2016-05-10,4114,2016-04-16,1410,0905,SNB10,6,5,4,4114,0,0,0,,0,001,"SNEATH LN","CHERRY AV",20.00,E,N,A,-,N,,,,,,,,,,N,3,0,1,1,C,-,18,,,N,E,I,A,A,H,-,A,A,0,,Y,,,Y,,-,"- ",0,1,0,0,0,0,1,0,0,"- ","- ",,,"SAN MATEO","SAN BRUNO",-122.4288588,37.633415499999998
8040734,2016,2017-02-11,4111,2016-04-02,1415,P5071,P02,6,5,4,4111,0,0,0,,0,0P1,"SKYLINE BL","HICKEY BL",1502.00,S,N,A,-,Y,SM,4,35,-,-,27.650,H,-,N,N,3,0,3,4,A,-,05,21460,,N,A,C,F,A,H,-,A,D,0,Y,,,,Y,Y,A,01,0,2,1,0,1,0,0,0,0,"- ","- ",,,"SAN MATEO",PACIFICA,-122.47354740999999,37.65689235
8043473,2016,2016-05-20,4104,2016-05-01,1718,0197,1,7,5,4,4104,0,0,0,,0,00A,"DWIGHT RD","BAYSWATER AV",200.00,N,N,A,-,N,,,,,,,,,,Y,3,0,1,3,A,-,08,22107,,N,C,E,A,A,H,-,A,D,0,,,,,Y,,A,07,0,1,0,0,0,0,0,0,0,"- ","- ",37.58231,-122.33626,"SAN MATEO",BURLINGAME,-122.33645294,37.582124669999999
8044304,2016,2016-06-06,4104,2016-04-28,1025,0230,5,4,5,4,4104,0,0,0,,0,00A,"CALIFORNIA DR","PALM DR",315.00,S,N,A,-,N,,,,,,,,,,Y,4,0,1,2,A,-,03,22350,,N,C,C,A,A,H,-,A,A,0,,,,,Y,,A,01,0,0,1,0,0,0,0,0,0,"- ","- ",37.58323,-122.35381,"SAN MATEO",BURLINGAME,-122.35313846,37.583125879999997
8046395,2016,2016-05-23,4127,2016-03-22,1336,2234,4127,2,5,4,4127,0,0,0,,0,004,"WEST BAYSHORE RD","NEWELL RD",160.00,N,N,A,-,N,,,,,,,,,,Y,4,0,1,2,A,-,09,21804,A,N,D,C,A,A,H,-,A,D,0,,,,,Y,,A,01,0,0,1,0,0,0,0,0,0,"- ","- ",,,"SAN MATEO","EAST PALO ALTO",-122.13655941,37.45757467
8048353,2016,2016-05-26,4111,2016-04-22,1650,P5135,P12,5,5,4,4111,0,0,0,,0,0P2,"CABRILLO HWY","SAN MARLO WY",379.00,N,N,A,-,N,,,1,,,,,,,N,4,0,1,3,A,-,03,22350,,N,C,C,A,A,H,-,A,D,0,,,,,Y,,A,01,0,0,1,0,0,0,0,0,0,"- ","- ",37.608800000000002,-122.49527,"SAN MATEO",PACIFICA,-122.49527178,37.60880289
8049746,2016,2017-02-17,4104,2016-05-29,1215,0204,11,7,5,4,4104,0,0,0,,0,00B,"RT 82","ROSEDALE AV",0.00,,Y,A,-,Y,SM,4,82,-,-,15.202,I,5,N,Y,3,0,2,2,A,-,09,21801,A,N,D,C,A,A,H,-,A,A,0,,,,,Y,,A,01,0,1,1,0,0,0,0,0,0,"- ","- ",37.590940000000003,-122.37794,"SAN MATEO",BURLINGAME,-122.37790919,37.590913929999999
8053505,2016,2016-06-13,4101,2016-05-23,0816,14JG01,,1,5,2,4101,0,0,0,,0,004,"ALAMEDA DE LAS PULGAS","STOCKBRIDGE AV",0.00,,Y,A,-,N,,,,,,,,,,N,4,0,2,3,A,-,09,21802,A,N,H,G,A,A,H,-,A,D,0,,Y,,,Y,,D,22,0,0,2,0,0,0,2,0,0,"- ","- ",,,"SAN MATEO",ATHERTON,-122.22494996,37.443969959999997
8054379,2016,2016-08-29,4106,2016-05-27,2158,2087,8A,5,5,6,4106,0,0,0,,0,004,"JOHN DALY BL","PONCETTA BL",135.00,W,N,A,-,N,,,,,,,,,,Y,4,0,4,5,A,-,03,22350,,F,C,C,A,A,H,-,C,D,0,,,,,Y,,A,01,0,0,4,0,0,0,0,0,0,"- ","- ",37.700490000000002,-122.48204,"SAN MATEO","DALY CITY",-122.47597924999999,37.703934500000003
8054859,2016,2016-08-05,4117,2016-06-06,1337,00JB04,05AB,1,5,5,4117,0,0,0,,0,001,"SOUTH LINDEN AV","DOLLAR AV",351.00,N,N,A,-,N,,,,,,,,,,N,3,0,1,2,A,-,09,21804,A,N,D,G,A,A,H,-,A,D,0,,Y,,,Y,,A,01,0,1,0,0,0,0,1,0,0,"- ","- ",37.642749999999999,-122.4143,"SAN MATEO","SOUTH SAN FRANCISCO",-122.41418271000001,37.643042029999997
8055100,2016,2016-06-02,4113,2016-05-12,1809,328,6,4,5,5,4113,0,0,0,,0,006,"SABRINA CT","REDWOOD AV",45.00,N,N,A,-,N,,,,,,,,,,N,3,0,1,2,A,-,00,22950,B,N,G,B,D,A,H,-,A,D,0,Y,,,,Y,,N,60,0,1,0,0,1,0,0,0,0,"- ","- ",,,"SAN MATEO","REDWOOD CITY",-122.22969999,37.471067159999997
8055108,2016,2016-06-02,4113,2016-05-11,1730,415,4,3,5,5,4113,0,0,0,,0,004,"10TH AV","BAY RD",6.00,W,N,A,-,N,,,,,,,,,,N,4,0,1,2,A,-,17,22517,,N,H,G,A,A,H,-,A,D,0,,Y,,,Y,,A,01,0,0,1,0,0,0,1,0,0,"- ","- ",37.479979999999998,-122.19395,"SAN MATEO","REDWOOD CITY",-122.19401000000001,37.479880000000001
8055112,2016,2016-06-02,4113,2016-05-21,1349,441,6,6,5,5,4113,0,0,0,,0,006,"JEFFERSON AV","ADAMS ST",0.00,,Y,A,-,N,,,,,,,,,,Y,3,0,2,2,A,-,07,21658,A,N,B,C,A,A,H,-,A,D,0,,,,,Y,,A,01,0,1,1,0,0,0,0,0,0,"- ","- ",37.481810000000003,-122.23163,"SAN MATEO","REDWOOD CITY",-122.23161996,37.48177991
8057643,2016,2016-06-15,4113,2016-05-24,1755,365,8,2,5,5,4113,0,0,0,,0,008,"EMERALD HILL RD","FARM HILL DR",10.00,,N,A,-,N,,,,,,,,,,N,3,0,1,1,A,-,03,22350,,N,E,I,A,A,H,-,A,D,0,,Y,,,Y,,L,04,0,1,0,0,0,0,1,0,0,"- ","- ",37.457039999999999,-122.25445999999999,"SAN MATEO","REDWOOD CITY",-122.25259991,37.455089960000002
8057771,2016,2016-06-18,4113,2016-06-06,1801,419,4,1,5,5,4113,0,0,0,,0,004,"SPRING ST","5TH AV",15.00,N,N,A,-,N,,,,,,,,,,N,4,0,1,2,A,-,21,22106,,N,C,C,A,A,H,-,A,A,0,,,,,Y,,A,01,0,0,1,0,0,0,0,0,0,"- ","- ",,,"SAN MATEO","REDWOOD CITY",-122.19971615999999,37.47997857
8059591,2016,2016-06-15,4101,2016-05-15,1233,14JG01,,7,5,2,4101,0,0,0,,0,001,"MIDDLEFIELD RD","WATKINS AV",94.00,N,N,A,-,N,,,,,,,,,,Y,2,0,2,1,A,-,08,22107,,N,E,I,A,A,H,-,A,D,0,,,,,Y,,A,01,1,1,0,0,0,0,0,0,0,"- ","- ",,,"SAN MATEO",ATHERTON,-122.18996377000001,37.467668099999997
8059674,2016,2016-06-15,4106,2016-03-19,0800,2035,6,6,5,6,4106,0,0,0,,0,002,"HILLSIDE BL","TALLWOOD DR",13.00,N,N,A,-,N,,,,,,,,,,N,2,0,1,1,A,-,13,22515,A,N,G,B,A,A,H,-,A,D,0,,,,,Y,,D,22,1,0,0,0,0,0,0,0,0,"- ","- ",,,"SAN MATEO","DALY CITY",-122.46214181000001,37.699495679999998
8059735,2016,2016-06-11,4106,2016-04-08,2254,2081,6,5,5,6,4106,0,0,0,,0,002,"HILLSIDE BL","COMO AV",0.00,,Y,B,C,N,,,,,,,,,,N,4,0,1,2,A,-,03,22350,,N,G,B,D,B,H,-,C,D,0,Y,,,,Y,,A,01,0,0,1,0,1,0,0,0,0,"- ","- ",37.700180000000003,-122.46217,"SAN MATEO","DALY CITY",-122.46217993,37.700149889999999
8059743,2016,2016-06-11,4106,2016-05-22,1457,1272,12,7,5,6,4106,0,0,0,,0,005,"EASTMOOR AV",GILMAN,60.00,E,N,A,-,N,,,,,,,,,,Y,3,0,1,2,A,-,09,21804,A,N,D,C,A,A,H,-,A,D,0,,,,,Y,,A,01,0,1,0,0,0,0,0,0,0,"- ","- ",37.68591,-122.48144000000001,"SAN MATEO","DALY CITY",-122.48122444000001,37.685802219999999
8059898,2016,2016-06-16,4106,2016-04-28,0635,2035,8,4,5,6,4106,0,0,0,,0,004,"GLENWOOD AV","FLEETWOOD DR",18.00,E,-,A,-,N,,,,,,,,,,N,4,0,1,2,A,-,09,21800,B,N,B,C,A,A,H,-,A,D,0,,,,,Y,,A,08,0,0,1,0,0,0,0,0,0,"- ","- ",37.701050000000002,-122.48923000000001,"SAN MATEO","DALY CITY",-122.48916169,37.701067279999997
8062501,2016,2017-02-11,4111,2016-04-22,0000,P5119,P12,5,5,4,4111,0,0,0,,0,0P2,"CABRILLO HWY","SAN MARLO WY",399.00,N,N,A,-,Y,SM,4,1,-,-,42.210,H,-,S,Y,4,0,1,3,A,-,03,22350,,F,C,C,A,A,H,-,A,D,0,,,,,Y,Y,D,83,0,0,1,0,0,0,0,0,0,"- ","- ",37.608800000000002,-122.49527,"SAN MATEO",PACIFICA,-122.49258174000001,37.610490380000002
8063495,2016,2017-02-11,4100,2016-05-25,2355,19800,SNC,3,5,4,4115,0,0,0,,0,053,"EL CAMINO REAL","HOLLY ST",0.00,,Y,A,-,Y,SM,4,82,-,-,6.570,I,5,N,N,3,0,1,2,A,-,12,21453,A,N,D,C,A,A,H,-,C,A,0,,,,,Y,,D,73,0,1,0,0,0,0,0,0,0,"- ","- ",,,"SAN MATEO","SAN CARLOS",-122.26199252000001,37.508690999999999
8063568,2015,2016-06-16,4100,2015-05-16,1725,13750,23,6,5,4,4115,0,0,0,,0,052,"INDUSTRIAL RD","CENTER ST",0.00,,Y,A,-,N,,,,,,,,,,N,4,0,1,2,A,-,09,21801,A,N,H,G,A,A,H,-,A,D,0,,Y,,,Y,,A,01,0,0,1,0,0,0,1,0,0,"- ","- ",,,"SAN MATEO","SAN CARLOS",-122.24400992,37.500189949999999
8064368,2016,2016-08-29,4117,2016-06-06,1712,03JA06,01AK,1,5,5,4117,0,0,0,,0,001,"SOUTH AIRPORT BL","MITCHELL AV",684.00,S,N,A,-,N,,,,,,,,,,Y,4,0,2,2,A,-,09,21801,A,N,D,C,A,A,H,-,A,D,0,,,,,Y,,A,01,0,0,2,0,0,0,0,0,0,"- ","- ",37.647359999999999,-122.4059,"SAN MATEO","SOUTH SAN FRANCISCO",-122.4055204,37.64777101
8064831,2016,2017-02-11,4100,2016-05-21,2130,18970,5S,6,5,3,4110,0,0,0,,0,062,"EL CAMINO REAL","PARK BL",0.00,,Y,A,-,Y,SM,4,82,-,-,17.268,I,5,S,N,2,0,1,2,A,-,10,21950,A,N,G,B,B,A,H,-,C,D,0,Y,,,,Y,,A,01,1,0,0,0,1,0,0,0,0,"- ","- ",,,"SAN MATEO",MILLBRAE,-122.40371020000001,37.612604930000003
8065206,2016,2017-02-11,4100,2016-04-24,0830,19820,HP,7,5,3,4110,0,0,0,,0,063,"LARKSPUR DR","SKYLINE BL",272.00,W,N,A,-,Y,SM,4,280,-,R,18.701,R,4,S,N,3,0,2,2,A,-,03,22350,,N,G,B,D,A,H,-,A,D,0,Y,Y,,,Y,,L,04,0,1,1,0,1,0,1,0,0,"- ","- ",,,"SAN MATEO",MILLBRAE,-122.42148234,37.597759740000001
8067445,2016,2016-07-05,4109,2016-04-26,1748,14749,16,2,5,4,4109,0,0,0,,0,002,"BAY RD","DEL NORTE",0.00,,Y,A,-,N,,,,,,,,,,N,3,0,1,2,A,-,05,21650,1,N,H,G,A,A,H,-,A,D,0,,Y,,,Y,,L,04,0,1,0,0,0,0,1,0,0,"- ","- ",37.472230000000003,-122.16822999999999,"SAN MATEO","MENLO PARK",-122.16967998,37.472819970000003
8067453,2016,2016-07-05,4109,2016-04-20,0942,14916,26,3,5,4,4109,0,0,0,,0,001,"VALPARAISO AV","UNIVERSITY DR",80.00,W,N,A,-,N,,,,,,,,,,N,4,0,1,2,A,-,03,22350,,N,C,C,A,A,H,-,A,A,0,,,,,Y,,A,01,0,0,1,0,0,0,0,0,0,"- ","- ",37.480759999999997,-122.18356,"SAN MATEO","MENLO PARK",-122.19077102999999,37.452096140000002
8067473,2016,2016-07-05,4109,2016-04-23,1719,14494,30,6,5,4,4109,0,0,0,,0,001,"SAND HILL RD","SAGA LN",0.00,,Y,A,-,N,,,,,,,,,,Y,3,0,1,2,A,-,12,21453,A,N,D,C,A,A,H,-,A,A,0,,,,,Y,,-,,0,1,0,0,0,0,0,0,0,"- ","- ",37.421390000000002,-122.20415,"SAN MATEO","MENLO PARK",-122.20422997,37.42137992
8069807,2016,2016-07-07,4109,2016-03-23,1016,13938,25,3,5,4,4109,0,0,0,,0,002,"LAUREL ST","THURLOW ST",0.00,,Y,A,-,N,,,,,,,,,,N,4,0,1,2,A,-,08,22107,,N,B,C,A,A,H,-,A,D,0,,,,,Y,,D,22,0,0,1,0,0,0,0,0,0,"- ","- ",,,"SAN MATEO","MENLO PARK",-122.17549991999999,37.45344996
8070150,2016,2016-07-06,4109,2016-04-26,1507,15157,17,2,5,4,4109,0,0,0,,0,003,"WILLOW RD","OBRIEN DR",20.00,E,N,A,-,N,,,,,,,,,,Y,4,0,1,3,A,-,03,22350,,N,C,C,A,A,H,-,A,A,0,,,,,Y,,A,07,0,0,1,0,0,0,0,0,0,"- ","- ",37.475200000000001,-122.15331,"SAN MATEO","MENLO PARK",-122.15328448,37.475251040000003
8070414,2016,2016-06-29,4104,2016-06-15,1758,0205,20,3,5,4,4104,0,0,0,,0,00C,"ROLLINS RD","DAVID RD",0.00,,Y,A,-,N,,,,,,,,,,N,4,0,1,2,A,-,09,21802,A,N,D,C,A,A,H,-,A,D,0,,,,,Y,,A,01,0,0,1,0,0,0,0,0,0,"- ","- ",,,"SAN MATEO",BURLINGAME,-122.37109996,37.593359909999997
8072722,2016,2016-06-30,4100,2016-06-14,2143,16070,5H,2,5,3,4110,0,0,0,,0,065,"EAST MILLBRAE AV","ROLLINS RD",0.00,,Y,A,-,N,,,,,,,,,,N,4,0,2,4,A,-,03,22350,,N,C,C,A,A,H,-,C,A,0,,,,,Y,,A,01,0,0,2,0,0,0,0,0,0,"- ","- ",,,"SAN MATEO",MILLBRAE,-122.38404991,37.600469949999997
8072723,2016,2017-02-11,4100,2016-06-22,1750,19450,CST,3,5,3,4107,0,0,0,,0,075,"SAN MATEO RD","LIGHT POLE #20200",91.00,E,N,A,-,Y,SM,4,92,-,-,0.210,H,-,W,N,4,0,1,2,A,-,05,21650,1,N,H,G,A,A,H,-,A,A,0,,Y,,,Y,,L,04,0,0,1,0,0,0,1,0,0,"- ","- ",,,"SAN MATEO","HALF MOON BAY",-122.42998854,37.467908000000001
8072731,2016,2017-02-11,4100,2016-06-18,1742,14610,WSD,6,5,2,4118,0,0,0,,0,030,"LA HONDA RD","MILE MARKER 1517",146.00,W,N,A,-,Y,SM,4,84,-,-,15.140,H,-,N,N,2,0,1,1,A,-,01,23152,A,N,E,I,A,A,H,-,A,D,0,,,Y,,Y,Y,C,02,1,0,0,0,0,0,0,0,1,"- ","- ",,,"SAN MATEO",WOODSIDE,-122.26127395,37.385247630000002
8072732,2016,2017-02-11,4100,2016-06-05,2151,17340,17,7,5,4,4115,0,0,0,,0,005,"EL CAMINO REAL","HOWARD AV",0.00,,Y,A,-,Y,SM,4,82,-,-,5.630,I,5,S,N,4,0,1,2,A,-,12,21453,A,N,D,C,A,A,H,-,C,A,0,,,,,Y,,A,01,0,0,1,0,0,0,0,0,0,"- ","- ",,,"SAN MATEO","SAN CARLOS",-122.25024508999999,37.498760339999997
8072810,2016,2017-02-11,4100,2016-05-25,1300,16530,16,3,5,4,4115,0,0,0,,0,005,"EL CAMINO REAL","CHERRY ST",235.00,N,N,A,-,Y,SM,4,82,-,-,6.350,H,-,S,Y,4,0,1,1,A,-,21,22106,,N,E,I,A,A,H,-,A,D,0,,,,,Y,,A,01,0,0,1,0,0,0,0,0,0,"- ","- ",,,"SAN MATEO","SAN CARLOS",-122.25922978,37.50637974
8075856,2016,2017-02-04,4101,2016-06-29,1315,15TC01,,3,5,2,4101,0,0,0,,0,001,"RT 82","TUSCALOOSA AV",100.00,N,N,A,-,Y,SM,4,82,-,-,2.050,H,-,N,N,4,0,1,2,A,-,03,22350,,N,C,C,A,A,D,-,A,D,0,,,,,Y,,A,07,0,0,1,0,0,0,0,0,0,"- ","- ",37.46311,-122.20245,"SAN MATEO",ATHERTON,-122.20273686,37.463412159999997
8075909,2016,2017-02-04,4101,2016-06-20,1701,01DD01,,1,5,2,4101,0,0,0,,0,003,"RT 82","SELBY LN",0.00,,Y,A,-,Y,SM,4,82,-,-,2.614,I,5,S,Y,2,0,4,3,A,-,09,21801,A,N,D,C,A,A,H,-,A,A,0,,,,Y,Y,,A,08,2,0,2,0,0,0,0,0,0,"- ","- ",37.468389999999999,-122.21079,"SAN MATEO",ATHERTON,-122.21078125,37.468449589999999
8076265,2016,2016-07-11,4117,2016-06-08,1320,14SM04,05AA,3,5,5,4117,0,0,0,,0,001,"PRODUCE AV","TERMINAL CT",643.00,N,N,A,-,N,,,,,,,,,,N,4,0,1,2,A,-,09,21801,A,N,B,C,A,A,H,-,A,D,0,,,,,Y,,A,07,0,0,1,0,0,0,0,0,0,"- ","- ",37.64967,-122.40804,"SAN MATEO","SOUTH SAN FRANCISCO",-122.40692547,37.647971290000001
8076391,2016,2016-07-07,4113,2016-05-16,1236,369,8,1,5,5,4113,0,0,0,,0,008,"JEFFERSON AV","CALIFORNIA WY",555.00,W,N,A,-,N,,,,,,,,,,Y,3,0,1,1,A,-,08,22107,,N,E,I,A,A,H,-,A,D,0,,,,,Y,,A,01,0,1,0,0,0,0,0,0,0,"- ","- ",,,"SAN MATEO","REDWOOD CITY",-122.26749461,37.455715570000002
8077083,2016,2016-07-19,4113,2016-03-17,1000,440,7,4,5,5,4113,0,0,0,,0,007,"WHIPPLE AV","DUANE ST",35.00,E,N,A,-,N,,,,,,,,,,N,4,0,1,1,A,-,10,21950,A,N,H,H,A,A,H,-,A,D,0,,,,,Y,,-,,0,0,1,0,0,0,0,0,0,"- ","- ",37.4878,-122.24305,"SAN MATEO","REDWOOD CITY",-122.24297605,37.487859069999999
8078541,2016,2016-07-18,4106,2016-04-05,0531,2086,3,2,5,6,4106,0,0,0,,0,002,"MISSION ST","HILLSIDE BL",0.00,,Y,A,-,N,,,82,,,,,,,Y,4,0,1,2,A,-,10,21950,A,N,G,B,B,A,H,-,A,A,0,Y,,,,Y,,A,01,0,0,1,0,1,0,0,0,0,"- ","- ",37.704970000000003,-122.46191,"SAN MATEO","DALY CITY",-122.46212419,37.705150449999998
8078549,2016,2016-07-18,4106,2016-04-22,1615,2116,4,5,5,6,4106,0,0,0,,0,003,"VISTA GRANDE AV","MISSION ST",0.00,,Y,A,-,N,,,,,,,,,,N,4,0,1,2,B,-,22,,,M,C,C,A,A,H,-,A,D,0,,,,,Y,,-,,0,0,1,0,0,0,0,0,0,"- ","- ",37.70317,-122.46281999999999,"SAN MATEO","DALY CITY",-122.46299992,37.703159990000003
8078580,2016,2016-07-19,4108,2016-06-03,2041,1654,1,5,5,3,4108,0,0,0,,0,"N    N","NEW PLACE RD","EUCALYPTUS AV",12.00,N,N,A,-,N,,,,,,,,,,Y,2,0,1,1,A,-,01,23152,A,N,E,I,A,A,H,-,C,D,0,,,,,Y,Y,-,,1,0,0,0,0,0,0,0,0,"- ","- ",37.569319999999998,-122.36234,"SAN MATEO",HILLSBOROUGH,-122.36195887,37.569191379999999
8079706,2016,2016-08-16,4113,2016-07-23,0035,420,4,6,5,5,4113,0,0,0,,0,004,"SCOTT AV","BURBANK AV",55.00,E,N,A,-,N,,,,,,,,,,N,3,0,1,2,D,-,00,,,N,G,B,E,A,H,-,C,D,0,Y,,,,Y,Y,-,"- ",0,1,0,0,1,0,0,0,0,"- ","- ",37.480589999999999,-122.21210000000001,"SAN MATEO","REDWOOD CITY",-122.21081104,37.482003429999999
8080919,2016,2016-08-03,4100,2016-06-03,0940,16530,39,5,5,4,4115,0,0,0,,0,005,"SAN CARLOS AV","DARTMOUTH ST",468.00,E,N,A,-,N,,,,,,,,,,N,4,0,1,2,D,-,00,,,F,G,B,E,A,H,-,A,D,0,Y,,,,Y,,-,"- ",0,0,1,0,1,0,0,0,0,"- ","- ",,,"SAN MATEO","SAN CARLOS",-122.28405337,37.507644079999999
8080981,2016,2016-08-03,4100,2016-07-12,1715,13750,0A,2,5,4,4115,0,0,0,,0,052,"OLD COUNTY RD","QUARRY RD",0.00,,Y,A,-,N,,,,,,,,,,N,4,0,1,2,A,-,05,21460,A,N,H,G,A,A,H,-,A,A,0,,Y,,,Y,,L,04,0,0,1,0,0,0,1,0,0,"- ","- ",,,"SAN MATEO","SAN CARLOS",-122.26896986,37.515779969999997
8081115,2016,2017-02-27,4113,2016-07-07,0739,428,3,4,5,5,4113,0,0,0,,0,003,"EL CAMINO REAL","WILSON ST",0.00,,Y,A,-,Y,SM,4,82,-,-,4.000,H,-,N,N,3,0,1,2,A,-,17,22517,,N,H,G,A,A,H,-,A,D,0,,Y,,,Y,,A,01,0,1,0,0,0,0,1,0,0,"- ","- ",37.48169,-122.22832,"SAN MATEO","REDWOOD CITY",-122.22943866,37.481948750000001
8082037,2016,2017-02-04,4100,2016-06-17,1022,18870,5G,5,5,3,4110,0,0,0,,0,061,"EL CAMINO REAL",LINDEN,91.00,N,N,A,-,Y,SM,4,82,-,-,16.020,H,-,N,N,4,0,1,2,A,-,05,21650,,N,H,G,A,A,H,-,A,D,0,,Y,,,Y,,L,04,0,0,1,0,0,0,1,0,0,"- ","- ",,,"SAN MATEO",MILLBRAE,-122.38827007,37.599375180000003
8082137,2016,2016-07-15,4100,2016-06-21,0906,25149,17,2,5,4,4115,0,0,0,,0,005,"EL CAMINO REAL","WHITE OAK WY",27.00,S,N,A,-,N,,,,,,,,,,N,4,0,1,2,A,-,08,22107,,N,H,C,A,A,H,-,A,D,0,,,,,Y,,A,01,0,0,1,0,0,0,0,0,0,"- ","- ",,,"SAN MATEO","SAN CARLOS",-122.24771687,37.496465479999998
8082151,2016,2017-02-11,4106,2016-05-15,2300,2081,3,7,5,6,4106,0,0,0,,0,002,"FLOURNOY ST","MISSION ST",15.00,W,N,A,-,Y,SM,4,82,-,-,25.057,I,6,S,N,3,0,1,2,A,-,17,21712,B,N,G,B,E,A,H,-,D,D,0,Y,,,,Y,Y,N,60,0,1,0,0,1,0,0,0,0,"- ","- ",37.707410000000003,-122.46005,"SAN MATEO","DALY CITY",-122.45997444,37.707373369999999