CASE_ID,ACCIDENT_YEAR,PROC_DATE,JURIS,COLLISION_DATE,COLLISION_TIME,OFFICER_ID,REPORTING_DISTRICT,DAY_OF_WEEK,CHP_SHIFT,POPULATION,CNTY_CITY_LOC,SPECIAL_COND,BEAT_TYPE,CHP_BEAT_TYPE,CITY_DIVISION_LAPD,CHP_BEAT_CLASS,BEAT_NUMBER,PRIMARY_RD,SECONDARY_RD,DISTANCE,DIRECTION,INTERSECTION,WEATHER_1,WEATHER_2,STATE_HWY_IND,CALTRANS_COUNTY,CALTRANS_DISTRICT,STATE_ROUTE,ROUTE_SUFFIX,POSTMILE_PREFIX,POSTMILE,LOCATION_TYPE,RAMP_INTERSECTION,SIDE_OF_HWY,TOW_AWAY,COLLISION_SEVERITY,NUMBER_KILLED,NUMBER_INJURED,PARTY_COUNT,PRIMARY_COLL_FACTOR,PCF_CODE_OF_VIOL,PCF_VIOL_CATEGORY,PCF_VIOLATION,PCF_VIOL_SUBSECTION,HIT_AND_RUN,TYPE_OF_COLLISION,MVIW,PED_ACTION,ROAD_SURFACE,ROAD_COND_1,ROAD_COND_2,LIGHTING,CONTROL_DEVICE,CHP_ROAD_TYPE,PEDESTRIAN_ACCIDENT,BICYCLE_ACCIDENT,MOTORCYCLE_ACCIDENT,TRUCK_ACCIDENT,NOT_PRIVATE_PROPERTY,ALCOHOL_INVOLVED,STWD_VEHTYPE_AT_FAULT,CHP_VEHTYPE_AT_FAULT,COUNT_SEVERE_INJ,COUNT_VISIBLE_INJ,COUNT_COMPLAINT_PAIN,COUNT_PED_KILLED,COUNT_PED_INJURED,COUNT_BICYCLIST_KILLED,COUNT_BICYCLIST_INJURED,COUNT_MC_KILLED,COUNT_MC_INJURED,PRIMARY_RAMP,SECONDARY_RAMP,LATITUDE,LONGITUDE,COUNTY,CITY,POINT_X,POINT_Y
81690574,2022,2022-02-01,4117,2022-01-10,0131,19JH01,21AC,1,5,5,4117,0,0,0,,0,003,"FORESTVIEW DR","SUNNYSIDE DR",0.00,,Y,A,-,N,,,,,,,,,,Y,3,0,1,2,A,-,12,22450,A,F,D,C,A,A,H,-,C,A,0,,,,,Y,,A,01,0,1,0,0,0,0,0,0,0,"- ","- ",37.661571502685547,-122.43565368652344,"SAN MATEO","SOUTH SAN FRANCISCO",-122.43562316894531,37.661590576171875
81695334,2021,2022-02-07,4109,2021-12-19,1355,14591,26,7,5,4,4109,0,0,0,,0,001,"SR-82 (EL CAMINO REAL)","MIDDLE AVENUE",425.00,N,-,A,-,Y,,,82,,,,,,,Y,3,0,1,2,A,-,09,21801,A,N,D,C,A,A,H,-,A,D,0,,,,,Y,,A,01,0,1,0,0,0,0,0,0,0,"- ","- ",37.450508117675781,-122.17713165283203,"SAN MATEO","MENLO PARK",-122.17716979980469,37.450447082519531
81696314,2021,2022-02-08,4109,2021-09-09,0805,15157,26,4,5,4,4109,0,0,0,,0,001,"SANTA CRUZ AVE","JOHNSON ST",91.50,E,-,A,-,N,,,,,,,,,,N,3,0,1,2,A,-,09,21804,A,N,H,G,A,A,H,-,A,D,0,,Y,,,Y,,L,04,0,1,0,0,0,0,1,0,0,"- ","- ",37.448551177978516,-122.18708038330078,"SAN MATEO","MENLO PARK",-122.18690490722656,37.448799133300781
81696704,2021,2022-02-09,4109,2021-07-18,1813,146332,17A,7,5,4,4109,0,0,0,,0,002,"MARSH RD",SR-84,905.00,W,-,A,-,Y,,,,,,,,,,N,4,0,1,3,A,-,01,23152,,N,B,C,A,A,H,-,A,A,0,,,,,Y,Y,A,01,0,0,1,0,0,0,0,0,0,"- ","- ",37.485069274902344,-122.17986297607422,"SAN MATEO","MENLO PARK",-122.18427276611328,37.480918884277344
81696718,2021,2022-02-09,4109,2021-07-07,1744,146398,22,3,5,4,4109,0,0,0,,0,002,"220 WILLOW RD","BLACKBURN AVENUE",460.00,E,-,A,-,N,,,,,,,,,,Y,3,0,1,3,A,-,03,22350,,N,C,C,A,A,H,-,A,D,0,,,,,Y,,A,01,0,1,0,0,0,0,0,0,0,"- ","- ",37.456668853759766,-122.16290283203125,"SAN MATEO","MENLO PARK",-122.16265869140625,37.457195281982422
81696749,2021,2022-02-09,4109,2021-06-13,0807,145879,18,7,5,4,4109,0,0,0,,0,004,"UNIVERSITY AVENUE","HIGHWAY SR-84",0.00,,Y,A,-,N,,,,,,,,,,Y,3,0,2,2,A,-,01,23152,,N,C,C,A,A,H,-,A,A,0,,,,,Y,,A,01,0,2,0,0,0,0,0,0,0,"- ","- ",37.48651123046875,-122.14269256591797,"SAN MATEO","MENLO PARK",-122.14272308349609,37.48651123046875
81698856,2022,2022-02-11,4114,2022-01-12,1727,0048,SNB4,3,5,4,4114,0,0,0,,0,001,"EL CAMINO REAL","SNEATH LN",308.00,N,-,A,-,Y,,,,,,,,,,N,4,0,1,2,A,-,03,22350,,N,C,C,A,A,H,-,D,D,0,,,,,Y,,A,07,0,0,1,0,0,0,0,0,0,"- ","- ",,,"SAN MATEO","SAN BRUNO",-122.42189788818359,37.637611389160156
81702022,2022,2022-02-16,4117,2022-01-20,1432,20AF01,13AE,4,5,5,4117,0,0,0,,0,004,"ORANGE AV","MILLER AV",23.00,N,-,A,-,N,,,,,,,,,,Y,3,0,2,5,A,-,08,22107,,N,E,I,F,A,H,-,A,A,0,Y,,,,Y,,A,01,0,2,0,0,1,0,0,0,0,"- ","- ",37.659019470214844,-122.42273712158203,"SAN MATEO","SOUTH SAN FRANCISCO",-122.42270660400391,37.659080505371094
81702541,2022,2022-02-17,4117,2022-01-20,1259,06KW06,21AL,4,5,5,4117,0,0,0,,0,003,"EL CAMINO REAL HY","HICKEY BL",0.00,,Y,A,-,Y,SM,,82,,,21.922,H,,R,N,3,0,1,2,A,-,07,21658,A,N,B,C,A,A,H,-,A,A,0,,,,,Y,,A,01,0,1,0,0,0,0,0,0,0,"- ","- ",37.666259765625,-122.45095062255859,"SAN MATEO","SOUTH SAN FRANCISCO",-122.45108032226562,37.666164398193359
81702542,2022,2022-02-17,4117,2022-01-24,1428,21RC10,08AB,1,5,5,4117,0,0,0,,0,004,"OLIVE AV","PINE AV",0.00,,Y,A,-,N,,,,,,,,,,N,3,0,1,2,A,-,09,21802,A,N,D,C,A,A,H,-,A,A,0,,,,,Y,,A,01,0,1,0,0,0,0,0,0,0,"- ","- ",37.659278869628906,-122.40998840332031,"SAN MATEO","SOUTH SAN FRANCISCO",-122.4100341796875,37.659275054931641
81706177,2022,2022-02-22,4117,2022-02-06,1014,18CM04,16AH,7,5,5,4117,0,0,0,,0,002,"PONDEROSA RD","ALHAMBRA RD",329.00,E,-,A,-,N,,,,,,,,,,Y,3,0,1,3,A,-,08,22107,,N,B,E,A,A,H,-,A,D,0,,,,,Y,,A,01,0,1,0,0,0,0,0,0,0,"- ","- ",37.644168853759766,-122.43707275390625,"SAN MATEO","SOUTH SAN FRANCISCO",-122.43670654296875,37.643699645996094
8170887,2016,2016-11-18,4114,2016-10-25,0617,0018,SNB5,2,5,4,4114,0,0,0,,0,001,"EASTON AV","EUCLID AV",0.00,,Y,C,-,N,,,,,,,,,,Y,4,0,1,4,A,-,12,22450,A,N,D,C,A,B,H,-,C,A,0,,,,,Y,,A,01,0,0,1,0,0,0,0,0,0,"- ","- ",,,"SAN MATEO","SAN BRUNO",-122.41543989,37.631529989999997
81709792,2022,2022-02-25,4117,2022-01-19,2034,06KW06,05AE,3,5,5,4117,0,0,0,,0,001,"SOUTH AIRPORT BL","PRODUCE AV",0.00,,Y,A,-,Y,,,,,,,,,,Y,3,0,3,2,A,-,08,22100,B,F,B,C,A,A,H,-,C,A,0,,,,Y,Y,,F,25,0,3,0,0,0,0,0,0,0,"- ","- ",37.649669647216797,-122.40802764892578,"SAN MATEO","SOUTH SAN FRANCISCO",-122.40802764892578,37.64971923828125
8171000,2016,2016-11-22,4113,2016-11-01,0904,246,8,2,5,5,4113,0,0,0,,0,008,"VALOTA RD","OAK AV",0.00,,Y,A,-,N,,,,,,,,,,Y,4,0,1,2,A,-,09,21802,A,N,D,C,A,A,H,-,A,A,0,,,,,Y,,A,01,0,0,1,0,0,0,0,0,0,"- ","- ",,,"SAN MATEO","REDWOOD CITY",-122.23629996,37.467449979999998
8171019,2016,2016-11-21,4111,2016-11-06,1115,P5104,P13,7,5,4,4111,0,0,0,,0,0P2,"SHARP PARK RD","GYPSY HILL RD",1056.00,W,N,B,-,N,,,,,,,,,,N,4,0,1,1,A,-,08,22107,,N,E,I,A,B,B,H,A,D,0,,,,,Y,,A,01,0,0,1,0,0,0,0,0,0,"- ","- ",37.620759999999997,-122.48522,"SAN MATEO",PACIFICA,-122.47869414,37.627166099999997
8171163,2016,2017-01-25,4113,2016-10-16,1758,389,3,7,5,5,4113,0,0,0,,0,003,"MIDDLEFIELD RD","CHESTNUT ST",25.00,S,N,C,-,N,,,,,,,,,,Y,4,0,2,2,A,-,01,23152,A,N,C,C,A,B,H,-,A,A,0,,,,,Y,Y,A,07,0,0,2,0,0,0,0,0,0,"- ","- ",37.482190000000003,-122.2216,"SAN MATEO","REDWOOD CITY",-122.2215746,37.48217674
81712204,2022,2022-03-01,4100,2022-01-23,1545,25954,MLB,7,5,3,4110,0,0,0,,0,061,"..400 E MILLBRAE AV",SR101,0.00,,Y,A,-,N,,,,,,,,,,Y,3,0,3,2,D,-,00,,,N,A,C,A,A,H,-,A,A,0,,,,,Y,,-,"- ",0,3,0,0,0,0,0,0,0,"- ","- ",,,"SAN MATEO",MILLBRAE,-122.38662719726562,37.599037170410156
81713576,2022,2023-06-02,4100,2022-02-21,0308,25871,MLB,1,5,3,4110,0,0,0,,0,061,"SR-82 (EL CAMINO REAL)","HILLCREST BOULEVARD",0.00,,Y,A,-,N,,,,,,,,,,Y,2,0,1,2,A,-,11,21954,A,N,G,B,D,A,H,-,C,A,0,Y,,,,Y,Y,N,60,1,0,0,0,1,0,0,0,0,"- ","- ",,,"SAN MATEO",MILLBRAE,-122.39177703857422,37.602207183837891
81719907,2022,2022-03-10,4117,2022-02-18,1900,18JY16,17AX,5,5,5,4117,0,0,0,,0,003,"CAMARITAS AV","WESTBOROUGH BL",20.00,N,-,A,-,N,,,,,,,,,,N,3,0,2,2,A,-,04,21703,,N,C,C,A,A,H,-,C,A,0,,,,,Y,,A,07,0,2,0,0,0,0,0,0,0,"- ","- ",37.654308319091797,-122.43617248535156,"SAN MATEO","SOUTH SAN FRANCISCO",-122.4361572265625,37.654365539550781
81722873,2022,2022-03-15,4100,2022-03-06,0101,25040,WDS,7,5,2,4118,0,0,0,,0,030,"PORTOLA RD","2099 SOUTH DRIVEWAY EDGE",25.00,S,-,A,-,N,,,,,,,,,,Y,3,0,1,1,A,-,03,22350,,N,E,J,A,A,H,-,D,D,0,,,,,Y,,A,01,0,1,0,0,0,0,0,0,0,"- ","- ",,,"SAN MATEO",WOODSIDE,,
8172657,2016,2017-02-22,4100,2016-07-15,1044,16530,32,5,5,4,4115,0,0,0,,0,005,"RT 82","OAK AV",14.00,S,N,A,-,Y,SM,4,82,-,-,6.760,H,-,N,N,3,0,1,2,A,-,11,21950,B,N,G,B,B,A,H,-,A,D,0,Y,,,,Y,,N,60,0,1,0,0,1,0,0,0,0,"- ","- ",,,"SAN MATEO","SAN CARLOS",-122.2644327,37.510586930000002
81728310,2022,2022-03-21,4117,2022-03-04,1629,19MV02,24AA,5,5,5,4117,0,0,0,,0,004,"CHESTNUT AV","COMMERCIAL AV",0.00,,Y,A,G,N,,,,,,,,,,N,3,0,2,4,A,-,10,21950,A,N,G,B,B,A,H,-,A,A,0,Y,,,,Y,,A,01,0,2,0,0,2,0,0,0,0,"- ","- ",37.657669067382812,-122.43083953857422,"SAN MATEO","SOUTH SAN FRANCISCO",-122.43083953857422,37.657657623291016
81728932,2022,2022-03-22,4114,2022-02-21,1919,0983,SNB5,1,5,4,4114,0,0,0,,0,001,"EL CAMINO REAL","380-I OFF RAMP",0.00,,Y,B,-,Y,,,,,,,,,,N,3,0,2,3,A,-,12,21453,A,N,B,C,A,A,H,-,C,A,0,,,,,Y,,A,01,0,2,0,0,0,0,0,0,0,"- ","- ",,,"SAN MATEO","SAN BRUNO",,
8173114,2016,2016-11-29,4109,2016-11-05,0811,145756,,6,5,4,4109,0,0,0,,0,003,"CARLTON AV","IVY DR",0.00,,Y,A,-,N,,,,,,,,,,Y,4,0,1,2,A,-,09,21802,,N,D,C,A,A,H,-,A,A,0,,,,,Y,,A,01,0,0,1,0,0,0,0,0,0,"- ","- ",37.476019999999998,-122.15427,"SAN MATEO","MENLO PARK",-122.15427988,37.475989910000003
81731315,2022,2022-03-24,4117,2022-03-22,1550,21RC10,01AF,2,5,5,4117,0,0,0,,0,004,"EAST GRAND AV","DNA WAY",100.00,E,-,A,-,N,,,,,,,,,,N,3,0,1,2,A,-,05,21460,A,N,D,C,A,A,H,-,A,D,0,,,,,Y,,A,01,0,1,0,0,0,0,0,0,0,"- ","- ",37.651691436767578,-122.39015197753906,"SAN MATEO","SOUTH SAN FRANCISCO",-122.38976287841797,37.651691436767578
8173376,2016,2016-11-18,4117,2016-10-31,1701,03JA06,01AK,1,5,5,4117,0,0,0,,0,001,"GATEWAY BL","SOUTH AIRPORT BL",507.00,N,N,A,-,N,,,,,,,,,,Y,3,0,2,2,A,-,09,21804,A,N,D,C,A,A,H,-,B,D,0,,,,,Y,,A,01,0,1,1,0,0,0,0,0,0,"- ","- ",37.650799999999997,-122.40539,"SAN MATEO","SOUTH SAN FRANCISCO",-122.40432619000001,37.650692540000001
8173434,2016,2016-11-21,4109,2016-10-11,0945,14909,,2,5,4,4109,0,0,0,,0,001,"SAND HILL RD","OAK AV",150.00,E,N,A,-,N,,,,,,,,,,N,4,0,3,3,A,-,03,22350,A,N,C,C,A,A,H,-,A,D,0,,,,,Y,,A,01,0,0,3,0,0,0,0,0,0,"- ","- ",,,"SAN MATEO","MENLO PARK",-122.18992367,37.42876906
81736366,2022,2022-03-29,4117,2022-01-26,1746,12JP07,16AA,3,5,5,4117,0,0,0,,0,002,"AVALON DR","JUNIPERO SERRA BL",0.00,,Y,A,-,Y,,,,,,,,,,N,4,0,2,2,A,-,09,21801,A,F,B,C,A,A,H,-,A,A,0,,,,,Y,,A,01,0,0,2,0,0,0,0,0,0,"- ","- ",37.640129089355469,-122.44138336181641,"SAN MATEO","SOUTH SAN FRANCISCO",-122.44150543212891,37.6400146484375
81736387,2022,2022-03-29,4100,2022-03-24,1422,25869,WDS,4,5,2,4118,0,0,0,,0,030,"KINGS MOUNTAIN RD","GREER RD",0.00,,Y,A,-,N,,,,,,,,,,N,2,0,1,2,A,-,09,21804,A,N,A,C,A,A,H,-,A,A,0,,Y,,,Y,,A,01,1,0,0,0,0,0,1,0,0,"- ","- ",,,"SAN MATEO",WOODSIDE,-122.2786865234375,37.430271148681641
81736659,2022,2022-03-30,4100,2022-02-27,1745,25079,,7,5,2,4118,0,0,0,,0,030,"SR-84 (LA HONDA RD)",84SM15.27,15.00,N,-,A,-,Y,,,,,,,,,,N,3,0,2,3,A,-,03,22350,,N,C,C,A,A,G,-,B,D,0,,,Y,,Y,,C,02,0,2,0,0,0,0,0,0,2,"- ","- ",,,"SAN MATEO",WOODSIDE,,
8173739,2016,2016-11-21,4114,2016-09-28,1708,0035,SNB1,3,5,4,4114,0,0,0,,0,001,"SAN MATEO AV","WALNUT ST",132.00,N,N,A,-,N,,,,,,,,,,Y,4,0,1,3,A,-,01,23152,A,M,D,E,A,A,H,-,A,D,0,,,Y,,Y,Y,A,07,0,0,1,0,0,0,0,0,0,"- ","- ",,,"SAN MATEO","SAN BRUNO",-122.41142000000001,37.632972629999998
8174123,2016,2017-02-22,4113,2016-11-08,1452,309,3,2,5,5,4113,0,0,0,,0,003,"EL CAMINO REAL","OAK AV",20.00,S,N,A,-,Y,SM,4,82,-,-,3.550,H,-,N,N,4,0,1,2,A,-,04,21703,,N,C,C,A,A,H,-,A,D,0,,,,,Y,,A,01,0,0,1,0,0,0,0,0,0,"- ","- ",37.477679999999999,-122.22341,"SAN MATEO","REDWOOD CITY",-122.22337498,37.477582429999998
81741716,2022,2022-04-06,4100,2022-03-26,0920,25984,WDS,6,5,2,4118,0,0,0,,0,030,"SR-84 (WOODSIDE RD)","NORTHGATE DR",0.00,,Y,A,-,Y,,,,,,,,,,Y,3,0,2,2,A,-,09,21801,A,N,A,C,A,A,H,-,A,A,0,,,,,Y,,D,72,0,1,1,0,0,0,0,0,0,"- ","- ",,,"SAN MATEO",WOODSIDE,-122.23564147949219,37.442764282226562
81745687,2022,2022-04-11,4109,2022-04-01,1405,145812,25,5,5,4,4109,0,0,0,,0,002,"ALMA  6.75 FT S OF N PCL OF WAVERLEY","E PCL OF ALMA ST",9.00,W,-,A,-,N,,,,,,,,,,N,3,0,1,2,A,-,08,22107,,N,G,B,E,A,H,-,A,D,0,Y,,,,Y,,A,01,0,1,0,0,1,0,0,0,0,"- ","- ",37.450489044189453,-122.17498016357422,"SAN MATEO","MENLO PARK",,
81746688,2022,2022-04-12,4114,2022-03-28,1515,0048,SNB8,1,5,4,4114,0,0,0,,0,002,"SAN FELIPE AV","SAN ANSELMO AVE",0.00,,Y,A,-,Y,,,,,,,,,,N,4,0,1,2,A,-,09,21804,A,N,D,C,A,A,H,-,A,D,0,,,,,Y,,D,22,0,0,1,0,0,0,0,0,0,"- ","- ",,,"SAN MATEO","SAN BRUNO",-122.40679931640625,37.618675231933594
81747894,2022,2022-04-14,4109,2022-04-02,1851,145611,17B,6,5,4,4109,0,0,0,,0,004,"MARSH RD","BAYFRONT EX",0.00,,Y,A,-,Y,SM,,84,,R,26.030,H,,L,Y,3,0,3,3,A,-,05,21650,,N,D,C,A,A,H,-,A,A,0,,,,,Y,,A,01,0,1,2,0,0,0,0,0,0,"- ","- ",37.486370086669922,-122.17903137207031,"SAN MATEO","MENLO PARK",-122.17905426025391,37.486377716064453
81748443,2022,2022-04-14,4100,2022-04-14,0921,25984,4100,4,5,2,4112,0,0,0,,0,030,"LOS TRANCOS RD","OAK FOREST CT",1760.00,N,-,B,-,N,,,,,,,,,,Y,3,0,1,1,A,-,03,22350,,N,E,I,A,B,H,-,A,A,0,,,,,Y,,D,83,0,1,0,0,0,0,0,0,0,"- ","- ",,,"SAN MATEO","PORTOLA VALLEY",-122.20051574707031,37.366462707519531
8174852,2016,2016-12-01,4114,2016-08-30,1733,0037,SNB5,2,5,4,4114,0,0,0,,0,001,"HUNTINGTON AV","FOREST LN",0.00,,Y,A,-,N,,,,,,,,,,Y,4,0,2,3,A,-,12,22450,,N,D,C,A,A,H,-,A,A,0,,,,,Y,,A,01,0,0,2,0,0,0,0,0,0,"- ","- ",,,"SAN MATEO","SAN BRUNO",-122.41394987,37.633909930000002
81750315,2022,2022-04-18,4100,2022-04-10,1700,19810,SNC,7,5,4,4115,0,0,0,,0,053,"2801 BRITTAN AVE","MILANO WAY",33.00,S,-,A,-,N,,,,,,,,,,Y,3,0,1,2,A,-,04,21703,,N,C,C,A,A,H,-,A,D,0,,,,,Y,,A,01,0,1,0,0,0,0,0,0,0,"- ","- ",,,"SAN MATEO","SAN CARLOS",-122.27021026611328,37.487892150878906
8175283,2016,2017-01-12,4127,2016-11-15,2108,2185,,2,5,4,4127,0,0,0,,0,001,"UNIVERSITY AV","MICHIGAN AV",0.00,,Y,A,-,N,,,,,,,,,,N,4,0,1,2,A,-,05,21650,,N,H,G,A,A,H,-,C,A,0,,Y,,,Y,,L,04,0,0,1,0,0,0,1,0,0,"- ","- ",,,"SAN MATEO","EAST PALO ALTO",-122.13958995,37.47358998
81755863,2022,2022-04-25,4100,2022-04-16,1619,25956,WDS,6,5,2,4118,0,0,0,,0,030,"KINGS MOUNTAIN RD","GREER RD",75.00,E,-,A,-,N,,,,,,,,,,N,2,0,1,1,C,-,18,,,N,H,H,A,A,H,-,A,D,0,,Y,,,Y,,-,"- ",1,0,0,0,0,0,1,0,0,"- ","- ",,,"SAN MATEO",WOODSIDE,-122.2784423828125,37.430316925048828
81763628,2022,2022-05-03,4109,2022-04-18,1830,145611,17,1,5,4,4109,0,0,0,,0,003,"NEWBRIDGE ST","MADERA AV",0.00,,Y,A,-,N,,,,,,,,,,N,4,0,2,2,A,-,12,22450,A,N,D,C,A,A,H,-,A,A,0,,,,,Y,,A,01,0,0,2,0,0,0,0,0,0,"- ","- ",37.473518371582031,-122.15664672851562,"SAN MATEO","MENLO PARK",-122.15664672851562,37.473514556884766
81765441,2022,2022-05-05,4114,2022-04-16,2113,0941,SNB2,6,5,4,4114,0,0,0,,0,001,"ANGUS AV E","2ND AV",60.00,W,-,A,-,N,,,,,,,,,,Y,3,0,1,2,A,-,01,23152,A,F,B,E,A,A,H,-,C,D,0,,,,,Y,Y,A,01,0,1,0,0,0,0,0,0,0,"- ","- ",,,"SAN MATEO","SAN BRUNO",-122.40849304199219,37.626605987548828
81765750,2022,2022-05-05,4100,2022-04-25,1539,25923,SNC,1,5,4,4115,0,0,0,,0,053,"SR-82 (EL CAMINO REAL)","CHERRY ST",0.00,,Y,A,-,Y,,,,,,,,,,N,3,0,1,2,A,-,12,21453,A,N,D,G,A,A,H,-,A,A,0,,Y,,,Y,,L,04,0,1,0,0,0,0,1,0,0,"- ","- ",,,"SAN MATEO","SAN CARLOS",-122.25877380371094,37.505935668945312
8177091,2016,2016-12-01,4127,2016-11-25,1939,2228,4127,5,5,4,4127,0,0,0,,0,003,"WISTERIA DR","GARDENIA WY",245.00,E,N,A,-,N,,,,,,,,,,N,4,0,2,2,A,-,21,22106,,N,G,B,F,A,H,-,C,D,0,Y,,,,Y,,A,01,0,0,2,0,1,0,0,0,0,"- ","- ",,,"SAN MATEO","EAST PALO ALTO",-122.12624775,37.458950540000004
81771710,2022,2022-05-13,4117,2022-04-17,1545,07JL03,16AA,7,5,5,4117,0,0,0,,0,002,"JUNIPERO SERRA BL","AVALON DR",1131.00,N,-,A,-,N,,,,,,,,,,N,3,0,2,1,A,-,03,22350,,N,A,J,A,A,A,-,A,D,0,,,Y,,Y,,C,02,0,2,0,0,0,0,0,0,2,"- ","- ",37.640010833740234,-122.44145202636719,"SAN MATEO","SOUTH SAN FRANCISCO",-122.44393920898438,37.642440795898438
81773146,2022,2022-05-16,4117,2022-04-17,0840,20AB05,13AE,7,5,5,4117,0,0,0,,0,004,"GRAND AV","EUCALYPTUS AV",0.00,,Y,A,-,N,,,,,,,,,,N,3,0,1,2,A,-,12,22450,A,N,H,G,A,A,H,-,A,A,0,,Y,,,Y,,A,01,0,1,0,0,0,0,1,0,0,"- ","- ",37.658821105957031,-122.42661285400391,"SAN MATEO","SOUTH SAN FRANCISCO",-122.42658996582031,37.658809661865234
81774173,2022,2022-05-17,4117,2022-04-26,1434,20AF01,07AA,2,5,5,4117,0,0,0,,0,004,"SCHOOL ST","OLIVE AV",65.00,W,-,A,-,N,,,,,,,,,,N,3,0,1,2,A,-,11,21954,A,N,G,B,D,A,H,-,A,A,0,Y,,,,Y,,N,60,0,1,0,0,1,0,0,0,0,"- ","- ",37.661018371582031,-122.40937805175781,"SAN MATEO","SOUTH SAN FRANCISCO",-122.40967559814453,37.662952423095703
81774468,2022,2022-05-17,4100,2022-05-03,0827,25281,NCTY,2,5,4,4104,0,0,0,,0,060,"SEQUOIA AV","GARDEN DR",0.00,,Y,A,-,N,,,,,,,,,,N,2,0,1,2,A,-,08,22107,,N,G,B,D,A,H,-,A,D,0,Y,,,,Y,,A,01,1,0,0,0,1,0,0,0,0,"- ","- ",,,"SAN MATEO",BURLINGAME,-122.38916015625,37.591804504394531
81778981,2022,2022-05-24,4117,2022-05-05,0324,17BH03,27AN,4,5,5,4117,0,0,0,,0,002,"GALWAY DR","WREN CT",60.00,N,-,A,G,N,,,,,,,,,,Y,3,0,2,3,A,-,01,23152,A,N,B,E,A,A,H,-,C,D,0,,,,,Y,Y,A,01,0,2,0,0,0,0,0,0,0,"- ","- ",37.645771026611328,-122.45590209960938,"SAN MATEO","SOUTH SAN FRANCISCO",-122.4559326171875,37.645954132080078
81780682,2022,2022-05-25,4100,2022-05-13,2111,25923,,5,5,4,4115,0,0,0,,0,,"OLD COUNTY RD","HOWARD AV",0.00,,Y,A,-,N,,,,,,,,,,N,3,0,1,2,A,-,09,21801,A,N,A,C,A,A,H,-,C,A,0,,,,,Y,,A,01,0,1,0,0,0,0,0,0,0,"- ","- ",,,"SAN MATEO","SAN CARLOS",-122.24970245361328,37.499103546142578
8178289,2016,2016-12-08,4113,2016-11-29,1652,309,4,2,5,5,4113,0,0,0,,0,004,"PAGE ST","15TH AV",6.00,S,N,A,-,N,,,,,,,,,,Y,3,0,1,2,A,-,08,22107,,N,C,E,A,A,H,-,C,D,0,,,,,Y,,A,01,0,1,0,0,0,0,0,0,0,"- ","- ",,,"SAN MATEO","REDWOOD CITY",-122.18882952,37.481247680000003
81783891,2022,2022-05-30,4117,2022-05-21,1152,19CR05,22AD,6,5,5,4117,0,0,0,,0,003,"DOLORES WY","WILLOW AV",80.00,N,-,A,-,N,,,,,,,,,,N,3,0,1,2,A,-,21,22106,,N,G,B,E,A,H,-,A,D,0,Y,,,,Y,,A,01,0,1,0,0,1,0,0,0,0,"- ","- ",37.664321899414062,-122.43244171142578,"SAN MATEO","SOUTH SAN FRANCISCO",-122.43227386474609,37.664527893066406
81784300,2022,2022-05-30,4117,2022-05-28,2253,16AK08,25AA,6,5,5,4117,0,0,0,,0,003,SR-82,"WESTBOROUGH BL",0.00,,Y,-,-,N,,,,,,,,,,Y,4,0,1,2,A,-,01,23152,A,N,D,C,A,A,H,-,C,A,0,,,,,Y,Y,A,01,0,0,1,0,0,0,0,0,0,"- ","- ",37.648811340332031,-122.43031311035156,"SAN MATEO","SOUTH SAN FRANCISCO",-122.43447875976562,37.655128479003906
81788324,2022,2022-06-06,4100,2022-05-25,0830,25924,MLB,3,5,3,4110,0,0,0,,0,061,"MILLBRAE AV","LOREE LN",69.00,E,-,A,-,N,,,,,,,,,,N,2,0,1,1,A,-,03,22350,,N,E,I,A,A,H,-,A,D,0,,,Y,,Y,,C,02,1,0,0,0,0,0,0,0,1,"- ","- ",,,"SAN MATEO",MILLBRAE,-122.40184783935547,37.592144012451172
81793047,2022,2022-06-10,4117,2022-05-19,1915,14MN05,19AW,4,5,5,4117,0,0,0,,0,002,"WESTBOROUGH BL","GELLERT BL",75.00,W,-,A,-,N,,,,,,,,,,Y,2,0,1,1,A,-,03,22350,,N,H,A,A,A,H,-,A,A,0,,,Y,,Y,,C,02,1,0,0,0,0,0,0,0,1,"- ","- ",37.643310546875,-122.45291137695312,"SAN MATEO","SOUTH SAN FRANCISCO",-122.45322418212891,37.643321990966797
81794325,2022,2022-06-13,4100,2022-06-09,1923,25974,4100,4,5,4,4115,0,0,0,,0,051,"SR-82 (EL CAMINO REAL)","HOWARD AV",0.00,,Y,A,-,Y,,,,,,,,,,Y,3,0,1,2,A,-,12,21453,A,N,D,C,A,A,H,-,A,A,0,,,,,Y,,A,01,0,1,0,0,0,0,0,0,0,"- ","- ",,,"SAN MATEO","SAN CARLOS",-122.25025939941406,37.498687744140625
81795082,2022,2022-06-14,4100,2022-06-05,1316,25984,4100,7,5,2,4118,0,0,0,,0,030,"KINGS MOUNTAIN RD","680 KINGS MOUNTAIN RD",300.00,S,-,B,-,N,,,,,,,,,,N,3,0,1,1,A,-,03,22350,,N,H,G,A,B,H,-,A,A,0,,,,,Y,,L,04,0,1,0,0,0,0,0,0,0,"- ","- ",,,"SAN MATEO",WOODSIDE,,
8179608,2016,2016-12-12,4104,2016-11-12,1455,0645,4,6,5,4,4104,0,0,0,,0,00A,"LORTON AV","BURLINGAME AV",0.00,,Y,A,-,N,,,,,,,,,,N,4,0,1,2,D,-,00,,,N,G,B,B,A,H,-,A,A,0,Y,,,,Y,,-,"- ",0,0,1,0,1,0,0,0,0,"- ","- ",37.579210000000003,-122.34614999999999,"SAN MATEO",BURLINGAME,-122.34614990999999,37.579209980000002
8179612,2016,2016-12-12,4104,2016-11-17,1315,0230,16,4,5,4,4104,0,0,0,,0,00B,"TROUSDALE DR","SEQUOIA AV",0.00,,Y,A,-,N,,,,,,,,,,N,4,0,1,2,A,-,12,22450,A,N,D,C,A,A,H,-,A,A,0,,,,,Y,,A,01,0,0,1,0,0,0,0,0,0,"- ","- ",37.590899999999998,-122.38789,"SAN MATEO",BURLINGAME,-122.38790994,37.590909879999998