CASE_ID,ACCIDENT_YEAR,PROC_DATE,JURIS,COLLISION_DATE,COLLISION_TIME,OFFICER_ID,REPORTING_DISTRICT,DAY_OF_WEEK,CHP_SHIFT,POPULATION,CNTY_CITY_LOC,SPECIAL_COND,BEAT_TYPE,CHP_BEAT_TYPE,CITY_DIVISION_LAPD,CHP_BEAT_CLASS,BEAT_NUMBER,PRIMARY_RD,SECONDARY_RD,DISTANCE,DIRECTION,INTERSECTION,WEATHER_1,WEATHER_2,STATE_HWY_IND,CALTRANS_COUNTY,CALTRANS_DISTRICT,STATE_ROUTE,ROUTE_SUFFIX,POSTMILE_PREFIX,POSTMILE,LOCATION_TYPE,RAMP_INTERSECTION,SIDE_OF_HWY,TOW_AWAY,COLLISION_SEVERITY,NUMBER_KILLED,NUMBER_INJURED,PARTY_COUNT,PRIMARY_COLL_FACTOR,PCF_CODE_OF_VIOL,PCF_VIOL_CATEGORY,PCF_VIOLATION,PCF_VIOL_SUBSECTION,HIT_AND_RUN,TYPE_OF_COLLISION,MVIW,PED_ACTION,ROAD_SURFACE,ROAD_COND_1,ROAD_COND_2,LIGHTING,CONTROL_DEVICE,CHP_ROAD_TYPE,PEDESTRIAN_ACCIDENT,BICYCLE_ACCIDENT,MOTORCYCLE_ACCIDENT,TRUCK_ACCIDENT,NOT_PRIVATE_PROPERTY,ALCOHOL_INVOLVED,STWD_VEHTYPE_AT_FAULT,CHP_VEHTYPE_AT_FAULT,COUNT_SEVERE_INJ,COUNT_VISIBLE_INJ,COUNT_COMPLAINT_PAIN,COUNT_PED_KILLED,COUNT_PED_INJURED,COUNT_BICYCLIST_KILLED,COUNT_BICYCLIST_INJURED,COUNT_MC_KILLED,COUNT_MC_INJURED,PRIMARY_RAMP,SECONDARY_RAMP,LATITUDE,LONGITUDE,COUNTY,CITY,POINT_X,POINT_Y
82097292,2023,2023-06-19,4116,2023-06-02,1330,28536,54,5,5,5,4116,0,0,0,,0,00D,"2220 BRIDGEPOINTE PKWY","FASHION ISLAND BL",308.00,S,-,A,-,N,,,,,,,,,,N,3,0,1,2,A,-,03,22350,,N,A,E,A,A,H,-,A,D,0,,,,,Y,,A,01,0,1,0,0,0,0,0,0,0,"- ","- ",37.558300018310547,-122.28352355957031,"SAN MATEO","SAN MATEO",-122.28457641601562,37.559860229492188
82097998,2023,2023-06-20,4117,2023-06-09,"815 ",99ID13,08AG,5,5,5,4117,0,0,0,,0,001,"COMMERCIAL AV","SPRUCE AV",36.00,W,-,A,-,N,,,,,,,,,,N,3,0,1,2,A,-,03,22350,,F,C,C,A,A,H,-,A,A,0,,,,,Y,,A,07,0,1,0,0,0,0,0,0,0,"- ","- ",37.654541015625,-122.41670227050781,"SAN MATEO","SOUTH SAN FRANCISCO",-122.41681671142578,37.654556274414062
82110261,2023,2023-07-05,4116,2023-06-24,1400,28444,31,6,5,5,4116,0,0,0,,0,00A,"2950 S. DELAWARE ST","S. DELAWARE ST",15.00,W,-,A,-,N,,,,,,,,,,N,3,0,1,2,A,-,06,21755,,N,B,C,A,A,H,-,A,D,0,,,Y,,Y,,A,01,0,1,0,0,0,0,0,0,0,"- ","- ",37.571548461914062,-122.31790161132812,"SAN MATEO","SAN MATEO",-122.32306671142578,37.569839477539062
82110292,2023,2023-07-05,4116,2023-05-25,"721 ",25586,53,4,5,5,4116,0,0,0,,0,00D,"ROBERTA DR","SO NORFOLK ST",0.00,,Y,B,-,N,,,,,,,,,,N,4,0,1,2,A,-,05,21650,,N,D,G,A,A,H,-,A,A,0,,Y,,,Y,,L,04,0,0,1,0,0,0,1,0,0,"- ","- ",37.556358337402344,-122.2947998046875,"SAN MATEO","SAN MATEO",-122.29444885253906,37.556423187255859
82111985,2023,2023-07-07,4116,2023-06-09,1726,27730,12,5,5,5,4116,0,0,0,,0,00A,"SOUTH DELAWARE ST","1ST AV",0.00,,Y,A,-,N,,,,,,,,,,N,4,0,1,2,A,-,10,21950,A,N,G,B,B,A,H,-,A,A,0,Y,,,,Y,,A,01,0,0,1,0,1,0,0,0,0,"- ","- ",37.568679809570312,-122.32173919677734,"SAN MATEO","SAN MATEO",-122.32174682617188,37.568683624267578
82114386,2023,2023-07-11,4116,2023-06-17,1245,28536,23,6,5,5,4116,0,0,0,,0,00A,"SOUTH EL CAMINO REAL","12TH AVE",0.00,,Y,A,-,N,,,,,,,,,,N,3,0,1,2,A,-,12,21453,A,N,D,C,A,A,H,-,A,A,0,,,,,Y,,A,01,0,1,0,0,0,0,0,0,0,"- ","- ",37.556079864501953,-122.31822967529297,"SAN MATEO","SAN MATEO",-122.31828308105469,37.556072235107422
82115042,2023,2023-07-12,4109,2023-06-20,"907 ",145674,28,2,5,4,4109,0,0,0,,0,001,"MIDDLE AV","COTTON ST",0.00,,Y,A,-,N,,,,,,,,,,Y,3,0,2,2,A,-,09,21804,A,N,D,C,A,A,H,-,A,A,0,,,,,Y,,A,01,0,2,0,0,0,0,0,0,0,"- ","- ",37.439399719238281,-122.18675994873047,"SAN MATEO","MENLO PARK",-122.18675994873047,37.438991546630859
82115144,2023,2023-07-12,4109,2023-07-06,"817 ",14591,26,4,5,4,4109,0,0,0,,0,001,"SR-82 (EL CAMINO REAL)","OAK GROVE AVENUE",550.00,N,-,A,-,Y,SM,,82," "," ",0.961,H,,L,Y,3,0,1,2,A,-,03,22350,,N,C,C,A,A,H,-,A,D,0,,,,,Y,,A,01,0,1,0,0,0,0,0,0,0,"- ","- ",37.454811096191406,-122.18614196777344,"SAN MATEO","MENLO PARK",-122.18598937988281,37.454994201660156
82115425,2023,2023-07-12,4100,2023-05-24,2012,25875,WOOD,3,5,5,4113,0,0,0,,0,030,"FARM HILL BL","LOOP RD",0.00,,Y,A,-,N,,,,,,,,,,Y,3,0,1,2,A,-,12,21453,A,N,D,C,A,A,H,-,A,A,0,,,,,Y,,A,01,0,1,0,0,0,0,0,0,0,"- ","- ",,,"SAN MATEO","REDWOOD CITY",-122.26081848144531,37.446292877197266
82116836,2023,2023-07-14,4100,2023-06-19,1245,25195,MLB,1,5,3,4110,0,0,0,,0,060,"EL CAMINO REAL","SANTA INEZ AV",171.10,S,-,A,-,N,,,,,,,,,,N,4,0,1,3,A,-,03,22350,,N,C,C,A,A,H,-,A,D,0,,,,,Y,,A,01,0,0,1,0,0,0,0,0,0,"- ","- ",,,"SAN MATEO",MILLBRAE,-122.40448760986328,37.613510131835938
82117057,2023,2023-07-14,4117,2023-07-05,"316 ",18JY16,01AG,3,5,5,4117,0,0,0,,0,001,"EAST GRAND AV","LITTLEFIELD AV",180.00,E,-,B,-,N,,,,,,,,,,Y,3,0,1,1,A,-,03,22350,,N,E,I,A,A,H,-,C,D,0,,,,,Y,,A,01,0,1,0,0,0,0,0,0,0,"- ","- ",37.652679443359375,-122.39388275146484,"SAN MATEO","SOUTH SAN FRANCISCO",-122.39336395263672,37.652339935302734
82117079,2023,2023-07-14,4117,2023-07-01,2236,22JN03,11AE,6,5,5,4117,0,0,0,,0,004,"HILLSIDE BL","LINCOLN ST",200.00,W,-,A,-,N,,,,,,,,,,N,3,0,1,2,A,-,01,23152,A,N,C,E,A,A,H,-,D,D,0,,Y,,,Y,Y,L,04,0,1,0,0,0,0,1,0,0,"- ","- ",37.668338775634766,-122.42411804199219,"SAN MATEO","SOUTH SAN FRANCISCO",-122.42472839355469,37.668025970458984
82119285,2023,2023-07-17,4100,2023-06-15,1600,25264,PV,4,5,2,4112,0,0,0,,0,031,"ALPINE RD","WESTRIDGE DR",40.00,W,-,A,-,N,,,,,,,,,,N,3,0,1,2,A,-,09,21801,,N,H,G,A,A,H,-,A,D,0,,Y,,,Y,,A,01,0,1,0,0,0,0,1,0,0,"- ","- ",,,"SAN MATEO","PORTOLA VALLEY",-122.19096374511719,37.393302917480469
82119287,2023,2023-10-09,4100,2023-06-12,1136,25923,4100,1,5,3,4107,0,0,0,,0,075,"STATE ROUTE HWY 1","CAPISTRANO ROAD",1926.00,S,-,A,-,Y,,,,,,,,,,N,2,0,1,2,A,-,08,22107,,N,D,C,A,A,H,-,A,D,0,,,Y,,Y,,A,01,1,0,0,0,0,0,0,0,1,"- ","- ",,,"SAN MATEO","HALF MOON BAY",-122.48321533203125,37.506305694580078
82120052,2023,2023-07-18,4116,2023-06-18,"58  ",27790,61,7,5,5,4116,0,0,0,,0,00D,"E HILLSDALE BLVD  101 NB","US 101 SB ON-RAMP",0.00,,Y,A,-,N,,,,,,,,,,Y,3,0,1,1,A,-,01,23152,,N,E,I,A,A,H,-,C,A,0,,,,,Y,Y,A,81,0,1,0,0,0,0,0,0,0,"- ","- ",37.552478790283203,-122.28008270263672,"SAN MATEO","SAN MATEO",-122.28804016113281,37.544544219970703
82120303,2023,2023-07-19,4116,2023-07-14,1503,28536,23,5,5,5,4116,0,0,0,,0,00A,"SOUTH EL CAMINO REAL","HOBART AVE",0.00,,Y,A,-,N,,,,,,,,,,Y,3,0,2,2,A,-,09,21804,A,N,D,C,A,A,H,-,A,A,0,,,,,Y,,A,01,0,2,0,0,0,0,0,0,0,"- ","- ",37.556011199951172,-122.31832122802734,"SAN MATEO","SAN MATEO",-122.31828308105469,37.556072235107422
82122274,2023,2023-07-20,4109,2023-04-29,2311,14451,18,6,5,4,4109,0,0,0,,0,004,"BAYFRONT EX","UNIVERSITY AVE",0.00,,Y,A,-,N,,,,,,,,,,Y,3,0,1,2,A,-,12,21453,,M,D,D,A,A,H,-,C,A,0,,,,,Y,Y,A,01,0,1,0,0,0,0,0,0,0,"- ","- ",37.48651123046875,-122.14269256591797,"SAN MATEO","MENLO PARK",-122.14259800000001,37.486370999999998
82122434,2023,2023-07-21,4100,2023-07-07,"956 ",18230,SNC,5,5,4,4115,0,0,0,,0,051,"ARROYO AV","LAUREL ST",29.00,E,-,B,-,N,,,,,,,,,,N,4,0,1,2,A,-,04,21703,,N,C,C,A,A,H,-,A,D,0,,,,,Y,,A,01,0,0,1,0,0,0,0,0,0,"- ","- ",,,"SAN MATEO","SAN CARLOS",-122.25640106201172,37.502635955810547
82127838,2023,2023-07-27,4100,2023-07-14,"638 ",25265,TRA,5,5,3,4110,0,0,0,,0,00N,"CALIFORNIA DR","LINDEN AV",224.00,S,-,A,-,N,,,,,,,,,,Y,3,0,1,1,A,-,03,22350,,N,E,I,A,A,H,-,A,D,0,,,,,Y,,I,20,0,1,0,0,0,0,0,0,0,"- ","- ",,,"SAN MATEO",MILLBRAE,-122.38662719726562,37.599040985107422
82132559,2023,2023-08-11,4100,2023-07-25,1726,25294,SNC,2,5,4,4115,0,0,0,,0,053,"DEVONSHIRE BLVD","SAN CARLOS AVE",0.00,,Y,A,-,N,,,,,,,,,,Y,3,0,2,2,A,-,12,21453,,N,D,C,A,A,H,-,A,A,0,,,,,Y,,A,01,0,2,0,0,0,0,0,0,0,"- ","- ",,,"SAN MATEO","SAN CARLOS",-122.27619934082031,37.502155303955078
82135646,2023,2023-08-03,4116,2023-07-04,1233,27730,50,2,5,5,4116,0,0,0,,0,00D,"AIRPORT BL","PENINSULA AV",0.00,,Y,A,-,N,,,,,,,,,,N,4,0,1,2,A,-,03,22350,,M,C,C,A,A,H,-,A,A,0,,,,,Y,,A,01,0,0,1,0,0,0,0,0,0,"- ","- ",37.585369110107422,-122.32765197753906,"SAN MATEO","SAN MATEO",-122.32763671875,37.585357666015625
82135656,2023,2023-08-03,4116,2023-07-30,1924,26199,51,7,5,5,4116,0,0,0,,0,00D,"S NORFOLK ST","3RD AVE",240.00,N,-,A,-,N,,,,,,,,,,Y,3,0,2,4,A,-,01,23153,,N,A,C,A,A,H,-,A,D,0,,,,,Y,Y,A,01,0,1,1,0,0,0,0,0,0,"- ","- ",37.573101043701172,-122.31134796142578,"SAN MATEO","SAN MATEO",-122.31191253662109,37.57373046875
82135699,2023,2023-08-03,4116,2023-07-19,1326,28307,37,3,5,5,4116,0,0,0,,0,00C,"SOUTH EL CAMINO REAL","S. PROLONGATION LINE OF 39TH AVE",91.00,S,-,A,-,N,,,,,,,,,,Y,3,0,1,1,A,-,07,21658,A,N,C,E,A,A,H,-,A,D,0,,,,,Y,,A,01,0,1,0,0,0,0,0,0,0,"- ","- ",37.532920837402344,-122.29222869873047,"SAN MATEO","SAN MATEO",-122.29245758056641,37.532814025878906
82136131,2023,2023-08-04,4114,2023-08-03,1106,0048,SNB25,4,5,4,4114,0,0,0,,0,003,"SNEATH LN","SEQUOIA AV",10.00,W,-,B,-,N,,,,,,,,,,N,4,0,2,2,A,-,03,22350,,N,C,C,A,B,H,-,A,A,0,,,,,Y,,D,22,0,0,2,0,0,0,0,0,0,"- ","- ",,,"SAN MATEO","SAN BRUNO",-122.44370269775391,37.625629425048828
82138316,2023,2023-08-08,4117,2023-08-06,2206,22BD02,07AJ,7,5,5,4117,0,0,0,,0,,"ARMOUR AV","AIRPORT BL",343.34,W,-,A,-,N,,,,,,,,,,N,3,0,1,3,A,-,05,21460,,F,D,C,A,A,H,-,C,D,0,,,,,Y,,A,01,0,1,0,0,0,0,0,0,0,"- ","- ",37.660079956054688,-122.40483856201172,"SAN MATEO","SOUTH SAN FRANCISCO",-122.40592956542969,37.660629272460938
82138441,2023,2023-08-08,4109,2023-06-07,"846 ",145674,25,3,5,4,4109,0,0,0,,0,002,"RAVENSWOOD AV","NOEL DR",0.00,,Y,B,-,N,,,,,,,,,,Y,3,0,1,2,A,-,09,21804,A,N,D,C,A,A,D,-,A,A,0,,,,,Y,,A,07,0,1,0,0,0,0,0,0,0,"- ","- ",37.45458984375,-122.17987060546875,"SAN MATEO","MENLO PARK",-122.17989349365234,37.454597473144531
82139808,2023,2023-08-09,4114,2023-07-27,1740,0036,SNB5,4,5,4,4114,0,0,0,,0,001,"SAN BRUNO AVE","GREEN AVE",0.00,,Y,A,-,N,,,,,,,,,,N,3,0,1,2,A,-,09,21801,,N,D,C,A,A,H,-,A,D,0,,,Y,,Y,,A,01,0,1,0,0,0,0,0,0,1,"- ","- ",,,"SAN MATEO","SAN BRUNO",-122.41516876220703,37.629367828369141
82141922,2023,2023-08-11,4117,2023-08-02,1354,21PR06,13AJ,3,5,5,4117,0,0,0,,0,001,"TENNIS DR","WEST ORANGE AV",600.00,N,-,A,-,N,,,,,,,,,,Y,3,0,1,2,A,-,09,21804,,N,D,C,A,A,H,-,A,A,0,,,,,Y,,A,01,0,1,0,0,0,0,0,0,0,"- ","- ",37.655010223388672,-122.42418670654297,"SAN MATEO","SOUTH SAN FRANCISCO",-122.42621612548828,37.655433654785156
82141926,2023,2023-08-11,4116,2023-07-27,"628 ",27727,21,4,5,5,4116,0,0,0,,0,00A,"SOUTH GRANT ST","HADDON DR",166.00,S,-,A,-,N,,,,,,,,,,Y,3,0,1,3,A,-,01,23152,A,N,C,C,A,A,H,-,A,D,0,,,,,Y,Y,A,01,0,1,0,0,0,0,0,0,0,"- ","- ",37.558841705322266,-122.30489349365234,"SAN MATEO","SAN MATEO",-122.30477905273438,37.559089660644531
82143411,2023,2023-08-14,4100,2023-07-23,1402,25283,,7,5,3,4110,0,0,0,,0,,BROADWAY,"MEADOW GLEN AV",420.00,S,-,A,-,N,,,,,,,,,,Y,3,0,1,2,A,-,21,22106,,N,E,I,A,A,H,-,A,D,0,,,,,Y,,A,07,0,1,0,0,0,0,0,0,0,"- ","- ",,,"SAN MATEO",MILLBRAE,-122.39650726318359,37.604473114013672
82144516,2023,2023-08-15,4117,2023-08-06,1642,22BD02,03AA,7,5,5,4117,0,0,0,,0,004,"OYSTER POINT BL","DUBUQUE AV",33.64,W,-,A,-,N,,,,,,,,,,N,3,0,1,2,A,-,21,22106,,N,C,C,A,A,H,-,A,A,0,,,,,Y,,A,01,0,1,0,0,0,0,0,0,0,"- ","- ",37.663330078125,-122.39862060546875,"SAN MATEO","SOUTH SAN FRANCISCO",-122.39873504638672,37.663425445556641
82148926,2023,2023-08-21,4117,2023-08-15,1855,21PR06,09AA,2,5,5,4117,0,0,0,,0,001,"SOUTH LINDEN AV","VICTORY AV",0.00,,Y,A,-,N,,,,,,,,,,N,3,0,1,2,A,-,12,22450,,N,H,G,A,A,H,-,A,A,0,,Y,,,Y,,L,04,0,1,0,0,0,0,1,0,0,"- ","- ",37.646778106689453,-122.41307067871094,"SAN MATEO","SOUTH SAN FRANCISCO",-122.41307830810547,37.646766662597656
82149913,2023,2023-08-22,4100,2023-08-17,2059,25294,,4,5,4,4115,0,0,0,,0,,"EATON AV","POWER POLE #120152640",65.00,E,-,A,-,N,,,,,,,,,,Y,3,0,1,3,A,-,01,23152,A,N,C,E,A,A,H,-,C,D,0,,,,,Y,Y,A,01,0,1,0,0,0,0,0,0,0,"- ","- ",,,"SAN MATEO","SAN CARLOS",,
82152149,2023,2023-08-24,4117,2023-08-13,1559,22BD02,08AH,7,5,5,4117,0,0,0,,0,001,"GRAND AV","MAPLE AV",131.95,W,-,A,-,N,,,,,,,,,,Y,4,0,1,2,A,-,21,22106,,N,C,C,A,A,H,-,A,D,0,,,,,Y,,A,01,0,0,1,0,0,0,0,0,0,"- ","- ",37.655559539794922,-122.41316223144531,"SAN MATEO","SOUTH SAN FRANCISCO",-122.41294860839844,37.655796051025391
82157832,2023,2023-09-11,4100,2023-08-19,"908 ",25187,TRA,6,5,4,4127,0,0,0,,0,00S,"BAY RD","ILLINOIS ST",65.00,N,-,A,-,N,,,,,,,,,,Y,3,0,1,2,A,-,03,22350,,N,C,C,A,A,H,-,A,D,0,,,,,Y,,A,01,0,1,0,0,0,0,0,0,0,"- ","- ",,,"SAN MATEO","EAST PALO ALTO",-122.13492584228516,37.471817016601562
82161839,2023,2023-09-04,4100,2023-08-09,2230,25138,TRANS,3,5,6,4106,0,0,0,,0,00N,"JOHN DALY BLVD","DE LONG STREET",0.00,,Y,A,-,N,,,,,,,,,,Y,3,0,3,2,A,-,09,21453,C,N,D,C,A,A,H,-,C,A,0,,,,,Y,,I,20,0,2,1,0,0,0,0,0,0,"- ","- ",,,"SAN MATEO","DALY CITY",-122.46782684326172,37.705284118652344
82162550,2023,2023-09-05,4117,2023-08-23,1720,21PR06,05AB,3,5,5,4117,0,0,0,,0,001,"SAN MATEO AV","LOWRIE AV",1100.00,N,-,A,-,N,,,,,,,,,,N,3,0,1,2,A,-,08,22107,,N,H,G,A,A,H,-,A,D,0,,Y,,,Y,,A,01,0,1,0,0,0,0,1,0,0,"- ","- ",37.642650604248047,-122.41117858886719,"SAN MATEO","SOUTH SAN FRANCISCO",-122.41004943847656,37.645462036132812
82162745,2023,2023-09-05,4116,2023-08-15,1033,28865,24,2,5,5,4116,0,0,0,,0,00A,"55 W 3RD AV","N EL CAMINO REAL",0.00,,Y,A,-,Y,,,,,,,,,,N,3,0,1,2,A,-,08,22107,,N,D,C,A,A,H,-,A,A,0,,,,,Y,,A,01,0,1,0,0,0,0,0,0,0,"- ","- ",37.561870574951172,-122.3270263671875,"SAN MATEO","SAN MATEO",-122.32598876953125,37.563022613525391
82162783,2023,2023-09-05,4116,2023-08-29,1204,28865,34,2,5,5,4116,0,0,0,,0,00C,"24TH AV","HACIENDA ST",0.00,,Y,A,-,Y,,,,,,,,,,N,4,0,1,2,A,-,09,21804,,N,B,C,A,A,H,-,A,A,0,,,,,Y,,A,01,0,0,1,0,0,0,0,0,0,"- ","- ",37.544010162353516,-122.30959320068359,"SAN MATEO","SAN MATEO",-122.30956268310547,37.544040679931641
82164580,2023,2023-09-07,4117,2023-08-19,1111,23HG07,01AL,6,5,5,4117,0,0,0,,0,001,"S AIRPORT BL","MARCO WY",300.00,N,-,A,-,N,,,,,,,,,,N,3,0,1,2,A,-,17,21208,A,N,D,G,A,A,H,-,A,D,0,,Y,,,Y,,L,04,0,1,0,0,0,0,1,0,0,"- ","- ",37.643161773681641,-122.40363311767578,"SAN MATEO","SOUTH SAN FRANCISCO",-122.40406036376953,37.643890380859375
82164803,2023,2023-09-07,4117,2023-08-16,1206,14MN05,21AK,3,5,5,4117,0,0,0,,0,003,"MCLELLAN DR","EL CAMMINO REAL SR 82",0.00,,Y,A,-,Y,SM,,82," "," ",21.641,H,,L,N,3,0,1,2,A,-,10,21950,A,F,G,B,B,A,H,-,A,A,0,Y,,,,Y,,A,01,0,1,0,0,1,0,0,0,0,"- ","- ",37.663459777832031,-122.447021484375,"SAN MATEO","SOUTH SAN FRANCISCO",-122.44699859619141,37.663566589355469
82167585,2023,2023-09-11,4117,2023-09-05,"746 ",12JP07,07AA,2,5,5,4117,0,0,0,,0,004,"HAWTHORNE PL","OLIVE AV",385.00,S,-,A,-,N,,,,,,,,,,N,3,0,2,2,A,-,09,21804,A,N,C,C,A,A,H,-,A,D,0,,,,,Y,,A,01,0,1,1,0,0,0,0,0,0,"- ","- ",37.662761688232422,-122.40914154052734,"SAN MATEO","SOUTH SAN FRANCISCO",-122.40966033935547,37.661937713623047
82167613,2023,2023-09-12,4100,2023-06-28,"337 ",25954,,3,5,3,4107,0,0,0,,0,075,SR-1,"SAN MATEO RD",144.00,S,-,B,-,Y,,,,,,,,,,N,3,0,1,1,A,-,01,23152,F,N,H,A,A,B,H,-,C,A,0,,,,,Y,,A,01,0,1,0,0,0,0,0,0,0,"- ","- ",,,"SAN MATEO","HALF MOON BAY",-122.41084289550781,37.629585266113281
82168410,2023,2023-09-12,4116,2023-08-09,1130,28444,13A,3,5,5,4116,0,0,0,,0,00A,"N EL CAMINO REAL","TILTON AVE",0.00,,Y,A,-,Y,,,,,,,,,,N,3,0,1,2,A,-,08,22107,,N,B,C,A,A,H,-,A,D,0,,,,Y,Y,,F,26,0,1,0,0,0,0,0,0,0,"- ","- ",,,"SAN MATEO","SAN MATEO",-122.32999420166016,37.566989898681641
82168428,2023,2023-09-12,4116,2023-08-22,1400,28696,13,2,5,5,4116,0,0,0,,0,0DT,"EAST 4TH AV","SAN MATEO DR",108.00,E,-,A,-,N,,,,,,,,,,N,3,0,1,2,A,-,21,22106,,N,G,B,E,A,H,-,A,D,0,Y,,,,Y,,A,07,0,1,0,0,1,0,0,0,0,"- ","- ",37.563529968261719,-122.32335662841797,"SAN MATEO","SAN MATEO",-122.32308197021484,37.563735961914062
82169369,2023,2023-09-13,0400,2023-08-01,"939 ",0248,4,2,5,4,4104,0,0,0,,0,00A,"NORTH LN","CALIFORNIA DR",52.00,E,-,A,-,N,,,,,,,,,,N,2,0,1,2,A,-,11,21954,A,N,G,B,D,A,H,-,A,D,0,Y,,,,Y,,N,60,1,0,0,0,1,0,0,0,0,"- ","- ",37.580001831054688,-122.34574127197266,"SAN MATEO",BURLINGAME,-122.34564971923828,37.580127716064453
82172687,2023,2023-09-18,4116,2023-09-07,1647,28536,32,4,5,5,4116,0,0,0,,0,00C,"HILLSDALE BL","CURTISS ST",0.00,,Y,A,-,N,,,,,,,,,,Y,2,0,1,2,A,-,10,21950,A,F,G,B,B,A,H,-,A,A,0,Y,,,,Y,,D,22,1,0,0,0,1,0,0,0,0,"- ","- ",37.539451599121094,-122.29389953613281,"SAN MATEO","SAN MATEO",-122.29390716552734,37.539432525634766
82172792,2023,2023-09-18,4116,2023-08-22,1629,28252,14,2,5,5,4116,0,0,0,,0,00A,"NORTH EL CAMINO REAL","WEST BELLVEUE AVENUE",0.00,,Y,A,-,Y,SM,,82," "," ",12.579,H,,R,Y,3,0,1,2,A,-,09,21801,A,N,D,C,A,A,H,-,A,A,0,,,,Y,Y,,A,01,0,1,0,0,0,0,0,0,0,"- ","- ",37.571128845214844,-122.33757781982422,"SAN MATEO","SAN MATEO",-122.33757019042969,37.571136474609375
82175252,2023,2023-09-20,4114,2023-08-25,1759,0917,SNB14,5,5,4,4114,0,0,0,,0,002,"CRYSTAL SPRINGS RD","OAK AV",0.00,,Y,A,-,N,,,,,,,,,,N,3,0,1,2,A,-,10,21950,A,N,G,B,B,A,H,-,A,D,0,Y,,,,Y,,A,01,0,1,0,0,1,0,0,0,0,"- ","- ",,,"SAN MATEO","SAN BRUNO",-122.41490173339844,37.616462707519531
82175830,2023,2023-09-21,4117,2023-09-08,1534,22DM09,15AI,5,5,5,4117,0,0,0,,0,002,"PONDEROSA RD","RT 82",85.00,W,-,A,-,N,,,,,,,,,,N,3,0,1,2,A,-,11,21954,A,N,G,B,D,A,H,-,A,A,0,Y,,,,Y,,N,60,0,1,0,0,1,0,0,0,0,"- ","- ",37.648670196533203,-122.42967224121094,"SAN MATEO","SOUTH SAN FRANCISCO",-122.42990875244141,37.648525238037109
82175933,2023,2023-09-21,4109,2023-09-13,2127,145746,17A,3,5,4,4109,0,0,0,,0,002,"1110 MARSH RD","SCOTT DR",0.00,,Y,A,-,N,,,,,,,,,,N,3,0,1,2,A,-,03,22350,,N,C,C,A,A,H,-,A,A,0,,,,,Y,,A,01,0,1,0,0,0,0,0,0,0,"- ","- ",37.480758666992188,-122.18356323242188,"SAN MATEO","MENLO PARK",-122.18364715576172,37.481380462646484
82177061,2023,2023-09-22,4116,2023-08-28,"218 ",28935,14,1,5,5,4116,0,0,0,,0,00A,"NORTH SAN MATEO DR","EAST BELLEVUE AV",0.00,,Y,A,-,N,,,,,,,,,,N,4,0,1,1,A,-,07,21658,,M,B,E,A,A,H,-,C,A,0,,,,,Y,,-,98,0,0,1,0,0,0,0,0,0,"- ","- ",37.573551177978516,-122.33409881591797,"SAN MATEO","SAN MATEO",-122.33407592773438,37.573551177978516
82177163,2023,2023-09-22,4116,2023-08-30,1402,27730,11,3,5,5,4116,0,0,0,,0,00A,"PENINSULA AV","WOODSIDE WY",0.00,,Y,A,-,N,,,,,,,,,,N,3,0,2,3,A,-,10,21950,A,N,G,B,B,A,H,-,A,D,0,Y,,,,Y,,A,01,0,2,0,0,2,0,0,0,0,"- ","- ",37.578418731689453,-122.33743286132812,"SAN MATEO","SAN MATEO",-122.33744812011719,37.578411102294922
82177177,2023,2023-09-22,4116,2023-08-26,1849,29211,21,6,5,5,4116,0,0,0,,0,00A,"SUNNYBRAE BLVD","SOUTH DELAWARE ST",0.00,,Y,A,-,N,,,,,,,,,,N,3,0,1,2,A,-,"- ",,,N,H,G,A,A,H,-,A,A,0,,Y,,,Y,,-,"- ",0,1,0,0,0,0,1,0,0,"- ","- ",37.557758331298828,-122.30982208251953,"SAN MATEO","SAN MATEO",-122.30982208251953,37.557746887207031
82178324,2023,2023-09-25,0400,2023-09-08,1529,0519,20,5,5,4,4104,0,0,0,,0,00C,"ROLLINS RD","DAVID RD",56.00,N,-,A,-,N,,,,,,,,,,Y,3,0,1,2,A,-,08,22107,,N,B,C,A,A,H,-,A,D,0,,,,,Y,,A,07,0,1,0,0,0,0,0,0,0,"- ","- ",37.592948913574219,-122.37107849121094,"SAN MATEO",BURLINGAME,-122.37126922607422,37.593441009521484
82186227,2023,2023-10-02,4117,2023-09-22,1827,19JS03,10AE,5,5,5,4117,0,0,0,,0,002,"EL CAMINO REAL HY","SOUTH SPRUCE AV",87.00,S,-,A,-,Y,SM,,82," "," ",19.683,H,,R,Y,3,0,1,2,A,-,04,21703,,N,C,C,A,A,H,-,A,A,0,,,,,Y,,A,01,0,1,0,0,0,0,0,0,0,"- ","- ",37.643039703369141,-122.42514801025391,"SAN MATEO","SOUTH SAN FRANCISCO",-122.42522430419922,37.64300537109375
82187696,2023,2023-10-02,4109,2023-09-15,1544,14437,17A,5,5,4,4109,0,0,0,,0,002,"MARSH RD","FLORENCE ST",60.00,E,-,A,-,N,,,,,,,,,,N,3,0,1,3,A,-,03,22350,,N,C,C,A,A,H,-,A,A,0,,,,,Y,,A,07,0,1,0,0,0,0,0,0,0,"- ","- ",37.478801727294922,-122.18563079833984,"SAN MATEO","MENLO PARK",-122.18556213378906,37.478950500488281