CASE_ID,ACCIDENT_YEAR,PROC_DATE,JURIS,COLLISION_DATE,COLLISION_TIME,OFFICER_ID,REPORTING_DISTRICT,DAY_OF_WEEK,CHP_SHIFT,POPULATION,CNTY_CITY_LOC,SPECIAL_COND,BEAT_TYPE,CHP_BEAT_TYPE,CITY_DIVISION_LAPD,CHP_BEAT_CLASS,BEAT_NUMBER,PRIMARY_RD,SECONDARY_RD,DISTANCE,DIRECTION,INTERSECTION,WEATHER_1,WEATHER_2,STATE_HWY_IND,CALTRANS_COUNTY,CALTRANS_DISTRICT,STATE_ROUTE,ROUTE_SUFFIX,POSTMILE_PREFIX,POSTMILE,LOCATION_TYPE,RAMP_INTERSECTION,SIDE_OF_HWY,TOW_AWAY,COLLISION_SEVERITY,NUMBER_KILLED,NUMBER_INJURED,PARTY_COUNT,PRIMARY_COLL_FACTOR,PCF_CODE_OF_VIOL,PCF_VIOL_CATEGORY,PCF_VIOLATION,PCF_VIOL_SUBSECTION,HIT_AND_RUN,TYPE_OF_COLLISION,MVIW,PED_ACTION,ROAD_SURFACE,ROAD_COND_1,ROAD_COND_2,LIGHTING,CONTROL_DEVICE,CHP_ROAD_TYPE,PEDESTRIAN_ACCIDENT,BICYCLE_ACCIDENT,MOTORCYCLE_ACCIDENT,TRUCK_ACCIDENT,NOT_PRIVATE_PROPERTY,ALCOHOL_INVOLVED,STWD_VEHTYPE_AT_FAULT,CHP_VEHTYPE_AT_FAULT,COUNT_SEVERE_INJ,COUNT_VISIBLE_INJ,COUNT_COMPLAINT_PAIN,COUNT_PED_KILLED,COUNT_PED_INJURED,COUNT_BICYCLIST_KILLED,COUNT_BICYCLIST_INJURED,COUNT_MC_KILLED,COUNT_MC_INJURED,PRIMARY_RAMP,SECONDARY_RAMP,LATITUDE,LONGITUDE,COUNTY,CITY,POINT_X,POINT_Y
8615908,2018,2018-08-23,4100,2018-04-08,1030,19910,4100,7,5,2,4118,0,0,0,,0,030,"RT 84","LA HONDA RD 895",643.00,W,N,A,-,Y,SM,4,84,-,-,16.630,H,-,N,N,3,0,1,1,A,-,"- ",,,N,H,A,A,A,H,-,A,D,0,,,Y,,Y,,C,02,0,1,0,0,0,0,0,0,1,"- ","- ",,,"SAN MATEO",WOODSIDE,-122.25871276855469,37.398094177246094
8618679,2018,2018-08-02,4114,2018-03-01,1055,0825,SNB32,4,5,4,4114,0,0,0,,0,003,"SKYLINE BL","SNEATH LN",1056.00,S,N,C,-,Y,SM,4,35,-,-,25.050,H,-,N,Y,2,0,1,1,A,-,03,22350,,N,F,I,A,B,H,-,A,D,0,,,,,Y,,A,01,1,0,0,0,0,0,0,0,0,"- ","- ",,,"SAN MATEO","SAN BRUNO",-122.44919586181641,37.626800537109375
8618683,2018,2018-08-23,4116,2018-04-19,2016,27928,34,4,5,5,4116,0,0,0,,0,00C,"RT 82","RT 92",0.00,,Y,A,-,Y,SM,4,92,-,R,11.174,R,4,E,Y,2,0,1,2,A,-,03,22350,,N,C,C,A,A,H,-,C,A,0,,,,,Y,,A,01,1,0,0,0,0,0,0,0,0,"- ",EO,37.56298828125,-122.32553100585938,"SAN MATEO","SAN MATEO",-122.31247711181641,37.549953460693359
8618684,2018,2018-08-23,4116,2018-04-25,1027,25586,13,3,5,5,4116,0,0,0,,0,0DT,"SOUTH EL CAMINO REAL","3RD AV",0.00,,Y,A,-,Y,SM,4,82,-,-,11.715,I,5,S,N,3,0,1,2,A,-,10,21950,A,N,G,B,B,A,H,-,A,A,0,Y,,,,Y,,A,01,0,1,0,0,1,0,0,0,0,"- ","- ",37.56304931640625,-122.325927734375,"SAN MATEO","SAN MATEO",-122.32598876953125,37.563018798828125
8619402,2018,2018-05-22,4111,2018-02-13,1505,P5144,P15,2,5,4,4111,0,0,0,,0,0P3,"TERRA NOVA BL","EVERGLADES DR",1056.00,N,N,A,-,N,,,,,,,,,,N,3,0,1,2,A,-,03,22350,,F,C,C,A,A,H,-,A,D,0,,,,,Y,Y,A,01,0,1,0,0,0,0,0,0,0,"- ","- ",,,"SAN MATEO",PACIFICA,-122.47638702392578,37.594203948974609
8619443,2018,2018-05-22,4111,2018-04-26,0755,P5146,P19,4,5,4,4111,0,0,0,,0,0P3,"LINDA MAR BL","ADOBE DR",7.00,E,N,A,-,N,,,,,,,,,,N,3,0,1,2,A,-,10,21950,A,F,B,G,A,A,H,-,A,A,0,,Y,,,Y,,A,01,0,1,0,0,0,0,1,0,0,"- ","- ",,,"SAN MATEO",PACIFICA,-122.49397277832031,37.588382720947266
8619478,2018,2018-05-22,4111,2018-04-19,0730,P5085,P05,4,5,4,4111,0,0,0,,0,0P1,"MANOR DR","CLARIDGE DR",108.00,W,N,A,-,N,,,,,,,,,,Y,3,0,1,2,A,-,21,22106,,N,D,C,A,A,C,-,A,D,0,,,,,Y,,A,01,0,1,0,0,0,0,0,0,0,"- ","- ",,,"SAN MATEO",PACIFICA,-122.47171020507812,37.645900726318359
8620028,2018,2018-05-29,4114,2018-03-30,1830,0062,SNB4,5,5,4,4114,0,0,0,,0,001,"SNEATH LN","HUNTINGTON AV",304.00,W,N,A,-,N,,,,,,,,,,N,3,0,1,2,A,-,11,21955,,N,G,B,D,A,H,-,C,D,0,Y,,,,Y,,N,60,0,1,0,0,1,0,0,0,0,"- ","- ",,,"SAN MATEO","SAN BRUNO",-122.41902923583984,37.638820648193359
8620812,2018,2018-05-22,4100,2018-05-04,2220,25042,4100,5,5,4,4115,0,0,0,,0,053,"SAN CARLOS AV","ELM ST",0.00,,Y,A,-,N,,,,,,,,,,N,4,0,2,2,A,-,09,21801,A,N,D,C,A,A,H,-,C,A,0,,,,,Y,,A,01,0,0,2,0,0,0,0,0,0,"- ","- ",,,"SAN MATEO","SAN CARLOS",-122.26307678222656,37.505168914794922
8621485,2018,2018-07-30,4114,2018-05-03,0025,0043,SNB17,4,5,4,4114,0,0,0,,0,001,"SAN BRUNO AV","RT 280",248.00,E,N,A,-,N,,,,,,,,,,Y,3,0,2,1,A,-,01,23152,A,N,E,I,A,A,H,-,C,D,0,,,,,Y,Y,A,01,0,2,0,0,0,0,0,0,0,"- ",NF,,,"SAN MATEO","SAN BRUNO",-122.42845153808594,37.624610900878906
8621489,2018,2018-05-29,4114,2018-05-06,1358,0040,SNBS,7,5,4,4114,0,0,0,,0,001,"HUNTINGTON AV","FOREST LN",0.00,,Y,A,-,N,,,,,,,,,,Y,3,0,2,2,A,-,12,22450,A,N,D,C,A,A,H,-,A,A,0,,,,,Y,,A,01,0,2,0,0,0,0,0,0,0,"- ","- ",,,"SAN MATEO","SAN BRUNO",-122.41394805908203,37.6339111328125
8622606,2018,2018-06-06,4113,2018-05-03,1336,316,7,4,5,5,4113,0,0,0,,0,007,"HOPKINS AV","ALAMEDA DE LAS PULGAS",0.00,W,N,A,-,N,,,,,,,,,,N,3,0,1,2,A,-,08,22107,,N,B,E,A,A,H,-,A,D,0,,,,,Y,,A,01,0,1,0,0,0,0,0,0,0,"- ","- ",37.478668212890625,-122.25318145751953,"SAN MATEO","REDWOOD CITY",-122.25142669677734,37.479141235351562
8622614,2018,2018-06-05,4113,2018-04-25,0820,316,7,3,5,5,4113,0,0,0,,0,007,"EDGEWOOD RD","ALAMEDA DE LAS PULGAS",528.00,W,N,A,-,N,,,,,,,,,,N,3,0,1,3,A,-,03,22350,,N,C,C,A,A,H,-,A,D,0,,,,,Y,,I,11,0,1,0,0,0,0,0,0,0,"- ","- ",37.480991363525391,-122.25795745849609,"SAN MATEO","REDWOOD CITY",-122.25691986083984,37.481884002685547
8623771,2018,2018-05-29,4106,2018-04-29,1012,2129,,7,5,6,4106,0,0,0,,0,002,"CASTLE ST","2ND AV",12.00,S,N,A,-,N,,,,,,,,,,N,3,0,3,2,A,-,09,21804,A,N,D,C,A,A,H,-,A,A,0,,,,,Y,,A,01,0,3,0,0,0,0,0,0,0,"- ","- ",,,"SAN MATEO","DALY CITY",-122.46341705322266,37.691699981689453
8623845,2018,2018-08-23,4117,2018-04-24,2341,15PN05,17BL,2,5,5,4117,0,0,0,,0,003,"WESTBOROUGH BL","JUNIPER SERRA BL",0.00,,Y,A,-,Y,SM,4,280,-,R,22.994,R,4,N,Y,3,0,2,2,A,-,09,21453,C,N,D,C,A,A,H,-,C,A,0,,,,,Y,,A,01,0,1,1,0,0,0,0,0,0,"- ","- ",37.655311584472656,-122.43357086181641,"SAN MATEO","SOUTH SAN FRANCISCO",-122.45233154296875,37.650169372558594
8624736,2018,2018-06-08,4117,2018-05-14,2122,14MN05,08AJ,1,5,5,4117,0,0,0,,0,004,"GRAND AV","MAPLE AV",0.00,,Y,A,-,N,,,,,,,,,,N,3,0,1,2,A,-,10,21950,A,F,G,B,B,A,H,-,C,A,0,Y,,,,Y,,A,01,0,1,0,0,1,0,0,0,0,"- ","- ",37.656150817871094,-122.41311645507812,"SAN MATEO","SOUTH SAN FRANCISCO",-122.41251373291016,37.65570068359375
8624814,2018,2018-06-29,4113,2018-05-28,0202,448,5,1,5,5,4113,0,0,0,,0,005,"CARLOS AV","CYPRESS ST",40.00,W,N,A,-,N,,,,,,,,,,Y,3,0,1,2,A,-,01,23152,,M,C,E,A,A,H,-,C,D,0,,,,,Y,Y,A,01,0,1,0,0,0,0,0,0,0,"- ","- ",37.468559265136719,-122.21727752685547,"SAN MATEO","REDWOOD CITY",-122.21800994873047,37.469348907470703
8626740,2017,2018-06-05,4106,2017-07-19,1734,1180,09,3,5,6,4106,0,0,0,,0,004,"LAKE MERCED BL","BEL MAR AV",0.00,,Y,A,-,N,,,,,,,,,,N,3,0,1,2,A,-,09,21802,A,N,D,G,A,A,H,-,A,D,0,,Y,,,Y,,L,04,0,1,0,0,0,0,1,0,0,"- ","- ",,,"SAN MATEO","DALY CITY",-122.48385,37.699359970000003
8626745,2018,2018-05-30,4106,2018-02-18,1715,1241,,7,5,6,4106,0,0,0,,0,003,"VALE ST","MATEO AV",1.00,E,N,A,-,N,,,,,,,,,,N,3,0,1,2,A,-,08,22107,,N,G,B,D,A,H,-,A,A,0,Y,,,,Y,,A,01,0,1,0,0,1,0,0,0,0,"- ","- ",,,"SAN MATEO","DALY CITY",-122.4669189453125,37.691551208496094
8627120,2018,2018-06-07,4100,2018-05-21,1820,25042,4100,1,5,4,4115,0,0,0,,0,053,"HOLLY ST","EL CAMINO REAL",0.00,,Y,A,-,N,,,,,,,,,,N,4,0,1,2,A,-,11,21461,5,N,G,B,B,A,D,-,A,A,0,Y,,,,Y,,N,60,0,0,1,0,1,0,0,0,0,"- ","- ",,,"SAN MATEO","SAN CARLOS",-122.26190185546875,37.508510589599609
8629446,2018,2018-07-30,4117,2018-04-27,2134,10SM11,01AJ,5,5,5,4117,0,0,0,,0,001,"UTAH AV","WATTIS AV",50.00,E,N,A,-,N,,,,,,,,,,Y,3,0,1,1,A,-,03,22350,,N,H,A,A,A,H,-,C,D,0,,,Y,,Y,,C,02,0,1,0,0,0,0,0,0,1,"- ","- ",37.645900726318359,-122.40242767333984,"SAN MATEO","SOUTH SAN FRANCISCO",-122.40224456787109,37.645938873291016
8629616,2018,2018-08-08,4106,2018-03-30,1955,2035,4,5,5,6,4106,0,0,0,,0,003,"JOHN DALY BL","JUNIPERO SERRA BL",0.00,,Y,A,-,Y,SM,4,1,-,R,48.554,R,4,N,Y,2,0,3,2,A,-,07,21658,A,N,D,C,A,A,H,-,C,A,0,,,,,Y,,A,01,1,2,0,0,0,0,0,0,0,"- ","- ",,,"SAN MATEO","DALY CITY",-122.47104644775391,37.708209991455078
8630355,2018,2018-06-05,4113,2018-05-03,0933,381,3,4,5,5,4113,0,0,0,,0,003,"LATHROP ST","BEECH ST",0.00,,Y,A,-,N,,,,,,,,,,Y,3,0,1,2,A,-,09,21802,A,N,D,C,A,A,H,-,A,A,0,,,,,Y,,A,01,0,1,0,0,0,0,0,0,0,"- ","- ",37.480491638183594,-122.22557830810547,"SAN MATEO","REDWOOD CITY",-122.22557067871094,37.48046875
8630423,2018,2018-06-04,4116,2018-04-29,1738,27866,24,7,5,5,4116,0,0,0,,0,00A,"9TH AV","PALM AV",8.00,W,N,A,-,N,,,,,,,,,,N,2,0,2,3,A,-,10,21950,A,N,G,B,B,A,H,-,A,A,0,Y,,,,Y,,A,01,1,1,0,0,2,0,0,0,0,"- ","- ",37.560268402099609,-122.32015991210938,"SAN MATEO","SAN MATEO",-122.32015228271484,37.560268402099609
8631640,2018,2018-06-11,4120,2018-04-11,1851,225,9,3,5,4,4120,0,0,0,,0,00Y,"HILLSDALE BL","SEA SPRAY LN",254.00,E,N,B,C,N,,,,,,,,,,N,3,0,1,2,A,-,04,21703,,N,C,C,A,B,H,-,A,D,0,,,,,Y,,A,01,0,1,0,0,0,0,0,0,0,"- ","- ",37.554279327392578,-122.27745819091797,"SAN MATEO","FOSTER CITY",-122.28224182128906,37.550304412841797
8632604,2018,2018-06-13,4117,2018-06-01,0630,17MZ04,08AO,5,5,5,4117,0,0,0,,0,004,"AIRPORT BL","PINE AV",0.00,,Y,A,-,N,,,,,,,,,,N,3,0,1,2,A,-,09,21804,A,N,D,G,A,A,H,-,A,D,0,,Y,,,Y,,A,01,0,1,0,0,0,0,1,0,0,"- ","- ",37.658340454101562,-122.40647125244141,"SAN MATEO","SOUTH SAN FRANCISCO",-122.40598297119141,37.658378601074219
8633072,2018,2018-06-14,4109,2018-04-26,1411,13938,,4,5,4,4109,0,0,0,,0,001,"SANTA CRUZ AV","JUNIPERO SERRA BL",210.00,N,N,A,-,N,,,,,,,,,,N,2,0,1,1,A,-,08,22107,,N,F,A,A,A,H,-,-,D,0,,,Y,,Y,,C,02,1,0,0,0,0,0,0,0,1,"- ","- ",37.424491882324219,-122.19174194335938,"SAN MATEO","MENLO PARK",-122.19171142578125,37.425060272216797
8634068,2018,2018-06-07,4106,2018-05-06,1152,1255,,7,5,6,4106,0,0,0,,0,002,"BYRNE ST","LISBON ST",7.00,N,N,A,-,N,,,,,,,,,,N,3,0,1,2,A,-,10,21950,A,N,G,B,B,A,H,-,A,A,0,Y,,,,Y,,A,01,0,1,0,0,1,0,0,0,0,"- ","- ",,,"SAN MATEO","DALY CITY",-122.459716796875,37.688774108886719
8634973,2018,2018-06-15,4111,2018-04-16,1525,P5151,P16,1,5,4,4111,0,0,0,,0,0P3,"TERRA NOVA BL","MASON DR",0.00,,Y,A,-,N,,,,,,,,,,Y,3,0,1,2,A,-,09,21804,A,N,B,C,A,A,H,-,A,D,0,,,,,Y,,A,01,0,1,0,0,0,0,0,0,0,"- ","- ",,,"SAN MATEO",PACIFICA,-122.47953796386719,37.596031188964844
8635860,2018,2018-06-25,4113,2018-06-02,1352,433,1,6,5,5,4113,0,0,0,,0,001,"BRIDGE PKWY","REDWOOD SHORES PKWY",0.00,,Y,A,-,N,,,,,,,,,,N,3,0,1,2,A,-,09,21802,A,N,H,G,A,A,H,-,A,A,0,,Y,,,Y,,A,01,0,1,0,0,0,0,1,0,0,"- ","- ",37.526260375976562,-122.25055694580078,"SAN MATEO","REDWOOD CITY",-122.25063323974609,37.526161193847656
8638891,2018,2018-08-23,4111,2018-05-13,0336,P5135,P05,7,5,4,4111,0,0,0,,0,0P1,"RT 35","MANOR DR",715.00,S,N,A,-,Y,SM,4,35,-,-,26.720,H,-,N,N,4,0,1,1,A,-,01,23152,A,N,E,I,A,A,H,-,C,D,0,,,,,Y,Y,A,01,0,0,1,0,0,0,0,0,0,"- ","- ",37.643768310546875,-122.46717071533203,"SAN MATEO",PACIFICA,-122.46937561035156,37.644569396972656
8642511,2018,2018-07-05,4113,2018-06-01,1446,309,7,5,5,5,4113,0,0,0,,0,007,"WHIPPLE AV","HUDSON AV",107.00,E,N,A,-,N,,,,,,,,,,Y,3,0,1,2,A,-,04,21703,,N,C,C,A,A,H,-,A,D,0,,,,,Y,,A,01,0,1,0,0,0,0,0,0,0,"- ","- ",37.458328247070312,-122.24582672119141,"SAN MATEO","REDWOOD CITY",-122.24590301513672,37.485527038574219
8642523,2018,2018-07-05,4113,2018-06-15,1040,433,11,5,5,5,4113,0,0,0,,0,023,"BRADFORD ST","MAIN ST",0.00,,Y,A,-,N,,,,,,,,,,Y,3,0,2,2,A,-,12,22450,A,N,D,C,A,A,H,-,A,A,0,,,,,Y,,A,01,0,2,0,0,0,0,0,0,0,"- ","- ",37.488719940185547,-122.22644805908203,"SAN MATEO","REDWOOD CITY",-122.22647094726562,37.48870849609375
8642913,2018,2018-07-02,4100,2018-06-06,0940,25074,SNC,3,5,4,4115,0,0,0,,0,052,"HOLLY ST","INDUSTRIAL RD",486.00,E,N,A,-,N,,,,,,,,,,N,3,0,1,2,A,-,02,22400,,N,C,C,A,A,H,-,A,D,0,,,,,Y,,A,01,0,1,0,0,0,0,0,0,0,"- ","- ",,,"SAN MATEO","SAN CARLOS",-122.2568359375,37.513027191162109
8643081,2018,2018-07-09,4104,2018-06-18,1227,0230,9,1,5,4,4104,0,0,0,,0,00B,"CALIFORNIA DR",BROADWAY,0.00,,Y,A,-,N,,,,,,,,,,N,3,0,1,2,A,-,10,21950,A,N,G,B,B,A,H,-,A,A,0,Y,,,,Y,,A,07,0,1,0,0,1,0,0,0,0,"- ","- ",37.587581634521484,-122.36348724365234,"SAN MATEO",BURLINGAME,-122.36348724365234,37.587570190429688
8643414,2018,2018-06-27,4108,2018-05-13,1217,9863,3,7,5,3,4108,0,0,0,,0,0SS,"RIDGEWAY RD","RIDGEWAY RD 100",0.00,,N,A,-,N,,,,,,,,,,Y,3,0,2,2,A,-,05,21650,,N,A,C,A,A,H,-,A,D,0,,,,,Y,,M,91,0,1,1,0,0,0,0,0,0,"- ","- ",37.552860260009766,-122.34129333496094,"SAN MATEO",HILLSBOROUGH,-122.34102398,37.552797859999998
8643477,2018,2018-06-28,4102,2018-06-07,1455,53200,1,4,5,4,4102,0,0,0,,0,001,"RALSTON AV","ELMER ST",17.00,E,N,A,-,N,,,,,,,,,,N,4,0,2,2,A,-,04,21703,,N,C,C,A,A,H,-,A,A,0,,,,,Y,,A,01,0,0,2,0,0,0,0,0,0,"- ","- ",37.521820068359375,-122.27381896972656,"SAN MATEO",BELMONT,-122.27427673339844,37.521862030029297
8643724,2018,2018-06-28,4116,2018-06-01,1753,26536,51,5,5,5,4116,0,0,0,,0,00D,"EAST 3RD AV","CHURCH RD",5.00,N,N,A,-,N,,,,,,,,,,N,4,0,1,2,A,-,08,22107,,N,D,C,A,A,H,-,A,A,0,,,,,Y,,A,01,0,0,1,0,0,0,0,0,0,"- ","- ",37.574680328369141,-122.31130218505859,"SAN MATEO","SAN MATEO",-122.3104248046875,37.573883056640625
8643732,2018,2018-06-28,4116,2018-06-12,1120,27928,13A,2,5,5,4116,0,0,0,,0,00A,"SAN MATEO DR","TILTON AV",171.00,S,N,A,-,N,,,,,,,,,,N,4,0,1,2,A,-,17,22517,,N,H,G,A,A,H,-,A,D,0,,Y,,,Y,,A,01,0,0,1,0,0,0,1,0,0,"- ","- ",37.567939758300781,-122.32781982421875,"SAN MATEO","SAN MATEO",-122.32778167724609,37.567916870117188
8644016,2018,2018-06-28,4113,2018-05-24,2004,437,11,4,5,5,4113,0,0,0,,0,023,"ARGUELLO ST",BRADFORD,0.00,,Y,A,-,N,,,,,,,,,,N,3,0,2,2,A,-,08,22102,,N,D,C,A,A,H,-,C,D,0,,,,,Y,,A,01,0,2,0,0,0,0,0,0,0,"- ","- ",37.487159729003906,-122.23323822021484,"SAN MATEO","REDWOOD CITY",-122.23316955566406,37.487129211425781
8644701,2018,2018-06-27,4109,2018-05-09,0730,145932,,3,5,4,4109,0,0,0,,0,002,"CLOVER LN","WILLOW RD",70.00,S,N,A,-,N,,,,,,,,,,N,3,0,1,2,A,-,10,21950,,F,G,B,B,A,H,-,A,A,0,Y,,,,Y,,A,01,0,1,0,0,1,0,0,0,0,"- ","- ",37.455360412597656,-122.16361999511719,"SAN MATEO","MENLO PARK",-122.16337585449219,37.455284118652344
8648524,2018,2019-01-18,4116,2018-10-30,1135,25586,53,2,5,5,4116,0,0,0,,0,00D,"S NORFOLK ST","FASHION ISLAND BL",0.00,,Y,A,-,N,,,,,,,,,,Y,1,1,0,2,A,-,10,21950,A,N,D,G,A,A,H,-,A,A,0,,Y,,,Y,,A,01,0,0,0,0,0,1,0,0,0,"- ","- ",37.554241180419922,-122.29173278808594,"SAN MATEO","SAN MATEO",-122.29170227050781,37.554229736328125
8648792,2018,2018-07-30,4127,2018-05-21,1528,2169,,1,5,4,4127,0,0,0,,0,004,"WOODLAND AV","UNIVERSITY AV",0.00,,Y,A,-,N,,,,,,,,,,N,3,0,1,2,A,-,12,21453,A,N,D,G,A,A,H,-,A,A,0,,Y,,,Y,,L,04,0,1,0,0,0,0,1,0,0,"- ","- ",,,"SAN MATEO","EAST PALO ALTO",-122.14173889160156,37.457969665527344
8649125,2018,2018-07-18,4116,2018-07-04,0848,26487,32,3,5,5,4116,0,0,0,,0,00C,"SARATOGA AV","HILLSDALE BL",0.00,,Y,A,-,N,,,,,,,,,,N,3,0,1,1,A,-,08,22107,,N,H,A,A,A,H,-,A,A,0,,,,,Y,,J,49,0,1,0,0,0,0,0,0,0,"- ","- ",37.541881561279297,-122.29096221923828,"SAN MATEO","SAN MATEO",-122.29106140136719,37.541748046875
8650553,2018,2018-09-10,4104,2018-08-12,1701,0221,5,7,5,4,4104,0,0,0,,0,00A,"PALM DR","ACACIA DR",0.00,,Y,A,-,N,,,,,,,,,,N,3,0,1,2,A,-,09,21802,A,N,D,C,A,A,H,-,A,D,0,,,,,Y,,A,01,0,1,0,0,0,0,0,0,0,"- ","- ",37.581569671630859,-122.35643768310547,"SAN MATEO",BURLINGAME,-122.35642242431641,37.581558227539062
8652149,2018,2018-08-20,4117,2018-06-09,1054,6KW06,25AA,6,5,5,4117,0,0,0,,0,003,"RT 82","WESTBOROUGH BL",436.00,S,N,A,-,Y,SM,4,82,-,-,20.570,H,-,S,N,4,0,2,2,A,-,03,22350,,N,C,C,A,A,H,-,A,D,0,,,,,Y,,D,22,0,0,2,0,0,0,0,0,0,"- ","- ",37.654010772705078,-122.43389892578125,"SAN MATEO","SOUTH SAN FRANCISCO",-122.43333435058594,37.654239654541016
8652240,2018,2018-08-20,4104,2018-06-14,1216,244,21,4,5,4,4104,0,0,0,,0,00C,"BAYSHORE HWY","BURLWAY RD",1300.00,S,N,A,-,Y,SM,4,101,-,-,16.780,H,-,N,Y,3,0,1,2,A,-,08,22107,,N,B,C,A,A,H,-,A,D,0,,,,,Y,,A,07,0,1,0,0,0,0,0,0,0,"- ","- ",37.594791412353516,-122.36386871337891,"SAN MATEO",BURLINGAME,-122.36396789550781,37.591968536376953
8652431,2017,2018-07-19,4114,2017-10-08,0050,0043,SNB11,7,5,4,4114,0,0,0,,0,001,"EL CAMINO REAL","SAN BRUNO AV",132.00,N,N,A,-,Y,SM,4,82,-,-,18.620,H,-,S,Y,4,0,4,3,A,-,03,22350,A,N,C,C,A,A,H,-,C,A,0,,,,,Y,,A,01,0,0,4,0,0,0,0,0,0,"- ","- ",,,"SAN MATEO","SAN BRUNO",-122.41679151,37.62910952
8652507,2018,2018-10-29,4109,2018-06-29,1509,14437,18,5,5,4,4109,0,0,0,,0,004,"UNIVERSITY AV","RT 84",104.00,E,N,A,-,Y,SM,4,109,-,-,1.830,H,-,N,N,3,0,3,3,A,-,03,22350,,N,C,C,A,A,H,-,A,A,0,,,,,Y,,A,01,0,1,2,0,0,0,0,0,0,"- ","- ",37.452960968017578,-122.18173217773438,"SAN MATEO","MENLO PARK",-122.14203643798828,37.486064910888672
8652511,2018,2018-10-29,4109,2018-06-12,2121,14591,25A,2,5,4,4109,0,0,0,,0,001,"RT 82","RAVENSWOOD AV",60.00,N,N,A,-,Y,SM,4,82,-,-,0.700,H,-,N,Y,3,0,4,3,A,-,03,22350,,N,C,C,A,A,H,-,C,D,0,,,,,Y,,A,07,0,4,0,0,0,0,0,0,0,"- ","- ",37.452980041503906,-122.18163299560547,"SAN MATEO","MENLO PARK",-122.18191528320312,37.453029632568359
8652519,2018,2018-10-29,4109,2018-06-30,1518,145880,26,6,5,4,4109,0,0,0,,0,001,"RT 82","MIDDLE AV",0.00,,Y,A,-,Y,SM,4,82,-,-,0.386,I,5,N,N,2,0,1,2,A,-,10,21950,A,N,G,B,B,A,H,-,A,A,0,Y,,,,Y,,A,07,1,0,0,0,1,0,0,0,0,"- ","- ",37.450508117675781,-122.17713165283203,"SAN MATEO","MENLO PARK",-122.17719268798828,37.450462341308594
8653145,2018,2018-07-05,4116,2018-06-22,2205,27872,12,5,5,5,4116,0,0,0,,0,00A,"EAST POPLAR AV","DELAWARE RD",0.00,,Y,A,-,N,,,,,,,,,,Y,3,0,1,2,A,-,03,22350,,F,C,C,A,A,H,-,C,A,0,,,,,Y,Y,A,07,0,1,0,0,0,0,0,0,0,"- ","- ",37.575901031494141,-122.32906341552734,"SAN MATEO","SAN MATEO",-122.32936096191406,37.575641632080078
8653771,2018,2018-07-18,4106,2018-06-17,1546,2143,,7,5,6,4106,0,0,0,,0,004,"JOHN DALY BL",PONCETTA,6.00,E,N,A,-,N,,,,,,,,,,Y,4,0,1,3,A,-,03,22350,,N,C,C,A,A,H,-,A,A,0,,,,,Y,,A,01,0,0,1,0,0,0,0,0,0,"- ","- ",,,"SAN MATEO","DALY CITY",-122.47551727294922,37.704067230224609
8654439,2018,2018-07-17,4109,2018-06-15,2034,14771,22,5,5,4,4109,0,0,0,,0,002,"CENTRAL AV","ELM ST",0.00,,Y,A,-,N,,,,,,,,,,N,3,0,1,2,A,-,12,22450,,N,H,G,A,A,H,-,A,D,0,,Y,,,Y,,L,04,0,1,0,0,0,0,1,0,0,"- ","- ",37.406330108642578,-122.15360260009766,"SAN MATEO","MENLO PARK",-122.15354156494141,37.460300445556641
8654661,2018,2018-07-17,4113,2018-06-20,1148,438,11,3,5,5,4113,0,0,0,,0,023,"MARSHALL ST","WALNUT ST",0.00,,Y,A,-,N,,,,,,,,,,Y,3,0,1,2,A,-,09,21802,A,N,D,C,A,A,H,-,A,A,0,,,,,Y,,A,01,0,1,0,0,0,0,0,0,0,"- ","- ",37.488578796386719,-122.22490692138672,"SAN MATEO","REDWOOD CITY",-122.22537994384766,37.487728118896484
8654673,2018,2018-07-17,4113,2018-06-29,2120,394,6,5,5,5,4113,0,0,0,,0,006,"JEFFERSON AV","ADAMS ST",0.00,,Y,A,-,N,,,,,,,,,,N,3,0,1,2,A,-,10,21950,A,N,G,B,B,A,H,-,C,A,0,Y,,,,Y,,A,01,0,1,0,0,1,0,0,0,0,"- ","- ",37.4818115234375,-122.23162841796875,"SAN MATEO","REDWOOD CITY",-122.23162078857422,37.481781005859375
8654683,2018,2018-08-08,4113,2018-06-19,1800,440,4,2,5,5,4113,0,0,0,,0,004,"SEAPORT BL","HINMAN RD",619.00,E,N,A,-,N,,,,,,,,,,Y,4,0,1,1,A,-,08,22107,,M,E,I,A,A,H,-,A,A,0,,,,,Y,Y,A,01,0,0,1,0,0,0,0,0,0,"- ","- ",37.514579772949219,-122.20594024658203,"SAN MATEO","REDWOOD CITY",-122.20734405517578,37.510322570800781
8654956,2018,2018-07-26,4113,2018-05-25,2500,433,1,5,5,5,4113,0,0,0,,0,001,"MARINE PKWY","ISLAND DR",0.00,,Y,B,-,N,,,,,,,,,,N,4,0,1,2,-,-,"- ",,,M,D,C,A,B,H,-,A,A,0,,,,,Y,,-,"- ",0,0,1,0,0,0,0,0,0,"- ","- ",37.534900665283203,-122.25523376464844,"SAN MATEO","REDWOOD CITY",-122.25527191162109,37.534889221191406
8655175,2018,2018-07-20,4106,2018-05-10,1502,2139,5,4,5,6,4106,0,0,0,,0,003,"SAN PEDRO RD",WASHINGTON,12.00,N,N,A,-,N,,,,,,,,,,N,3,0,1,2,A,-,09,21801,A,N,A,C,A,A,H,-,A,A,0,,,,,Y,,A,01,0,1,0,0,0,0,0,0,0,"- ","- ",,,"SAN MATEO","DALY CITY",-122.46820068359375,37.687835693359375