CASE_ID,ACCIDENT_YEAR,PROC_DATE,JURIS,COLLISION_DATE,COLLISION_TIME,OFFICER_ID,REPORTING_DISTRICT,DAY_OF_WEEK,CHP_SHIFT,POPULATION,CNTY_CITY_LOC,SPECIAL_COND,BEAT_TYPE,CHP_BEAT_TYPE,CITY_DIVISION_LAPD,CHP_BEAT_CLASS,BEAT_NUMBER,PRIMARY_RD,SECONDARY_RD,DISTANCE,DIRECTION,INTERSECTION,WEATHER_1,WEATHER_2,STATE_HWY_IND,CALTRANS_COUNTY,CALTRANS_DISTRICT,STATE_ROUTE,ROUTE_SUFFIX,POSTMILE_PREFIX,POSTMILE,LOCATION_TYPE,RAMP_INTERSECTION,SIDE_OF_HWY,TOW_AWAY,COLLISION_SEVERITY,NUMBER_KILLED,NUMBER_INJURED,PARTY_COUNT,PRIMARY_COLL_FACTOR,PCF_CODE_OF_VIOL,PCF_VIOL_CATEGORY,PCF_VIOLATION,PCF_VIOL_SUBSECTION,HIT_AND_RUN,TYPE_OF_COLLISION,MVIW,PED_ACTION,ROAD_SURFACE,ROAD_COND_1,ROAD_COND_2,LIGHTING,CONTROL_DEVICE,CHP_ROAD_TYPE,PEDESTRIAN_ACCIDENT,BICYCLE_ACCIDENT,MOTORCYCLE_ACCIDENT,TRUCK_ACCIDENT,NOT_PRIVATE_PROPERTY,ALCOHOL_INVOLVED,STWD_VEHTYPE_AT_FAULT,CHP_VEHTYPE_AT_FAULT,COUNT_SEVERE_INJ,COUNT_VISIBLE_INJ,COUNT_COMPLAINT_PAIN,COUNT_PED_KILLED,COUNT_PED_INJURED,COUNT_BICYCLIST_KILLED,COUNT_BICYCLIST_INJURED,COUNT_MC_KILLED,COUNT_MC_INJURED,PRIMARY_RAMP,SECONDARY_RAMP,LATITUDE,LONGITUDE,COUNTY,CITY,POINT_X,POINT_Y
8659175,2018,2018-08-16,4100,2018-06-23,1612,25054,MLB,6,5,3,4110,0,0,0,,0,062,"RT 82","CAPUCHINO DR",0.00,,-,A,-,Y,SM,4,82,-,-,17.147,I,5,S,N,4,0,2,2,A,-,08,22107,,N,D,C,A,A,H,-,A,D,0,,,,,Y,,-,,0,0,2,0,0,0,0,0,0,"- ","- ",,,"SAN MATEO",MILLBRAE,-122.40234375,37.611232757568359
8659179,2018,2018-07-26,4100,2018-06-27,1130,18060,2D,3,5,2,4112,0,0,0,,0,031,"ALPINE RD","PORTOLA TONW LIMIT MARKER",3740.00,S,N,A,-,N,,,,,,,,,,N,3,0,1,1,A,-,03,22350,,N,E,I,A,A,H,-,A,D,0,,Y,,,Y,,L,04,0,1,0,0,0,0,1,0,0,"- ","- ",,,"SAN MATEO","PORTOLA VALLEY",,
8659309,2018,2018-07-12,4101,2018-06-12,1636,94DM01,,2,5,2,4101,0,0,0,,0,001,"MIDDLEFIELD RD","HERITAGE CT",62.00,S,N,A,-,N,,,,,,,,,,N,4,0,1,2,A,-,03,22350,,N,C,C,A,A,H,-,A,D,0,,,,,Y,,A,07,0,0,1,0,0,0,0,0,0,"- ","- ",37.468898773193359,-122.19258117675781,"SAN MATEO",ATHERTON,-122.19226837158203,37.468822479248047
8659729,2018,2018-07-13,4117,2018-06-13,1859,13AS02,11AE,3,5,5,4117,0,0,0,,0,004,"HILLSIDE BL","KEARNEY ST",513.00,E,N,A,-,N,,,,,,,,,,Y,3,0,1,1,A,-,03,22350,,N,F,A,A,D,H,-,A,D,0,,,Y,,Y,,C,02,0,1,0,0,0,0,0,0,1,"- ","- ",37.669368743896484,-122.41815185546875,"SAN MATEO","SOUTH SAN FRANCISCO",-122.41963195800781,37.669601440429688
8660067,2018,2018-08-17,4101,2018-06-25,1214,01DD01,4101,1,5,2,4101,0,0,0,,0,002,"AUSTIN AV","STOCKBRIDGE AV",0.00,,Y,A,-,N,,,,,,,,,,Y,4,0,1,1,A,-,"- ",,,N,E,J,A,A,D,-,A,D,0,,,,,Y,,A,08,0,0,1,0,0,0,0,0,0,"- ","- ",37.459518432617188,-122.21272277832031,"SAN MATEO",ATHERTON,-122.21273803710938,37.459629058837891
8660298,2018,2018-07-13,4114,2018-06-10,2303,0063,SNB10,7,5,4,4114,0,0,0,,0,001,"COMMODORE DR","MARINERS DR",385.00,W,N,A,-,N,,,,,,,,,,N,3,0,1,2,A,-,11,21954,A,N,G,B,E,A,H,-,E,D,0,Y,,,,Y,,N,60,0,1,0,0,1,0,0,0,0,"- ","- ",,,"SAN MATEO","SAN BRUNO",,
8660718,2018,2018-11-02,4116,2018-07-01,0957,28071,13A,7,5,5,4116,0,0,0,,0,00A,"NORTH EL CAMINO REAL","EL CERRITO AV / TILTON AV",0.00,,Y,B,-,Y,SM,4,82,-,-,12.073,I,5,S,N,3,0,3,2,A,-,09,21801,A,N,A,C,A,A,H,-,A,A,0,,,,,Y,,A,07,0,3,0,0,0,0,0,0,0,"- ","- ",37.567008972167969,-122.33000183105469,"SAN MATEO","SAN MATEO",-122.33007049560547,37.567028045654297
8660812,2018,2018-08-28,4116,2018-06-26,1422,22631,13,2,5,5,4116,0,0,0,,0,0DT,"EL CAMINO REAL","2ND AV",28.00,S,N,G,-,Y,SM,4,82,-,-,11.781,I,5,S,N,3,0,1,2,A,-,10,21950,A,N,G,B,B,A,H,-,A,A,0,Y,,,,Y,,A,01,0,1,0,0,1,0,0,0,0,"- ","- ",37.563529968261719,-122.3265380859375,"SAN MATEO","SAN MATEO",-122.32676696777344,37.563720703125
8660832,2018,2018-08-28,4109,2018-06-13,1655,13938,,3,5,4,4109,0,0,0,,0,001,"RT 82","MIDDLE AV",300.00,N,N,A,-,Y,SM,4,82,-,-,0.470,H,-,N,N,4,0,2,2,A,-,09,21801,A,N,D,C,A,A,H,-,A,D,0,,,,,Y,,A,01,0,0,2,0,0,0,0,0,0,"- ","- ",37.450351715087891,-122.17913818359375,"SAN MATEO","MENLO PARK",-122.17840576171875,37.451198577880859
8663283,2018,2018-07-19,4117,2018-06-21,1934,14MN05,06AC,4,5,5,4117,0,0,0,,0,004,"AIRPORT BL","BUTLER AV",140.00,N,N,A,-,N,,,,,,,,,,N,3,0,1,2,A,-,04,21703,,F,C,G,A,A,H,-,B,D,0,,Y,,,Y,,A,01,0,1,0,0,0,0,1,0,0,"- ","- ",37.663711547851562,-122.40077972412109,"SAN MATEO","SOUTH SAN FRANCISCO",-122.40067291259766,37.663368225097656
8663443,2018,2018-07-20,4102,2018-06-28,1845,65000,9,4,5,4,4102,0,0,0,,0,003,"LASSEN DR","TAHOE DR",3.00,E,N,A,-,N,,,,,,,,,,N,3,0,1,2,A,-,10,21950,A,N,G,B,B,A,H,-,A,D,0,Y,,,,Y,,A,01,0,1,0,0,1,0,0,0,0,"- ","- ",37.510520935058594,-122.31800842285156,"SAN MATEO",BELMONT,-122.31801605224609,37.510528564453125
8665872,2018,2018-10-12,4113,2018-06-21,1232,316,11,4,5,5,4113,0,0,0,,0,003,BROADWAY,"JEFFERSON AV",70.00,N,N,A,-,N,,,,,,,,,,N,3,0,1,2,A,-,08,22107,,M,C,C,A,A,H,-,A,A,0,,,,,Y,Y,A,01,0,1,0,0,0,0,0,0,0,"- ","- ",37.484760284423828,-122.22810363769531,"SAN MATEO","REDWOOD CITY",-122.22817993164062,37.486541748046875
8667075,2018,2018-08-14,4114,2018-06-10,1051,0040,SNB36,7,5,4,4114,0,0,0,,0,003,"RT 35","SHARP PARK RD",0.00,,Y,A,-,Y,SM,4,35,-,-,26.230,I,5,N,Y,3,0,1,2,A,-,09,21453,C,N,A,C,A,A,H,-,A,A,0,,,,,Y,,A,07,0,1,0,0,0,0,0,0,0,"- ","- ",,,"SAN MATEO","SAN BRUNO",-122.46406555175781,37.638870239257812
8668695,2018,2018-08-06,4117,2018-07-08,1235,18SP08,01AL,7,5,5,4117,0,0,0,,0,001,"MARCO WY","SOUTH AIRPORT BL",11.00,E,N,A,-,N,,,,,,,,,,N,3,0,1,2,A,-,03,22350,,N,C,C,A,A,H,-,A,A,0,,,,,Y,,A,01,0,1,0,0,0,0,0,0,0,"- ","- ",37.643161773681641,-122.40363311767578,"SAN MATEO","SOUTH SAN FRANCISCO",-122.40361022949219,37.643150329589844
8668897,2018,2018-07-27,4127,2018-06-12,2221,252,,2,5,4,4127,0,0,0,,0,004,"SCOFIELD ST","CIRCLE DR",0.00,,N,A,-,N,,,,,,,,,,N,3,0,1,2,A,-,05,21202,,F,D,G,A,A,H,-,C,D,0,,Y,,,Y,,L,04,0,1,0,0,0,0,1,0,0,"- ","- ",,,"SAN MATEO","EAST PALO ALTO",-122.13971710205078,37.457660675048828
8668901,2018,2018-07-31,4127,2018-06-17,1504,2222,,7,5,4,4127,0,0,0,,0,001,"UNIVERSITY AV","EUCLID AV",272.00,S,N,A,-,N,,,,,,,,,,N,4,0,1,2,A,-,09,21801,A,N,D,C,A,A,H,-,A,D,0,,,,,Y,,A,01,0,0,1,0,0,0,0,0,0,"- ","- ",,,"SAN MATEO","EAST PALO ALTO",,
8669746,2018,2018-08-03,4113,2018-06-21,1226,421,3,4,5,5,4113,0,0,0,,0,003,"MIDDLEFIELD RD",BROADWAY,0.00,,Y,A,-,N,,,,,,,,,,N,3,0,1,2,A,-,01,23152,A,M,B,E,A,A,H,-,A,D,0,,,,,Y,,A,01,0,1,0,0,0,0,0,0,0,"- ","- ",37.484760284423828,-122.22810363769531,"SAN MATEO","REDWOOD CITY",-122.22914886474609,37.486518859863281
8669814,2018,2018-08-13,4127,2018-06-29,2216,2166,4127,5,5,4,4127,0,0,0,,0,001,"UNIVERSITY AV","RUNNYMEDE ST",0.00,,Y,A,-,N,,,,,,,,,,Y,4,0,1,2,A,-,09,21801,,N,D,C,A,A,H,-,C,A,0,,,,,Y,,D,72,0,0,1,0,0,0,0,0,0,"- ","- ",,,"SAN MATEO","EAST PALO ALTO",-122.1414794921875,37.468521118164062
8672641,2018,2018-10-12,4113,2018-06-21,1228,383,3,4,5,5,4113,0,0,0,,0,003,"CEDAR ST","EL CAMINO REAL",27.00,E,N,A,-,N,,,,,,,,,,N,3,0,1,2,A,-,01,23152,A,M,B,E,A,A,H,-,A,A,0,,,,,Y,Y,A,01,0,1,0,0,0,0,0,0,0,"- ","- ",37.484760284423828,-122.22810363769531,"SAN MATEO","REDWOOD CITY",-122.22573852539062,37.479454040527344
8673959,2018,2018-09-12,4116,2018-06-22,1730,28059,34,5,5,5,4116,0,0,0,,0,00C,"SOUTH EL CAMINO REAL","HILLSDALE BL",0.00,,Y,A,-,N,,,,,,,,,,N,3,0,1,2,A,-,03,22350,,N,C,D,A,A,H,-,A,D,0,,,,,Y,,A,01,0,1,0,0,0,0,0,0,0,"- ","- ",37.538318634033203,-122.30085754394531,"SAN MATEO","SAN MATEO",-122.29769897460938,37.536968231201172
8674060,2018,2018-10-02,4102,2018-07-27,1125,6500,1,5,5,4,4102,0,0,0,,0,001,"OLD COUNTY RD","ONEILL AV",79.00,S,N,A,-,N,,,,,,,,,,N,3,0,1,2,A,-,09,21804,A,N,D,C,A,A,H,-,A,D,0,,,,,Y,,D,22,0,1,0,0,0,0,0,0,0,"- ","- ",37.518871307373047,-122.27304077148438,"SAN MATEO",BELMONT,-122.27293395996094,37.519115447998047
8674244,2018,2018-10-23,4116,2018-07-25,1814,22631,34,3,5,5,4116,0,0,0,,0,00C,"EL CAMINO REAL","20TH AV",26.00,S,N,A,-,Y,SM,4,82,-,-,10.380,H,-,S,N,3,0,1,2,A,-,04,21703,,N,C,C,A,A,H,-,A,A,0,,,,,Y,,A,08,0,1,0,0,0,0,0,0,0,"- ","- ",37.548309326171875,-122.30995941162109,"SAN MATEO","SAN MATEO",-122.30992126464844,37.548355102539062
8675798,2018,2018-10-04,4116,2018-07-31,1725,27872,12,2,5,5,4116,0,0,0,,0,00A,"HUMBOLDT ST","2ND AV",10.00,N,N,A,-,N,,,,,,,,,,N,3,0,1,2,A,-,09,21804,A,N,B,C,A,A,H,-,A,D,0,,,,,Y,,D,22,0,1,0,0,0,0,0,0,0,"- ","- ",37.570919036865234,-122.31825256347656,"SAN MATEO","SAN MATEO",-122.31764221191406,37.570850372314453
8676034,2018,2018-08-29,4127,2018-07-12,2157,2243,4127,4,5,4,4127,0,0,0,,0,002,"UNIVERSITY AV","NOTRE DAME ST",0.00,,Y,A,-,N,,,,,,,,,,N,3,0,1,2,A,-,03,22350,A,F,C,C,A,A,H,-,A,D,0,,,,,Y,,D,22,0,1,0,0,0,0,0,0,0,"- ","- ",,,"SAN MATEO","EAST PALO ALTO",-122.13967132568359,37.475879669189453
8676920,2018,2019-01-03,4114,2018-06-23,2303,0031,SNB33,6,5,4,4114,0,0,0,,0,003,"SKYLINE BL","SHARP PARK RD",0.00,,Y,A,-,Y,SM,4,35,-,-,26.230,I,5,S,Y,3,0,1,2,A,-,12,21453,A,N,D,C,A,A,H,-,C,A,0,,,,,Y,,A,01,0,1,0,0,0,0,0,0,0,"- ","- ",37.638790130615234,-122.46414184570312,"SAN MATEO","SAN BRUNO",-122.46410369873047,37.638851165771484
8677011,2018,2019-01-11,4113,2018-07-27,1330,309,3,5,5,5,4113,0,0,0,,0,003,"WOODSIDE RD","BAY RD",72.00,W,N,A,-,Y,SM,4,84,-,-,25.430,H,-,N,N,3,0,1,2,A,-,03,22350,,N,C,C,A,A,H,-,A,A,0,,,,,Y,,D,22,0,1,0,0,0,0,0,0,0,"- ","- ",37.485370635986328,-122.21453094482422,"SAN MATEO","REDWOOD CITY",-122.21482849121094,37.485103607177734
8678231,2018,2018-10-05,4116,2018-07-23,1520,25586,62,1,5,5,4116,0,0,0,,0,00D,"LA SELVA ST","CASA DE CAMPO",13.00,W,N,A,-,N,,,,,,,,,,N,3,0,1,2,A,-,08,22103,,N,D,C,A,A,H,-,A,D,0,,,,,Y,,A,01,0,1,0,0,0,0,0,0,0,"- ","- ",37.543308258056641,-122.28476715087891,"SAN MATEO","SAN MATEO",-122.28481292724609,37.543319702148438
8678553,2018,2018-08-31,4109,2018-07-13,1303,145932,26,5,5,4,4109,0,0,0,,0,001,"EL CAMINO REAL","MIDDLE AV",630.00,S,N,A,-,N,,,82,,,,,,,N,4,0,1,2,A,-,03,22350,,N,C,C,A,A,H,-,A,A,0,,,,,Y,,A,07,0,0,1,0,0,0,0,0,0,"- ","- ",37.448921203613281,-122.17539978027344,"SAN MATEO","MENLO PARK",-122.17523193359375,37.449184417724609
8680511,2018,2018-08-20,4106,2018-06-19,1755,1160,,2,5,6,4106,0,0,0,,0,002,"HILLSDALE BL","PRICE ST",0.00,,Y,B,-,N,,,,,,,,,,N,3,0,2,2,A,-,09,21800,A,N,D,C,A,A,H,-,A,A,0,,,,,Y,,A,07,0,2,0,0,0,0,0,0,0,"- ","- ",,,"SAN MATEO","DALY CITY",-122.4617368,37.693027979999997
8680523,2018,2018-08-20,4106,2018-06-16,1730,2149,,6,5,6,4106,0,0,0,,0,001,"GENEVA AV","ALLAN ST",0.00,,Y,A,-,N,,,,,,,,,,Y,3,0,1,2,A,-,08,22107,,N,B,E,A,A,H,-,A,D,0,,,,,Y,,A,01,0,1,0,0,0,0,0,0,0,"- ","- ",,,"SAN MATEO","DALY CITY",-122.41120910644531,37.705818176269531
8680802,2018,2018-08-20,4106,2018-01-20,0646,2122,,6,5,6,4106,0,0,0,,0,005,"WESTLINE DR",LONGVIEW,300.00,W,N,A,-,N,,,,,,,,,,Y,3,0,1,1,A,-,03,22350,,N,A,I,A,A,H,-,A,D,0,,,,,Y,,A,01,0,1,0,0,0,0,0,0,0,"- ","- ",,,"SAN MATEO","DALY CITY",-122.49042510986328,37.665920257568359
8681211,2018,2018-10-05,4113,2018-08-02,1958,426,5,4,5,5,4113,0,0,0,,0,005,"WOODSIDE RD","ORCHARD AV",0.00,,Y,A,-,N,,,84,,,,,,,N,4,0,1,2,A,-,04,21703,,N,C,C,A,A,H,-,B,A,0,,,,,Y,,A,01,0,0,1,0,0,0,0,0,0,"- ","- ",37.4664306640625,-122.2236328125,"SAN MATEO","REDWOOD CITY",-122.22416687011719,37.466556549072266
8682406,2018,2018-09-26,4127,2018-08-05,1136,2233,,7,5,4,4127,0,0,0,,0,001,"EAST BAYSHORE RD","LAUREL AV",0.00,,Y,A,-,N,,,,,,,,,,N,3,0,1,2,A,-,12,22450,A,N,D,G,A,A,H,-,A,A,0,,Y,,,Y,,L,04,0,1,0,0,0,0,1,0,0,"- ","- ",,,"SAN MATEO","EAST PALO ALTO",-122.15292358398438,37.467868804931641
8682518,2018,2018-10-23,4103,2018-08-20,0000,OL400,1,1,5,2,4103,0,0,0,,0,00U,"BAYSHORE BL","GENEVA AV",0.00,,N,A,-,N,,,,,,,,,,N,4,0,1,2,A,-,"- ",,,N,-,-,A,A,H,-,A,-,0,,,,Y,Y,,F,26,0,0,1,0,0,0,0,0,0,"- ","- ",37.704620361328125,-122.40691375732422,"SAN MATEO",BRISBANE,-122.40708923339844,37.704631805419922
8684488,2018,2018-10-04,4113,2018-08-14,0746,367,5,2,5,5,4113,0,0,0,,0,005,"EL CAMINO REAL","NOTTINGHAM AV",0.00,,Y,A,-,N,,,82,,,,,,,Y,4,0,2,3,A,-,07,21658,A,N,B,C,A,A,H,-,A,D,0,,,,,Y,,A,01,0,0,2,0,0,0,0,0,0,"- ","- ",37.472370147705078,-122.21607208251953,"SAN MATEO","REDWOOD CITY",-122.21610260009766,37.472320556640625
8684669,2018,2018-09-18,4111,2018-08-20,1702,P5152,P07,1,5,4,4111,0,0,0,,0,0P2,"PALMETTO AV","PALOMA AV",0.00,,Y,B,-,N,,,,,,,,,,N,3,0,1,2,A,-,12,22450,A,N,D,G,A,A,H,-,A,A,0,,Y,,,Y,,L,04,0,1,0,0,0,0,1,0,0,"- ","- ",,,"SAN MATEO",PACIFICA,-122.49221038818359,37.636531829833984
8684681,2018,2018-09-18,4111,2018-08-09,1112,P5152,P03,4,5,4,4111,0,0,0,,0,0P1,"W AVALON DR","PALMETTO AV",0.00,,Y,B,-,N,,,,,,,,,,N,3,0,1,3,A,-,09,21803,A,N,A,E,A,A,H,-,A,A,0,,,,,Y,,A,01,0,1,0,0,0,0,0,0,0,"- ","- ",37.647270202636719,-122.49166107177734,"SAN MATEO",PACIFICA,-122.49166870117188,37.647258758544922
8684994,2018,2018-09-17,4111,2018-07-02,1409,P5151,P16,1,5,4,4111,0,0,0,,0,0P3,"ODDSTAD BL","TOLEDO CT",372.00,S,N,A,-,N,,,,,,,,,,Y,3,0,2,3,C,-,18,,,N,C,E,A,A,H,-,A,D,0,,,,,Y,,-,"- ",0,2,0,0,0,0,0,0,0,"- ","- ",,,"SAN MATEO",PACIFICA,-122.47660827636719,37.580364227294922
8685712,2018,2018-10-08,4104,2018-08-13,0813,0230,6,1,5,4,4104,0,0,0,,0,00A,"ROLLINS RD","TOYON DR",545.00,N,N,B,-,N,,,,,,,,,,Y,3,0,1,2,A,-,09,21804,A,N,D,C,A,A,H,-,A,D,0,,,,,Y,,A,01,0,1,0,0,0,0,0,0,0,"- ","- ",37.586780548095703,-122.35903167724609,"SAN MATEO",BURLINGAME,-122.35779571533203,37.587928771972656
8685989,2018,2018-11-02,4104,2018-07-30,1936,0216,1,1,5,4,4104,0,0,0,,0,00A,"RT 82","HOWARD AV",0.00,,Y,A,-,Y,SM,4,82,-,-,13.234,I,5,N,Y,3,0,2,3,A,-,12,21453,A,N,D,C,A,A,H,-,A,A,0,,,,,Y,,A,01,0,2,0,0,0,0,0,0,0,"- ","- ",37.576511383056641,-122.34816741943359,"SAN MATEO",BURLINGAME,-122.34778594970703,37.575798034667969
8688035,2018,2018-09-04,4109,2018-06-25,1706,145933,,1,5,4,4109,0,0,0,,0,001,"UNIVERSITY DR","MIDDLE AV",0.00,,Y,A,-,N,,,,,,,,,,Y,4,0,2,2,-,-,"- ",,,N,D,C,A,A,H,-,A,A,0,,,,,Y,,-,"- ",0,0,2,0,0,0,0,0,0,"- ","- ",37.446331024169922,-122.18061828613281,"SAN MATEO","MENLO PARK",-122.18058776855469,37.446338653564453
8688415,2018,2018-09-17,4100,2018-08-27,1117,25144,4100,1,5,4,4115,0,0,0,,0,SNC,"SAN CARLOS AV","WALNUT ST",0.00,,Y,A,-,N,,,,,,,,,,N,3,0,1,2,A,-,12,21453,A,N,D,C,A,A,H,-,A,A,0,,,,,Y,,A,01,0,1,0,0,0,0,0,0,0,"- ","- ",,,"SAN MATEO","SAN CARLOS",-122.26216125488281,37.505828857421875
8688874,2018,2018-10-23,4109,2018-07-24,1552,145674,17A,2,5,4,4109,0,0,0,,0,002,"E MARSH RD","RT 101",0.00,,Y,A,-,Y,SM,4,101,-,-,3.479,R,1,S,N,3,0,1,3,A,-,03,22350,,N,C,C,A,A,H,-,A,A,0,,,,,Y,,A,01,0,1,0,0,0,0,0,0,0,"- ",SO,37.485069274902344,-122.17984771728516,"SAN MATEO","MENLO PARK",-122.17900085449219,37.482563018798828
8688909,2018,2018-11-02,4109,2018-07-30,0900,145881,17B,1,5,4,4109,0,0,0,,0,004,"RT 84","MARSH RD",0.00,,Y,A,-,Y,SM,4,84,-,R,26.037,I,5,S,N,3,0,1,2,A,-,05,21650,A,N,H,G,A,A,H,-,A,A,0,,Y,,,Y,,L,04,0,1,0,0,0,0,1,0,0,"- ","- ",37.452960968017578,-122.18173217773438,"SAN MATEO","MENLO PARK",-122.17897033691406,37.486419677734375
8691974,2018,2018-09-20,4116,2018-08-20,1619,27790,37,1,5,5,4116,0,0,0,,0,00C,"SOUTH EL CAMINO REAL","41ST AV",175.00,N,N,A,-,N,,,,,,,,,,Y,3,0,1,2,A,-,08,22107,,N,D,C,A,A,H,-,A,D,0,,,,,Y,,A,01,0,1,0,0,0,0,0,0,0,"- ","- ",37.531089782714844,-122.28997039794922,"SAN MATEO","SAN MATEO",-122.29048156738281,37.531398773193359
8692191,2018,2018-09-25,4106,2018-08-11,2220,2123,,6,5,6,4106,0,0,0,,0,004,"WESTRIDGE AV","SKYLINE BL",0.00,,Y,A,-,N,,,,,,,,,,N,3,0,1,2,A,-,08,22107,,N,D,C,A,A,H,-,C,A,0,,,Y,,Y,,A,01,0,1,0,0,0,0,0,0,1,"- ","- ",,,"SAN MATEO","DALY CITY",-122.49281311035156,37.690460205078125
8692207,2018,2018-10-08,4106,2018-08-21,0320,2093,,2,5,6,4106,0,0,0,,0,006,"CALLAN BL","KING DR",0.00,,Y,E,-,N,,,,,,,,,,Y,4,0,1,1,A,-,01,23152,A,N,E,I,A,B,H,-,C,D,0,,,,,Y,Y,A,01,0,0,1,0,0,0,0,0,0,"- ","- ",,,"SAN MATEO","DALY CITY",-122.46906280517578,37.650409698486328
8692219,2018,2018-10-08,4106,2018-08-09,1000,1088,,4,5,6,4106,0,0,0,,0,001,"BAY RIDGE DR","ALEXIS CIR",0.00,,Y,A,-,N,,,,,,,,,,N,4,0,1,2,A,-,11,21950,B,N,G,B,D,A,H,-,A,D,0,Y,,,,Y,,N,60,0,0,1,0,1,0,0,0,0,"- ","- ",,,"SAN MATEO","DALY CITY",-122.42327880859375,37.702388763427734
8694323,2018,2018-09-14,4113,2018-08-08,1830,733,6,3,5,5,4113,0,0,0,,0,006,"ROOSEVELT AV","ADAMS ST",0.00,,Y,A,-,N,,,,,,,,,,N,3,0,1,2,A,-,03,22350,,F,C,C,A,A,H,-,A,D,0,,,,,Y,,A,01,0,1,0,0,0,0,0,0,0,"- ","- ",37.479179382324219,-122.22547912597656,"SAN MATEO","REDWOOD CITY",-122.22676086425781,37.478141784667969
8694378,2018,2018-09-14,4113,2018-08-17,1000,438,6,5,5,5,4113,0,0,0,,0,006,"CLINTON ST","VERA AV",0.00,,Y,A,-,N,,,,,,,,,,Y,3,0,1,2,A,-,09,21802,,N,D,C,A,A,H,-,A,A,0,,,,,Y,,A,08,0,1,0,0,0,0,0,0,0,"- ","- ",37.478691101074219,-122.22988891601562,"SAN MATEO","REDWOOD CITY",-122.22988128662109,37.478679656982422
8694382,2018,2018-09-14,4113,2018-08-06,1652,459,4,1,5,5,4113,0,0,0,,0,004,"FLORENCE ST","17TH AV",0.00,,Y,A,-,N,,,,,,,,,,N,3,0,1,2,A,-,09,21804,A,N,H,C,A,A,H,-,A,D,0,,,Y,,Y,,A,01,0,1,0,0,0,0,0,0,1,"- ","- ",37.478279113769531,-122.18827819824219,"SAN MATEO","REDWOOD CITY",-122.18773651123047,37.478641510009766
8694398,2018,2018-09-25,4113,2018-08-25,2006,457,8,6,5,5,4113,0,0,0,,0,008,"ROOSEVELT AV","RUBY ST",0.00,,Y,A,-,N,,,,,,,,,,N,4,0,1,2,A,-,09,21802,A,N,D,C,A,A,H,-,C,A,0,,,,,Y,,A,01,0,0,1,0,0,0,0,0,0,"- ","- ",37.467838287353516,-122.23977661132812,"SAN MATEO","REDWOOD CITY",-122.23977661132812,37.467849731445312
8695115,2018,2018-09-20,4104,2018-08-30,1338,0230,15,4,5,4,4104,0,0,0,,0,00B,"EL CAMINO REAL","MURCHISON DR",0.00,,Y,A,-,N,,,82,,,,,,,Y,3,0,1,2,A,-,09,21453,C,N,D,C,A,A,H,-,A,A,0,,,,,Y,,A,01,0,1,0,0,0,0,0,0,0,"- ","- ",37.596599578857422,-122.38584899902344,"SAN MATEO",BURLINGAME,-122.38578033447266,37.596675872802734
8695357,2018,2018-09-20,4109,2018-08-11,0751,145905,,6,5,4,4109,0,0,0,,0,002,"WILLOW RD","MIDDLEFIELD RD",280.00,E,N,A,-,N,,,,,,,,,,Y,3,0,1,1,A,-,05,21651,,N,E,I,A,A,H,-,A,D,0,,,,,Y,,A,01,0,1,0,0,0,0,0,0,0,"- ","- ",37.45465087890625,-122.16407012939453,"SAN MATEO","MENLO PARK",-122.16363525390625,37.455284118652344
8695758,2018,2018-09-27,4106,2018-07-18,1545,2148,,3,5,6,4106,0,0,0,,0,003,"89TH ST","SULLIVAN AV",0.00,,Y,A,-,N,,,,,,,,,,N,2,0,1,2,B,-,22,,,F,G,B,E,A,H,-,A,D,0,Y,,,,Y,,A,01,1,0,0,0,1,0,0,0,0,"- ","- ",,,"SAN MATEO","DALY CITY",-122.47222137451172,37.691818237304688
8695763,2018,2018-10-05,4113,2018-08-28,0013,455,3,2,5,5,4113,0,0,0,,0,003,BROARDWAY,"CHESTNUT ST",0.00,,N,A,-,N,,,,,,,,,,Y,3,0,1,1,A,-,01,23152,,N,E,I,A,A,H,-,C,D,0,,,,,Y,Y,I,11,0,1,0,0,0,0,0,0,0,"- ","- ",37.487251281738281,-122.21868133544922,"SAN MATEO","REDWOOD CITY",-122.21825989,37.487000049999999
8695838,2018,2018-09-25,4113,2018-08-29,1516,459,8,3,5,5,4113,0,0,0,,0,008,"WOODSIDE RD","WOODSIDE RD 1937",0.00,,Y,A,-,N,,,84,,,,,,,Y,3,0,2,3,A,-,01,23153,A,N,B,C,A,A,H,-,A,D,0,,,,,Y,Y,-,,0,2,0,0,0,0,0,0,0,"- ","- ",37.450698852539062,-122.23021697998047,"SAN MATEO","REDWOOD CITY",-122.23061370849609,37.450893402099609
8696114,2018,2018-10-23,4113,2018-08-05,0214,449,5,7,5,5,4113,0,0,0,,0,005,"EL CAMINO REAL","REDWOOD AV",0.00,,Y,A,-,Y,SM,4,82,-,-,3.450,H,-,S,Y,2,0,1,1,A,-,01,23152,A,N,E,I,A,A,H,-,C,D,0,,,,,Y,Y,A,01,1,0,0,0,0,0,0,0,0,"- ","- ",37.45294189453125,-122.22978210449219,"SAN MATEO","REDWOOD CITY",-122.22202301025391,37.476615905761719
8696473,2018,2018-09-25,4116,2018-06-23,0000,27771,13,6,5,5,4116,0,0,0,,0,0DT,"S ELLSWORTH AV","2ND AV",5.00,N,N,A,-,N,,,,,,,,,,N,2,0,1,2,A,-,10,21950,A,F,G,B,B,A,H,-,A,A,0,Y,,,,Y,,-,99,1,0,0,0,1,0,0,0,0,"- ","- ",37.565761566162109,-122.32399749755859,"SAN MATEO","SAN MATEO",-122.32402038574219,37.565738677978516