CASE_ID,ACCIDENT_YEAR,PROC_DATE,JURIS,COLLISION_DATE,COLLISION_TIME,OFFICER_ID,REPORTING_DISTRICT,DAY_OF_WEEK,CHP_SHIFT,POPULATION,CNTY_CITY_LOC,SPECIAL_COND,BEAT_TYPE,CHP_BEAT_TYPE,CITY_DIVISION_LAPD,CHP_BEAT_CLASS,BEAT_NUMBER,PRIMARY_RD,SECONDARY_RD,DISTANCE,DIRECTION,INTERSECTION,WEATHER_1,WEATHER_2,STATE_HWY_IND,CALTRANS_COUNTY,CALTRANS_DISTRICT,STATE_ROUTE,ROUTE_SUFFIX,POSTMILE_PREFIX,POSTMILE,LOCATION_TYPE,RAMP_INTERSECTION,SIDE_OF_HWY,TOW_AWAY,COLLISION_SEVERITY,NUMBER_KILLED,NUMBER_INJURED,PARTY_COUNT,PRIMARY_COLL_FACTOR,PCF_CODE_OF_VIOL,PCF_VIOL_CATEGORY,PCF_VIOLATION,PCF_VIOL_SUBSECTION,HIT_AND_RUN,TYPE_OF_COLLISION,MVIW,PED_ACTION,ROAD_SURFACE,ROAD_COND_1,ROAD_COND_2,LIGHTING,CONTROL_DEVICE,CHP_ROAD_TYPE,PEDESTRIAN_ACCIDENT,BICYCLE_ACCIDENT,MOTORCYCLE_ACCIDENT,TRUCK_ACCIDENT,NOT_PRIVATE_PROPERTY,ALCOHOL_INVOLVED,STWD_VEHTYPE_AT_FAULT,CHP_VEHTYPE_AT_FAULT,COUNT_SEVERE_INJ,COUNT_VISIBLE_INJ,COUNT_COMPLAINT_PAIN,COUNT_PED_KILLED,COUNT_PED_INJURED,COUNT_BICYCLIST_KILLED,COUNT_BICYCLIST_INJURED,COUNT_MC_KILLED,COUNT_MC_INJURED,PRIMARY_RAMP,SECONDARY_RAMP,LATITUDE,LONGITUDE,COUNTY,CITY,POINT_X,POINT_Y
8696780,2018,2018-09-26,4116,2018-08-20,1704,27498,14,1,5,5,4116,0,0,0,,0,00A,"N EL CAMINO REAL","POPLAR AV",0.00,,Y,A,-,N,,,,,,,,,,Y,3,0,2,2,A,-,12,21453,A,N,D,C,A,A,H,-,A,A,0,,,,,Y,Y,A,01,0,2,0,0,0,0,0,0,0,"- ","- ",37.569881439208984,-122.33527374267578,"SAN MATEO","SAN MATEO",-122.33528137207031,37.569889068603516
8696781,2018,2018-09-25,4116,2018-09-04,1011,25586,11,2,5,5,4116,0,0,0,,0,00A,"AMPHLETT BL","BAYSWATER AV",191.00,N,N,A,-,N,,,,,,,,,,N,3,0,1,2,A,-,11,21950,B,N,G,B,E,A,H,-,A,D,0,Y,,,,Y,,N,60,0,1,0,0,1,0,0,0,0,"- ","- ",37.585639953613281,-122.331298828125,"SAN MATEO","SAN MATEO",-122.33111572265625,37.585796356201172
8696785,2018,2018-09-25,4116,2018-09-06,1514,27914,54,4,5,5,4116,0,0,0,,0,00D,"BRIDGEPOINTE PKWY","BRIDGEPOINTE CIR",0.00,,Y,A,-,N,,,,,,,,,,Y,4,0,1,2,A,-,12,21453,A,N,D,C,A,A,H,-,A,A,0,,,,,Y,,A,01,0,0,1,0,0,0,0,0,0,"- ","- ",37.562908172607422,-122.28156280517578,"SAN MATEO","SAN MATEO",-122.28457641601562,37.559860229492188
8697319,2018,2018-10-11,4101,2018-09-04,0814,17JM01,,2,5,2,4101,0,0,0,,0,001,"MIDDLEFIELD RD","GLENWOOD AV",0.00,,Y,B,-,N,,,,,,,,,,Y,4,0,1,2,A,-,09,21802,A,N,D,C,A,A,H,-,A,A,0,,,,Y,Y,,F,26,0,0,1,0,0,0,0,0,0,"- ","- ",37.4635009765625,-122.18155670166016,"SAN MATEO",ATHERTON,-122.18161010742188,37.463459014892578
8698170,2018,2018-10-01,4117,2018-08-28,2340,04CD02,08AE,2,5,5,4117,0,0,0,,0,001,"BADEN AV","MAPLE AV",434.00,W,N,A,-,N,,,,,,,,,,N,3,0,1,2,A,-,11,21954,A,F,G,B,D,A,H,-,C,D,0,Y,,,,Y,Y,N,60,0,1,0,0,1,0,0,0,0,"- ","- ",37.655490875244141,-122.41635131835938,"SAN MATEO","SOUTH SAN FRANCISCO",-122.414306640625,37.655033111572266
8699063,2018,2018-10-01,4113,2018-09-03,1439,295,11,1,5,5,4113,0,0,0,,0,2/3,BROADWAY,"MAIN ST",15.00,N,N,A,-,N,,,,,,,,,,N,3,0,1,2,D,-,00,,,N,B,B,B,A,H,-,A,D,0,Y,,,,Y,,-,"- ",0,1,0,0,1,0,0,0,0,"- ","- ",37.486621856689453,-122.226318359375,"SAN MATEO","REDWOOD CITY",-122.226318359375,37.486629486083984
8699683,2018,2018-10-04,4111,2018-08-16,1610,P5121,P18,4,5,4,4111,0,0,0,,0,0P3,"ADOBE DR","LINDA MAR BL",531.00,S,N,A,-,N,,,,,,,,,,N,3,0,1,2,A,-,09,21804,A,N,G,G,A,A,H,-,A,D,0,,Y,,,Y,,A,01,0,1,0,0,0,0,1,0,0,"- ","- ",37.587059020996094,-122.49542999267578,"SAN MATEO",PACIFICA,-122.49517059326172,37.587345123291016
8700650,2018,2019-01-09,4102,2018-09-11,0852,65000,2,2,5,4,4102,0,0,0,,0,002,"EL CAMINO REAL","RALSTON AV",253.00,N,N,A,-,Y,SM,4,82,-,-,7.730,H,-,S,N,4,0,4,5,A,-,01,23152,A,N,C,C,A,A,H,-,A,A,0,,,,,Y,Y,A,01,0,0,4,0,0,0,0,0,0,"- ","- ",37.520870208740234,-122.27706146240234,"SAN MATEO",BELMONT,-122.27645874023438,37.520835876464844
8700821,2018,2018-10-18,4117,2018-07-18,2040,SFPD665,,3,5,5,4117,0,0,0,,0,,"S MCDONNELL RD","S MCDONNELL RD 349",0.00,,Y,A,-,N,,,,,,,,,,Y,4,0,1,2,A,-,09,21804,A,N,D,C,A,A,H,-,C,D,0,,,,,Y,,A,01,0,0,1,0,0,0,0,0,0,"- ","- ",,,"SAN MATEO","SOUTH SAN FRANCISCO",-122.37920523,37.604237670000003
8701006,2018,2018-10-17,4113,2018-08-22,1148,426,7,3,5,5,4113,0,0,0,,0,007,BROADWAY,"CLINTON ST",0.00,,Y,A,-,N,,,,,,,,,,Y,4,0,1,2,A,-,09,21802,A,N,D,C,A,A,H,-,A,A,0,,,,,Y,,A,01,0,0,1,0,0,0,0,0,0,"- ","- ",37.486000061035156,-122.23924255371094,"SAN MATEO","REDWOOD CITY",-122.23922729492188,37.485980987548828
8703032,2018,2018-11-08,4106,2018-09-02,1431,2152,05,7,5,6,4106,0,0,0,,0,003,"87TH ST","SULLIVAN AV",0.00,,Y,A,B,N,,,,,,,,,,N,3,0,1,2,D,-,00,,,N,H,G,A,A,H,-,A,A,0,,Y,,,Y,,-,"- ",0,1,0,0,0,0,1,0,0,"- ","- ",,,"SAN MATEO","DALY CITY",-122.47222137451172,37.693271636962891
8703469,2018,2018-10-03,4116,2018-08-27,0839,25128,23,1,5,5,4116,0,0,0,,0,00A,"LESLIE ST","GUM ST",0.00,,Y,A,-,N,,,,,,,,,,N,4,0,1,2,A,-,09,21800,B,N,D,D,A,A,H,-,A,D,0,,,Y,,Y,,A,07,0,0,1,0,0,0,0,0,1,"- ","- ",37.552768707275391,-122.30995178222656,"SAN MATEO","SAN MATEO",-122.3095703125,37.552349090576172
8703473,2018,2018-10-03,4116,2018-08-30,1207,25128,21,4,5,5,4116,0,0,0,,0,00A,"SOUTH DELAWARE ST","GARVEY WY",0.00,,Y,B,-,N,,,,,,,,,,N,4,0,1,2,A,-,09,21801,A,N,A,G,A,A,H,-,A,D,0,,Y,,,Y,,A,07,0,0,1,0,0,0,1,0,0,"- ","- ",37.56298828125,-122.32553100585938,"SAN MATEO","SAN MATEO",-122.30867767333984,37.55670166015625
8703477,2018,2018-10-03,4116,2018-08-30,0750,25128,34,4,5,5,4116,0,0,0,,0,00C,"24TH AV","HACIENDA ST",0.00,,Y,B,-,N,,,,,,,,,,N,4,0,1,2,A,-,09,21802,A,N,D,D,A,A,H,-,A,D,0,,,,,Y,,A,01,0,0,1,0,0,0,0,0,0,"- ","- ",37.544010162353516,-122.30959320068359,"SAN MATEO","SAN MATEO",-122.30960083007812,37.544021606445312
8703481,2018,2018-10-03,4116,2018-08-22,1718,25128,11,3,5,5,4116,0,0,0,,0,00A,"PENINSULA AV","DELAWARE ST",35.00,S,N,A,-,N,,,,,,,,,,Y,3,0,1,2,-,-,"- ",,,N,D,C,A,A,H,-,A,D,0,,,Y,,Y,,-,"- ",0,1,0,0,0,0,0,0,1,"- ","- ",37.579978942871094,-122.33406829833984,"SAN MATEO","SAN MATEO",-122.33465576171875,37.580337524414062
8703485,2018,2018-10-03,4116,2018-08-25,1611,27872,12,6,5,5,4116,0,0,0,,0,00A,"HUMBOLDT ST","INDIAN AV",0.00,,Y,A,-,N,,,,,,,,,,N,3,0,1,2,A,-,09,21802,A,F,D,C,A,A,H,-,A,A,0,,,,,Y,,A,01,0,1,0,0,0,0,0,0,0,"- ","- ",37.578029632568359,-122.32489776611328,"SAN MATEO","SAN MATEO",-122.32492065429688,37.577541351318359
8703489,2018,2018-10-03,4127,2018-08-21,1815,2233,4127,2,5,4,4127,0,0,0,,0,003,"EAST BAYSHORE RD","PULGAS AV",346.00,S,N,A,-,N,,,,,,,,,,Y,3,0,2,2,A,-,03,22350,,N,C,C,A,A,H,-,A,D,0,,,,,Y,,A,01,0,2,0,0,0,0,0,0,0,"- ","- ",,,"SAN MATEO","EAST PALO ALTO",-122.12899017333984,37.453804016113281
8703814,2018,2018-10-03,4102,2018-09-21,0803,06500,1,5,5,4,4102,0,0,0,,0,001,"OLD COUNTY RD","RALSTON AV",0.00,,Y,A,-,N,,,,,,,,,,N,3,0,1,2,A,-,09,21804,A,N,D,G,A,A,H,-,A,A,0,,Y,,,Y,,L,04,0,1,0,0,0,0,1,0,0,"- ","- ",37.520900726318359,-122.27557373046875,"SAN MATEO",BELMONT,-122.27527618408203,37.520988464355469
8704662,2018,2018-10-12,4114,2018-09-17,2008,0825,SNB1,1,5,4,4114,0,0,0,,0,001,"SAN BRUNO AV E","SAN MATEO AV",0.00,,Y,A,-,N,,,,,,,,,,Y,2,0,1,2,A,-,01,23153,A,N,A,C,A,A,H,-,C,A,0,,,,,Y,Y,A,01,1,0,0,0,0,0,0,0,0,"- ","- ",,,"SAN MATEO","SAN BRUNO",-122.41139984130859,37.630809783935547
8705131,2018,2018-10-09,4104,2018-09-14,1813,0243,22,5,5,4,4104,0,0,0,,0,00C,"OLD BAYSHORE HWY",BROADWAY,535.00,S,N,A,-,N,,,,,,,,,,N,3,0,1,2,A,-,03,22350,,N,C,G,A,A,H,-,A,D,0,,Y,,,Y,,A,01,0,1,0,0,0,0,1,0,0,"- ","- ",37.591949462890625,-122.36161041259766,"SAN MATEO",BURLINGAME,-122.36112213134766,37.591400146484375
8706522,2018,2018-10-02,4111,2018-09-08,0455,P5106,P04,6,5,4,4111,0,0,0,,0,0P1,"LEWIS LN","NORFOLK DR",7.00,W,N,A,-,N,,,,,,,,,,Y,3,0,1,4,A,-,01,23152,A,N,A,E,A,A,H,-,C,A,0,,,,,Y,Y,A,01,0,1,0,0,0,0,0,0,0,"- ","- ",37.647930145263672,-122.48030853271484,"SAN MATEO",PACIFICA,-122.48035430908203,37.647918701171875
8707492,2018,2018-10-16,4103,2018-09-06,0741,MA460,1,4,5,2,4103,0,0,0,,0,00U,"INDUSTRIAL WY",BAYSHORE,936.00,S,N,A,-,N,,,,,,,,,,N,3,0,1,2,A,-,04,21703,,N,D,C,A,A,H,-,A,D,0,,,Y,,Y,,C,02,0,1,0,0,0,0,0,0,1,"- ","- ",37.698848724365234,-122.40657043457031,"SAN MATEO",BRISBANE,-122.40692138671875,37.699069976806641
8709091,2018,2018-10-10,4117,2018-09-20,1743,13NP01,20AH,4,5,5,4117,0,0,0,,0,003,"HICKEY BL","JUNIPERO SERRA BL",0.00,,Y,A,-,N,,,,,,,,,,Y,3,0,2,2,A,-,03,22350,,N,C,C,A,A,H,-,A,D,0,,,,,Y,,A,01,0,2,0,0,0,0,0,0,0,"- ","- ",37.665618896484375,-122.45919036865234,"SAN MATEO","SOUTH SAN FRANCISCO",-122.45942687988281,37.665691375732422
8710126,2018,2018-10-23,4100,2018-09-29,1547,25153,SNC,6,5,4,4115,0,0,0,,0,051,"BELMONT AV","ELM ST",0.00,,Y,A,-,N,,,,,,,,,,N,3,0,1,3,A,-,03,22350,,N,C,E,A,A,H,-,A,D,0,,,,,Y,,D,22,0,1,0,0,0,0,0,0,0,"- ","- ",,,"SAN MATEO","SAN CARLOS",-122.25138854980469,37.495658874511719
8713314,2018,2018-10-29,4109,2018-10-18,1619,14909,,4,5,4,4109,0,0,0,,0,002,"LAUREL AV","ELM ST",120.00,E,N,A,-,N,,,,,,,,,,N,3,0,1,2,A,-,06,21760,,N,H,G,A,A,H,-,A,D,0,,Y,,,Y,,A,07,0,1,0,0,0,0,1,0,0,"- ","- ",37.460498809814453,-122.15474700927734,"SAN MATEO","MENLO PARK",-122.1546630859375,37.460803985595703
8713318,2018,2018-11-08,4109,2018-10-11,1608,14494,,4,5,4,4109,0,0,0,,0,002,"ENCINAL AV","LAUREL ST",0.00,,Y,A,-,N,,,,,,,,,,Y,3,0,1,2,A,-,12,22450,A,N,D,C,A,A,H,-,A,A,0,,,,,Y,,A,01,0,1,0,0,0,0,0,0,0,"- ","- ",37.460300445556641,-122.18852233886719,"SAN MATEO","MENLO PARK",-122.18852996826172,37.460281372070312
8714881,2018,2019-01-10,4104,2018-10-14,2026,0243,9,7,5,4,4104,0,0,0,,0,00B,BROADWAY,"RT 101",0.00,,Y,A,-,Y,SM,4,101,-,-,16.662,R,4,S,Y,3,0,3,3,A,-,08,22101,D,N,D,C,A,A,H,-,C,A,0,,,,,Y,,A,01,0,2,1,0,0,0,0,0,0,"- ",SF,37.587581634521484,-122.36348724365234,"SAN MATEO",BURLINGAME,-122.36238861083984,37.590682983398438
8714885,2018,2018-11-06,4111,2018-10-02,0800,P5152,P16,2,5,4,4111,0,0,0,,0,0P3,"TERRA NOVA BL","TERRA NOVA BL 1450",0.00,,-,B,-,N,,,,,,,,,,N,3,0,3,2,A,-,03,22350,,N,C,C,A,B,H,-,A,D,0,,,,,Y,,A,01,0,3,0,0,0,0,0,0,0,"- ","- ",37.595138549804688,-122.47564697265625,"SAN MATEO",PACIFICA,-122.47654258999999,37.594348840000002
8716665,2018,2018-10-23,4116,2018-08-19,1822,27872,14,7,5,5,4116,0,0,0,,0,00A,"EAST POPLAR AV","SAN MATEO DR",0.00,,Y,A,-,N,,,,,,,,,,Y,3,0,2,2,A,-,09,21801,A,N,D,C,A,A,H,-,B,A,0,,,Y,,Y,,A,01,0,2,0,0,0,0,0,0,1,"- ","- ",37.572139739990234,-122.33245086669922,"SAN MATEO","SAN MATEO",-122.33245849609375,37.572128295898438
8716780,2018,2018-10-18,4106,2018-09-18,1711,2138,04,2,5,6,4106,0,0,0,,0,003,"SANTA BARBARA AV","HILLCREST DR",31.00,S,N,A,-,N,,,,,,,,,,Y,3,0,1,2,A,-,17,21701,,N,A,C,A,A,H,-,A,D,0,,,Y,,Y,,C,02,0,1,0,0,0,0,0,0,1,"- ","- ",,,"SAN MATEO","DALY CITY",-122.46372985839844,37.706146240234375
8716914,2018,2018-10-24,4116,2018-09-30,2012,27772,17A,7,5,5,4116,0,0,0,,0,0DT,"9TH AV","S CLAREMONT ST",0.00,,Y,A,-,N,,,,,,,,,,N,3,0,2,2,D,-,00,,,N,B,C,A,-,H,-,C,A,0,,,,,Y,,-,"- ",0,2,0,0,0,0,0,0,0,"- ","- ",37.562648773193359,-122.31649017333984,"SAN MATEO","SAN MATEO",-122.31646728515625,37.562641143798828
8716918,2018,2018-11-06,4116,2018-09-21,2042,26446,13,5,5,5,4116,0,0,0,,0,0DT,"NORTH ELLSWORTH AV","MONTE DIABLO AV",0.00,,Y,A,-,N,,,,,,,,,,N,4,0,1,2,A,-,01,23153,A,F,D,C,A,A,H,-,C,A,0,,,,,Y,Y,-,,0,0,1,0,0,0,0,0,0,"- ","- ",37.567668914794922,-122.31971740722656,"SAN MATEO","SAN MATEO",-122.3284912109375,37.570419311523438
8716930,2018,2018-10-24,4116,2018-09-16,1734,27872,12,7,5,5,4116,0,0,0,,0,00A,"N IDAHO ST","MONTE DIABLO",98.00,S,N,A,-,N,,,,,,,,,,Y,3,0,2,6,A,-,08,22107,,F,G,B,F,A,H,-,A,D,0,Y,,,,Y,Y,A,01,0,2,0,0,1,0,0,0,0,"- ","- ",37.575508117675781,-122.32071685791016,"SAN MATEO","SAN MATEO",-122.32083129882812,37.575336456298828
8717048,2018,2018-10-17,4106,2018-08-25,0906,2131,,6,5,6,4106,0,0,0,,0,006,"KING DR","SHIPLEY AV",0.00,,Y,A,-,N,,,,,,,,,,Y,3,0,1,2,A,-,09,21800,B,N,D,C,A,A,H,-,A,A,0,,,,,Y,,A,01,0,1,0,0,0,0,0,0,0,"- ","- ",,,"SAN MATEO","DALY CITY",-122.46759033203125,37.650398254394531
8717060,2018,2018-10-30,4106,2018-08-27,1513,1160,,1,5,6,4106,0,0,0,,0,006,"HICKEY BL","TRAFFIC POLE #540",102.00,E,N,A,-,N,,,,,,,,,,Y,4,0,1,4,A,-,08,22107,,N,B,E,A,A,H,-,A,D,0,,,,,Y,Y,A,01,0,0,1,0,0,0,0,0,0,"- ","- ",,,"SAN MATEO","DALY CITY",,
8718112,2018,2018-10-17,4113,2018-10-01,2016,423,6,1,5,5,4113,0,0,0,,0,006,"REDWOOD AV","LIGHT POLE #48729",15.00,S,N,A,-,N,,,,,,,,,,Y,3,0,1,2,A,-,09,21800,A,N,D,C,A,A,H,-,C,D,0,,,,,Y,,A,01,0,1,0,0,0,0,0,0,0,"- ","- ",37.896320343017578,-122.51657104492188,"SAN MATEO","REDWOOD CITY",,
8718300,2018,2018-10-30,4106,2018-07-03,1239,2054,,2,5,6,4106,0,0,0,,0,004,"RT 35","JOHN DALY",37.00,N,N,A,-,Y,SM,4,35,-,-,30.840,H,-,N,N,4,0,1,2,A,-,03,22350,,N,C,C,A,A,H,-,A,A,0,,,,,Y,,A,01,0,0,1,0,0,0,0,0,0,"- ","- ",,,"SAN MATEO","DALY CITY",-122.49503326416016,37.699028015136719
8718439,2018,2018-10-29,4116,2018-09-12,1600,27498,13,3,5,5,4116,0,0,0,,0,0DT,"EAST 4TH AV","SAN MATEO DR",10.00,S,N,A,-,N,,,,,,,,,,N,3,0,1,2,A,-,03,22350,A,N,C,C,A,A,H,-,A,A,0,,,,,Y,Y,A,01,0,1,0,0,0,0,0,0,0,"- ","- ",37.563529968261719,-122.32335662841797,"SAN MATEO","SAN MATEO",-122.32338714599609,37.563522338867188
8718472,2018,2018-12-18,4114,2018-08-24,2045,1082,SNB4,5,5,4,4114,0,0,0,,0,001,"EL CAMINO REAL","COMMODORE DR",100.00,S,N,A,-,Y,SM,4,82,-,-,19.100,H,-,S,Y,3,0,1,2,A,-,04,21703,,N,C,C,A,A,H,-,C,A,0,,,,,Y,,A,01,0,1,0,0,0,0,0,0,0,"- ","- ",,,"SAN MATEO","SAN BRUNO",-122.42038726806641,37.635162353515625
8718503,2018,2019-01-10,4104,2018-10-06,1925,249,9,6,5,4,4104,0,0,0,,0,00B,"EL CAMINO REAL",BROADWAY,0.00,,Y,A,-,Y,SM,4,82,-,-,7.416,I,5,S,Y,3,0,1,2,A,-,12,21453,A,N,D,C,A,A,H,-,C,A,0,,,,,Y,,A,01,0,1,0,0,0,0,0,0,0,"- ","- ",37.584228515625,-122.36628723144531,"SAN MATEO",BURLINGAME,-122.27249908447266,37.517520904541016
8718801,2018,2019-01-14,4117,2018-10-12,0235,04CD02,21AK,5,5,5,4117,0,0,0,,0,003,"RT 82","ARROYO DR",114.00,N,N,A,-,Y,SM,4,82,-,-,20.820,H,-,S,Y,4,0,1,1,A,-,01,23152,A,N,B,E,A,A,H,-,C,D,0,,,,,Y,Y,A,01,0,0,1,0,0,0,0,0,0,"- ","- ",37.652191162109375,-122.44291687011719,"SAN MATEO","SOUTH SAN FRANCISCO",-122.43656158447266,37.656711578369141
8718828,2018,2018-11-13,4127,2018-08-17,0347,2242,4127,5,5,4,4127,0,0,0,,0,002,"FORDHAM ST","NOTRE DAME",229.00,W,N,A,-,N,,,,,,,,,,N,3,0,1,4,A,-,08,22107,,N,C,E,A,A,H,-,C,A,0,,,,,Y,,A,01,0,1,0,0,0,0,0,0,0,"- ","- ",,,"SAN MATEO","EAST PALO ALTO",-122.13719940185547,37.475940704345703
8719487,2018,2018-11-14,4127,2018-10-13,2245,2151,27,6,5,4,4127,0,0,0,,0,002,"ILLINOIS ST","STEVENS AV",250.00,W,N,A,-,N,,,,,,,,,,Y,4,0,1,2,A,-,03,22350,,M,C,C,A,A,H,-,C,A,0,,,,,Y,,A,08,0,0,1,0,0,0,0,0,0,"- ","- ",,,"SAN MATEO","EAST PALO ALTO",-122.13442993164062,37.479179382324219
8720405,2018,2018-11-13,4100,2018-10-12,1150,18060,,5,5,2,4118,0,0,0,,0,030,"MOUNTAIN HOME RD","VINTAGE CT",304.00,S,N,A,-,N,,,,,,,,,,Y,3,0,1,1,C,-,18,,,N,E,I,A,A,H,-,A,D,0,,,,,Y,,-,"- ",0,1,0,0,0,0,0,0,0,"- ","- ",,,"SAN MATEO",WOODSIDE,-122.24921417236328,37.406448364257812
8722541,2018,2018-11-01,4117,2018-10-17,1346,04JL03,08AH,3,5,5,4117,0,0,0,,0,001,"GRAND AV","SPRUCE AV",0.00,,Y,A,-,N,,,,,,,,,,N,2,0,1,2,A,-,10,21950,A,N,G,B,B,A,H,-,A,A,0,Y,,,,Y,,D,22,1,0,0,0,1,0,0,0,0,"- ","- ",37.65625,-122.41590881347656,"SAN MATEO","SOUTH SAN FRANCISCO",-122.41602325439453,37.656471252441406
8723347,2018,2018-12-19,4116,2018-10-24,1526,26446,23,3,5,5,4116,0,0,0,,0,00A,"SOUTH EL CAMINO REAL","9TH AV",0.00,,Y,A,-,N,,,,,,,,,,N,3,0,1,2,A,-,17,21200,A,N,D,G,A,A,H,-,A,A,0,,Y,,,Y,,L,04,0,1,0,0,0,0,1,0,0,"- ","- ",37.559120178222656,-122.32180786132812,"SAN MATEO","SAN MATEO",-122.32176208496094,37.559169769287109
8723359,2018,2018-12-19,4116,2018-10-16,2245,27866,34,2,5,5,4116,0,0,0,,0,00C,"SOUTH EL CAMINO REAL","S EL CAMINO REAL  3520",0.00,,Y,A,-,N,,,,,,,,,,N,2,0,1,2,A,-,11,21954,A,N,G,B,D,A,H,-,C,D,0,Y,,,,Y,,N,60,1,0,0,0,1,0,0,0,0,"- ","- ",37.53533935546875,-122.29676055908203,"SAN MATEO","SAN MATEO",-122.29596913,37.535749709999997
8723569,2018,2019-01-29,4106,2018-10-23,1959,1263,10,2,5,6,4106,0,0,0,,0,004,"SKYLINE BL","JOHN DALY BL",1523.00,S,N,A,-,Y,SM,4,35,-,-,30.590,H,-,N,Y,3,0,1,1,A,-,01,23152,A,N,E,I,A,A,H,-,D,D,0,,,,,Y,Y,D,22,0,1,0,0,0,0,0,0,0,"- ","- ",,,"SAN MATEO","DALY CITY",-122.49452972412109,37.695144653320312
8723951,2018,2018-11-28,4117,2018-11-02,2222,18CZ01,17AL,5,5,5,4117,0,0,0,,0,003,"DEL MONTE AV","ROMNEY AV",608.00,S,N,A,-,N,,,,,,,,,,Y,3,0,1,3,A,-,08,22107,,N,B,E,A,A,H,-,C,D,0,,,,,Y,,A,01,0,1,0,0,0,0,0,0,0,"- ","- ",37.659568786621094,-122.44889831542969,"SAN MATEO","SOUTH SAN FRANCISCO",-122.44906616210938,37.659400939941406
8725717,2018,2018-10-30,4109,2018-09-13,1420,145601,,4,5,4,4109,0,0,0,,0,001,"SAND HILL RD","ROSA DR",0.00,,Y,A,-,N,,,,,,,,,,N,3,0,1,3,A,-,04,21703,,N,C,C,A,D,H,-,A,A,0,,,,,Y,,A,01,0,1,0,0,0,0,0,0,0,"- ","- ",37.421119689941406,-122.20642852783203,"SAN MATEO","MENLO PARK",-122.20642852783203,37.421131134033203
8726239,2018,2018-11-06,4108,2018-09-15,1425,1585,3Y,6,5,3,4108,0,0,0,,0,S-S,"CRYSTAL SPRINGS RD","CRYSTAL SPRINGS TER",415.00,W,N,A,-,N,,,,,,,,,,Y,2,0,1,2,A,-,08,22107,,N,D,C,A,A,H,-,A,A,0,,,,,Y,,-,,1,0,0,0,0,0,0,0,0,"- ","- ",37.549030303955078,-122.34562683105469,"SAN MATEO",HILLSBOROUGH,-122.34768676757812,37.546867370605469
8727076,2018,2019-01-14,4117,2018-10-10,1956,13NP01,10AE,3,5,5,4117,0,0,0,,0,002,"RT 82","SOUTH SPRUCE AV",70.00,S,N,A,-,Y,SM,4,82,-,-,1.530,H,-,N,N,3,0,1,2,A,-,03,22350,,N,C,C,A,A,H,-,C,D,0,,,,,Y,,A,01,0,1,0,0,0,0,0,0,0,"- ","- ",37.642681121826172,-122.42501068115234,"SAN MATEO","SOUTH SAN FRANCISCO",-122.1947021484375,37.459392547607422
8727554,2019,2019-03-05,4127,2019-01-14,1842,2247,4127,1,5,4,4127,0,0,0,,0,002,"106TH AV","UNIVERSITY AV",3.00,S,N,B,-,N,,,,,,,,,,N,3,0,1,2,A,-,05,21651,B,N,F,G,A,A,H,-,C,D,0,,Y,,,Y,,L,04,0,1,0,0,0,0,1,0,0,"- ","- ",,,"SAN MATEO","EAST PALO ALTO",,
8727771,2018,2018-11-01,4100,2018-10-19,0904,17680,SNC,5,5,4,4115,0,0,0,,0,051,"CHESTNUT ST","SAN CARLOS AV",0.00,,Y,A,-,N,,,,,,,,,,N,4,0,1,2,A,-,08,22107,,N,G,B,B,A,H,-,A,A,0,Y,,,,Y,,A,01,0,0,1,0,1,0,0,0,0,"- ","- ",,,"SAN MATEO","SAN CARLOS",-122.26400756835938,37.504451751708984
8729882,2018,2018-11-19,4116,2018-10-02,1737,26446,12,2,5,5,4116,0,0,0,,0,00A,"EAST POPLAR AV","N IDAHO ST",0.00,,Y,B,-,N,,,,,,,,,,N,3,0,1,2,A,-,00,22651,A,N,H,G,A,A,H,-,A,D,0,,Y,,,Y,,L,04,0,1,0,0,0,0,1,0,0,"- ","- ",37.579570770263672,-122.32543182373047,"SAN MATEO","SAN MATEO",-122.32541656494141,37.579551696777344
8733030,2018,2019-01-10,4113,2018-10-11,1441,394,7,4,5,5,4113,0,0,0,,0,007,"EL CAMINO REAL","BREWSTER AV",6.00,S,N,A,-,Y,SM,4,82,-,-,4.511,I,5,S,N,3,0,1,2,A,-,10,21950,A,N,G,B,B,A,H,-,A,A,0,Y,,,,Y,,A,07,0,1,0,0,1,0,0,0,0,"- ","- ",37.487220764160156,-122.23599243164062,"SAN MATEO","REDWOOD CITY",-122.23604583740234,37.487186431884766
8733281,2018,2018-11-07,4106,2018-09-16,1605,2147,7,7,5,6,4106,0,0,0,,0,002,"ABBOT AV","CHESTER ST",42.00,W,N,A,-,N,,,,,,,,,,Y,4,0,1,2,A,-,01,23152,,N,D,E,A,A,H,-,A,D,0,,,,,Y,Y,A,01,0,0,1,0,0,0,0,0,0,"- ","- ",,,"SAN MATEO","DALY CITY",-122.45781707763672,37.688583374023438
8733423,2018,2018-11-06,4106,2018-10-09,1620,1137,,2,5,6,4106,0,0,0,,0,001,"GENEVA AV","ORIENTE ST",0.00,,Y,A,-,N,,,,,,,,,,Y,3,0,2,3,A,-,03,22350,,N,C,C,A,A,H,-,A,D,0,,,,,Y,,A,01,0,1,1,0,0,0,0,0,0,"- ","- ",,,"SAN MATEO","DALY CITY",-122.41407775878906,37.706630706787109
8733431,2018,2018-11-06,4106,2018-10-09,1900,1107,,2,5,6,4106,0,0,0,,0,005,"EASTMOOR AV","SAINT FRANCIS BL",0.00,,Y,A,-,N,,,,,,,,,,N,3,0,1,2,A,-,10,21950,,N,G,B,B,A,H,-,C,A,0,Y,,,,Y,,A,01,0,1,0,0,1,0,0,0,0,"- ","- ",,,"SAN MATEO","DALY CITY",-122.47757720947266,37.684638977050781