CASE_ID,ACCIDENT_YEAR,PROC_DATE,JURIS,COLLISION_DATE,COLLISION_TIME,OFFICER_ID,REPORTING_DISTRICT,DAY_OF_WEEK,CHP_SHIFT,POPULATION,CNTY_CITY_LOC,SPECIAL_COND,BEAT_TYPE,CHP_BEAT_TYPE,CITY_DIVISION_LAPD,CHP_BEAT_CLASS,BEAT_NUMBER,PRIMARY_RD,SECONDARY_RD,DISTANCE,DIRECTION,INTERSECTION,WEATHER_1,WEATHER_2,STATE_HWY_IND,CALTRANS_COUNTY,CALTRANS_DISTRICT,STATE_ROUTE,ROUTE_SUFFIX,POSTMILE_PREFIX,POSTMILE,LOCATION_TYPE,RAMP_INTERSECTION,SIDE_OF_HWY,TOW_AWAY,COLLISION_SEVERITY,NUMBER_KILLED,NUMBER_INJURED,PARTY_COUNT,PRIMARY_COLL_FACTOR,PCF_CODE_OF_VIOL,PCF_VIOL_CATEGORY,PCF_VIOLATION,PCF_VIOL_SUBSECTION,HIT_AND_RUN,TYPE_OF_COLLISION,MVIW,PED_ACTION,ROAD_SURFACE,ROAD_COND_1,ROAD_COND_2,LIGHTING,CONTROL_DEVICE,CHP_ROAD_TYPE,PEDESTRIAN_ACCIDENT,BICYCLE_ACCIDENT,MOTORCYCLE_ACCIDENT,TRUCK_ACCIDENT,NOT_PRIVATE_PROPERTY,ALCOHOL_INVOLVED,STWD_VEHTYPE_AT_FAULT,CHP_VEHTYPE_AT_FAULT,COUNT_SEVERE_INJ,COUNT_VISIBLE_INJ,COUNT_COMPLAINT_PAIN,COUNT_PED_KILLED,COUNT_PED_INJURED,COUNT_BICYCLIST_KILLED,COUNT_BICYCLIST_INJURED,COUNT_MC_KILLED,COUNT_MC_INJURED,PRIMARY_RAMP,SECONDARY_RAMP,LATITUDE,LONGITUDE,COUNTY,CITY,POINT_X,POINT_Y
8803272,2019,2019-02-22,4111,2019-01-24,0905,P5147,P12,4,5,4,4111,0,0,0,,0,0P2,"FASSLER AV","ROBERTS RD",33.00,W,N,A,-,N,,,,,,,,,,Y,3,0,1,2,A,-,03,22350,,N,C,C,A,A,H,-,A,D,0,,,,,Y,,A,01,0,1,0,0,0,0,0,0,0,"- ","- ",,,"SAN MATEO",PACIFICA,-122.49496459960938,37.605453491210938
8803278,2018,2019-02-27,4114,2018-12-29,1517,0027,SNB1,6,5,4,4114,0,0,0,,0,001,"SAN BRUNO AV","4TH AV",0.00,,Y,A,-,N,,,,,,,,,,N,4,0,1,2,A,-,09,21801,A,N,A,G,A,A,H,-,B,D,0,,Y,,,Y,,A,01,0,0,1,0,0,0,1,0,0,"- ","- ",,,"SAN MATEO","SAN BRUNO",-122.40854644775391,37.630870819091797
8807693,2019,2019-04-02,4117,2019-02-13,0720,05RR05,05AE,3,5,5,4117,0,0,0,,0,001,"AIRPORT BL","SAN MATEO AV",0.00,,Y,C,-,N,,,,,,,,,,Y,4,0,3,3,A,-,12,21453,A,N,D,C,A,B,H,-,A,A,0,,,,,Y,,A,01,0,0,3,0,0,0,0,0,0,"- ","- ",,,"SAN MATEO","SOUTH SAN FRANCISCO",-122.40811920166016,37.649688720703125
8807701,2019,2019-04-26,4117,2019-02-21,0814,05RR05,01AQ,4,5,5,4117,0,0,0,,0,001,"EAST GRAND AV","POLETTI WY",0.00,,Y,A,-,N,,,,,,,,,,Y,4,0,1,2,-,-,"- ",,,N,B,C,A,A,H,-,A,D,0,,,,,Y,,-,"- ",0,0,1,0,0,0,0,0,0,"- ","- ",37.654399871826172,-122.40605163574219,"SAN MATEO","SOUTH SAN FRANCISCO",-122.40597200000001,37.654473000000003
8808818,2019,2020-01-27,4100,2019-08-30,1650,25048,,5,5,2,4118,0,0,0,,0,2C31,"RT 35","SKYLINE BL",0.00,,Y,A,-,Y,SM,4,35,-,-,10.640,H,-,N,Y,3,0,1,2,A,-,08,22107,,N,B,C,A,A,H,-,A,D,0,,,Y,,Y,,C,02,0,1,0,0,0,0,0,0,1,"- ","- ",,,"SAN MATEO",WOODSIDE,-122.26524353027344,37.387008666992188
8809989,2019,2019-03-08,4117,2019-02-25,1423,03JA06,08AF,1,5,5,4117,0,0,0,,0,001,"RAILROAD AV","IVY WY",64.00,E,N,C,-,N,,,,,,,,,,N,4,0,1,2,A,-,21,22106,,N,D,C,A,B,H,-,A,D,0,,,,,Y,,A,01,0,0,1,0,0,0,0,0,0,"- ","- ",37.654491424560547,-122.42153167724609,"SAN MATEO","SOUTH SAN FRANCISCO",-122.42143249511719,37.654636383056641
8811055,2019,2020-03-23,4106,2019-01-19,1650,1255,,6,5,6,4106,0,0,0,,0,002,"EVERGREEN AV","IRVINGTON ST",0.00,,Y,A,-,N,,,,,,,,,,N,3,0,2,2,A,-,12,22450,,M,D,C,A,A,H,-,A,A,0,,,,,Y,,A,01,0,2,0,0,0,0,0,0,0,"- ","- ",,,"SAN MATEO","DALY CITY",-122.45636749267578,37.706768035888672
8811477,2019,2019-03-19,4106,2019-02-01,2143,2156,,5,5,6,4106,0,0,0,,0,003,"JUNIPERO SERRA BL","SAN PEDRO RD",0.00,,Y,C,-,N,,,,,,,,,,N,3,0,3,2,A,-,12,21453,A,N,A,C,A,B,H,-,C,A,0,,,,,Y,,A,01,0,3,0,0,0,0,0,0,0,"- ","- ",,,"SAN MATEO","DALY CITY",-122.47075653076172,37.6856689453125
8811489,2019,2019-03-19,4106,2019-02-14,0124,2086,,4,5,6,4106,0,0,0,,0,005,"SAINT FRANCIS BL","ST FRANCIS BL 315",0.00,,Y,B,C,N,,,,,,,,,,Y,3,0,1,4,A,-,03,22350,,M,D,E,A,B,H,-,C,D,0,,,,,Y,,A,01,0,1,0,0,0,0,0,0,0,"- ","- ",,,"SAN MATEO","DALY CITY",-122.478998,37.679595999999997
8812758,2019,2019-03-13,4111,2019-02-15,0610,P5104,,5,5,4,4111,0,0,0,,0,0P1,"SKYLINE BL","SKYRIDGE DR",171.00,S,N,B,-,N,,,,,,,,,,N,3,0,1,1,A,-,08,22107,,N,E,I,A,B,H,-,A,D,0,,,,,Y,,A,01,0,1,0,0,0,0,0,0,0,"- ","- ",,,"SAN MATEO",PACIFICA,-122.46585845947266,37.640777587890625
8816738,2018,2019-03-27,4114,2018-11-04,2126,1082,SNB10,7,5,4,4114,0,0,0,,0,001,"EL CAMINO REAL","RT 380",102.00,N,N,A,-,Y,SM,4,82,-,-,19.045,I,5,S,Y,3,0,1,2,A,-,04,21703,,N,C,C,A,A,H,-,C,A,0,,,,,Y,,A,07,0,1,0,0,0,0,0,0,0,"- ",WF,,,"SAN MATEO","SAN BRUNO",-122.41988372802734,37.634300231933594
8816742,2018,2019-03-12,4114,2018-11-26,2128,0825,SNB26,1,5,4,4114,0,0,0,,0,003,"SNEATH LN","RT 280",210.00,E,N,A,-,N,,,,,,,,,,Y,2,0,1,1,A,-,01,23152,A,N,E,I,A,A,H,-,C,D,0,,,,,Y,Y,A,01,1,0,0,0,0,0,0,0,0,"- ",NF,,,"SAN MATEO","SAN BRUNO",-122.43437194824219,37.630592346191406
8818065,2019,2019-04-03,4104,2019-03-06,1625,0159,22,3,5,4,4104,0,0,0,,0,00C,"AIRPORT BL",BAYSHORE,300.00,S,N,B,-,N,,,,,,,,,,N,3,0,1,2,A,-,09,21804,A,N,F,A,A,A,H,-,A,A,0,,,Y,,Y,,D,72,0,1,0,0,0,0,0,0,1,"- ","- ",37.590999603271484,-122.35800170898438,"SAN MATEO",BURLINGAME,-122.36100006103516,37.590431213378906
8818314,2019,2019-03-22,4104,2019-03-01,1621,0248,1,5,5,4,4104,0,0,0,,0,00A,"DWIGHT RD","HOWARD AV",40.00,N,N,B,-,N,,,,,,,,,,N,3,0,1,2,A,-,08,22107,,N,B,E,A,A,H,-,A,D,0,,,,,Y,,A,01,0,1,0,0,0,0,0,0,0,"- ","- ",37.583141326904297,-122.33763885498047,"SAN MATEO",BURLINGAME,-122.33750915527344,37.583091735839844
8819279,2019,2019-04-26,4104,2019-02-04,1850,169,5,1,5,4,4104,0,0,0,,0,00A,"RT 82","SANCHEZ AV",0.00,,Y,C,-,Y,SM,4,82,-,-,14.109,I,5,S,Y,3,0,1,2,A,-,09,21801,A,N,D,C,A,B,H,-,C,A,0,,,,,Y,,A,01,0,1,0,0,0,0,0,0,0,"- ","- ",37.581470489501953,-122.36150360107422,"SAN MATEO",BURLINGAME,-122.36176300048828,37.581668853759766
8820131,2019,2019-03-22,4116,2019-02-21,1636,28071,53,4,5,5,4116,0,0,0,,0,00D,"FASHION ISLAND BL","HARBOR SEAL CT",315.00,W,N,A,-,N,,,,,,,,,,Y,3,0,1,2,A,-,09,21801,A,N,D,C,A,A,H,-,A,D,0,,,,,Y,,A,01,0,1,0,0,0,0,0,0,0,"- ","- ",37.556068420410156,-122.28806304931641,"SAN MATEO","SAN MATEO",-122.28904724121094,37.556106567382812
8822220,2019,2019-04-23,4106,2019-02-14,2310,2157,09,4,5,6,4106,0,0,0,,0,004,"SKYLINE BL","WESTRIDGE AV",0.00,,Y,A,-,Y,SM,4,35,-,-,30.270,I,5,N,N,3,0,1,2,A,-,03,22350,,N,D,C,A,B,H,-,D,B,0,,,,,Y,,A,01,0,1,0,0,0,0,0,0,0,"- ","- ",,,"SAN MATEO","DALY CITY",-122.49263000488281,37.690616607666016
8822228,2019,2019-04-23,4102,2019-02-28,1739,84165,1E,4,5,4,4102,0,0,0,,0,001,"RALSTON AV","ISLAND PKWY",40.00,E,N,A,-,Y,SM,4,101,-,-,9.294,R,4,N,N,4,0,2,2,A,-,04,21703,,N,C,C,A,A,H,-,B,A,0,,,,,Y,,A,01,0,0,2,0,0,0,0,0,0,"- ","- ",37.527359008789062,-122.268798828125,"SAN MATEO",BELMONT,-122.26692962646484,37.523601531982422
8822756,2019,2019-03-26,4109,2019-01-19,1432,145880,,6,5,4,4109,0,0,0,,0,099,"SAND HILL RD","LELAND ST",0.00,,Y,A,-,N,,,,,,,,,,Y,4,0,1,2,A,-,09,21802,A,N,D,C,A,A,H,-,A,D,0,,,,,Y,,A,01,0,0,1,0,0,0,0,0,0,"- ","- ",37.427158355712891,-122.19107818603516,"SAN MATEO","MENLO PARK",-122.19126892089844,37.427249908447266
8823276,2019,2019-03-22,4113,2019-02-14,0017,437,4,4,5,5,4113,0,0,0,,0,004,BROADWAY,"WOODSIDE RD",0.00,,Y,C,-,N,,,,,,,,,,Y,3,0,2,2,A,-,12,21453,,N,D,C,A,B,H,-,C,A,0,,,,,Y,,A,01,0,2,0,0,0,0,0,0,0,"- ","- ",37.487049102783203,-122.21421051025391,"SAN MATEO","REDWOOD CITY",-122.21421813964844,37.487068176269531
8824710,2019,2019-03-27,4109,2019-02-13,1527,145905,25,3,5,4,4109,0,0,0,,0,002,"LINFIELD DR","MIDDLEFIELD RD",289.00,W,N,A,-,N,,,,,,,,,,Y,3,0,1,2,A,-,09,21804,,N,D,C,A,A,H,-,A,D,0,,,,,Y,,A,01,0,1,0,0,0,0,0,0,0,"- ","- ",37.456249237060547,-122.16738128662109,"SAN MATEO","MENLO PARK",-122.16791534423828,37.455577850341797
8826021,2019,2019-05-07,4116,2019-02-25,1714,28487,34,1,5,5,4116,0,0,0,,0,00C,"SOUTH EL CAMINO REAL","LIGHT POLE 7205",100.00,S,N,B,-,Y,SM,4,82,-,-,10.240,H,-,N,N,3,0,1,1,A,-,08,22107,,N,E,I,A,A,H,-,A,D,0,,,,,Y,,A,01,0,1,0,0,0,0,0,0,0,"- ","- ",37.547508239746094,-122.30908203125,"SAN MATEO","SAN MATEO",-122.30821990966797,37.546798706054688
8826023,2019,2019-05-07,4111,2019-03-01,1558,P5145,P14,5,5,4,4111,0,0,0,,0,0P3,"RT 1",CRESPI,179.00,S,N,B,-,Y,SM,4,1,-,-,41.250,H,-,N,N,4,0,1,2,A,-,21,22106,,N,C,C,A,A,H,-,A,D,0,,,,,Y,,A,01,0,0,1,0,0,0,0,0,0,"- ","- ",,,"SAN MATEO",PACIFICA,-122.50032806396484,37.599163055419922
8826520,2019,2019-05-31,4100,2019-03-16,1331,25255,1C,6,5,2,4118,0,0,0,,0,003,"WOODSIDE RD","RT 280",0.00,,Y,A,-,Y,SM,4,84,-,-,21.510,I,5,S,Y,3,0,1,2,A,-,01,23153,A,N,D,C,A,A,H,-,A,A,0,,,,,Y,,A,07,0,1,0,0,0,0,0,0,0,"- ",SF,,,"SAN MATEO",WOODSIDE,-122.244140625,37.435028076171875
8827110,2019,2019-03-29,4116,2019-03-05,0741,27914,35,2,5,5,4116,0,0,0,,0,00C,"37TH AV","EVA CT",75.00,E,N,B,-,N,,,,,,,,,,N,3,0,1,2,A,-,09,21804,A,N,D,C,A,B,G,-,A,D,0,,,,,Y,,A,01,0,1,0,0,0,0,0,0,0,"- ","- ",37.532848358154297,-122.29824829101562,"SAN MATEO","SAN MATEO",-122.29799652099609,37.532932281494141
8827498,2019,2019-04-08,4100,2019-03-11,1438,25194,SNC,1,5,4,4115,0,0,0,,0,053,"CEDAR ST","ALBERTA AV",90.00,N,N,A,-,N,,,,,,,,,,N,3,0,1,2,A,-,17,22517,,N,H,E,A,A,H,-,A,D,0,,Y,,,Y,,D,22,0,1,0,0,0,0,1,0,0,"- ","- ",,,"SAN MATEO","SAN CARLOS",-122.25228881835938,37.491302490234375
8829207,2019,2019-04-15,4109,2019-02-27,1032,145812,17,3,5,4,4109,0,0,0,,0,003,"PIERCE RD","MARKET PL",32.00,N,N,B,-,N,,,,,,,,,,N,3,0,1,1,A,-,08,22107,,N,H,G,A,B,H,-,A,D,0,,Y,,,Y,,L,04,0,1,0,0,0,0,1,0,0,"- ","- ",37.476348876953125,-122.16600799560547,"SAN MATEO","MENLO PARK",-122.16498565673828,37.474956512451172
8829693,2018,2019-04-12,4116,2018-12-25,1755,022169,,2,5,5,4116,0,0,0,,0,,"S NORFOLK ST","MARINA CT",0.00,,Y,A,-,N,,,,,,,,,,Y,3,0,1,2,A,-,09,21801,A,N,D,C,A,A,H,-,C,A,0,,,,,Y,,A,01,0,1,0,0,0,0,0,0,0,"- ","- ",37.549560546875,-122.28816223144531,"SAN MATEO","SAN MATEO",-122.28817749023438,37.549560546875
8833594,2019,2019-04-15,4113,2019-03-09,2108,351,8,6,5,5,4113,0,0,0,,0,008,"OAK AV","VALOTA RD",9.00,E,N,C,-,N,,,,,,,,,,Y,3,0,3,5,A,-,09,21802,A,N,D,C,A,B,H,-,C,A,0,,,,,Y,,A,01,0,3,0,0,0,0,0,0,0,"- ","- ",37.467441558837891,-122.23631286621094,"SAN MATEO","REDWOOD CITY",-122.23627471923828,37.46746826171875
8833644,2019,2019-05-09,4113,2019-03-12,1423,461,6,2,5,5,4113,0,0,0,,0,006,"JEFFERSON AV","IRIS ST",9.00,W,N,A,-,N,,,,,,,,,,Y,3,0,2,3,A,-,08,22107,,N,D,C,A,A,H,-,A,A,0,,,,,Y,,A,01,0,1,1,0,0,0,0,0,0,"- ","- ",37.476860046386719,-122.23715209960938,"SAN MATEO","REDWOOD CITY",-122.23716735839844,37.476833343505859
8833781,2019,2019-04-16,4113,2019-03-03,0422,465,2,7,5,5,4113,0,0,0,,0,002,"WALNUT ST","VETERANS BL",1050.00,E,N,A,-,N,,,,,,,,,,Y,4,0,1,1,A,-,01,23152,,N,E,J,A,A,H,-,C,D,0,,,,,Y,,A,01,0,0,1,0,0,0,0,0,0,"- ","- ",37.492061614990234,-122.22251129150391,"SAN MATEO","REDWOOD CITY",-122.22283935546875,37.492164611816406
8834612,2019,2019-04-15,4102,2019-03-02,1240,55960,1D,6,5,4,4102,0,0,0,,0,001,"RALSTON AV","HILLER ST",62.00,W,N,A,-,N,,,,,,,,,,N,3,0,1,2,A,-,03,22350,,N,C,C,A,B,H,-,A,A,0,,,,,Y,,A,01,0,1,0,0,0,0,0,0,0,"- ","- ",37.523460388183594,-122.27294921875,"SAN MATEO",BELMONT,-122.27312469482422,37.52337646484375
8838066,2019,2019-05-14,4104,2019-03-21,1227,0231,1,4,5,4,4104,0,0,0,,0,00A,"EL CAMINO REAL","HOWARD AV",0.00,,Y,B,-,Y,SM,4,82,-,-,5.630,I,5,S,Y,3,0,2,2,A,-,12,21453,A,N,D,C,A,A,H,-,A,A,0,,,,,Y,,-,"- ",0,2,0,0,0,0,0,0,0,"- ","- ",37.575790405273438,-122.34771728515625,"SAN MATEO",BURLINGAME,-122.250244140625,37.498760223388672
8839741,2019,2019-07-08,4100,2019-03-27,1511,19840,SNC,3,5,4,4115,0,0,0,,0,051,"BRITTAN AV","RT 101",0.00,,Y,A,-,Y,SM,4,101,-,-,7.844,R,4,S,Y,4,0,1,1,A,-,03,22350,,N,E,I,A,A,H,-,A,D,0,,,,,Y,,A,01,0,0,1,0,0,0,0,0,0,"- ",SO,,,"SAN MATEO","SAN CARLOS",-122.24942779541016,37.507888793945312
8840311,2019,2019-04-29,4116,2019-03-21,1505,27914,14,4,5,5,4116,0,0,0,,0,00A,"N EL CAMINO REAL","TILTON AV",0.00,,Y,A,-,N,,,,,,,,,,N,3,0,2,2,A,-,10,21950,A,N,G,B,B,A,H,-,A,A,0,Y,,,,Y,,A,01,0,2,0,0,1,0,0,0,0,"- ","- ",37.567008972167969,-122.33000183105469,"SAN MATEO","SAN MATEO",-122.33000183105469,37.566989898681641
8841002,2019,2019-04-24,4116,2019-04-02,1017,28071,21,2,5,5,4116,0,0,0,,0,00A,"E 16TH ST","CARLISLE DR",40.00,W,N,B,-,N,,,,,,,,,,N,3,0,1,2,A,-,08,22100,A,F,A,C,A,B,H,-,A,D,0,,,,,Y,,A,01,0,1,0,0,0,0,0,0,0,"- ","- ",37.560939788818359,-122.30436706542969,"SAN MATEO","SAN MATEO",-122.30455017089844,37.560630798339844
8841308,2019,2019-04-24,4109,2019-03-31,1132,145812,,7,5,4,4109,0,0,0,,0,002,"WILLOW RD","COLEMAN AV",235.00,E,N,A,-,N,,,,,,,,,,N,3,0,1,2,A,-,03,22350,,N,C,C,A,A,H,-,A,D,0,,,,,Y,,A,01,0,1,0,0,0,0,0,0,0,"- ","- ",37.46099853515625,-122.15989685058594,"SAN MATEO","MENLO PARK",-122.15961456298828,37.461921691894531
8841312,2019,2019-04-24,4109,2019-03-05,0759,145755,,2,5,4,4109,0,0,0,,0,002,"BAY RD","HOLLYBURNE AV",0.00,,Y,B,-,N,,,,,,,,,,N,4,0,2,2,A,-,05,21651,B,N,D,C,A,B,H,-,A,D,0,,,,,Y,,A,07,0,0,2,0,0,0,0,0,0,"- ","- ",37.469001770019531,-122.16059875488281,"SAN MATEO","MENLO PARK",-122.16063690185547,37.469829559326172
8842224,2019,2019-04-25,4117,2019-04-04,0522,17RA05,02AB,4,5,5,4117,0,0,0,,0,004,"SISTER CITIES BL","AIRPORT BL",0.00,,Y,B,-,N,,,,,,,,,,Y,4,0,1,2,A,-,12,21453,A,N,A,D,A,B,H,-,C,A,0,,,,,Y,,A,01,0,0,1,0,0,0,0,0,0,"- ","- ",37.664329528808594,-122.39929962158203,"SAN MATEO","SOUTH SAN FRANCISCO",-122.39922332763672,37.664340972900391
8842603,2019,2019-08-26,4113,2019-04-01,1635,309,2,1,5,5,4113,0,0,0,,0,002,"EL CAMINO REAL","EDGEWOOD RD",140.00,S,N,B,C,Y,SM,4,82,-,-,4.940,H,-,N,N,3,0,1,2,A,-,03,22350,,N,C,C,A,B,H,-,A,D,0,,,,,Y,,A,07,0,1,0,0,0,0,0,0,0,"- ","- ",37.49169921875,-122.24131011962891,"SAN MATEO","REDWOOD CITY",-122.24153900146484,37.491539001464844
8843030,2019,2019-08-26,4106,2019-04-09,1410,2035,,2,5,6,4106,0,0,0,,0,006,"RT 35","HICKEY BL",362.00,N,N,A,-,Y,SM,4,35,-,-,28.000,H,-,N,Y,3,0,2,2,A,-,05,21651,A,N,A,C,A,A,H,-,A,D,0,,,,,Y,,A,07,0,2,0,0,0,0,0,0,0,"- ","- ",,,"SAN MATEO","DALY CITY",-122.47640991210938,37.661521911621094
8844720,2019,2019-04-30,4106,2019-02-24,2303,2027,,7,5,6,4106,0,0,0,,0,006,"KING DR","BROMLEY CT",61.00,W,N,A,-,N,,,,,,,,,,N,4,0,1,3,A,-,08,22107,,N,B,E,A,A,H,-,C,A,0,,,,,Y,,A,01,0,0,1,0,0,0,0,0,0,"- ","- ",,,"SAN MATEO","DALY CITY",-122.4580078125,37.649879455566406
8846897,2019,2019-08-26,4117,2019-04-29,1800,18RR07,28AC,1,5,5,4117,0,0,0,,0,003,"RT 82","HICKEY BL",0.00,,Y,A,-,Y,SM,4,82,-,-,21.910,I,6,S,N,3,0,1,2,A,-,10,21950,A,N,G,B,B,A,H,-,A,A,0,Y,,,,Y,,A,01,0,1,0,0,1,0,0,0,0,"- ","- ",37.667011260986328,-122.45217895507812,"SAN MATEO","SOUTH SAN FRANCISCO",-122.45127105712891,37.666446685791016
8847059,2019,2019-08-26,4100,2019-05-15,1010,25842,MLB,3,5,3,4110,0,0,0,,0,062,"RT 82","SILVA AV",8.00,N,N,B,C,Y,SM,4,82,-,-,16.500,H,-,S,N,4,0,1,2,A,-,03,22350,,N,C,C,A,B,H,-,A,A,0,,,,,Y,,A,01,0,0,1,0,0,0,0,0,0,"- ","- ",,,"SAN MATEO",MILLBRAE,-122.39452362060547,37.604240417480469
8847724,2019,2019-05-07,4111,2019-02-22,1829,P5136,P19,5,5,4,4111,0,0,0,,0,0P3,"ROSITA RD","VENTURA CT",1200.00,W,N,A,-,N,,,,,,,,,,N,4,0,4,6,A,-,03,22350,,N,B,E,A,A,H,-,A,D,0,,,,,Y,,A,07,0,0,4,0,0,0,0,0,0,"- ","- ",37.58013916015625,-122.47946166992188,"SAN MATEO",PACIFICA,-122.48248291015625,37.580600738525391
8848082,2019,2019-04-26,4104,2019-04-11,1430,0250,1,4,5,4,4104,0,0,0,,0,00A,"PRIMROSE RD","FOX PLAZA LN",10.00,N,N,A,-,N,,,,,,,,,,N,3,0,1,2,A,-,09,21804,A,N,D,C,A,A,H,-,A,D,0,,,,,Y,,A,07,0,1,0,0,0,0,0,0,0,"- ","- ",37.576568603515625,-122.34665679931641,"SAN MATEO",BURLINGAME,-122.34759521484375,37.577407836914062
8850570,2018,2019-05-01,4106,2018-12-15,1121,2149,4,6,5,6,4106,0,0,0,,0,003,"NIANTIC AV","WESTLAKE AV",0.00,,Y,A,-,N,,,,,,,,,,N,3,0,1,2,A,-,04,21703,,N,C,C,A,A,H,-,A,D,0,,,,,Y,,A,01,0,1,0,0,0,0,0,0,0,"- ","- ",,,"SAN MATEO","DALY CITY",-122.46900177001953,37.699501037597656
8851272,2019,2019-05-03,4113,2019-03-10,0929,459,3,7,5,5,4113,0,0,0,,0,003,"VETERANS BL","HANSEN WY",48.00,S,N,B,-,N,,,,,,,,,,N,3,0,1,2,D,-,00,,,N,H,A,A,B,H,-,A,D,0,,,Y,,Y,,-,"- ",0,1,0,0,0,0,0,0,1,"- ","- ",37.489120483398438,-122.21894836425781,"SAN MATEO","REDWOOD CITY",-122.21877288818359,37.488948822021484
8851275,2019,2019-05-06,4113,2019-04-13,1039,731,8,6,5,5,4113,0,0,0,,0,008,"RUBY ST","ROOSEVELT AV",0.00,,Y,A,-,N,,,,,,,,,,Y,3,0,2,3,A,-,09,21800,A,N,D,C,A,A,H,-,A,A,0,,,,,Y,,A,01,0,2,0,0,0,0,0,0,0,"- ","- ",37.467838287353516,-122.23977661132812,"SAN MATEO","REDWOOD CITY",-122.23977661132812,37.467849731445312
8852184,2019,2019-05-06,4113,2019-04-27,0253,465,7,6,5,5,4113,0,0,0,,0,007,"BREWSTER AV","BROADWAY ST",0.00,,Y,A,-,N,,,,,,,,,,Y,3,0,1,2,A,-,01,23152,,M,B,C,A,A,H,-,C,D,0,,,,,Y,Y,A,07,0,1,0,0,0,0,0,0,0,"- ","- ",37.484840393066406,-122.23705291748047,"SAN MATEO","REDWOOD CITY",-122.23739624023438,37.486068725585938
8853808,2019,2019-05-10,4120,2019-03-18,1405,201,11,1,5,4,4120,0,0,0,,0,00X,"CHESS DR","FOSTER CITY BL",195.00,W,N,A,-,N,,,,,,,,,,N,3,0,1,2,A,-,21,22106,,N,C,C,A,A,H,-,A,A,0,,,,Y,Y,,F,26,0,1,0,0,0,0,0,0,0,"- ","- ",37.563968658447266,-122.27735137939453,"SAN MATEO","FOSTER CITY",-122.27607727050781,37.568050384521484
8854156,2019,2019-05-09,4116,2019-03-27,1336,28409,34,3,5,5,4116,0,0,0,,0,00C,"EL CAMINO REAL","27TH AV",0.00,,Y,A,-,N,,,82,,,,,,,Y,2,0,1,3,A,-,01,23153,A,N,A,C,A,B,H,-,A,A,0,,,,,Y,Y,A,01,1,0,0,0,0,0,0,0,0,"- ","- ",37.542640686035156,-122.30364227294922,"SAN MATEO","SAN MATEO",-122.30368804931641,37.542587280273438
8854264,2019,2019-05-10,4100,2019-03-04,1040,25189,23,1,5,4,4115,0,0,0,,0,005,"INDUSTRIAL RD","WASHINGTON ST",132.00,S,N,B,-,N,,,,,,,,,,Y,3,0,1,3,A,-,08,22107,,N,B,E,A,A,H,-,A,D,0,,,,,Y,Y,A,01,0,1,0,0,0,0,0,0,0,"- ","- ",,,"SAN MATEO","SAN CARLOS",-122.24300384521484,37.499504089355469
8854586,2019,2019-05-13,4102,2019-05-02,1558,98750,6CI,4,5,4,4102,0,0,0,,0,003,"ALAMEDA DE LAS PULGAS","RALSTON AV",32.00,S,N,A,-,N,,,,,,,,,,N,3,0,1,2,A,-,04,21703,,N,C,C,A,A,H,-,A,A,0,,,,,Y,,A,01,0,1,0,0,0,0,0,0,0,"- ","- ",37.512069702148438,-122.29403686523438,"SAN MATEO",BELMONT,-122.29432678222656,37.512073516845703
8855019,2019,2019-05-07,4100,2019-04-16,1805,20004,SNC,2,5,4,4115,0,0,0,,0,053,"CRESTVIEW DR","LA MESA DR",0.00,,Y,A,-,N,,,,,,,,,,N,3,0,1,2,A,-,08,22107,,N,B,C,A,A,H,-,A,D,0,,,,,Y,,A,01,0,1,0,0,0,0,0,0,0,"- ","- ",,,"SAN MATEO","SAN CARLOS",-122.28266906738281,37.481231689453125
8855989,2019,2019-08-27,4100,2019-05-05,0807,25163,SNC,7,5,4,4115,0,0,0,,0,051,"BRITTAN AV","SOUTH EL CAMINO REAL",0.00,,Y,A,-,Y,SM,4,82,-,-,5.814,I,5,S,Y,3,0,1,2,A,-,12,21453,A,N,D,D,A,A,H,-,A,A,0,,,,,Y,,D,22,0,1,0,0,0,0,0,0,0,"- ","- ",,,"SAN MATEO","SAN CARLOS",-122.25251007080078,37.500740051269531
8858004,2019,2019-05-22,4109,2019-04-16,0940,145812,30,2,5,4,4109,0,0,0,,0,001,"SAND HILL RD","SANDHILL RD 2825",746.00,W,N,A,-,N,,,,,,,,,,N,4,0,2,3,A,-,03,22350,,N,C,C,A,A,H,-,A,D,0,,,,,Y,,A,01,0,0,2,0,0,0,0,0,0,"- ","- ",37.419731140136719,-122.21298980712891,"SAN MATEO","MENLO PARK",,
8858060,2019,2019-05-22,4113,2019-04-25,0732,380,8,4,5,5,4113,0,0,0,,0,008,"FERNSIDE ST","MCGARVEY AV",0.00,,Y,A,-,N,,,,,,,,,,N,3,0,1,2,A,-,03,22350,,N,C,C,A,A,H,-,A,A,0,,,,,Y,,A,01,0,1,0,0,0,0,0,0,0,"- ","- ",37.461929321289062,-122.24836730957031,"SAN MATEO","REDWOOD CITY",-122.24839782714844,37.461929321289062
8858176,2019,2019-05-22,4113,2019-05-07,1627,351,6,2,5,5,4113,0,0,0,,0,006,"REDWOOD AV","GORDON ST",0.00,,Y,A,-,N,,,,,,,,,,Y,3,0,1,2,A,-,01,23152,A,N,B,C,A,A,H,-,A,A,0,,,,,Y,Y,A,01,0,1,0,0,0,0,0,0,0,"- ","- ",37.469631195068359,-122.23136901855469,"SAN MATEO","REDWOOD CITY",-122.23136138916016,37.469631195068359