CASE_ID,ACCIDENT_YEAR,PROC_DATE,JURIS,COLLISION_DATE,COLLISION_TIME,OFFICER_ID,REPORTING_DISTRICT,DAY_OF_WEEK,CHP_SHIFT,POPULATION,CNTY_CITY_LOC,SPECIAL_COND,BEAT_TYPE,CHP_BEAT_TYPE,CITY_DIVISION_LAPD,CHP_BEAT_CLASS,BEAT_NUMBER,PRIMARY_RD,SECONDARY_RD,DISTANCE,DIRECTION,INTERSECTION,WEATHER_1,WEATHER_2,STATE_HWY_IND,CALTRANS_COUNTY,CALTRANS_DISTRICT,STATE_ROUTE,ROUTE_SUFFIX,POSTMILE_PREFIX,POSTMILE,LOCATION_TYPE,RAMP_INTERSECTION,SIDE_OF_HWY,TOW_AWAY,COLLISION_SEVERITY,NUMBER_KILLED,NUMBER_INJURED,PARTY_COUNT,PRIMARY_COLL_FACTOR,PCF_CODE_OF_VIOL,PCF_VIOL_CATEGORY,PCF_VIOLATION,PCF_VIOL_SUBSECTION,HIT_AND_RUN,TYPE_OF_COLLISION,MVIW,PED_ACTION,ROAD_SURFACE,ROAD_COND_1,ROAD_COND_2,LIGHTING,CONTROL_DEVICE,CHP_ROAD_TYPE,PEDESTRIAN_ACCIDENT,BICYCLE_ACCIDENT,MOTORCYCLE_ACCIDENT,TRUCK_ACCIDENT,NOT_PRIVATE_PROPERTY,ALCOHOL_INVOLVED,STWD_VEHTYPE_AT_FAULT,CHP_VEHTYPE_AT_FAULT,COUNT_SEVERE_INJ,COUNT_VISIBLE_INJ,COUNT_COMPLAINT_PAIN,COUNT_PED_KILLED,COUNT_PED_INJURED,COUNT_BICYCLIST_KILLED,COUNT_BICYCLIST_INJURED,COUNT_MC_KILLED,COUNT_MC_INJURED,PRIMARY_RAMP,SECONDARY_RAMP,LATITUDE,LONGITUDE,COUNTY,CITY,POINT_X,POINT_Y
90060991,2015,2015-11-30,9335,2015-10-30,1918,020783,,5,2,9,4100,0,1,3,,2,035,"SR-35 N/B","OLYMPIC WAY (PROLONGATION)",1390.00,N,N,A,-,Y,,,35,,,,,,N,Y,3,0,1,1,A,-,08,22107,,N,E,I,A,A,H,-,D,D,0,,,,,Y,,A,01,0,1,0,0,0,0,0,0,0,"- ","- ",37.705410000000001,-122.49809,"SAN MATEO",UNINCORPORATED,-122.49812067000001,37.705400949999998
90062570,2015,2015-12-01,9330,2015-11-14,1735,020013,,6,2,5,4116,0,1,2,,2,048,"US-101 N/B","STATE ROUTE 92",1056.00,S,N,A,-,Y,,,101,,,,,,N,N,4,0,2,2,A,-,03,22350,,N,C,C,A,A,H,-,D,D,0,,,,,Y,,A,01,0,0,2,0,0,0,0,0,0,"- ","- ",37.552639999999997,-122.29479000000001,"SAN MATEO","SAN MATEO",-122.29505451,37.552391380000003
90062655,2015,2015-12-01,9330,2015-11-11,1850,016184,,3,2,5,4116,0,1,3,,2,031,"SR-92 WESTBOUND","SR-82 (EL CAMINO REAL)",300.00,E,N,A,-,Y,,,92,,,,,,W,N,4,0,1,2,A,-,03,22350,,N,C,C,A,A,H,-,C,D,0,,,,,Y,,A,01,0,0,1,0,0,0,0,0,0,"- ","- ",37.551740000000002,-122.30988000000001,"SAN MATEO","SAN MATEO",-122.30988979,37.551755040000003
90063091,2015,2015-12-01,9330,2015-11-16,0800,020297,,1,1,9,4100,0,3,5,,2,505,"BAY ROAD","WARRINGTON AVENUE",0.00,,Y,A,-,N,,,,,,,,,,N,4,0,1,2,A,-,10,21950,A,N,G,B,B,A,H,-,A,D,0,Y,,,,Y,,A,01,0,0,1,0,1,0,0,0,0,"- ","- ",37.483539999999998,-122.20489000000001,"SAN MATEO",UNINCORPORATED,-122.20481986,37.483569889999998
9006369,2019,2020-02-19,4100,2019-12-16,2310,25037,4100,1,5,4,4115,0,0,0,,0,053,"DEVONSHIRE BL","WINDSOR DR",0.00,,Y,A,-,N,,,,,,,,,,Y,4,0,1,1,A,-,01,23152,F,N,E,I,A,A,H,-,C,A,0,,,,,Y,Y,A,01,0,0,1,0,0,0,0,0,0,"- ","- ",,,"SAN MATEO","SAN CARLOS",-122.27961730957031,37.498970031738281
90064141,2015,2015-12-02,9330,2015-11-18,1735,015268,,3,2,9,4100,0,1,1,,2,054,"I-280 NORTHBOUND","SAND HILL RD",2640.00,N,N,A,-,Y,,,280,,,,,,N,Y,4,0,1,4,A,-,03,22350,,N,C,C,A,A,H,-,D,D,0,,,,,Y,,A,07,0,0,1,0,0,0,0,0,0,"- ","- ",37.421970000000002,-122.22538,"SAN MATEO",UNINCORPORATED,-122.22538111999999,37.421968390000004
90064462,2015,2015-12-03,9330,2015-11-17,1820,020593,,2,2,4,4120,0,1,3,,1,035,"SR-92 E/B","SAN MATEO COUNTY LINE",1584.00,W,N,A,-,Y,,,92,,,,,,E,Y,2,0,1,2,A,-,07,21658,A,N,B,C,A,A,H,-,C,D,0,,,Y,,Y,,A,07,1,0,0,0,0,0,0,0,1,"- ","- ",37.597009999999997,-122.22150999999999,"SAN MATEO","FOSTER CITY",-122.22154716,37.597133980000002
90066436,2015,2015-12-07,9330,2015-09-29,1615,018089,,2,2,9,4100,0,3,5,,2,505,"5TH AVENUE","SEMICIRCULAR AVENUE",196.00,E,N,A,-,Y,,,,,,,,,,Y,3,0,1,3,A,-,03,22350,,F,C,C,A,A,H,-,A,D,0,,,,,Y,,A,01,0,1,0,0,0,0,0,0,0,"- ","- ",37.471069999999997,-122.20514,"SAN MATEO",UNINCORPORATED,-122.20521337,37.470971220000003
90067309,2015,2015-12-08,9330,2015-11-03,0955,018089,,2,1,4,4127,0,1,2,,2,058,"US-101 S/B","UNIVERSITY AVE",528.00,S,N,A,-,Y,,,101,,,,,,S,N,4,0,1,2,A,-,07,21658,A,N,C,C,A,A,H,-,A,D,0,,,Y,,Y,,A,01,0,0,1,0,0,0,0,0,1,"- ","- ",37.459249999999997,-122.13897,"SAN MATEO","EAST PALO ALTO",-122.13898767000001,37.459219130000001
9006832,2019,2020-07-13,4111,2019-12-09,1434,P5085,P12,1,5,4,4111,0,0,0,,0,0P2,"RT 1","ROCKAWAY BEACH AV",16.00,S,N,A,-,Y,SM,4,1,-,-,42.020,H,-,S,Y,4,0,3,3,A,-,03,22350,,N,C,C,A,A,H,-,A,A,0,,,,,Y,,A,01,0,0,3,0,0,0,0,0,0,"- ","- ",,,"SAN MATEO",PACIFICA,-122.49518585205078,37.608856201171875
90068989,2015,2015-12-09,9330,2015-11-19,1945,019047,,4,2,5,4116,0,1,2,,2,038,"US-101 S/B",SR-92,1584.00,N,N,A,-,Y,,,,,,,,,,Y,4,0,1,2,A,-,03,22350,,N,C,C,A,A,H,-,C,D,0,,,,,Y,,A,01,0,0,1,0,0,0,0,0,0,"- ","- ",,,"SAN MATEO","SAN MATEO",-122.29598,37.553400000000003
90069791,2015,2015-12-10,9335,2015-11-26,1715,020068,,4,2,6,4106,0,1,1,,2,021,"I-280 N/B","SERRAMONTE BLVD",1053.00,N,N,A,-,Y,,,,,,,,,,Y,4,0,2,2,A,-,03,22350,,F,C,C,A,A,H,-,C,D,0,,,,,Y,,A,01,0,0,2,0,0,0,0,0,0,"- ","- ",37.402099999999997,-122.2822,"SAN MATEO","DALY CITY",-122.46728159,37.672590569999997
9007100,2019,2020-01-14,4111,2019-11-21,1813,P5135,P02,4,5,4,4111,0,0,0,,0,0P1,"HICKEY BL","GATEWAY DR",3.00,E,N,A,-,N,,,,,,,,,,N,3,0,1,2,A,-,10,21950,A,F,G,B,B,A,H,-,C,A,0,Y,,,,Y,,A,01,0,1,0,0,1,0,0,0,0,"- ","- ",,,"SAN MATEO",PACIFICA,-122.47798156738281,37.659694671630859
90074919,2015,2015-12-16,9330,2015-11-25,1715,019691,,3,2,9,4100,0,1,3,,1,010,"SR-1 S/B","CAPISTRANO AVE",0.00,,Y,A,-,Y,,,,,,,,,,Y,4,0,1,2,A,-,12,21453,A,N,D,C,A,A,H,-,C,A,0,,,,,Y,,A,01,0,0,1,0,0,0,0,0,0,"- ","- ",,,"SAN MATEO",UNINCORPORATED,-122.48810999,37.509879910000002
90074933,2015,2015-12-16,9330,2015-11-25,1240,015709,,3,1,9,4100,0,1,1,,2,044,"I-280 N/B","CANADA RD.",200.00,N,N,A,-,Y,,,,,,,,,,Y,4,0,1,1,A,-,08,22107,,N,E,I,A,A,H,-,A,D,0,,,,,Y,,A,01,0,0,1,0,0,0,0,0,0,"- ","- ",,,"SAN MATEO",UNINCORPORATED,-122.29045012,37.460594090000001
90076480,2015,2015-12-17,9330,2015-12-02,1100,018415,,3,1,4,4104,0,1,2,,2,038,"US-101 NORTHBOUND",BROADWAY,1056.00,S,N,A,-,Y,,,,,,,,,,N,4,0,1,3,A,-,03,22350,,N,C,C,A,A,H,-,A,D,0,,,,,Y,,A,01,0,0,1,0,0,0,0,0,0,"- ","- ",,,"SAN MATEO",BURLINGAME,-122.36053,37.589700000000001
9007954,2019,2019-12-23,4106,2019-08-26,1535,1180,,1,5,6,4106,0,0,0,,0,001,"GENEVA AV","TALBERT ST",11.00,E,N,A,-,N,,,,,,,,,,Y,2,0,1,3,A,-,03,22350,,N,B,C,A,A,H,-,A,D,0,,,Y,,Y,Y,C,03,1,0,0,0,0,0,0,0,1,"- ","- ",,,"SAN MATEO","DALY CITY",-122.40901184082031,37.705207824707031
90079664,2015,2015-12-22,9330,2015-11-21,1220,021019,,6,1,9,4100,0,3,5,,2,505,"MARSH RD","MIDDLEFIELD RD",2112.00,E,N,A,-,N,,,,,,,,,,Y,3,0,1,3,A,-,04,21703,,N,C,C,A,A,H,-,A,D,0,,,Y,,Y,,C,02,0,1,0,0,0,0,0,0,1,"- ","- ",37.473590000000002,-122.18868999999999,"SAN MATEO",UNINCORPORATED,-122.18850499,37.473738730000001
90080844,2015,2016-02-01,9335,2015-12-12,1825,020509,,6,2,9,4100,0,1,2,,2,011,"US-101 NORTHBOUND","MILLBRAE AVE",5280.00,N,N,B,-,Y,,,,,,,,,,Y,4,0,1,2,A,-,03,22350,,N,C,C,A,A,H,-,C,D,0,,,,,Y,,A,01,0,0,1,0,0,0,0,0,0,"- ","- ",,,"SAN MATEO",UNINCORPORATED,-122.39438551000001,37.611809729999997
90081586,2015,2015-12-23,9335,2015-12-11,1750,020839,,5,2,4,4114,0,1,1,,2,020,"I-280 N/B (JUNIPERO SERRA FWY)","SNEATH LN",150.00,S,N,A,-,Y,,,280,,,,,,N,Y,4,0,1,4,A,-,03,22350,,N,C,C,A,A,H,-,D,D,0,,,,,Y,,A,01,0,0,1,0,0,0,0,0,0,"- ","- ",37.629559999999998,-122.43365,"SAN MATEO","SAN BRUNO",-122.43365292,37.629556170000001
90081899,2015,2015-12-24,9330,2015-12-04,1835,020272,,5,2,9,4100,0,1,1,,2,044,"I-280 NORTHBOUND",SR-92,200.00,S,N,A,-,Y,,,,,,,,,,Y,4,0,1,2,A,-,03,22350,,N,C,C,A,A,H,-,C,D,0,,,,,Y,,A,01,0,0,1,0,0,0,0,0,0,"- ","- ",,,"SAN MATEO",UNINCORPORATED,-122.33838,37.507019999999997
90081947,2015,2015-12-24,9335,2015-12-01,1040,021145,,2,1,9,4100,0,1,2,,2,011,"US-101 NB","MILLBRAE AVE. ONRAMP",2640.00,N,N,A,-,Y,,,101,,,,,,N,Y,4,0,2,2,A,-,08,22107,,N,B,C,A,A,H,-,A,D,0,,,,,Y,,D,22,0,0,2,0,0,0,0,0,0,"- ","- ",37.624229999999997,-122.40079,"SAN MATEO",UNINCORPORATED,-122.40088802,37.624191420000002
90084090,2015,2015-12-29,9330,2015-12-06,2058,019047,,7,2,4,4104,0,1,2,,2,038,"US-101 N/B","BROADWAY AVENUE",300.00,S,N,A,-,Y,,,,,,,,,,Y,4,0,1,2,A,-,03,22350,,N,C,C,A,A,H,-,C,D,0,,,,,Y,,A,01,0,0,1,0,0,0,0,0,0,"- ","- ",,,"SAN MATEO",BURLINGAME,-122.36079074,37.58986565
90084199,2015,2015-12-29,9335,2015-12-15,0757,016118,,2,1,5,4117,0,1,1,,2,020,"I-280 N/B","W/B WESTBOROUGH BLVD ON-RAMP",22.00,N,N,A,-,Y,,,,,,,,,,Y,3,0,1,1,A,-,03,22350,,N,E,I,A,A,H,-,A,D,0,,,,,Y,,A,01,0,1,0,0,0,0,0,0,0,"- ","- ",,,"SAN MATEO","SOUTH SAN FRANCISCO",,
90084486,2015,2015-12-29,9335,2015-12-16,0705,021145,,3,1,5,4117,0,1,2,,2,012,"US-101 N/B","OYSTER POINT BLVD. OVERCROSSING",920.00,S,N,A,-,Y,,,101,,,,,,N,Y,4,0,2,2,A,-,01,23152,A,N,B,C,A,A,H,-,A,D,0,,,,,Y,Y,A,01,0,0,2,0,0,0,0,0,0,"- ","- ",37.668030000000002,-122.39440999999999,"SAN MATEO","SOUTH SAN FRANCISCO",-122.39437221,37.667994110000002
90084722,2015,2015-12-29,9335,2015-12-18,1720,020132,,5,2,5,4117,0,1,2,,2,012,"US-101 S/B","SIERRA POINT PKY UNDER-CROSSING",730.00,S,N,B,C,Y,,,101,,,,,,S,N,4,0,1,2,A,-,04,21703,,N,C,C,A,B,H,-,D,D,0,,,,,Y,,A,01,0,0,1,0,0,0,0,0,0,"- ","- ",37.67277,-122.39049,"SAN MATEO","SOUTH SAN FRANCISCO",-122.39056708,37.67281921
90084898,2015,2015-12-30,9330,2015-12-07,1735,019738,,1,2,5,4116,0,1,3,,2,031,"SR-92 W/B","EL CAMINO REAL",150.00,W,N,A,-,Y,,,,,,,,,,N,4,0,1,2,A,-,03,22350,,N,C,C,A,A,H,-,D,D,0,,,Y,,Y,,C,02,0,0,1,0,0,0,0,0,1,"- ","- ",,,"SAN MATEO","SAN MATEO",-122.31249278,37.550081409999997
90084952,2015,2015-12-30,9330,2015-12-08,0940,016534,,2,1,5,4116,0,1,2,,2,038,"US-101 S/B","THIRD AVENUE O/C",1584.00,N,N,B,-,Y,,,,,,,,,,Y,4,0,1,3,A,-,08,22107,,F,A,C,A,A,H,-,A,A,0,,,,Y,Y,,-,99,0,0,1,0,0,0,0,0,0,"- ","- ",,,"SAN MATEO","SAN MATEO",-122.31763254000001,37.574063940000002
90084979,2015,2015-12-30,9335,2015-12-17,1520,019510,,4,2,4,4114,0,1,1,,2,020,"I-280 S/B","SAN BRUNO AVE",1800.00,S,N,B,-,Y,,,,,,,,,,Y,4,0,1,3,A,-,03,22350,,N,C,C,A,A,H,-,A,D,0,,,,,Y,,A,01,0,0,1,0,0,0,0,0,0,"- ","- ",37.371510000000001,-122.25345,"SAN MATEO","SAN BRUNO",-122.42852000000001,37.624290000000002
90084990,2015,2015-12-30,9330,2015-12-09,1545,016534,,3,2,5,4116,0,1,2,,2,038,"US-101 S/B","SR-92 O/C",1056.00,N,N,B,-,Y,,,,,,,,,,Y,4,0,2,2,A,-,03,22350,,N,C,C,A,A,H,-,A,A,0,,,,,Y,,A,07,0,0,2,0,0,0,0,0,0,"- ","- ",,,"SAN MATEO","SAN MATEO",-122.29598,37.553400000000003
9008650,2019,2020-02-05,4113,2019-12-13,2031,463,5,5,5,5,4113,0,0,0,,0,005,"WOODSIDE RD","HESS RD",168.00,W,N,A,-,N,,,84,,,,,,,Y,4,0,1,3,A,-,03,22350,,N,C,E,A,A,H,-,C,D,0,,,,,Y,,A,01,0,0,1,0,0,0,0,0,0,"- ","- ",37.471050262451172,-122.22354125976562,"SAN MATEO","REDWOOD CITY",-122.22318267822266,37.470966339111328
90087729,2015,2016-01-04,9330,2015-12-21,1025,020256,,1,1,5,4116,0,1,2,,2,048,"US-101 N/B",SR-92,200.00,S,N,C,-,Y,,,101,,,,,,N,Y,4,0,1,2,A,-,03,22350,,N,C,C,A,B,H,-,A,D,0,,,,,Y,,A,01,0,0,1,0,0,0,0,0,0,"- ","- ",37.552259999999997,-122.29489,"SAN MATEO","SAN MATEO",-122.29491178000001,37.552239520000001
90087941,2015,2016-01-05,9330,2015-11-19,1537,020489,,4,2,4,4120,0,1,3,,1,035,"SR-92 WESTBOUND","FOSTER CITY BLVD",12302.00,E,N,A,-,Y,,,92,,,,,,W,Y,3,0,4,1,A,-,08,22107,,N,F,I,A,A,H,-,A,D,0,,,,,Y,,A,08,0,2,2,0,0,0,0,0,0,"- ","- ",37.589390000000002,-122.24531,"SAN MATEO","FOSTER CITY",-122.24527008,37.589345940000001
90088318,2015,2016-01-05,9330,2015-12-22,1415,020256,,2,2,5,4113,0,1,2,,2,048,"US-101 S/B","MAPLE ST O/C",25.00,S,N,B,-,Y,,,101,,,,,,S,Y,4,0,1,2,A,-,03,22350,,N,C,C,A,A,H,-,A,D,0,,,,,Y,,A,01,0,0,1,0,0,0,0,0,0,"- ","- ",37.491439999999997,-122.21971000000001,"SAN MATEO","REDWOOD CITY",-122.21966428,37.491541130000002
90088364,2015,2016-01-05,9330,2015-12-14,0915,016534,,1,1,5,4116,0,1,2,,2,038,"US-101 N/B","PENINSULA AVENUE O/C",100.00,S,N,A,-,Y,,,,,,,,,,Y,4,0,2,4,A,-,03,22350,,F,C,C,A,A,H,-,A,A,0,,,,,Y,,A,01,0,0,2,0,0,0,0,0,0,"- ","- ",,,"SAN MATEO","SAN MATEO",-122.32831369,37.584172549999998
90089902,2015,2016-01-07,9330,2015-12-14,0850,018089,,1,1,9,4100,0,3,5,,2,503,"SANTA CLARA AVENUE","STOCKBRIDGE AVENUE",250.00,N,N,A,-,N,,,,,,,,,,Y,3,0,1,3,A,-,03,22350,,N,C,E,E,A,H,-,A,D,0,Y,,,,Y,,A,01,0,1,0,0,1,0,0,0,0,"- ","- ",,,"SAN MATEO",UNINCORPORATED,-122.22238642000001,37.448473980000003
90090215,2015,2016-01-07,9330,2015-12-17,1058,020759,,4,1,5,4113,0,1,2,,2,048,"US 101 S/B","MAPLE ST O/C",50.00,N,N,A,-,Y,,,,,,,,,,Y,4,0,1,3,A,-,03,22350,,N,C,C,A,A,H,-,A,D,0,,,,,Y,,A,01,0,0,1,0,0,0,0,0,0,"- ","- ",37.491999999999997,-122.22086,"SAN MATEO","REDWOOD CITY",-122.22087492,37.49210025
90091414,2015,2016-01-08,9330,2015-12-31,0820,020184,,4,1,9,4100,0,1,1,,2,044,"I-280 N/B","VISTA 2",1000.00,S,N,A,-,Y,,,,,,,,,,Y,4,0,1,1,A,-,08,22107,,N,E,I,A,B,H,-,A,D,0,,,,,Y,,A,01,0,0,1,0,0,0,0,0,0,"- ","- ",,,"SAN MATEO",UNINCORPORATED,,
90092981,2015,2016-01-12,9335,2015-12-16,1900,020311,,3,2,6,4106,0,1,1,,2,021,"I-280 S/B FROM JOHN DALY BLVD","JOHN DALY BLVD",30.00,S,N,A,-,Y,,,280,,,,R,,S,N,3,0,1,2,A,-,11,21954,A,N,G,B,D,A,H,-,C,A,0,Y,,,,Y,,N,60,0,1,0,0,1,0,0,0,0,"- ","- ",37.70431,-122.47377,"SAN MATEO","DALY CITY",-122.47377,37.70431
90093009,2015,2016-01-12,9330,2015-09-07,1500,017991,,1,2,9,4100,0,1,3,,1,020,"SR-1 N/B","GAZOS CREEK RD",225.00,S,N,A,-,Y,,,1,,,,,,N,Y,3,0,1,2,A,-,03,22350,,N,C,C,A,A,H,-,A,D,0,,,Y,,Y,,C,02,0,1,0,0,0,0,0,0,1,"- ","- ",37.165120000000002,-122.36020000000001,"SAN MATEO",UNINCORPORATED,-122.36045437999999,37.165014739999997
90093027,2015,2016-01-12,9330,2015-12-19,1849,020735,,6,2,4,4120,0,1,3,,2,031,"SR-92 W/B","EDGEWATER BLVD.",1000.00,E,N,A,-,Y,,,,,,,,,,N,4,0,1,5,A,-,03,22350,,N,C,C,A,A,H,-,C,D,0,,,,,Y,,A,07,0,0,1,0,0,0,0,0,0,"- ","- ",37.557769999999998,-122.28313,"SAN MATEO","FOSTER CITY",,
90093227,2016,2016-01-12,9335,2016-01-01,1012,020386,,5,1,4,4114,0,1,1,,2,020,"I-280 S/B","SAN BRUNO AVE",1008.00,N,N,A,-,Y,,,,,,,,,,Y,3,0,4,3,B,-,22,,,N,F,A,A,A,H,-,A,D,0,,,Y,,Y,,C,02,0,4,0,0,0,0,0,0,4,"- ","- ",37.373750000000001,-122.25505,"SAN MATEO","SAN BRUNO",-122.43051321,37.626782839999997
90093525,2015,2016-01-12,9330,2015-12-21,1155,017991,,1,1,9,4100,0,3,5,,2,305,"LEXINGTON AVE S/B","NEWPORT ST",110.00,N,N,B,C,N,,,,,,,,,,Y,4,0,1,2,A,-,08,22107,,N,C,E,A,B,H,-,A,D,0,,,,,Y,,A,01,0,0,1,0,0,0,0,0,0,"- ","- ",,,"SAN MATEO",UNINCORPORATED,-122.35090443,37.52301113
90093626,2015,2016-01-12,9330,2015-12-28,1525,017991,,1,2,9,4100,0,1,3,,1,020,"SR-1 S/B","DEHOFF CANYON RD",65.00,N,N,A,-,Y,,,,,,,,,,N,4,0,1,2,A,-,03,22350,,N,C,C,A,A,H,-,A,D,0,,,,,Y,,A,01,0,0,1,0,0,0,0,0,0,"- ","- ",,,"SAN MATEO",UNINCORPORATED,,
90093966,2015,2016-01-13,9330,2015-12-19,1945,020651,,6,2,4,4127,0,1,2,,2,058,"US-101 SOUTHBOUND","UNIVERSITY AVE",600.00,N,N,B,-,Y,,,101,,,,,,S,Y,3,0,3,4,A,-,07,21658,A,M,B,C,A,A,H,-,C,D,0,,,,,Y,,-,99,0,1,2,0,0,0,0,0,0,"- ","- ",37.470739999999999,-122.15823,"SAN MATEO","EAST PALO ALTO",-122.15832542,37.470575269999998
9009531,2019,2020-02-13,4117,2019-12-12,1556,18LO10,07SR,4,5,5,4117,0,0,0,,0,00S,"LENNOX AV","AIRPORT BL",0.00,,Y,B,-,N,,,,,,,,,,Y,4,0,2,2,A,-,12,21453,A,N,D,C,A,B,H,-,A,A,0,,,,,Y,,A,01,0,0,2,0,0,0,0,0,0,"- ","- ",37.661048889160156,-122.40395355224609,"SAN MATEO","SOUTH SAN FRANCISCO",,
90097060,2016,2016-01-18,9335,2016-01-09,1325,020386,,6,1,9,4100,0,3,5,,2,001,"SAN BRUNO AVE",US-101,350.00,E,N,B,-,N,,,,,,,,,,N,4,0,1,3,A,-,03,22350,,F,C,C,A,A,H,-,A,A,0,,,,,Y,Y,-,99,0,0,1,0,0,0,0,0,0,"- ","- ",37.631790000000002,-122.40118,"SAN MATEO",UNINCORPORATED,-122.40231,37.631459999999997
90099359,2015,2016-01-21,9335,2015-12-22,2300,020311,,2,3,6,4106,0,1,1,,2,021,"I-280 N/B","SERRAMONTE BLVD",1000.00,N,N,B,-,Y,,,280,,,,,,N,Y,3,0,1,2,A,-,01,23152,A,N,C,C,A,B,H,-,C,D,0,,,,,Y,Y,A,01,0,1,0,0,0,0,0,0,0,"- ","- ",37.672879999999999,-122.46751999999999,"SAN MATEO","DALY CITY",-122.46754879,37.672861279999999
90099376,2016,2016-01-21,9330,2016-01-06,0950,019198,,3,1,9,4100,0,1,1,,2,034,"I-280 S/B","BLACK MOUNTAIN ROAD",3168.00,S,N,B,C,Y,,,280,,,,,,S,Y,4,0,1,1,A,-,03,22350,,N,F,C,A,B,H,-,A,D,0,,,,,Y,,A,01,0,0,1,0,0,0,0,0,0,"- ","- ",37.542720000000003,-122.36848999999999,"SAN MATEO",UNINCORPORATED,-122.36848817000001,37.542721710000002
90099386,2016,2016-01-21,9330,2016-01-07,1616,016184,,4,2,5,4116,0,1,2,,2,038,"US-101 SOUTHBOUND",SR-92,1584.00,N,N,B,-,Y,,,101,,,,,,S,Y,4,0,1,2,A,-,08,22107,,N,C,C,A,A,H,-,A,D,0,,,,,Y,,A,01,0,0,1,0,0,0,0,0,0,"- ","- ",37.5593,-122.30175,"SAN MATEO","SAN MATEO",-122.30174675000001,37.559302850000002
90099428,2015,2016-01-21,9330,2015-10-28,1856,019691,,3,2,9,4100,0,1,3,,1,020,"SR-1 N/B","BEAN HOLLOW",191.00,N,N,A,-,Y,,,,,,,,,,Y,1,1,1,2,A,-,05,21460,A,N,A,C,A,A,H,-,D,D,0,,,,,Y,,A,01,1,0,0,0,0,0,0,0,0,"- ","- ",,,"SAN MATEO",UNINCORPORATED,,
9009966,2019,2020-01-02,4103,2019-11-21,0920,SE450,1,4,5,2,4103,0,0,0,,0,00U,"BAYSHORE BL","TUNNEL AV",0.00,,Y,A,-,N,,,,,,,,,,Y,2,0,1,2,A,-,12,21453,A,N,D,C,A,A,H,-,A,A,0,,,Y,,Y,,A,01,1,0,0,0,0,0,0,0,1,"- ","- ",37.685489654541016,-122.39810943603516,"SAN MATEO",BRISBANE,-122.39813995361328,37.685440063476562
90101459,2016,2016-01-25,9330,2016-01-11,1615,020651,,1,2,4,4109,0,3,5,,2,509,"ALAMEDA DE LAS PULGAS","ASHTON AVE",50.00,N,N,B,-,Y,,,,,,,,,,N,3,0,1,2,A,-,17,22517,,N,G,G,A,A,H,-,A,D,0,,Y,,,Y,,A,01,0,1,0,0,0,0,1,0,0,"- ","- ",37.432969999999997,-122.20358,"SAN MATEO","MENLO PARK",-122.20336318,37.432756359999999
90102244,2015,2016-01-26,9330,2015-12-31,2255,020662,,4,3,4,4127,0,1,2,,2,058,"US-101 S/B","UNIVERSITY AVE",100.00,S,N,A,-,Y,,,101,,,,,,S,Y,3,0,1,1,A,-,08,22107,,N,E,I,A,A,H,-,C,D,0,,,,,Y,,A,01,0,1,0,0,0,0,0,0,0,"- ","- ",37.4572,-122.13552,"SAN MATEO","EAST PALO ALTO",-122.13552237,37.457195970000001
90103286,2016,2016-01-27,9330,2016-01-19,1115,020322,,2,1,5,4113,0,1,2,,2,048,"US-101 N/B","WHIPPLE AVE",900.00,N,N,B,-,Y,,,101,,,,,,N,N,4,0,1,5,A,-,03,22350,,N,C,C,A,B,H,-,A,D,0,,,,,Y,,A,01,0,0,1,0,0,0,0,0,0,"- ","- ",37.50403,-122.24468,"SAN MATEO","REDWOOD CITY",-122.24470984,37.503995969999998
90106070,2015,2016-02-01,9335,2015-12-26,0630,021125,,6,1,9,4100,0,1,1,,2,038,"I-380 E/B TO US-101 S/B (SFO COLLECTOR)","SAN BRUNO AVE OVER-CROSSING",1320.00,S,N,A,-,Y,,,,,,,,,,Y,4,0,1,4,A,-,03,22350,,N,C,C,A,A,H,-,B,D,0,,,,,Y,,A,01,0,0,1,0,0,0,0,0,0,"- ","- ",37.62744,-122.40261,"SAN MATEO",UNINCORPORATED,,
90106119,2016,2016-02-01,9335,2016-01-16,1516,020386,,6,2,9,4100,0,1,3,,2,040,SR-1,"TOM LANTOS TUNNELS EDGE",2112.00,N,N,B,-,Y,,,1,,,,,,,Y,4,0,1,1,A,-,01,23152,F,N,E,I,A,A,H,-,A,D,0,,,,,Y,Y,A,01,0,0,1,0,0,0,0,0,0,"- ","- ",37.586309999999997,-122.50427000000001,"SAN MATEO",UNINCORPORATED,-122.50422881999999,37.586307830000003
90110152,2016,2016-02-05,9345,2016-01-28,0928,018025,,4,1,4,4109,0,1,3,,2,084,"SR-84 S/B","UNIVERSITY AVE",3168.00,S,N,B,-,Y,,,84,,,,,,S,N,4,0,4,3,A,-,03,22350,,N,C,C,A,A,H,-,A,D,0,,,,,Y,,A,07,0,0,4,0,0,0,0,0,0,"- ","- ",37.493600000000001,-122.1348,"SAN MATEO","MENLO PARK",-122.13480565,37.493606229999997
90110374,2016,2016-02-05,9330,2016-01-24,1440,019478,,7,2,9,4100,0,1,1,,2,044,"I-280 NB","FARM HILL BLVD",5280.00,N,N,A,-,Y,,,,,,,,,,Y,4,0,1,1,A,-,01,23152,E,N,F,I,A,A,H,-,A,A,0,,,,,Y,,A,01,0,0,1,0,0,0,0,0,0,"- ","- ",,,"SAN MATEO",UNINCORPORATED,-122.2475105,37.439047680000002
90110574,2016,2016-02-08,9330,2016-01-10,1810,020397,,7,2,4,4109,0,1,2,,2,058,"US-101 S/B","MARSH RD",850.00,S,N,B,-,Y,,,101,,,,,,S,Y,3,0,1,2,A,-,01,23152,A,N,C,C,A,B,H,-,D,D,0,,,Y,,Y,Y,C,02,0,1,0,0,0,0,0,0,1,"- ","- ",37.469000000000001,-122.155,"SAN MATEO","MENLO PARK",-122.15514736,37.468745589999997