CASE_ID,ACCIDENT_YEAR,PROC_DATE,JURIS,COLLISION_DATE,COLLISION_TIME,OFFICER_ID,REPORTING_DISTRICT,DAY_OF_WEEK,CHP_SHIFT,POPULATION,CNTY_CITY_LOC,SPECIAL_COND,BEAT_TYPE,CHP_BEAT_TYPE,CITY_DIVISION_LAPD,CHP_BEAT_CLASS,BEAT_NUMBER,PRIMARY_RD,SECONDARY_RD,DISTANCE,DIRECTION,INTERSECTION,WEATHER_1,WEATHER_2,STATE_HWY_IND,CALTRANS_COUNTY,CALTRANS_DISTRICT,STATE_ROUTE,ROUTE_SUFFIX,POSTMILE_PREFIX,POSTMILE,LOCATION_TYPE,RAMP_INTERSECTION,SIDE_OF_HWY,TOW_AWAY,COLLISION_SEVERITY,NUMBER_KILLED,NUMBER_INJURED,PARTY_COUNT,PRIMARY_COLL_FACTOR,PCF_CODE_OF_VIOL,PCF_VIOL_CATEGORY,PCF_VIOLATION,PCF_VIOL_SUBSECTION,HIT_AND_RUN,TYPE_OF_COLLISION,MVIW,PED_ACTION,ROAD_SURFACE,ROAD_COND_1,ROAD_COND_2,LIGHTING,CONTROL_DEVICE,CHP_ROAD_TYPE,PEDESTRIAN_ACCIDENT,BICYCLE_ACCIDENT,MOTORCYCLE_ACCIDENT,TRUCK_ACCIDENT,NOT_PRIVATE_PROPERTY,ALCOHOL_INVOLVED,STWD_VEHTYPE_AT_FAULT,CHP_VEHTYPE_AT_FAULT,COUNT_SEVERE_INJ,COUNT_VISIBLE_INJ,COUNT_COMPLAINT_PAIN,COUNT_PED_KILLED,COUNT_PED_INJURED,COUNT_BICYCLIST_KILLED,COUNT_BICYCLIST_INJURED,COUNT_MC_KILLED,COUNT_MC_INJURED,PRIMARY_RAMP,SECONDARY_RAMP,LATITUDE,LONGITUDE,COUNTY,CITY,POINT_X,POINT_Y
90292883,2016,2016-10-17,9330,2016-10-09,0525,020646,,7,3,4,4104,0,1,2,,2,038,"US 101 N/B JSO BROADWAY AVE","BROADWAY AVE",300.00,S,N,A,-,Y,,,,,,,,,,Y,4,0,1,1,A,-,01,23152,A,N,B,I,A,A,H,-,C,D,0,,,,,Y,Y,A,01,0,0,1,0,0,0,0,0,0,"- ","- ",,,"SAN MATEO",BURLINGAME,,
90293216,2016,2016-10-17,9330,2016-10-02,0730,021253,,7,1,9,4100,0,3,5,,2,073,"ALPINE ROAD","ANSEL LANE",10.00,E,N,A,-,Y,,,,,,,,,,N,3,0,1,1,A,-,03,22350,,N,F,A,A,A,H,-,A,D,0,,Y,,,Y,,L,04,0,1,0,0,0,0,1,0,0,"- ","- ",37.414090000000002,-122.19319,"SAN MATEO",UNINCORPORATED,-122.19305199999999,37.414146000000002
90294253,2016,2016-10-18,9330,2016-10-02,0945,020580,,7,1,9,4100,0,1,3,,1,020,"SR-1 S/B","TUNITAS CREEK RD.",0.00,,Y,B,-,Y,,,1,,,,,,S,Y,3,0,1,1,A,-,03,22350,,N,F,A,A,A,H,-,A,D,0,,,Y,,Y,,C,02,0,1,0,0,0,0,0,0,1,"- ","- ",37.358789999999999,-122.39761,"SAN MATEO",UNINCORPORATED,-122.39763507000001,37.358769549999998
9029488,2019,2020-01-28,4109,2019-09-24,1719,146332,,2,5,4,4109,0,0,0,,0,002,"CENTRAL AV","ELM ST",5.00,W,N,A,-,N,,,,,,,,,,N,3,0,1,2,A,-,12,22450,A,F,H,G,A,A,H,-,A,A,0,,Y,,,Y,,L,04,0,1,0,0,0,0,1,0,0,"- ","- ",37.460330963134766,-122.15358734130859,"SAN MATEO","MENLO PARK",-122.15354156494141,37.460285186767578
9029492,2019,2020-01-28,4104,2019-09-15,1752,0246,1,7,5,4,4104,0,0,0,,0,00A,"CALIFORNIA DR","PENINSULA AV",0.00,,Y,A,-,N,,,,,,,,,,N,3,0,1,2,A,-,05,21650,1,N,A,G,A,A,H,-,A,A,0,,Y,,,Y,,L,04,0,1,0,0,0,0,1,0,0,"- ","- ",37.577190399169922,-122.33952331542969,"SAN MATEO",BURLINGAME,-122.33937072753906,37.577060699462891
9029571,2019,2020-02-03,4106,2019-12-14,0544,2154,,6,5,6,4106,0,0,0,,0,002,"SAN JOSE AV","WILSON ST",0.00,,Y,A,-,N,,,,,,,,,,Y,4,0,2,2,A,-,09,21802,A,N,D,C,A,A,H,-,C,D,0,,,,Y,Y,,A,07,0,0,2,0,0,0,0,0,0,"- ","- ",,,"SAN MATEO","DALY CITY",-122.45942687988281,37.707908630371094
9029579,2020,2020-03-18,4106,2020-01-21,1841,20086,3,2,5,6,4106,0,0,0,,0,002,"HILLSIDE BL","BRUNSWICK ST",0.00,,Y,C,-,N,,,,,,,,,,N,4,0,1,2,A,-,10,21950,,N,G,B,B,B,H,-,C,D,0,Y,,,,Y,,I,11,0,0,1,0,1,0,0,0,0,"- ","- ",,,"SAN MATEO","DALY CITY",-122.46205902099609,37.704120635986328
90297373,2016,2016-10-20,9330,2016-10-15,1955,020735,,6,2,5,4116,0,1,2,,2,038,"US 101 N/B FROM 3RD AVENUE E/B","3RD AVE",10.00,S,N,C,-,Y,,,,,,,,,,N,4,0,1,2,A,-,03,22350,,N,C,C,A,B,H,-,C,D,0,,,,,Y,,A,01,0,0,1,0,0,0,0,0,0,"- ","- ",37.571339999999999,-122.31326,"SAN MATEO","SAN MATEO",,
90297717,2016,2016-10-21,9335,2016-10-10,1610,021284,,1,2,5,4117,0,1,2,,2,012,"US-101 N/B","OYSTER POINT BLVD O/C",142.00,S,N,A,-,Y,,,101,,,,,,N,N,4,0,1,2,A,-,03,22350,,N,C,C,A,A,H,-,A,D,0,,,,,Y,,A,01,0,0,1,0,0,0,0,0,0,"- ","- ",37.662930000000003,-122.39998,"SAN MATEO","SOUTH SAN FRANCISCO",-122.40005391,37.66303465
90298828,2016,2016-10-24,9335,2016-10-05,1635,021341,,3,2,4,4114,0,1,1,,2,038,"I-380 W/B","CHERRY AVE U/C",100.00,E,N,A,-,Y,,,380,,,,,,W,Y,4,0,3,3,A,-,03,22350,,N,C,C,A,A,H,-,A,D,0,,,,,Y,,A,01,0,0,3,0,0,0,0,0,0,"- ","- ",37.630040000000001,-122.4263,"SAN MATEO","SAN BRUNO",-122.42630674,37.630057350000001
90298836,2016,2016-10-24,9335,2016-10-06,1749,021277,,4,2,6,4106,0,1,1,,2,021,"I-280 N/B TO 19TH ST","JOHN DALY BOULEVARD",50.00,S,N,A,-,Y,,,280,,,,R,,N,N,4,0,1,2,A,-,03,22350,,N,C,C,A,A,H,-,A,D,0,,,,,Y,,A,01,0,0,1,0,0,0,0,0,0,"- ","- ",37.704700000000003,-122.47152,"SAN MATEO","DALY CITY",-122.47152,37.704700000000003
90299159,2016,2016-10-24,9330,2016-10-14,1505,021253,,5,2,4,4109,0,3,5,,2,509,"ALAMEDA DE LAS PULGAS","VALPARAISO AVENUE",0.00,,Y,B,-,Y,,,,,,,,,,Y,4,0,1,2,D,-,00,,,N,D,C,A,B,H,-,A,A,0,,,,,Y,,-,"- ",0,0,1,0,0,0,0,0,0,"- ","- ",37.434069999999998,-122.20582,"SAN MATEO","MENLO PARK",-122.2058399,37.434059910000002
90299932,2016,2016-10-25,9330,2016-10-07,1345,021315,,5,1,5,4113,0,3,5,,2,505,"5TH AVE","SEMICIRCULAR RD.",0.00,,Y,A,-,N,,,,,,,,,,N,4,0,1,2,A,-,12,21453,A,N,D,G,A,A,H,-,A,A,0,,Y,,,Y,,L,04,0,0,1,0,0,0,1,0,0,"- ","- ",37.470460000000003,-122.20545,"SAN MATEO","REDWOOD CITY",-122.20548997,37.470479920000002
90300186,2016,2016-10-25,9330,2016-10-02,1720,020580,,7,2,9,4100,0,1,3,,1,021,"SR-84 W/B","OLD LA HOND RD.",2640.00,E,N,A,-,Y,,,,,,,,,,Y,2,0,1,1,A,-,08,22107,,N,F,I,A,A,H,-,A,D,0,,,,,Y,,A,01,1,0,0,0,0,0,0,0,0,"- ","- ",37.361660000000001,-122.26099000000001,"SAN MATEO",UNINCORPORATED,,
90300417,2016,2016-10-25,9330,2016-10-19,1430,021378,,3,2,9,4100,0,1,1,,2,044,"I-280 N/B","VISTA 3",1056.00,S,N,A,-,Y,,,280,,,,,,N,Y,4,0,1,2,A,-,08,22107,,N,B,C,A,A,H,-,A,D,0,,,,,Y,,A,01,0,0,1,0,0,0,0,0,0,"- ","- ",37.495980000000003,-122.31006000000001,"SAN MATEO",UNINCORPORATED,-122.31004887,37.496030580000003
90301423,2016,2016-10-26,9330,2016-10-19,1500,016795,,3,2,4,4120,0,1,3,,1,035,"SR-92 E/B","FOSTER CITY BLVD",2867.00,E,N,A,-,Y,,,92,,,,,,E,Y,4,0,1,2,A,-,03,22350,,N,C,C,A,A,H,-,A,D,0,,,,,Y,,D,22,0,0,1,0,0,0,0,0,0,"- ","- ",37.569830000000003,-122.26654000000001,"SAN MATEO","FOSTER CITY",-122.26649693,37.569782940000003
90305801,2016,2016-10-28,9330,2016-10-21,0850,020646,,5,1,5,4113,0,1,2,,2,058,"US 101 N/B","MARSH RD",4500.00,N,N,A,-,Y,,,,,,,,,,Y,3,0,4,2,A,-,03,22350,,N,C,C,A,A,H,-,A,D,0,,,,,Y,,A,01,0,1,3,0,0,0,0,0,0,"- ","- ",37.4863,-122.1955,"SAN MATEO","REDWOOD CITY",-122.1956316,37.486326570000003
90306705,2016,2016-10-31,9330,2016-10-23,0410,021356,,7,3,3,4110,0,1,2,,2,038,"US-101 NORTHBOUND","MILLBRAE AVE",1700.00,S,N,A,-,Y,,,101,,,,,,N,Y,4,0,1,2,A,-,01,23152,A,N,C,C,A,A,H,-,C,D,0,,,,,Y,Y,A,01,0,0,1,0,0,0,0,0,0,"- ","- ",37.599969999999999,-122.37633,"SAN MATEO",MILLBRAE,-122.37630693,37.60000616
90307518,2016,2016-10-31,9330,2016-10-08,1932,021337,,6,2,9,4100,0,1,3,,1,020,"SR -1","SOUTH VERDE RD.",177.00,N,N,A,-,Y,,,1,,,,,,,Y,4,0,1,3,A,-,03,22350,,N,C,C,A,A,H,-,C,D,0,,,,,Y,,A,01,0,0,1,0,0,0,0,0,0,"- ","- ",37.381709999999998,-122.40442,"SAN MATEO",UNINCORPORATED,-122.40440048000001,37.381711170000003
90309061,2016,2016-11-02,9335,2016-10-19,1029,016118,,3,1,6,4106,0,1,1,,2,021,"I-280 S/B","EASTMOOR AVENUE OFF-RAMP",300.00,N,N,A,-,Y,,,,,,,,,,Y,4,0,1,3,A,-,03,22350,,N,C,C,A,A,H,-,A,D,0,,,,,Y,,A,07,0,0,1,0,0,0,0,0,0,"- ","- ",,,"SAN MATEO","DALY CITY",,
90309080,2016,2016-11-02,9330,2016-10-19,1700,020577,,3,2,4,4120,0,1,3,,2,031,"SR-92 E/B","FOSTER CITY BLVD",528.00,W,N,A,-,Y,,,92,,,,,,E,N,3,0,1,1,A,-,08,22107,,N,F,I,A,A,H,-,A,D,0,,,Y,,Y,,C,02,0,1,0,0,0,0,0,0,1,"- ","- ",37.560429999999997,-122.27827000000001,"SAN MATEO","FOSTER CITY",-122.27825579,37.560407519999998
90309096,2016,2016-11-02,9330,2016-10-19,1457,019764,,3,2,9,4100,0,3,5,,2,505,"EL CAMINO REAL(2700 BLOCK)","BUCKINGHAM AVE",30.00,S,N,A,-,N,,,,,,,,,,Y,4,0,1,3,A,-,03,22350,,N,C,C,A,A,H,-,A,D,0,,,,,Y,,A,07,0,0,1,0,0,0,0,0,0,"- ","- ",37.471820000000001,-122.21526,"SAN MATEO",UNINCORPORATED,-122.21529379,37.47184429
90311250,2016,2016-11-04,9330,2016-10-14,1100,021319,,5,1,5,4116,0,1,2,,2,038,"US-101 N/B TO 3RD AVENUE","3RD AVENUE",5.00,N,N,B,C,Y,,,101,,,,R,,N,Y,4,0,1,2,A,-,08,22107,,N,C,C,A,B,H,-,A,D,0,,,,,Y,,A,01,0,0,1,0,0,0,0,0,0,"- ","- ",37.571159999999999,-122.3139,"SAN MATEO","SAN MATEO",-122.3139,37.571159999999999
9031127,2020,2020-03-13,4116,2020-01-07,1517,28187,35,2,5,5,4116,0,0,0,,0,00C,"HILLSDALE BL","SAILER DR",17.00,E,N,A,-,N,,,,,,,,,,N,3,0,1,2,A,-,10,21950,A,N,D,B,B,A,H,-,A,A,0,Y,,,,Y,,A,01,0,1,0,0,1,0,0,0,0,"- ","- ",37.56298828125,-122.32554626464844,"SAN MATEO","SAN MATEO",-122.29935455322266,37.535682678222656
90313585,2016,2016-11-08,9330,2016-10-23,1545,021350,,7,2,4,4120,0,1,3,,1,035,"SR-92 W/B","PIER ONE",7920.00,E,N,A,-,Y,,,92,,,,,,W,Y,2,0,2,3,A,-,03,22350,,N,C,C,A,A,H,-,A,D,0,,,,,Y,,A,01,1,0,1,0,0,0,0,0,0,"- ","- ",37.587620000000001,-122.24723,"SAN MATEO","FOSTER CITY",-122.24720517,37.587592600000001
9031422,2019,2020-01-31,4116,2019-12-15,2119,27908,31,7,5,5,4116,0,0,0,,0,00C,"PARK PL","DAVID ST",0.00,,Y,B,-,N,,,,,,,,,,N,3,0,1,2,A,-,10,21952,,N,G,B,B,A,H,-,C,A,0,Y,,,,Y,,A,01,0,1,0,0,1,0,0,0,0,"- ","- ",37.545478820800781,-122.29115295410156,"SAN MATEO","SAN MATEO",-122.29160308837891,37.545158386230469
90314348,2016,2016-11-08,9330,2016-09-23,2150,021265,,5,2,9,4100,0,1,3,,1,011,"EASTBOUND SR-92",SR-35,528.00,E,N,A,-,Y,,,,,,,,,,Y,3,0,1,2,D,-,00,,,N,D,C,A,A,H,-,D,D,0,,,,,Y,Y,-,"- ",0,1,0,0,0,0,0,0,0,"- ","- ",,,"SAN MATEO",UNINCORPORATED,,
90316436,2016,2016-11-10,9335,2016-10-30,1005,021390,,7,1,6,4106,0,1,1,,2,021,"I-280 N/B","KING DR U/C",519.00,N,N,C,-,Y,,,280,,,,,,N,Y,4,0,1,1,A,-,08,22107,,N,F,I,A,B,H,-,A,D,0,,,,,Y,,A,01,0,0,1,0,0,0,0,0,0,"- ","- ",37.653100000000002,-122.4551,"SAN MATEO","DALY CITY",-122.45505966,37.653150060000002
90318107,2016,2016-11-14,9335,2016-10-28,1612,021277,,5,2,9,4100,0,1,3,,2,040,"SR-1 S/B","LINDA MAR BLVD",6442.00,S,N,A,-,Y,,,1,,,,,,S,Y,3,0,1,1,A,-,03,22350,,N,F,A,A,A,H,-,A,A,0,,,Y,,Y,,C,02,0,1,0,0,0,0,0,0,1,"- ","- ",37.580599999999997,-122.51069,"SAN MATEO",UNINCORPORATED,-122.51094912000001,37.580738189999998
90318256,2016,2016-11-14,9335,2016-11-01,0553,016118,,2,3,9,4100,0,1,2,,2,011,"U.S. 101 S/B","I-380 E/B ON-RAMP",300.00,S,N,B,-,Y,,,,,,,,,,Y,4,0,2,2,A,-,03,22350,,N,C,C,A,B,H,-,D,D,0,,,,Y,Y,,F,26,0,0,2,0,0,0,0,0,0,"- ","- ",,,"SAN MATEO",UNINCORPORATED,,
90321499,2016,2016-11-17,9330,2016-11-15,0730,016534,,2,1,4,4104,0,1,2,,2,038,"US-101 S/B","PENINSULA AVENUE O/C",1056.00,N,N,A,-,Y,,,,,,,,,,N,4,0,1,4,A,-,03,22350,,F,C,C,A,A,H,-,A,A,0,,,,,Y,,-,99,0,0,1,0,0,0,0,0,0,"- ","- ",,,"SAN MATEO",BURLINGAME,-122.33145905000001,37.58612445
90322246,2016,2016-11-17,9330,2016-09-16,1540,020554,,5,2,5,4116,0,1,2,,2,048,"US-101 N/B","HILLSDALE BLVD.",1500.00,N,N,A,-,Y,,,101,,,,,,N,N,4,0,1,2,D,-,00,,,N,C,C,A,A,H,-,A,D,0,,,,,Y,,-,"- ",0,0,1,0,0,0,0,0,0,"- ","- ",37.54766,-122.29008,"SAN MATEO","SAN MATEO",-122.29033379000001,37.547414359999998
90325534,2016,2016-11-21,9330,2016-11-12,0650,020324,,6,1,9,4100,0,1,1,,2,044,"I-280 N/B","EDGEWOOD RD.",9240.00,N,N,A,-,Y,,,280,,,,,,N,Y,4,0,1,1,A,-,01,23152,A,N,F,A,A,A,H,-,A,D,0,,,,,Y,Y,A,01,0,0,1,0,0,0,0,0,0,"- ","- ",37.49324,-122.30175,"SAN MATEO",UNINCORPORATED,-122.30179785999999,37.493172540000003
90326866,2016,2016-11-22,9330,2016-11-05,2103,021337,,6,2,9,4100,0,1,1,,2,054,"US 101 S/B","SAND HILL RD.",2112.00,N,N,A,-,Y,,,,,,,,,,Y,4,0,1,2,D,-,00,,,N,C,C,A,A,H,-,D,D,0,,,,,Y,,-,"- ",0,0,1,0,0,0,0,0,0,"- ","- ",37.422359999999998,-122.22627,"SAN MATEO",UNINCORPORATED,,
90326940,2016,2016-11-22,9330,2016-11-01,0600,017991,,2,1,9,4100,0,1,1,,2,044,"I-280 S/B","VISTA POINT 3",2112.00,S,N,B,C,Y,,,,,,,,,,Y,4,0,1,1,A,-,08,22107,,N,E,I,A,B,H,-,D,D,0,,,,,Y,,A,01,0,0,1,0,0,0,0,0,0,"- ","- ",,,"SAN MATEO",UNINCORPORATED,,
90327271,2016,2016-11-22,9330,2016-11-08,1720,020319,,2,2,4,4109,0,1,2,,2,058,"US-101 SB TO UNIVERSITY AVENUE","UNIVERSITY AVE",300.00,N,N,A,-,Y,,,,,,,,,,Y,4,0,1,3,A,-,03,22350,,N,C,C,A,A,H,-,D,D,0,,,,,Y,,D,22,0,0,1,0,0,0,0,0,0,"- ","- ",37.460709999999999,-122.14185999999999,"SAN MATEO","MENLO PARK",-122.14176435,37.460856710000002
90327289,2016,2016-11-22,9330,2016-11-17,0905,020580,,4,1,9,4100,0,1,3,,1,010,"SR-1 N/B","CALIFORNIA AVE.",0.00,,Y,A,-,Y,,,1,,,,,,N,Y,4,0,1,2,A,-,09,21802,A,N,D,C,A,A,H,-,A,A,0,,,,,Y,,A,01,0,0,1,0,0,0,0,0,0,"- ","- ",37.527509999999999,-122.51336999999999,"SAN MATEO",UNINCORPORATED,-122.51339668,37.527483590000003
90327366,2016,2017-01-20,9330,2016-11-05,0255,021356,,6,3,9,4100,0,1,1,,2,034,"I-280 NORTHBOUND","BUNKER HILL BLVD",211.00,N,N,A,-,Y,,,,,,,,,,Y,2,0,2,1,A,-,08,22107,,N,E,I,A,A,H,-,C,D,0,,,,,Y,,A,07,1,1,0,0,0,0,0,0,0,"- ","- ",37.527299999999997,-122.35602,"SAN MATEO",UNINCORPORATED,-122.35616521999999,37.52362857
90328403,2016,2016-11-23,9330,2016-11-17,1610,019478,,4,2,4,4115,0,1,2,,2,048,"US-101 NB","HOLLY ST",4224.00,N,N,A,-,Y,,,,,,,,,,Y,4,0,1,2,A,-,03,22350,,N,C,C,A,A,H,-,A,A,0,,,Y,,Y,,C,02,0,0,1,0,0,0,0,0,1,"- ","- ",,,"SAN MATEO","SAN CARLOS",-122.26583521000001,37.522625599999998
90329873,2016,2016-11-28,9335,2016-10-22,0245,020889,,6,3,6,4106,0,1,1,,2,021,"I-280 S/B TO SULLIVAN AVE.","JUNIPERO SERRA BLVD. SOUTH OVER CROSS",35.00,N,N,A,-,Y,,,280,,,,R,,S,Y,4,0,3,2,A,-,08,22107,,N,D,I,A,A,H,-,C,D,0,,,,,Y,,A,01,0,0,3,0,0,0,0,0,0,"- ","- ",37.689579999999999,-122.47087000000001,"SAN MATEO","DALY CITY",-122.47087000000001,37.689579999999999
90330947,2016,2016-11-28,9330,2016-11-21,0730,015268,,1,1,9,4100,0,1,3,,1,020,SR-1,"COAST WAYS RANCH RD",20.00,S,N,A,-,Y,,,,,,,,,,Y,3,0,2,2,A,-,09,21804,A,N,C,C,A,A,H,-,A,D,0,,,,,Y,,A,01,0,2,0,0,0,0,0,0,0,"- ","- ",37.068390000000001,-122.18078,"SAN MATEO",UNINCORPORATED,,
90331395,2016,2016-11-28,9335,2016-11-19,1005,020384,,6,1,5,4117,0,1,1,,2,020,"I-280 N/B","AVALON DR",850.00,N,N,B,C,Y,,,280,,,,,,N,Y,4,0,1,1,A,-,08,22107,,N,E,I,A,B,H,-,A,D,0,,,,,Y,,A,01,0,0,1,0,0,0,0,0,0,"- ","- ",37.637619999999998,-122.44027,"SAN MATEO","SOUTH SAN FRANCISCO",-122.44024001,37.637636909999998
90331404,2016,2016-11-29,9335,2016-11-19,2140,021390,,6,2,4,4114,0,1,1,,2,038,"I-380 E/B","EL CAMINO REAL",10.00,W,N,C,-,Y,,,380,,,,,,E,Y,4,0,1,2,A,-,03,22350,,N,D,C,A,B,H,-,C,D,0,,,,,Y,,A,07,0,0,1,0,0,0,0,0,0,"- ","- ",37.6327,-122.4192,"SAN MATEO","SAN BRUNO",-122.41923181999999,37.632770389999997
90331489,2016,2016-11-29,9335,2016-11-15,1945,021301,,2,2,4,4114,0,1,1,,2,038,"I-380 E/B","SAN MATEO AVE",316.00,E,N,A,-,Y,,,380,,,,,,E,Y,3,0,1,1,A,-,08,22107,,N,F,A,A,A,H,-,D,D,0,,,Y,,Y,,C,02,0,1,0,0,0,0,0,0,1,"- ","- ",37.633800000000001,-122.41030000000001,"SAN MATEO","SAN BRUNO",-122.41029506,37.633860540000001
90331866,2016,2016-11-29,9335,2016-11-14,0800,019213,,1,1,2,4103,0,1,2,,2,012,"US-101 S/B","SIERRA POINT PKY",1000.00,N,N,A,-,Y,,,101,,,,,,S,Y,3,0,1,2,A,-,04,21703,,N,B,C,A,A,H,-,A,D,0,,,Y,,Y,,C,02,0,1,0,0,0,0,0,0,1,"- ","- ",37.695129999999999,-122.39216,"SAN MATEO",BRISBANE,-122.39213359999999,37.695136050000002
9033220,2019,2020-02-03,4106,2019-10-28,1739,1183,,1,5,6,4106,0,0,0,,0,003,"SAN JOSE AV","GOETHE ST",0.00,,Y,A,-,N,,,,,,,,,,N,3,0,1,2,A,-,09,21802,,N,B,C,A,A,H,-,A,D,0,,,,,Y,Y,A,01,0,1,0,0,0,0,0,0,0,"- ","- ",,,"SAN MATEO","DALY CITY",-122.45885199999999,37.708430999999997
90334146,2016,2016-12-01,9330,2016-10-13,1728,021414,,4,2,4,4115,0,3,5,,2,406,"HARBOR BLVD","INDUSTRIAL ROAD",50.00,E,N,A,-,N,,,,,,,,,,N,3,0,1,2,A,-,17,21200,,N,D,G,A,A,H,-,A,D,0,,Y,,,Y,Y,L,04,0,1,0,0,0,0,1,0,0,"- ","- ",37.521450000000002,-122.2671,"SAN MATEO","SAN CARLOS",-122.26713491,37.5211823
90334227,2016,2016-12-01,9330,2016-11-23,0247,021337,,3,3,9,4100,0,1,1,,2,054,"I-280 S/B","SR-84 (WOODSIDE RD.)",4258.00,N,N,B,-,Y,,,,,,,,,,Y,4,0,1,1,A,-,08,22107,,N,F,I,A,B,H,-,D,D,0,,,,,Y,Y,A,01,0,0,1,0,0,0,0,0,0,"- ","- ",37.442340000000002,-122.25244000000001,"SAN MATEO",UNINCORPORATED,,
90335009,2016,2016-12-01,9330,2016-11-18,1730,021204,,5,2,4,4109,0,1,2,,2,058,"US-101 N/B","UNIVERSITY AVE",1056.00,N,N,A,-,Y,,,101,,,,,,N,Y,4,0,1,3,A,-,07,21658,A,N,B,C,A,A,H,-,D,D,0,,,,,Y,,A,01,0,0,1,0,0,0,0,0,0,"- ","- ",37.465299999999999,-122.1484,"SAN MATEO","MENLO PARK",-122.14853845,37.465067050000002
90336025,2016,2016-12-02,9335,2016-11-21,1915,020509,,1,2,9,4100,0,1,3,,2,040,"SR-1 SOUTHBOUND","TOM LANTOS TUNNEL",44.00,N,N,A,-,Y,,,1,,,,,,S,Y,3,0,2,2,A,-,09,21804,A,N,D,C,A,A,H,-,C,D,0,,,,,Y,,A,01,0,1,1,0,0,0,0,0,0,"- ","- ",37.582650000000001,-122.50982999999999,"SAN MATEO",UNINCORPORATED,-122.50987576999999,37.58268107
90336713,2016,2016-12-05,9330,2016-11-26,1835,020900,,6,2,9,4100,0,1,3,,2,031,"SR-92 WB","MARINERS ISLAND BLVD",528.00,E,N,C,-,Y,,,,,,,,,,Y,4,0,1,3,A,-,03,22350,,N,C,C,A,B,H,-,D,D,0,,,,,Y,,A,01,0,0,1,0,0,0,0,0,0,"- ","- ",37.557659999999998,-122.28321,"SAN MATEO",UNINCORPORATED,-122.28521000000001,37.556530000000002
90336762,2016,2016-12-05,9330,2016-11-26,0410,021019,,6,3,5,4113,0,1,2,,2,048,"US-101 N/B","HOLLY ST",3168.00,S,N,B,-,Y,,,101,,,,,,N,Y,4,0,1,2,A,-,03,22350,,M,C,C,A,A,H,-,C,D,0,,,,,Y,,-,99,0,0,1,0,0,0,0,0,0,"- ","- ",37.506329999999998,-122.24744,"SAN MATEO","REDWOOD CITY",-122.24740636999999,37.50636815
90336780,2016,2016-12-05,9335,2016-11-23,0750,016118,,3,1,4,4114,0,1,1,,2,038,"I-380 E/B","E/ EDGE OF CHERRY AVE U/C",25.00,W,N,B,-,Y,,,,,,,,,,Y,4,0,1,2,A,-,07,21658,A,N,E,I,A,B,H,-,A,D,0,,,,,Y,,A,01,0,0,1,0,0,0,0,0,0,"- ","- ",,,"SAN MATEO","SAN BRUNO",,
90339088,2016,2016-12-07,9335,2016-11-26,1619,019581,,6,2,4,4111,0,1,3,,2,041,"SR-1 S/B","MANOR DR.",4200.00,N,N,B,C,Y,,,1,,,,,,S,Y,4,0,1,1,A,-,03,22350,,N,E,I,A,B,H,-,A,D,0,,,,,Y,,A,07,0,0,1,0,0,0,0,0,0,"- ","- ",37.657899999999998,-122.48593,"SAN MATEO",PACIFICA,-122.48593326,37.657915039999999
90339893,2016,2016-12-08,9330,2016-11-30,1747,021337,,3,2,5,4113,0,1,2,,2,048,"US-101 S/B","SR-84 (WOODSIDE RD.)",3579.00,N,N,A,-,Y,,,101,,,,,,S,Y,3,0,1,2,A,-,03,22350,,N,C,C,A,A,H,-,D,D,0,,,,,Y,,A,08,0,1,0,0,0,0,0,0,0,"- ","- ",37.493499999999997,-122.22423000000001,"SAN MATEO","REDWOOD CITY",-122.22420617,37.49355826
90340560,2016,2016-12-08,9335,2016-11-26,1610,021293,,6,2,4,4114,0,1,1,,2,021,"I-280 NB TO AVALON DR","AVALON DR",993.00,S,N,B,-,Y,,,280,,,,R,,N,Y,4,0,1,2,A,-,03,22350,,N,C,C,A,B,H,-,D,D,0,,,,,Y,,A,01,0,0,1,0,0,0,0,0,0,"- ","- ",37.637569999999997,-122.43996,"SAN MATEO","SAN BRUNO",-122.43996,37.637569999999997
90340965,2016,2016-12-09,9330,2016-12-01,1755,020207,,4,2,9,4100,0,1,1,,2,054,"I-280 S/B","WOODSIDE RD",470.00,N,N,A,-,Y,,,,,,,,,,Y,4,0,2,5,A,-,03,22350,,N,C,C,A,A,H,-,D,D,0,,,,,Y,,D,22,0,0,2,0,0,0,0,0,0,"- ","- ",,,"SAN MATEO",UNINCORPORATED,-122.24452671,37.436275019999997
90341665,2016,2016-12-12,9335,2016-11-28,1735,015042,,1,2,5,4117,0,1,2,,2,012,"U.S.101 N/B","GRAND AVE. ON RAMP",200.00,N,N,A,-,Y,,,,,,,,,,Y,4,0,1,2,A,-,03,22350,,N,C,C,A,A,H,-,C,D,0,,,,,Y,,A,07,0,0,1,0,0,0,0,0,0,"- ","- ",,,"SAN MATEO","SOUTH SAN FRANCISCO",,
90341794,2016,2016-12-12,9335,2016-11-26,1330,021293,,6,1,4,4114,0,1,1,,2,038,"I-380 E/B FROM EL CAMINO REAL S/B","EL CAMINO REAL UNDERCROSSING",97.00,W,N,B,C,Y,,,380,,,,R,,E,Y,3,0,1,1,A,-,03,22350,,N,F,A,A,B,H,-,A,D,0,,,,,Y,,D,22,0,1,0,0,0,0,0,0,0,"- ","- ",37.632530000000003,-122.41952999999999,"SAN MATEO","SAN BRUNO",-122.41952999999999,37.632530000000003
90341825,2016,2016-12-12,9335,2016-11-29,0343,020311,,2,3,5,4117,0,1,2,,2,012,"US-101 S/B","SAN BRUNO AVE",5280.00,N,N,A,-,Y,,,101,,,,,,S,Y,4,0,1,1,A,-,08,22107,,N,E,I,A,A,H,-,C,D,0,,,,,Y,,A,07,0,0,1,0,0,0,0,0,0,"- ","- ",37.640689999999999,-122.40585,"SAN MATEO","SOUTH SAN FRANCISCO",-122.40594256,37.640663910000001