CASE_ID,ACCIDENT_YEAR,PROC_DATE,JURIS,COLLISION_DATE,COLLISION_TIME,OFFICER_ID,REPORTING_DISTRICT,DAY_OF_WEEK,CHP_SHIFT,POPULATION,CNTY_CITY_LOC,SPECIAL_COND,BEAT_TYPE,CHP_BEAT_TYPE,CITY_DIVISION_LAPD,CHP_BEAT_CLASS,BEAT_NUMBER,PRIMARY_RD,SECONDARY_RD,DISTANCE,DIRECTION,INTERSECTION,WEATHER_1,WEATHER_2,STATE_HWY_IND,CALTRANS_COUNTY,CALTRANS_DISTRICT,STATE_ROUTE,ROUTE_SUFFIX,POSTMILE_PREFIX,POSTMILE,LOCATION_TYPE,RAMP_INTERSECTION,SIDE_OF_HWY,TOW_AWAY,COLLISION_SEVERITY,NUMBER_KILLED,NUMBER_INJURED,PARTY_COUNT,PRIMARY_COLL_FACTOR,PCF_CODE_OF_VIOL,PCF_VIOL_CATEGORY,PCF_VIOLATION,PCF_VIOL_SUBSECTION,HIT_AND_RUN,TYPE_OF_COLLISION,MVIW,PED_ACTION,ROAD_SURFACE,ROAD_COND_1,ROAD_COND_2,LIGHTING,CONTROL_DEVICE,CHP_ROAD_TYPE,PEDESTRIAN_ACCIDENT,BICYCLE_ACCIDENT,MOTORCYCLE_ACCIDENT,TRUCK_ACCIDENT,NOT_PRIVATE_PROPERTY,ALCOHOL_INVOLVED,STWD_VEHTYPE_AT_FAULT,CHP_VEHTYPE_AT_FAULT,COUNT_SEVERE_INJ,COUNT_VISIBLE_INJ,COUNT_COMPLAINT_PAIN,COUNT_PED_KILLED,COUNT_PED_INJURED,COUNT_BICYCLIST_KILLED,COUNT_BICYCLIST_INJURED,COUNT_MC_KILLED,COUNT_MC_INJURED,PRIMARY_RAMP,SECONDARY_RAMP,LATITUDE,LONGITUDE,COUNTY,CITY,POINT_X,POINT_Y
9034236,2019,2020-06-24,4114,2019-12-16,0925,0059,SNB10,1,5,4,4114,0,0,0,,0,001,"EL CAMINO REAL","RT 380",0.00,,Y,A,-,Y,SM,4,82,-,-,19.045,I,5,S,N,4,0,1,2,A,-,12,21453,A,N,B,C,A,A,H,-,A,A,0,,,Y,,Y,,A,07,0,0,1,0,0,0,0,0,1,"- ",WF,,,"SAN MATEO","SAN BRUNO",-122.41988372802734,37.634300231933594
90343302,2016,2016-12-13,9330,2016-12-03,1730,019047,,6,2,5,4116,0,1,3,,2,031,"SR-92 W/B",SR-92,528.00,E,N,A,-,Y,,,,,,,,,,N,4,0,2,2,A,-,03,22350,,N,C,C,A,A,H,-,C,D,0,,,,,Y,,D,22,0,0,2,0,0,0,0,0,0,"- ","- ",,,"SAN MATEO","SAN MATEO",,
90343661,2016,2016-12-13,9330,2016-12-06,1020,019356,,2,1,5,4116,0,1,3,,2,031,"STATE ROUTE 92 W/B (SR-92)","US-101 U/C",200.00,E,N,A,-,Y,,,,,,,,,,N,4,0,1,2,A,-,07,21658,A,N,B,C,A,A,H,-,A,D,0,,,,,Y,,A,01,0,0,1,0,0,0,0,0,0,"- ","- ",35.553510000000003,-122.29510000000001,"SAN MATEO","SAN MATEO",,
9034382,2019,2020-07-13,4114,2019-12-17,0250,0869,SNB6,2,5,4,4114,0,0,0,,0,002,"EL CAMINO REAL","ANGUS AV",176.00,S,N,A,-,Y,SM,4,82,-,-,18.280,H,-,N,Y,4,0,1,2,A,-,08,22107,,N,E,J,A,A,H,-,C,D,0,,,,,Y,,A,01,0,0,1,0,0,0,0,0,0,"- ","- ",,,"SAN MATEO","SAN BRUNO",-122.41393280029297,37.624755859375
9034429,2020,2020-01-30,4106,2020-01-03,0654,25043,4100,5,5,6,4106,0,0,0,,0,TRANSI,"LAKE MERCED BL","SOUTH GATE AV",0.00,,Y,A,-,N,,,,,,,,,,N,3,0,1,2,A,-,12,22450,,N,G,B,B,A,H,-,C,A,0,Y,,,,Y,,-,,0,1,0,0,1,0,0,0,0,"- ","- ",,,"SAN MATEO","DALY CITY",-122.48307800292969,37.697650909423828
90345353,2016,2016-12-15,9330,2016-12-08,0430,020023,,4,3,5,4116,0,1,2,,2,038,"US-101 N/B","KEHOE AVE",200.00,S,N,C,-,Y,,,101,,,,,,N,Y,3,0,1,3,A,-,03,22350,,N,B,C,A,B,F,-,A,D,0,,,,,Y,,A,01,0,1,0,0,0,0,0,0,0,"- ","- ",37.562449999999998,-122.30448,"SAN MATEO","SAN MATEO",-122.30460347,37.562317069999999
90345521,2016,2016-12-15,9330,2016-12-08,1714,020207,,4,2,4,4104,0,1,2,,2,038,"US-101 N/B","ANZA BLVD",528.00,S,N,C,-,Y,,,,,,,,,,Y,4,0,3,3,A,-,03,22350,,N,C,C,A,B,H,-,D,D,0,,,,,Y,,I,11,0,0,3,0,0,0,0,0,0,"- ","- ",,,"SAN MATEO",BURLINGAME,,
90345596,2016,2016-12-15,9330,2016-12-08,1715,019960,,4,2,9,4100,0,1,1,,2,034,"I-280 SOUTHBOUND","BLACK MOUNTAIN RD.",150.00,N,N,C,-,Y,,,,,,,,,,Y,4,0,1,2,A,-,03,22350,,N,C,C,A,B,H,-,D,D,0,,,,,Y,,D,22,0,0,1,0,0,0,0,0,0,"- ","- ",,,"SAN MATEO",UNINCORPORATED,,
90346110,2016,2016-12-15,9335,2016-12-04,1040,020783,,7,1,5,4117,0,1,2,,2,012,"US-101 S/B","E GRAND AVENUE",1690.00,N,N,A,-,Y,,,101,,,,,,S,Y,3,0,4,2,A,-,07,21658,A,N,B,C,A,A,H,-,A,D,0,,,,,Y,,A,01,0,2,2,0,0,0,0,0,0,"- ","- ",37.66066,-122.40389999999999,"SAN MATEO","SOUTH SAN FRANCISCO",-122.40391244,37.660674929999999
90348439,2016,2016-12-19,9335,2016-12-08,0230,020666,,4,3,5,4117,0,1,2,,2,012,"US-101 S/B","TERMINAL CT",700.00,S,N,C,-,Y,,,101,,,,,,S,Y,4,0,1,2,A,-,08,22107,,N,C,C,A,B,H,-,D,D,0,,,,,Y,,A,01,0,0,1,0,0,0,0,0,0,"- ","- ",37.644269999999999,-122.40638,"SAN MATEO","SOUTH SAN FRANCISCO",-122.40636086000001,37.644271600000003
90348863,2016,2016-12-20,9335,2016-12-10,1840,020783,,6,2,9,4100,0,1,2,,2,011,"US-101 S/B","MILLBRAE AVE",3360.00,N,N,A,-,Y,,,101,,,,,,S,N,4,0,2,3,A,-,03,22350,,N,C,C,A,A,H,-,D,D,0,,,,,Y,,A,01,0,0,2,0,0,0,0,0,0,"- ","- ",37.612169999999999,-122.39534999999999,"SAN MATEO",UNINCORPORATED,-122.39534372999999,37.612177549999998
9034916,2020,2020-02-14,4117,2020-01-06,1356,991D13,20AI,1,5,5,4117,0,0,0,,0,003,"JUNIPERO SERRA BL","HICKEY BL",150.00,S,N,A,-,N,,,,,,,,,,N,3,0,2,2,A,-,03,22350,,N,C,C,A,A,H,-,A,A,0,,,,,Y,,A,01,0,2,0,0,0,0,0,0,0,"- ","- ",37.665370941162109,-122.45992279052734,"SAN MATEO","SOUTH SAN FRANCISCO",-122.45922088623047,37.665313720703125
9034944,2020,2020-02-08,4100,2020-01-18,1059,25175,41,6,5,2,4118,0,0,0,,0,031,"PORTOLA RD","SAND HILL RD",0.00,,Y,A,-,N,,,,,,,,,,N,4,0,1,2,A,-,09,21802,A,N,A,G,A,A,H,-,A,D,0,,Y,,,Y,,-,,0,0,1,0,0,0,1,0,0,"- ","- ",,,"SAN MATEO",WOODSIDE,-122.24506378173828,37.402378082275391
9035035,2019,2020-02-19,4127,2019-11-17,1218,2185,4127,7,5,4,4127,0,0,0,,0,004,"UNIVERSITY AV","WOODLAND AV",0.00,,Y,A,-,N,,,,,,,,,,Y,4,0,1,2,A,-,12,21453,A,N,D,C,A,A,H,-,A,A,0,,,,,Y,,A,01,0,0,1,0,0,0,0,0,0,"- ","- ",,,"SAN MATEO","EAST PALO ALTO",-122.14173889160156,37.457969665527344
90350555,2016,2016-12-21,9335,2016-12-13,0800,016118,,2,1,6,4106,0,1,1,,2,021,"I-280 N/B","HICKEY BLVD ON-RAMP",250.00,N,N,B,-,Y,,,280,,,,,,N,Y,4,0,1,2,A,-,03,22350,,N,C,C,A,A,H,-,A,D,0,,,,,Y,,A,01,0,0,1,0,0,0,0,0,0,"- ","- ",37.66442,-122.46549,"SAN MATEO","DALY CITY",-122.46554264,37.664420270000001
90352600,2016,2016-12-27,9335,2016-12-12,1308,018845,,1,1,5,4117,0,1,2,,2,012,"US-101 N/B","OYSTER POINT BLVD",1478.00,S,N,B,-,Y,,,101,,,,,,N,Y,4,0,1,2,A,-,07,21658,A,N,C,C,A,A,H,-,A,D,0,,,,Y,Y,,A,01,0,0,1,0,0,0,0,0,0,"- ","- ",37.661079999999998,-122.40308,"SAN MATEO","SOUTH SAN FRANCISCO",-122.40309621999999,37.661105470000003
90352739,2016,2016-12-27,9330,2016-12-13,1800,020322,,2,2,4,4120,0,1,3,,1,035,SR-92,"SUB STATION #2",1200.00,W,N,A,-,Y,,,92,,,,,,,Y,2,0,1,4,A,-,03,22350,,N,C,C,A,A,H,-,C,D,0,,,,,Y,,A,01,1,0,0,0,0,0,0,0,0,"- ","- ",37.570039999999999,-122.26618999999999,"SAN MATEO","FOSTER CITY",-122.26620188,37.57005298
90353283,2016,2016-12-27,9330,2016-09-08,1400,020778,,4,2,9,4100,0,1,3,,2,052,"SR-35 (SKYLINE BOULEVARD)","ALPINE ROAD",1056.00,N,N,A,-,Y,,,35,,,,,,,Y,1,1,2,1,A,-,03,22350,,N,E,I,A,A,H,-,A,D,0,,,,,Y,,A,01,1,1,0,0,0,0,0,0,0,"- ","- ",37.317680000000003,-122.18983,"SAN MATEO",UNINCORPORATED,-122.1899095,37.317581279999999
90354166,2016,2016-12-27,9335,2016-12-16,1500,021455,,5,2,4,4114,0,1,2,,2,011,"US-101 N/B","SAN BRUNO AVE",1320.00,S,N,A,-,Y,,,101,,,,,,N,Y,4,0,1,2,A,-,03,22350,,N,C,C,A,A,H,-,A,D,0,,,,,Y,,D,22,0,0,1,0,0,0,0,0,0,"- ","- ",37.627470000000002,-122.40194,"SAN MATEO","SAN BRUNO",-122.40202789,37.627447910000001
90355675,2016,2016-12-28,9330,2016-12-13,2100,021550,,2,2,5,4116,0,1,S,,2,025,"SR-92 E/B","EL CAMINO REAL",500.00,E,N,B,-,Y,,,92,,,,,,E,Y,4,0,1,2,A,-,03,22350,,N,C,C,A,B,H,-,C,D,0,,,,,Y,,A,01,0,0,1,0,0,0,0,0,0,"- ","- ",37.55236,-122.30719999999999,"SAN MATEO","SAN MATEO",-122.30719925,37.552344810000001
90356349,2016,2016-12-28,9330,2016-12-13,2038,021508,,2,2,5,4113,0,3,5,,2,407,"EDGEWOOD ROAD","SCENIC DRIVE",0.00,,Y,B,-,N,,,,,,,,,,Y,2,0,1,2,A,-,09,21801,A,N,D,C,A,B,H,-,C,A,0,,,Y,,Y,,A,01,1,0,0,0,0,0,0,0,1,"- ","- ",37.479700000000001,-122.2595,"SAN MATEO","REDWOOD CITY",-122.25952993,37.479649969999997
90357566,2016,2016-12-29,9330,2016-12-14,0246,021414,,3,3,4,4109,0,3,5,,2,507,"COLEMAN AVE","MENLO OAKS AVE",13.00,N,N,B,-,N,,,,,,,,,,N,3,0,2,1,A,-,08,22107,,N,E,I,A,B,H,-,D,A,0,,,,,Y,,D,22,0,1,1,0,0,0,0,0,0,"- ","- ",37.464410000000001,-122.16943999999999,"SAN MATEO","MENLO PARK",-122.16949151,37.46436345
90357677,2016,2016-12-29,9330,2016-12-15,1130,021523,,4,1,9,4100,0,1,1,,2,044,"I-280 N/B","EDGEWOOD RD",2112.00,S,N,C,-,Y,,,280,,,,,,N,Y,3,0,1,1,A,-,03,22350,,N,E,I,A,B,H,-,A,D,0,,,,,Y,,A,01,0,1,0,0,0,0,0,0,0,"- ","- ",37.462800000000001,-122.29049999999999,"SAN MATEO",UNINCORPORATED,-122.29067048,37.46279139
9036198,2020,2020-03-19,4117,2020-01-19,0643,14JP02,25AA,7,5,5,4117,0,0,0,,0,003,"WEST ORANGE AV","EL CAMINO REAL",82.00,W,N,A,-,N,,,,,,,,,,Y,3,0,1,2,A,-,08,22107,,N,B,C,A,A,H,-,C,D,0,,,,,Y,,-,,0,1,0,0,0,0,0,0,0,"- ","- ",37.6551513671875,-122.43448638916016,"SAN MATEO","SOUTH SAN FRANCISCO",-122.43084716796875,37.650070190429688
9036202,2020,2020-03-19,4117,2020-01-17,0759,19CR05,01AD,5,5,5,4117,0,0,0,,0,004,"GATEWAY BL","EAST GRAND AV",315.00,S,N,A,-,N,,,,,,,,,,Y,3,0,1,2,A,-,09,21804,A,N,D,C,A,A,H,-,A,D,0,,,Y,,Y,,A,01,0,1,0,0,0,0,0,0,1,"- ","- ",37.652790069580078,-122.40319061279297,"SAN MATEO","SOUTH SAN FRANCISCO",-122.40225982666016,37.653766632080078
90362317,2016,2017-01-05,9330,2016-12-23,1100,021511,,5,1,4,4104,0,1,2,,2,038,"US-101 S/B",BROADWAY,4500.00,S,N,C,-,Y,,,101,,,,,,S,Y,4,0,2,4,A,-,03,22350,,N,C,C,A,B,H,-,A,D,0,,,,,Y,,A,08,0,0,2,0,0,0,0,0,0,"- ","- ",37.587000000000003,-122.34838999999999,"SAN MATEO",BURLINGAME,-122.34838987000001,37.587004960000002
90362708,2016,2017-01-05,9335,2016-12-28,1148,021459,,3,1,2,4103,0,1,2,,2,012,"US-101 N/B","SIERRA POINT PARKWAY UNDERCROSSING",544.00,S,N,A,-,Y,,,101,,,,,,N,Y,4,0,1,1,A,-,08,22107,,N,E,I,A,A,H,-,A,D,0,,,,,Y,,A,07,0,0,1,0,0,0,0,0,0,"- ","- ",37.673000000000002,-122.3901,"SAN MATEO",BRISBANE,-122.39014935,37.67303141
9036723,2019,2020-01-30,4106,2019-11-29,2140,2154,,5,5,6,4106,0,0,0,,0,006,"SERRAMONTE BL","GELLERT BL",570.00,E,N,B,-,N,,,,,,,,,,N,3,0,1,2,A,-,03,22350,,N,C,C,A,B,H,-,C,A,0,,,,,Y,,A,07,0,1,0,0,0,0,0,0,0,"- ","- ",,,"SAN MATEO","DALY CITY",-122.46704864501953,37.669384002685547
9036771,2019,2020-01-30,4106,2019-11-16,1422,2092,,6,5,6,4106,0,0,0,,0,003,"SULLIVAN AV","89TH ST",6.00,N,N,A,-,N,,,,,,,,,,Y,4,0,1,2,A,-,03,22350,,N,B,C,A,A,H,-,A,A,0,,,Y,,Y,,C,02,0,0,1,0,0,0,0,0,1,"- ","- ",,,"SAN MATEO","DALY CITY",-122.47222137451172,37.691837310791016
9036779,2019,2020-01-31,4106,2019-11-21,1510,2146,,4,5,6,4106,0,0,0,,0,006,"HICKEY BL","GELLERT BL",108.00,E,N,A,-,N,,,,,,,,,,Y,3,0,1,2,A,-,04,21703,,N,C,C,A,A,H,-,A,D,0,,,,,Y,,A,01,0,1,0,0,0,0,0,0,0,"- ","- ",37.664131164550781,-122.46887969970703,"SAN MATEO","DALY CITY",-122.46887969970703,37.664360046386719
9036783,2019,2020-01-31,4106,2019-11-18,1325,1263,,1,5,6,4106,0,0,0,,0,003,"MISSION ST","SAN PEDRO RD",114.00,S,N,A,-,N,,,,,,,,,,N,4,0,1,2,A,-,03,22350,,N,C,C,A,A,H,-,A,A,0,,,,,Y,,A,01,0,0,1,0,0,0,0,0,0,"- ","- ",,,"SAN MATEO","DALY CITY",-122.46614074707031,37.689163208007812
9036929,2019,2020-06-24,4109,2019-11-19,2009,14646,,2,5,4,4109,0,0,0,,0,004,"RT 84","MARSH RD",250.00,E,N,A,-,Y,SM,4,84,-,R,26.090,H,-,S,N,3,0,1,3,A,-,03,22350,,N,C,C,A,A,H,-,C,A,0,,,,,Y,,A,01,0,1,0,0,0,0,0,0,0,"- ","- ",37.482700347900391,-122.18168640136719,"SAN MATEO","MENLO PARK",-122.17802429199219,37.486282348632812
90370117,2016,2017-02-01,9330,2016-12-25,1405,021204,,7,2,9,4100,0,1,3,,1,021,"SR-84 W/B","PESCADERO CREEK RD",2640.00,W,N,A,-,Y,,,,,,,,,,Y,4,0,1,1,A,-,08,22107,,N,E,I,A,A,H,-,A,D,0,,,Y,,Y,,C,02,0,0,1,0,0,0,0,0,1,"- ","- ",37.313099999999999,-122.28789999999999,"SAN MATEO",UNINCORPORATED,,
90370188,2016,2017-01-17,9330,2016-12-27,1800,020954,,2,2,9,4100,0,3,5,,2,503,"W SELBY LANE","BERESFORD AVENUE",52.00,N,N,B,-,N,,,,,,,,,,N,4,0,1,2,A,-,21,22106,,N,G,B,E,A,H,-,D,D,0,Y,,,,Y,,A,07,0,0,1,0,1,0,0,0,0,"- ","- ",37.453409999999998,-122.22273,"SAN MATEO",UNINCORPORATED,-122.22295673000001,37.453086740000003
90371247,2017,2017-01-18,9335,2017-01-09,1645,021424,,1,2,4,4111,0,1,3,,2,041,"SR-1 N/B","MANOR DR",2640.00,N,N,B,C,Y,,,1,,,,,,N,Y,4,0,1,1,A,-,08,22107,,N,E,I,A,B,H,-,B,D,0,,,,,Y,,D,22,0,0,1,0,0,0,0,0,0,"- ","- ",37.654789999999998,-122.49082,"SAN MATEO",PACIFICA,-122.49083557,37.654780039999999
90371305,2017,2017-01-18,9330,2017-01-07,2120,020397,,6,2,9,4100,0,1,1,,2,044,"I-280 N/B","VISTA 3",100.00,N,N,C,-,Y,,,,,,,,,,Y,3,0,1,1,A,-,03,22350,,N,A,I,A,B,H,-,D,D,0,,,,,Y,,A,01,0,1,0,0,0,0,0,0,0,"- ","- ",37.098930000000003,-122.0984,"SAN MATEO",UNINCORPORATED,,
90372277,2017,2017-01-18,9335,2017-01-10,2010,015042,,2,2,5,4117,0,1,1,,2,020,"I-280 S/B","WESTBOROUGH BOULEVARD ON RAMP",215.00,S,N,B,C,Y,,,,,,,,,,Y,3,0,1,1,A,-,03,22350,,N,E,I,A,B,H,-,C,D,0,,,,,Y,,A,01,0,1,0,0,0,0,0,0,0,"- ","- ",,,"SAN MATEO","SOUTH SAN FRANCISCO",,
90372599,2017,2017-02-27,9330,2017-01-07,2143,021510,,6,2,4,4104,0,1,2,,2,038,"US-101 NORTHBOUND",BROADWAY,600.00,N,N,C,-,Y,,,101,,,,,,N,Y,4,0,1,1,A,-,08,22107,,N,E,I,A,B,H,-,D,D,0,,,,,Y,,A,01,0,0,1,0,0,0,0,0,0,"- ","- ",37.591250000000002,-122.36277,"SAN MATEO",BURLINGAME,-122.36280247000001,37.591200620000002
90373198,2017,2017-01-19,9335,2017-01-07,0015,021301,,6,3,9,4100,0,1,2,,2,011,"US-101 N/B","BAY AREA RAPID TRANSIT O/C",1372.00,N,N,B,C,Y,,,101,,,,,,N,Y,2,0,3,2,A,-,03,22350,,N,C,C,A,B,H,-,D,D,0,,,,,Y,,A,01,1,1,1,0,0,0,0,0,0,"- ","- ",37.619199999999999,-122.3993,"SAN MATEO",UNINCORPORATED,-122.39920445999999,37.619232599999997
90374629,2017,2017-01-23,9330,2017-01-13,1850,019047,,5,2,5,4116,0,1,3,,2,031,"SR-92 E/B","VINTAGE PARK OVER CROSS",528.00,W,N,B,-,Y,,,,,,,,,,Y,4,0,1,2,A,-,03,22350,,N,C,C,A,A,H,-,C,D,0,,,,,Y,,A,01,0,0,1,0,0,0,0,0,0,"- ","- ",,,"SAN MATEO","SAN MATEO",-122.27976545,37.559556520000001
90375253,2017,2017-01-23,9330,2017-01-12,0905,021414,,4,1,5,4116,0,1,2,,2,048,"US-101 SOUTHBOUND","HILLSDALE BLVD",1056.00,N,N,B,-,Y,,,101,,,,,,S,N,4,0,1,4,A,-,03,22350,,N,C,C,A,B,H,-,A,D,0,,,,,Y,,D,22,0,0,1,0,0,0,0,0,0,"- ","- ",37.548229999999997,-122.29143000000001,"SAN MATEO","SAN MATEO",-122.29148047,37.548184849999998
90375714,2017,2017-02-27,9330,2017-01-10,1510,021510,,2,2,5,4113,0,1,2,,2,048,"US-101 S/B","SR-84 (WOODSIDE ROAD)",500.00,N,N,C,-,Y,,,101,,,,,,S,Y,4,0,1,2,A,-,03,22350,,N,C,C,A,B,H,-,A,D,0,,,,,Y,,A,07,0,0,1,0,0,0,0,0,0,"- ","- ",37.489460000000001,-122.21469,"SAN MATEO","REDWOOD CITY",-122.21469569,37.489442330000003
90375743,2017,2017-01-24,9330,2017-01-13,1800,019047,,5,2,5,4116,0,1,2,,2,038,"US-101 S/B",SR-92,1584.00,N,N,B,-,Y,,,,,,,,,,Y,4,0,1,4,A,-,03,22350,,N,C,C,A,A,H,-,C,D,0,,,,,Y,,A,08,0,0,1,0,0,0,0,0,0,"- ","- ",,,"SAN MATEO","SAN MATEO",-122.29598,37.553400000000003
90375975,2017,2017-01-24,9330,2017-01-18,1237,021337,,3,1,9,4100,0,1,1,,2,044,"I-280 N/B","EDGEWOOD RD.",324.00,N,N,C,-,Y,,,280,,,,,,N,N,3,0,1,1,A,-,03,22350,,N,E,I,A,B,H,-,A,D,0,,,,,Y,,A,01,0,1,0,0,0,0,0,0,0,"- ","- ",37.462870000000002,-122.29067000000001,"SAN MATEO",UNINCORPORATED,-122.29067444,37.462869779999998
90378702,2017,2017-01-26,9330,2017-01-13,0805,020770,,5,1,4,4104,0,1,2,,2,038,"US-101 NORTHBOUND","BROADWAY AVE",528.00,S,N,A,-,Y,,,101,,,,,,N,Y,4,0,1,2,A,-,03,22350,,N,C,C,A,A,H,-,A,D,0,,,,,Y,,A,08,0,0,1,0,0,0,0,0,0,"- ","- ",37.588349999999998,-122.35758,"SAN MATEO",BURLINGAME,-122.35762615,37.58823993
90379932,2017,2017-01-27,9335,2017-01-18,1850,020889,,3,2,9,4100,0,1,2,,2,011,"US-101 N/B","SAN BRUNO AVE. OVER CROSSING",3537.00,S,N,B,C,Y,,,101,,,,,,N,Y,4,0,1,2,A,-,03,22350,,N,C,C,A,B,H,-,D,D,0,,,,,Y,,A,01,0,0,1,0,0,0,0,0,0,"- ","- ",37.621720000000003,-122.40003,"SAN MATEO",UNINCORPORATED,-122.40004317,37.621715539999997
90382896,2017,2017-01-31,9330,2017-01-19,0950,016534,,4,1,5,4116,0,1,2,,2,038,"US-101 S/B","THIRD AVENUE O/C",50.00,N,N,B,C,Y,,,,,,,,,,Y,4,0,2,3,A,-,08,22107,,N,C,C,A,B,H,-,A,A,0,,,,,Y,,-,99,0,0,2,0,0,0,0,0,0,"- ","- ",,,"SAN MATEO","SAN MATEO",-122.31417559,37.570871990000001
90383126,2017,2017-02-01,9335,2017-01-22,1900,021312,,7,2,6,4106,0,1,3,,2,041,"SR-1 S/B FROM SULLIVAN AVE.","I-280 N/B TO SR-1 S/B",50.00,N,N,B,C,Y,,,1,,,,R,,S,Y,4,0,2,1,A,-,03,22350,,N,E,I,A,B,F,-,D,D,0,,,,,Y,,A,07,0,0,2,0,0,0,0,0,0,"- ","- ",37.677169999999997,-122.47255,"SAN MATEO","DALY CITY",-122.47255,37.677169999999997
90384463,2017,2017-02-02,9330,2017-01-30,1555,021521,,1,2,9,4100,0,2,4,,1,051,"MIDDLEFIELD ROAD N/B","NORTHSIDE AVENUE",0.00,,Y,A,-,N,,,,,,,,,,Y,4,0,2,2,A,-,09,21802,A,N,D,C,A,A,H,-,A,D,0,,,,,Y,,A,01,0,0,2,0,0,0,0,0,0,"- ","- ",37.476599999999998,-122.21129999999999,"SAN MATEO",UNINCORPORATED,-122.21132,37.476639980000002
90386139,2017,2017-02-06,9330,2017-01-28,0530,021511,,6,3,9,4100,0,3,5,,2,505,"SPRING ST.","10 TH AVE.",89.00,S,N,A,-,N,,,,,,,,,,Y,3,0,1,2,A,-,01,23152,A,N,F,E,A,A,H,-,D,D,0,,,,,Y,Y,A,01,0,1,0,0,0,0,0,0,0,"- ","- ",37.478149999999999,-122.19508999999999,"SAN MATEO",UNINCORPORATED,-122.19514384999999,37.478193480000002
90388355,2017,2017-02-08,9330,2017-01-27,0845,017851,,5,1,5,4113,0,1,2,,2,058,"US-101 S/B","MARSH ROAD",2640.00,N,N,A,-,Y,,,101,,,,,,S,N,4,0,1,3,A,-,03,22350,,N,C,C,A,A,H,-,A,D,0,,,,,Y,,A,01,0,0,1,0,0,0,0,0,0,"- ","- ",37.48565,-122.19199999999999,"SAN MATEO","REDWOOD CITY",-122.19198647,37.485754800000002
90389359,2017,2017-02-09,9330,2017-02-03,0103,020023,,5,3,4,4120,0,1,3,,1,035,"SR-92 E/B","SUB 4",1056.00,E,N,B,-,Y,,,,,,,,,,Y,3,0,1,2,A,-,03,22350,,N,C,C,A,B,H,-,C,D,0,,,,Y,Y,,F,26,0,1,0,0,0,0,0,0,0,"- ","- ",37.596440000000001,-122.21285,"SAN MATEO","FOSTER CITY",,
90390072,2017,2017-02-10,9335,2017-02-02,1830,020889,,4,2,6,4106,0,1,3,,2,035,"SR-35 S/B","WESTMOOR AVE.",5491.00,S,N,B,C,Y,,,35,,,,,,S,N,2,0,1,2,A,-,21,22106,,N,G,B,E,B,H,-,C,A,0,Y,,,,Y,,J,48,1,0,0,0,1,0,0,0,0,"- ","- ",37.668619999999997,-122.48557,"SAN MATEO","DALY CITY",-122.48551945,37.668682099999998
9039009,2020,2020-03-03,4111,2020-01-15,0808,P5085,P19,3,5,4,4111,0,0,0,,0,0P3,"LINDA MAR BL","SHEILA WY",536.00,W,N,A,-,N,,,,,,,,,,N,4,0,2,2,A,-,08,22103,,N,D,D,A,A,H,-,A,D,0,,,,,Y,,A,01,0,0,2,0,0,0,0,0,0,"- ","- ",,,"SAN MATEO",PACIFICA,-122.49018096923828,37.58599853515625
90390605,2017,2017-02-10,9335,2017-02-02,0245,021474,,4,3,5,4117,0,1,2,,2,012,"US-101 N/B TO BAYSHORE BLVD. N/B","OYSTER POINT BLVD. O/C",2376.00,N,N,B,C,Y,,,101,,,,R,,N,Y,3,0,1,1,A,-,08,22107,,N,E,I,A,B,H,-,C,D,0,,,,,Y,,A,07,0,1,0,0,0,0,0,0,0,"- ","- ",37.66874,-122.39328999999999,"SAN MATEO","SOUTH SAN FRANCISCO",-122.39328999999999,37.66874
90391267,2017,2017-02-13,9330,2017-02-03,1500,021276,,5,2,9,4100,0,2,4,,1,051,"5TH AVE W/B","SR-82 (EL CAMINO REAL)",300.00,E,N,A,-,N,,,,,,,,,,Y,3,0,1,2,A,-,08,22107,,N,C,E,A,B,H,-,A,D,0,,,,,Y,,A,01,0,1,0,0,0,0,0,0,0,"- ","- ",,,"SAN MATEO",UNINCORPORATED,-122.20830917000001,37.467896349999997
9039300,2020,2020-09-24,4100,2020-01-28,0728,25274,WDS,2,5,2,4118,0,0,0,,0,030,"RT 84","RT 280",72.00,W,N,B,-,Y,SM,4,84,-,-,21.500,H,-,N,Y,3,0,1,1,A,-,01,23152,A,N,E,I,A,A,H,-,A,A,0,,,,,Y,Y,D,22,0,1,0,0,0,0,0,0,0,"- ",SO,,,"SAN MATEO",WOODSIDE,-122.24429321289062,37.434944152832031
90394454,2017,2017-02-16,9335,2017-02-07,0507,020666,,2,3,6,4106,0,1,1,,2,021,"I-280 N/B","SERRAMONTE BLVD",400.00,S,N,B,C,Y,,,280,,,,,,N,Y,4,0,1,2,A,-,03,22350,,N,D,C,A,B,H,-,D,D,0,,,,,Y,,A,01,0,0,1,0,0,0,0,0,0,"- ","- ",37.668599999999998,-122.46568000000001,"SAN MATEO","DALY CITY",-122.46571299,37.668590649999999
90394864,2017,2017-02-16,9330,2017-02-08,1211,021442,,3,1,9,4100,0,1,3,,1,011,SR-92,SR-35,500.00,E,N,C,-,Y,,,,,,,,,,Y,4,0,1,2,A,-,03,22350,,N,C,C,A,B,H,-,A,D,0,,,,,Y,,A,07,0,0,1,0,0,0,0,0,0,"- ","- ",37.294710000000002,-122.22284000000001,"SAN MATEO",UNINCORPORATED,,
90395179,2017,2017-02-16,9335,2017-02-10,1430,021459,,5,2,5,4117,0,1,1,,2,020,"I-280 S/B","AVALON DR",245.00,S,N,A,-,Y,,,280,,,,,,S,Y,3,0,1,2,A,-,03,22350,,N,C,C,A,A,H,-,A,D,0,,,,,Y,,A,01,0,1,0,0,0,0,0,0,0,"- ","- ",37.638820000000003,-122.44153,"SAN MATEO","SOUTH SAN FRANCISCO",-122.44148274,37.638862969999998