CASE_ID,ACCIDENT_YEAR,PROC_DATE,JURIS,COLLISION_DATE,COLLISION_TIME,OFFICER_ID,REPORTING_DISTRICT,DAY_OF_WEEK,CHP_SHIFT,POPULATION,CNTY_CITY_LOC,SPECIAL_COND,BEAT_TYPE,CHP_BEAT_TYPE,CITY_DIVISION_LAPD,CHP_BEAT_CLASS,BEAT_NUMBER,PRIMARY_RD,SECONDARY_RD,DISTANCE,DIRECTION,INTERSECTION,WEATHER_1,WEATHER_2,STATE_HWY_IND,CALTRANS_COUNTY,CALTRANS_DISTRICT,STATE_ROUTE,ROUTE_SUFFIX,POSTMILE_PREFIX,POSTMILE,LOCATION_TYPE,RAMP_INTERSECTION,SIDE_OF_HWY,TOW_AWAY,COLLISION_SEVERITY,NUMBER_KILLED,NUMBER_INJURED,PARTY_COUNT,PRIMARY_COLL_FACTOR,PCF_CODE_OF_VIOL,PCF_VIOL_CATEGORY,PCF_VIOLATION,PCF_VIOL_SUBSECTION,HIT_AND_RUN,TYPE_OF_COLLISION,MVIW,PED_ACTION,ROAD_SURFACE,ROAD_COND_1,ROAD_COND_2,LIGHTING,CONTROL_DEVICE,CHP_ROAD_TYPE,PEDESTRIAN_ACCIDENT,BICYCLE_ACCIDENT,MOTORCYCLE_ACCIDENT,TRUCK_ACCIDENT,NOT_PRIVATE_PROPERTY,ALCOHOL_INVOLVED,STWD_VEHTYPE_AT_FAULT,CHP_VEHTYPE_AT_FAULT,COUNT_SEVERE_INJ,COUNT_VISIBLE_INJ,COUNT_COMPLAINT_PAIN,COUNT_PED_KILLED,COUNT_PED_INJURED,COUNT_BICYCLIST_KILLED,COUNT_BICYCLIST_INJURED,COUNT_MC_KILLED,COUNT_MC_INJURED,PRIMARY_RAMP,SECONDARY_RAMP,LATITUDE,LONGITUDE,COUNTY,CITY,POINT_X,POINT_Y
90572851,2017,2017-10-18,9330,2017-10-07,2250,020954,,6,3,5,4116,0,1,2,,2,038,"US-101 SOUTHBOUND","THIRD AVENUE",1584.00,N,N,A,-,Y,,,101,,,,,,S,Y,4,0,1,3,A,-,03,22350,,F,C,C,A,A,H,-,D,D,0,,,,,Y,,A,01,0,0,1,0,0,0,0,0,0,"- ","- ",37.573540000000001,-122.31712,"SAN MATEO","SAN MATEO",-122.31708724000001,37.573575099999999
90573874,2017,2017-10-19,9330,2017-10-13,1305,021662,,5,1,5,4116,0,1,2,,2,048,"US-101 NORTHBOUND","HILLSDALE BLVD",300.00,S,N,A,-,Y,,,101,,,,,,N,Y,4,0,2,2,A,-,07,21658,A,N,C,C,A,A,H,-,A,A,0,,,,,Y,,A,01,0,0,2,0,0,0,0,0,0,"- ","- ",37.542160000000003,-122.28543999999999,"SAN MATEO","SAN MATEO",-122.28552754,37.542073850000001
90575416,2017,2017-10-23,9330,2017-10-15,1430,021847,,7,2,9,4100,0,1,3,,1,011,"SR-92 E/B","CANADA RD.",97.00,W,N,A,-,Y,,,,,,,,,,Y,3,0,1,2,A,-,03,22350,,N,C,C,A,A,H,-,A,A,0,,,,,Y,,A,07,0,1,0,0,0,0,0,0,0,"- ","- ",37.304209999999998,-122.20508,"SAN MATEO",UNINCORPORATED,-122.34163778999999,37.506963149999997
90575494,2017,2017-10-23,9330,2017-10-13,0640,021662,,5,1,4,4120,0,1,3,,2,031,"SR-92 WESTBOUND","FOSTER CITY BLVD",300.00,W,N,A,-,Y,,,92,,,,,,W,Y,4,0,1,3,A,-,03,22350,,N,C,C,A,A,H,-,B,D,0,,,,Y,Y,,F,26,0,0,1,0,0,0,0,0,0,"- ","- ",37.563580000000002,-122.27378,"SAN MATEO","FOSTER CITY",-122.27378487999999,37.563586469999997
90575631,2017,2017-10-23,9335,2017-10-02,2230,021390,,1,3,2,4103,0,1,2,,2,012,"US-101 S/B","LAGOON RD",1060.00,S,N,A,-,Y,,,101,,,,,,S,Y,4,0,1,3,A,-,03,22350,,N,C,C,A,A,H,-,C,D,0,,,,,Y,,A,01,0,0,1,0,0,0,0,0,0,"- ","- ",37.686970000000002,-122.39035,"SAN MATEO",BRISBANE,-122.39030909,37.68697907
90575657,2017,2017-10-23,9330,2017-10-15,1900,021636,,7,2,9,4100,0,1,3,,1,021,"SR-84 (LA HONDA RD)","SR-35 (SKYLINE BLVD)",30.00,W,N,A,-,N,,,84,,,,,,,N,4,0,1,1,A,-,05,21460,A,N,E,I,A,A,H,-,B,D,0,,,Y,,Y,,C,02,0,0,1,0,0,0,0,0,1,"- ","- ",37.386400000000002,-122.2646,"SAN MATEO",UNINCORPORATED,-122.26459679,37.386347579999999
90575662,2017,2017-10-23,9330,2017-10-15,1935,021616,,7,2,9,4100,0,1,3,,2,052,SR-35,"ALPINE RD",3960.00,S,N,A,-,Y,,,35,,,,,,,Y,2,0,1,1,A,-,01,23152,A,N,E,I,A,A,H,-,B,D,0,,,,,Y,Y,D,22,1,0,0,0,0,0,0,0,0,"- ","- ",37.31221,-122.17453999999999,"SAN MATEO",UNINCORPORATED,-122.17455965000001,37.312167289999998
90576881,2017,2017-10-24,9330,2017-10-16,1725,021830,,1,2,4,4102,0,1,2,,2,048,"US-101 N/B","RALSTON AVE",910.00,N,N,A,-,Y,,,101,,,,,,N,N,3,0,1,1,A,-,08,22107,,N,F,A,A,A,H,-,A,D,0,,,Y,,Y,,C,02,0,1,0,0,0,0,0,0,1,"- ","- ",37.528149999999997,-122.27244,"SAN MATEO",BELMONT,-122.27227927,37.528332450000001
90577612,2017,2017-10-24,9335,2017-10-16,0055,021341,,1,3,5,4117,0,1,2,,2,012,"US-101 N/B","S. AIRPORT BLVD",329.00,N,N,A,-,Y,,,101,,,,,,N,N,4,0,1,2,A,-,03,22350,,N,C,C,A,A,H,-,C,D,0,,,,,Y,,A,01,0,0,1,0,0,0,0,0,0,"- ","- ",37.651060000000001,-122.40662,"SAN MATEO","SOUTH SAN FRANCISCO",-122.40672037,37.651050210000001
90577648,2017,2017-10-24,9335,2017-10-16,1515,016118,,1,2,9,4100,0,1,3,,2,041,"SR-1 N/B","S/E OF TOM LANTOS N/B TUNNEL",3960.00,S,N,A,-,Y,,,1,,,,,,N,Y,4,0,1,1,C,-,18,,,N,E,I,A,A,H,-,A,D,0,,,,Y,Y,,-,"- ",0,0,1,0,0,0,0,0,0,"- ","- ",37.55706,-122.51335,"SAN MATEO",UNINCORPORATED,-122.51339243,37.557021550000002
90578207,2017,2017-10-25,9330,2017-10-20,1445,019691,,5,2,9,4100,0,1,1,,2,044,"I-280 N/B","VISTA 2",1056.00,S,N,A,-,Y,,,,,,,,,,Y,3,0,1,3,A,-,03,22350,,N,B,C,A,A,H,-,A,D,0,,,,,Y,,E,22,0,1,0,0,0,0,0,0,0,"- ","- ",,,"SAN MATEO",UNINCORPORATED,,
9058176,2020,2020-07-28,4113,2020-04-13,1348,383,8,1,5,5,4113,0,0,0,,0,008,"WOODSIDE RD","MASSACHUSETTS AV",33.00,W,N,A,-,N,,,84,,,,,,,N,3,0,1,2,A,-,12,21453,A,N,D,C,A,A,H,-,A,A,0,,,,,Y,,D,22,0,1,0,0,0,0,0,0,0,"- ","- ",37.457248687744141,-122.22757720947266,"SAN MATEO","REDWOOD CITY",-122.22753143310547,37.457225799560547
90581872,2017,2017-10-30,9330,2017-10-20,0755,021847,,5,1,4,4120,0,1,3,,1,035,"SR-92 W/B (SAN MATEO BRIDGE)","SECOND E/B TURNOUT",40.00,E,N,B,-,Y,,,,,,,,,,N,4,0,1,4,A,-,03,22350,,N,C,C,A,A,H,-,A,D,0,,,,,Y,,D,23,0,0,1,0,0,0,0,0,0,"- ","- ",37.3536,-122.145,"SAN MATEO","FOSTER CITY",,
90581994,2017,2017-10-30,9330,2017-10-21,0400,021884,,6,3,9,4100,0,1,3,,1,020,SR-1,"BEAN HOLLOW ROAD",528.00,N,N,A,-,Y,,,1,,,,,,,Y,3,0,1,1,A,-,08,22107,,N,E,I,A,A,H,-,D,D,0,,,,,Y,,A,01,0,1,0,0,0,0,0,0,0,"- ","- ",37.22381,-122.40682,"SAN MATEO",UNINCORPORATED,-122.40687425,37.22377685
9058212,2020,2020-07-09,4113,2020-03-27,0612,476,3,5,5,5,4113,0,0,0,,0,003,"VETERANS BL","WOODSIDE RD",0.00,,Y,A,-,N,,,,,,,,,,Y,3,0,1,2,A,-,12,21453,A,N,D,C,A,A,H,-,B,A,0,,,,Y,Y,,A,01,0,1,0,0,0,0,0,0,0,"- ","- ",37.488250732421875,-122.21357727050781,"SAN MATEO","REDWOOD CITY",-122.21367645263672,37.488361358642578
90582172,2017,2017-10-30,9330,2017-10-24,1710,021356,,2,2,9,4100,0,1,3,,1,020,SR-1,"WHITEHOUSE CANYON ROAD",4752.00,S,N,A,-,Y,,,1,,,,,,,Y,3,0,1,1,A,-,08,22107,,N,E,I,A,A,H,-,D,D,0,,,,,Y,,A,01,0,1,0,0,0,0,0,0,0,"- ","- ",37.143940000000001,-122.33156,"SAN MATEO",UNINCORPORATED,-122.33152511999999,37.144047870000001
90582862,2017,2017-10-30,9330,2017-10-25,0950,015268,,3,1,2,4118,0,1,1,,2,054,"I-280 SOUTHBOUND","SR-84 (WOODSIDE RD)",1056.00,N,N,A,-,Y,,,,,,,,,,Y,3,0,2,2,A,-,03,22350,,N,C,C,A,A,H,-,A,D,0,,,,,Y,,A,01,0,2,0,0,0,0,0,0,0,"- ","- ",,,"SAN MATEO",WOODSIDE,,
90583152,2017,2017-10-31,9335,2017-09-20,2200,021277,,3,3,6,4106,0,1,3,,2,041,"SR-1 N/B","CLARINADA AVE",720.00,N,N,A,-,Y,,,1,,,,,,N,Y,3,0,2,2,A,-,01,23152,A,N,A,C,A,A,H,-,D,D,0,,,,,Y,Y,A,01,0,2,0,0,0,0,0,0,0,"- ","- ",37.673209999999997,-122.47432000000001,"SAN MATEO","DALY CITY",-122.47430319,37.673199199999999
90583277,2017,2017-10-31,9330,2017-10-26,0600,016534,,4,1,5,4116,0,1,2,,2,048,"US-101 S/B","SR-92 O/C",528.00,S,N,A,-,Y,,,,,,,,,,Y,4,0,1,2,A,-,08,22107,,N,B,C,A,A,H,-,D,A,0,,,,,Y,,A,01,0,0,1,0,0,0,0,0,0,"- ","- ",,,"SAN MATEO","SAN MATEO",-122.29609000000001,37.553190000000001
90584340,2017,2017-11-01,9335,2017-10-24,1040,021780,,2,1,2,4103,0,1,2,,2,012,"US-101 N/B","ALANA WAY U/C",1267.00,S,N,A,-,Y,,,101,,,,,,N,Y,4,0,2,3,A,-,03,22350,,N,C,C,A,A,H,-,A,D,0,,,,,Y,,A,07,0,0,2,0,0,0,0,0,0,"- ","- ",37.705419999999997,-122.39421,"SAN MATEO",BRISBANE,-122.39419478000001,37.705423639999999
90584685,2017,2017-11-01,9330,2017-10-27,0310,016184,,5,3,9,4100,0,3,5,,2,004,"CANADA RD.",I-280,600.00,N,N,A,-,N,,,,,,,,,,Y,4,0,1,1,A,-,08,22107,,N,E,I,A,A,H,-,D,D,0,,,,,Y,,A,07,0,0,1,0,0,0,0,0,0,"- ","- ",37.460250000000002,-122.29281,"SAN MATEO",UNINCORPORATED,-122.29264670000001,37.460326160000001
90584776,2017,2017-11-01,9330,2017-10-25,1614,021865,,3,2,9,4100,0,1,1,,2,044,"I-280 SOUTHBOUND",SR-92,3696.00,S,N,A,-,Y,,,280,,,,,,S,Y,4,0,1,1,A,-,08,22107,,N,F,I,A,A,H,-,A,D,0,,,,,Y,,A,07,0,0,1,0,0,0,0,0,0,"- ","- ",37.501350000000002,-122.32995,"SAN MATEO",UNINCORPORATED,-122.32996872,37.50130265
90586629,2017,2017-11-03,9330,2017-10-29,0845,019691,,7,1,4,4120,0,1,3,,1,035,"SR-92 E/B","PIER 1",5280.00,E,N,A,-,Y,,,,,,,,,,Y,3,0,1,1,A,-,08,22107,,N,E,I,A,A,H,-,A,D,0,,,,,Y,,A,01,0,1,0,0,0,0,0,0,0,"- ","- ",,,"SAN MATEO","FOSTER CITY",,
90589747,2017,2017-11-08,9335,2017-11-01,1800,021736,,3,2,5,4117,0,1,1,,2,020,"I-280 N/B","AVALON DR",462.00,S,N,A,-,Y,,,280,,,,,,N,N,4,0,1,2,A,-,03,22350,,N,C,C,A,A,H,-,A,D,0,,,,,Y,,A,01,0,0,1,0,0,0,0,0,0,"- ","- ",37.63852,-122.44092000000001,"SAN MATEO","SOUTH SAN FRANCISCO",-122.44089676,37.638537650000004
90589923,2017,2017-11-08,9330,2017-11-02,1840,021414,,4,2,4,4109,0,3,5,,2,503,"AVY AVENUE EASTBOUND","ALAMEDA DE LAS PULGAS",85.00,E,N,A,-,N,,,,,,,,,,N,4,0,2,3,A,-,03,22350,,N,C,C,A,A,H,-,C,A,0,,,,,Y,,A,01,0,0,2,0,0,0,0,0,0,"- ","- ",37.432009999999998,-122.20131000000001,"SAN MATEO","MENLO PARK",-122.20135955000001,37.431985339999997
90590928,2017,2017-11-09,9330,2017-11-03,0001,021414,,5,3,5,4113,0,1,2,,2,048,"US-101 NORTHBOUND","WHIPPLE AVE",1056.00,N,N,A,-,Y,,,101,,,,,,N,Y,3,0,2,2,A,-,03,22350,,N,C,C,A,A,H,-,D,D,0,,,,,Y,,A,01,0,1,1,0,0,0,0,0,0,"- ","- ",37.497250000000001,-122.23557,"SAN MATEO","REDWOOD CITY",-122.23559869,37.497175130000002
90592358,2017,2017-11-13,9335,2017-10-01,1215,021644,,7,1,6,4106,0,1,1,,2,021,"I-280 N/B","SERRAMONTE BLVD U/C",1056.00,S,N,A,-,Y,,,280,,,,,,N,Y,4,0,2,2,A,-,03,22350,,N,C,C,A,A,H,-,A,D,0,,,,,Y,,A,01,0,0,2,0,0,0,0,0,0,"- ","- ",37.666620000000002,-122.46545,"SAN MATEO","DALY CITY",-122.46557521,37.66661809
90592752,2017,2017-11-13,9330,2017-10-31,0655,021843,,2,1,2,4118,0,1,1,,2,044,"I-280 S/B TO FARMHILL BLVD OFF-RAMP",I-280,140.00,W,N,A,-,Y,,,280,,,,R,,S,Y,3,0,2,2,A,-,03,22350,,N,C,C,A,A,H,-,A,A,0,,,,,Y,,A,01,0,1,1,0,0,0,0,0,0,"- ","- ",37.44314,-122.26438,"SAN MATEO",WOODSIDE,-122.26438,37.44314
90592856,2017,2018-06-21,9330,2017-11-09,0735,016534,,4,1,5,4116,0,1,2,,2,048,"US-101 N/B","SR-92 O/C",50.00,S,N,B,C,Y,,,,,,,,,,Y,4,0,1,2,A,-,03,22350,,N,C,C,A,B,H,-,A,A,0,,,Y,,Y,,C,02,0,0,1,0,0,0,0,0,1,"- ","- ",,,"SAN MATEO","SAN MATEO",-122.29588081999999,37.553287599999997
90593238,2017,2017-11-13,9330,2017-11-09,1540,019478,,4,2,9,4100,0,1,3,,1,021,"SR-84( LA HONDA ROAD)","PESCADERO CREEK RD",4752.00,W,N,B,-,Y,,,,,,,,,,Y,3,0,1,1,A,-,08,22107,,N,E,I,A,B,H,-,A,A,0,,,,,Y,,A,07,0,1,0,0,0,0,0,0,0,"- ","- ",,,"SAN MATEO",UNINCORPORATED,,
90593610,2017,2017-11-14,9330,2017-11-09,2020,020023,,4,2,4,4115,0,1,3,,2,042,"US-101 N/B","HOLLY ST",660.00,S,N,A,-,Y,,,101,,,,,,N,Y,4,0,2,2,A,-,03,22350,,N,C,C,A,A,H,-,D,D,0,,,,,Y,,A,01,0,0,2,0,0,0,0,0,0,"- ","- ",37.512680000000003,-122.25456,"SAN MATEO","SAN CARLOS",-122.25456201999999,37.512677670000002
90593843,2017,2017-11-14,9345,2017-11-13,0620,021817,,1,1,4,4109,0,1,3,,2,084,"SR-84 S/B","UNIVERSITY AVENUE",2640.00,N,N,A,-,Y,,,84,,,,,,S,N,4,0,1,2,A,-,03,22350,,N,C,C,A,A,H,-,A,D,0,,,,,Y,,A,07,0,0,1,0,0,0,0,0,0,"- ","- ",37.49342,-122.13496000000001,"SAN MATEO","MENLO PARK",-122.13498546,37.493449349999999
90594388,2017,2017-11-15,9335,2017-11-07,2000,021724,,2,2,9,4100,0,1,2,,2,011,"US-101 S/B FROM SFO DOMESTIC TERMINALS","SPRUCE ST",75.00,S,N,A,-,Y,,,101,,,,R,,S,Y,4,0,2,2,A,-,03,22350,,N,C,C,A,A,H,-,D,A,0,,,,,Y,,A,01,0,0,2,0,0,0,0,0,0,"- ","- ",37.610799999999998,-122.3938,"SAN MATEO",UNINCORPORATED,-122.3938,37.610799999999998
90594501,2017,2017-11-15,9335,2017-11-06,2120,019999,,1,2,6,4106,0,1,1,,2,021,"I-280 N/B","JUNIPERO SERRA BLVD",575.00,N,N,A,-,Y,,,280,,,,,,N,Y,4,0,1,3,A,-,03,22350,,N,C,C,A,A,H,-,D,D,0,,,,,Y,,A,01,0,0,1,0,0,0,0,0,0,"- ","- ",37.698129999999999,-122.47117,"SAN MATEO","DALY CITY",-122.4713076,37.698117629999999
90594638,2017,2017-11-15,9330,2017-11-13,0830,021843,,1,1,5,4116,0,1,2,,2,048,"US-101 NORTHBOUND",SR-92,900.00,S,N,B,-,Y,,,101,,,,,,N,Y,4,0,1,3,A,-,03,22350,,N,C,C,A,A,H,-,A,D,0,,,,,Y,,A,01,0,0,1,0,0,0,0,0,0,"- ","- ",37.550890000000003,-122.29374,"SAN MATEO","SAN MATEO",-122.2936887,37.550938219999999
90595828,2017,2017-11-16,9330,2017-11-14,1535,021865,,2,2,5,4116,0,1,3,,2,031,"SR-92 WESTBOUND","ALAMEDA DE LAS PULGAS",528.00,W,N,A,-,Y,,,,,,,,,,N,4,0,1,3,A,-,03,22350,,N,B,C,A,A,H,-,A,D,0,,,,,Y,,A,01,0,0,1,0,0,0,0,0,0,"- ","- ",37.602449999999997,-122.32642,"SAN MATEO","SAN MATEO",-122.32469792000001,37.546504249999998
90597338,2017,2017-11-20,9335,2017-10-02,2035,021390,,1,2,4,4114,0,1,2,,2,012,"US-101 N/B FROM SAN BRUNO AVENUE","SAN BRUNO AVE OVERCROSSING",715.00,N,N,A,-,Y,,,,,,,,,,Y,3,0,1,1,A,-,08,22107,,N,F,A,A,A,H,-,C,D,0,,,Y,,Y,,C,02,0,1,0,0,0,0,0,0,1,"- ","- ",37.633560000000003,-122.40254,"SAN MATEO","SAN BRUNO",-122.40292095,37.633294820000003
90597389,2017,2017-11-20,9335,2017-10-06,1545,021724,,5,2,2,4103,0,1,2,,2,012,"US-101 N/B","SIERRA POINT PARKWAY UNDERCROSSING",1267.00,N,N,A,-,Y,,,101,,,,,,N,Y,3,0,1,2,A,-,03,22350,,N,C,C,A,A,H,-,A,D,0,,,Y,,Y,,C,02,0,1,0,0,0,0,0,0,1,"- ","- ",37.677900000000001,-122.3883,"SAN MATEO",BRISBANE,-122.38827585999999,37.677898970000001
90597624,2017,2017-11-20,9330,2017-11-11,0328,021616,,6,3,4,4102,0,1,2,,2,048,"US-101 S/B","RALSTON AVE",528.00,S,N,A,-,Y,,,101,,,,,,S,Y,2,0,1,1,A,-,01,23152,A,N,E,C,A,A,H,-,D,D,0,,,,,Y,Y,A,01,1,0,0,0,0,0,0,0,0,"- ","- ",37.524819999999998,-122.26867,"SAN MATEO",BELMONT,-122.26864632,37.52484613
90599390,2017,2017-11-21,9330,2017-11-15,0645,015268,,3,1,9,4100,0,1,1,,2,034,"I-280 NORTHBOUND","TROUSDALE DR",6336.00,S,N,B,-,Y,,,,,,,,,,Y,2,0,1,1,A,-,08,22107,,N,E,I,A,A,H,-,A,D,0,,,,,Y,,A,01,1,0,0,0,0,0,0,0,0,"- ","- ",,,"SAN MATEO",UNINCORPORATED,-122.39161228,37.566719140000004
90599808,2017,2017-11-21,9330,2017-11-16,1307,021847,,4,1,9,4100,0,1,1,,2,034,"I-280 S/B","BUNKER HILL DRIVE O/C",1584.00,S,N,C,-,Y,,,280,,,,,,S,Y,3,0,2,1,A,-,03,22350,,N,F,A,A,B,H,-,A,D,0,,,,,Y,,A,01,0,2,0,0,0,0,0,0,0,"- ","- ",37.519100000000002,-122.3537,"SAN MATEO",UNINCORPORATED,-122.35385444000001,37.518987109999998
90600041,2017,2017-11-22,9335,2017-11-10,1050,021886,,5,1,5,4117,0,1,2,,2,011,"US-101 SOUTHBOUND","MILLBRAE AVE. O/C",5280.00,N,N,B,-,Y,,,,,,,,,,N,4,0,2,3,A,-,03,22350,,N,C,C,A,B,H,-,A,D,0,,,,,Y,,A,08,0,0,2,0,0,0,0,0,0,"- ","- ",37.612049999999996,-122.39516999999999,"SAN MATEO","SOUTH SAN FRANCISCO",-122.39461602,37.611647859999998
90600108,2017,2017-11-22,9330,2017-11-16,1837,021616,,4,2,5,4116,0,1,3,,2,031,"SR-92 E/B","W. HILLSDALE BLVD",50.00,E,N,B,-,Y,,,92,,,,,,E,Y,4,0,2,2,A,-,08,22107,,N,D,C,A,B,H,-,B,D,0,,,,,Y,,A,01,0,0,2,0,0,0,0,0,0,"- ","- ",37.532800000000002,-122.3295,"SAN MATEO","SAN MATEO",-122.32955578000001,37.532823139999998
90600363,2017,2017-11-22,9330,2017-11-17,2000,021523,,5,2,5,4116,0,1,2,,2,048,"US-101 N/B","HILLSDALE BOULEVARD",700.00,N,N,B,-,Y,,,101,,,,,,N,Y,4,0,1,2,A,-,03,22350,,N,C,C,A,A,H,-,C,D,0,,,,,Y,,A,01,0,0,1,0,0,0,0,0,0,"- ","- ",37.546149999999997,-122.28937000000001,"SAN MATEO","SAN MATEO",-122.28925246,37.546259650000003
90601137,2017,2017-11-22,9335,2017-11-10,1235,021742,,5,1,5,4117,0,1,1,,2,021,"I-280 S/B","AVALON DRIVE UNDERCROSSING",100.00,S,N,B,-,Y,,,280,,,,,,S,Y,3,0,1,3,A,-,03,22350,,N,C,C,A,B,H,-,A,D,0,,,,,Y,,A,07,0,1,0,0,0,0,0,0,0,"- ","- ",37.639130000000002,-122.44181,"SAN MATEO","SOUTH SAN FRANCISCO",-122.44176378,37.639172029999997
90601390,2017,2017-11-23,9330,2017-11-22,1100,020106,,3,1,9,4100,0,3,5,,2,109,"DEL ORO AVENUE","FRANCISCO STREET",0.00,,Y,A,G,N,,,,,,,,,,Y,4,0,2,2,A,-,09,21800,B,N,D,C,A,A,H,-,A,D,0,,,,,Y,,A,07,0,0,2,0,0,0,0,0,0,"- ","- ",37.506219999999999,-122.47111,"SAN MATEO",UNINCORPORATED,-122.47110993,37.506209890000001
90601734,2017,2017-11-27,9335,2017-11-16,1820,020783,,4,2,6,4106,0,1,1,,2,020,"I-280 N/B","HICKEY BLVD",2524.00,S,N,B,C,Y,,,280,,,,,,N,Y,4,0,1,2,A,-,03,22350,,N,C,C,A,B,H,-,D,D,0,,,,,Y,,A,01,0,0,1,0,0,0,0,0,0,"- ","- ",37.657539999999997,-122.46074,"SAN MATEO","DALY CITY",-122.46072792,37.657555479999999
90601737,2017,2017-11-27,9335,2017-11-16,1424,020783,,4,2,4,4111,0,1,3,,2,041,"SR-1 S/B","MANOR DR",3291.00,N,N,B,C,Y,,,1,,,,,,S,Y,4,0,1,1,A,-,08,22107,,N,E,I,A,B,H,-,A,D,0,,,,,Y,,A,01,0,0,1,0,0,0,0,0,0,"- ","- ",37.657989999999998,-122.48742,"SAN MATEO",PACIFICA,-122.48743002000001,37.657924530000003
90604090,2017,2017-11-28,9330,2017-11-16,2110,021442,,4,2,9,4100,0,1,1,,2,054,"I-280 S/B","ALPINE ROAD",1056.00,N,N,A,-,Y,,,280,,,,,,S,Y,3,0,1,1,A,-,08,22107,,N,E,I,A,A,H,-,D,D,0,,,,,Y,,A,07,0,1,0,0,0,0,0,0,0,"- ","- ",37.412190000000002,-122.20429,"SAN MATEO",UNINCORPORATED,-122.20433402,37.412050620000002
90604579,2017,2017-11-29,9330,2017-11-21,1805,021243,,2,2,5,4116,0,1,2,,2,038,"US-101 SOUTHBOUND","DORE AVENUE",80.00,S,N,A,-,Y,,,101,,,,,,S,Y,4,0,2,3,A,-,03,22350,,N,C,C,A,A,H,-,D,D,0,,,,,Y,,A,08,0,0,2,0,0,0,0,0,0,"- ","- ",37.577570000000001,-122.32156999999999,"SAN MATEO","SAN MATEO",-122.32150126000001,37.577645230000002
90606069,2017,2017-11-30,9330,2017-11-28,1240,020646,,2,1,4,4104,0,1,2,,2,038,"US 101 S/B","BROADWAY AVE",1100.00,N,N,B,-,Y,,,,,,,,,,Y,4,0,2,2,A,-,03,22350,,N,C,C,A,A,H,-,A,D,0,,,,,Y,,A,01,0,0,2,0,0,0,0,0,0,"- ","- ",37.542400000000001,-122.3643,"SAN MATEO",BURLINGAME,-122.36462379,37.592148870000003
90608497,2017,2017-12-04,9335,2017-11-21,1824,021770,,2,2,4,4114,0,1,1,,2,020,"I-280 NORTHBOUND","SAN BRUNO AVE",1400.00,S,N,A,-,Y,,,280,,,,,,N,Y,4,0,1,2,A,-,03,22350,,N,C,C,A,A,H,-,C,D,0,,,,,Y,,A,01,0,0,1,0,0,0,0,0,0,"- ","- ",37.621070000000003,-122.42619000000001,"SAN MATEO","SAN BRUNO",-122.42620319,37.621061050000002
90608574,2017,2017-12-04,9335,2017-11-16,2050,021474,,4,2,5,4117,0,1,2,,2,012,"US-101 S/B","S. AIRPORT BLVD. U/C",2006.00,S,N,C,-,Y,,,101,,,,,,S,Y,3,0,3,2,A,-,03,22350,,N,C,C,A,B,F,-,D,D,0,,,,,Y,Y,A,07,0,3,0,0,0,0,0,0,0,"- ","- ",37.64443,-122.40633,"SAN MATEO","SOUTH SAN FRANCISCO",-122.40637378,37.644426350000003
90609931,2017,2017-12-05,9335,2017-11-15,2044,019999,,3,2,6,4106,0,1,1,,2,021,"SR-1 S/B","I-280 S/B",85.00,S,N,C,-,Y,,,1,,,,,,S,Y,4,0,1,1,A,-,01,23152,A,N,E,I,A,B,H,-,D,D,0,,,,,Y,Y,A,01,0,0,1,0,0,0,0,0,0,"- ","- ",37.679189999999998,-122.47219,"SAN MATEO","DALY CITY",-122.47219251999999,37.679190329999997
90613460,2017,2017-12-11,9335,2017-11-10,1005,021886,,5,1,2,4103,0,1,2,,2,012,"US-101 NORTHBOUND","THE SIERRA PARKWAY UNDERCROSSING",200.00,S,N,C,-,Y,,,101,,,,,,N,Y,4,0,1,2,A,-,07,21658,A,F,B,C,A,B,H,-,A,D,0,,,,,Y,,D,22,0,0,1,0,0,0,0,0,0,"- ","- ",37.673999999999999,-122.38967,"SAN MATEO",BRISBANE,-122.38959153,37.673953169999997
90613684,2017,2017-12-11,9335,2017-11-30,1740,021754,,4,2,6,4106,0,1,1,,2,021,"I-280 S/B","JOHN DALY TUNNEL",100.00,S,N,A,-,Y,,,280,,,,,,S,Y,4,0,1,3,A,-,03,22350,,N,C,C,A,A,H,-,C,D,0,,,,,Y,,A,01,0,0,1,0,0,0,0,0,0,"- ","- ",37.704009999999997,-122.47203,"SAN MATEO","DALY CITY",-122.47203673,37.704011100000002
90613884,2017,2017-12-11,9330,2017-12-02,0850,017991,,6,1,3,4108,0,1,1,,2,034,"I-280 S/B","HAYNE RD O/C",3696.00,S,N,B,E,Y,,,,,,,,,,Y,2,0,1,1,A,-,08,22107,,N,E,I,A,A,H,-,A,D,0,,,,,Y,,A,01,1,0,0,0,0,0,0,0,0,"- ","- ",,,"SAN MATEO",HILLSBOROUGH,,
90614142,2017,2017-12-11,9330,2017-12-05,1850,021243,,2,2,5,4116,0,1,2,,2,048,"US-101 SOUTHBOUND TO HILLSDALE BLVD","HILLSDALE BOULEVARD",1000.00,S,N,A,-,Y,,,101,,,,R,,S,Y,4,0,2,5,A,-,03,22350,,N,C,C,A,A,H,-,D,D,0,,,,,Y,,D,22,0,0,2,0,0,0,0,0,0,"- ","- ",37.546669999999999,-122.29031000000001,"SAN MATEO","SAN MATEO",-122.29031000000001,37.546669999999999