CASE_ID,ACCIDENT_YEAR,PROC_DATE,JURIS,COLLISION_DATE,COLLISION_TIME,OFFICER_ID,REPORTING_DISTRICT,DAY_OF_WEEK,CHP_SHIFT,POPULATION,CNTY_CITY_LOC,SPECIAL_COND,BEAT_TYPE,CHP_BEAT_TYPE,CITY_DIVISION_LAPD,CHP_BEAT_CLASS,BEAT_NUMBER,PRIMARY_RD,SECONDARY_RD,DISTANCE,DIRECTION,INTERSECTION,WEATHER_1,WEATHER_2,STATE_HWY_IND,CALTRANS_COUNTY,CALTRANS_DISTRICT,STATE_ROUTE,ROUTE_SUFFIX,POSTMILE_PREFIX,POSTMILE,LOCATION_TYPE,RAMP_INTERSECTION,SIDE_OF_HWY,TOW_AWAY,COLLISION_SEVERITY,NUMBER_KILLED,NUMBER_INJURED,PARTY_COUNT,PRIMARY_COLL_FACTOR,PCF_CODE_OF_VIOL,PCF_VIOL_CATEGORY,PCF_VIOLATION,PCF_VIOL_SUBSECTION,HIT_AND_RUN,TYPE_OF_COLLISION,MVIW,PED_ACTION,ROAD_SURFACE,ROAD_COND_1,ROAD_COND_2,LIGHTING,CONTROL_DEVICE,CHP_ROAD_TYPE,PEDESTRIAN_ACCIDENT,BICYCLE_ACCIDENT,MOTORCYCLE_ACCIDENT,TRUCK_ACCIDENT,NOT_PRIVATE_PROPERTY,ALCOHOL_INVOLVED,STWD_VEHTYPE_AT_FAULT,CHP_VEHTYPE_AT_FAULT,COUNT_SEVERE_INJ,COUNT_VISIBLE_INJ,COUNT_COMPLAINT_PAIN,COUNT_PED_KILLED,COUNT_PED_INJURED,COUNT_BICYCLIST_KILLED,COUNT_BICYCLIST_INJURED,COUNT_MC_KILLED,COUNT_MC_INJURED,PRIMARY_RAMP,SECONDARY_RAMP,LATITUDE,LONGITUDE,COUNTY,CITY,POINT_X,POINT_Y
92193138,2023,2023-10-06,9330,2023-09-26,"830 ",023486,,2,1,4,4127,0,1,2,,2,058,"US-101 NORTHBOUND","UNIVERSITY AVENUE",2640.00,S,N,B,C,Y,SM,,101," "," ",0.631,H,,R,N,4,0,1,2,A,-,03,22350,,N,C,C,A,B,H,-,A,D,0,,,,,Y,,A,08,0,0,1,0,0,0,0,0,0,"- ","- ",37.458450317382812,-122.13706207275391,"SAN MATEO","EAST PALO ALTO",-122.13713073730469,37.458370208740234
92193953,2023,2023-10-09,9330,2023-10-01,1145,022212,,7,1,5,4116,0,1,2,,2,048,"US-101 N/B","HILLSDALE BLVD",350.00,N,N,A,-,Y,SM,,101," "," ",11.225,H,,R,Y,4,0,2,2,A,-,03,22350,,N,C,C,A,A,H,-,A,D,0,,,,Y,Y,,A,07,0,0,2,0,0,0,0,0,0,"- ","- ",37.545551300048828,-122.28867340087891,"SAN MATEO","SAN MATEO",-122.2886962890625,37.5455322265625
92194729,2023,2023-10-09,9330,2023-07-22,"345 ",022898,,6,3,9,4100,0,1,3,,1,021,SR-84,SR-35,800.00,W,N,A,-,Y,SM,,84," "," ",14.809,H,,R,N,3,0,1,1,A,-,01,23152,G,N,E,I,A,B,H,-,D,D,0,,,,,Y,Y,A,01,0,1,0,0,0,0,0,0,0,"- ","- ",37.386100769042969,-122.2672119140625,"SAN MATEO",UNINCORPORATED,-122.2672119140625,37.386100769042969
92195763,2023,2023-10-10,9330,2023-09-11,1640,022200,,1,2,4,4115,0,1,2,,2,048,"US-101 N/B","HOLLY ST",1584.00,S,N,A,-,Y,SM,,101," "," ",8.012,H,,R,N,4,0,2,2,A,-,03,22350,,M,C,C,A,A,H,-,A,D,0,,,,,Y,,A,01,0,0,2,0,0,0,0,0,0,"- ","- ",37.509868621826172,-122.25128173828125,"SAN MATEO","SAN CARLOS",-122.25132751464844,37.509838104248047
92196176,2023,2023-10-11,9335,2023-08-29,"735 ",023357,,2,1,5,4117,0,1,2,,2,012,"US-101 S/B","OYSTER POINT BLVD",2165.00,N,N,A,-,Y,SM,,101," "," ",23.160,H,,L,N,4,0,1,3,A,-,07,21658,A,F,B,C,A,A,H,-,A,D,0,,,,,Y,,-,99,0,0,1,0,0,0,0,0,0,"- ","- ",37.668769836425781,-122.39394378662109,"SAN MATEO","SOUTH SAN FRANCISCO",-122.3939208984375,37.668758392333984
92196719,2023,2023-10-11,9330,2023-09-30,"210 ",022849,,6,3,4,4102,0,1,2,,2,048,"US-101 S/B","RALSTON AVENUE",650.00,S,N,A,-,Y,SM,,101," "," ",9.420,H,,L,N,4,0,1,2,A,-,03,22350,,M,C,C,A,A,D,-,C,A,0,,,,,Y,Y,-,99,0,0,1,0,0,0,0,0,0,"- ","- ",37.524818420410156,-122.26860809326172,"SAN MATEO",BELMONT,-122.26861572265625,37.524818420410156
92200445,2023,2023-10-17,9330,2023-10-11,1836,016184,,3,2,5,4116,0,1,2,,2,048,"US-101 N/B","E. HILLSDALE BLVD.",2640.00,S,N,A,-,Y,SM,,101," "," ",10.582,H,,R,N,4,0,1,2,A,-,04,21703,,N,C,C,A,A,H,-,D,D,0,,,,,Y,,A,01,0,0,1,0,0,0,0,0,0,"- ","- ",37.538089752197266,-122.28163909912109,"SAN MATEO","SAN MATEO",-122.28175354003906,37.53802490234375
92201006,2023,2023-10-17,9330,2023-08-11,1725,023060,,5,2,4,4104,0,1,2,,2,038,"US-101 SOUTHBOUND",BROADWAY,950.00,N,N,A,-,Y,SM,,101," "," ",16.801,H,,L,Y,4,0,2,7,A,-,08,22107,,N,B,2,A,A,H,-,A,D,0,,,Y,,Y,,A,01,0,0,2,0,0,0,0,0,1,"- ","- ",37.591999053955078,-122.36430358886719,"SAN MATEO",BURLINGAME,-122.36434173583984,37.591957092285156
92201514,2023,2023-10-17,9330,2023-10-06,1728,023011,,5,2,4,4109,0,1,2,,2,158,"US-101 S/B","WILLOW ROAD",3696.00,N,N,A,-,Y,SM,,101," "," ",2.656,H,,L,Y,4,0,1,2,A,-,07,21658,A,N,B,C,A,A,H,-,A,D,0,,,,,Y,,A,01,0,0,1,0,0,0,0,0,0,"- ","- ",37.475818634033203,-122.16722106933594,"SAN MATEO","MENLO PARK",-122.16725158691406,37.475784301757812
92202579,2023,2023-10-18,9345,2023-09-24,2034,023466,,7,2,4,4109,0,1,3,,2,084,SR-84,"UNIVERSITY AVE",800.00,N,N,A,-,Y,SM,,84," ",R,28.358,H,,R,Y,3,0,4,3,A,-,05,21651,B,F,B,C,A,A,H,-,C,D,0,,,,,Y,,A,01,0,1,3,0,0,0,0,0,0,"- ","- ",37.488140106201172,-122.14057922363281,"SAN MATEO","MENLO PARK",-122.140625,37.488170623779297
92204742,2023,2023-10-20,9335,2023-09-03,2045,023265,,7,2,9,4100,0,1,2,,2,011,"US-101 N/B","SFO BART OVERCROSSING",1584.00,N,N,A,-,Y,SM,,101," "," ",19.366,H,,R,Y,4,0,1,3,A,-,08,22107,,M,B,C,A,A,H,-,C,D,0,,,,,Y,,-,99,0,0,1,0,0,0,0,0,0,"- ","- ",37.616970062255859,-122.39853668212891,"SAN MATEO",UNINCORPORATED,-122.39842987060547,37.616996765136719
92205095,2023,2023-10-20,9330,2023-10-13,"809 ",023492,,5,1,5,4116,0,1,2,,2,038,"US-101 N/B","3RD AVE",450.00,N,N,A,-,Y,SM,,101," "," ",12.992,H,,R,N,4,0,1,2,A,-,07,21658,A,N,B,C,A,A,H,-,A,D,0,,,,,Y,,A,07,0,0,1,0,0,0,0,0,0,"- ","- ",37.56597900390625,-122.30845642089844,"SAN MATEO","SAN MATEO",-122.30853271484375,37.565929412841797
92205440,2023,2023-10-23,9330,2023-08-19,2300,023251,,6,3,9,4100,0,2,4,,1,051,"SEMICIRCULAR ROAD","MIDDLEFIELD ROAD",500.00,W,N,A,-,N,,,,,,,,,,Y,2,0,1,1,A,-,03,22350,,N,E,I,A,A,H,-,C,D,0,,,Y,,Y,,C,02,1,0,0,0,0,0,0,0,1,"- ","- ",37.470458984375,-122.20253753662109,"SAN MATEO",UNINCORPORATED,-122.20381927490234,37.470363616943359
92205781,2023,2023-10-23,9330,2023-09-11,"611 ",023158,,1,1,4,4109,0,3,5,,2,505,"SEMICIRCULAR RD","ARROWHEAD LN",50.00,N,N,A,-,N,,,,,,,,,,N,3,0,1,2,A,-,08,22107,,F,C,E,A,A,H,-,C,D,0,,,,,Y,,A,01,0,1,0,0,0,0,0,0,0,"- ","- ",37.470378875732422,-122.20407104492188,"SAN MATEO","MENLO PARK",-122.20511627197266,37.470165252685547
92206419,2023,2023-10-23,9330,2023-10-22,1835,023011,,7,2,9,4100,0,3,5,,2,203,"PESCADERO CREEK ROAD","WURR ROAD",4224.00,E,N,B,C,N,,,,,,,,,,Y,3,0,1,1,A,-,03,22350,,N,E,8,A,B,H,-,D,D,0,,,,,Y,,A,01,0,1,0,0,0,0,0,0,0,"- ","- ",37.275981903076172,-122.29913330078125,"SAN MATEO",UNINCORPORATED,-122.30467224121094,37.274028778076172
92206537,2023,2023-10-24,9330,2023-08-17,1610,023133,,4,2,5,4116,0,1,3,,2,031,"US 101 S/B",SR-92,2640.00,N,N,A,-,Y,SM,,101," "," ",12.401,H,,L,N,4,0,1,3,A,-,03,22350,,N,C,C,A,A,H,-,A,D,0,,,,,Y,,A,01,0,0,1,0,0,0,0,0,0,"- ","- ",37.559329986572266,-122.30178833007812,"SAN MATEO","SAN MATEO",-122.30177307128906,37.559337615966797
92207166,2023,2023-10-24,9330,2023-09-02,2330,023251,,6,3,4,4127,0,1,2,,2,058,"US-101 N/B","UNIVERSITY AVENUE",800.00,S,N,A,-,Y,SM,,101," "," ",0.593,H,,R,Y,4,0,1,2,D,-,00,,,N,B,C,A,A,H,-,D,D,0,,,Y,,Y,,-,"- ",0,0,1,0,0,0,0,0,1,"- ","- ",37.458049774169922,-122.13655853271484,"SAN MATEO","EAST PALO ALTO",-122.13657379150391,37.458038330078125
92208724,2023,2023-10-25,9330,2023-08-14,1100,022768,,1,1,9,4100,0,1,3,,1,010,"SR-1 (CABRILLO HIGHWAY)","VERMONT AVENUE",0.00,,Y,B,-,Y,SM,,1," "," ",35.122,H,,R,Y,3,0,2,3,A,-,09,21802,A,F,D,C,A,A,H,-,A,A,0,,,Y,,Y,,A,07,0,1,1,0,0,0,0,0,2,"- ","- ",37.526271820068359,-122.51226806640625,"SAN MATEO",UNINCORPORATED,-122.51222229003906,37.526298522949219
9221040,2021,2021-03-26,4102,2021-02-05,1312,48800,3DT,5,5,4,4102,0,0,0,,0,002,"F ST","OLD COUNTY RD",58.00,W,N,A,-,N,,,,,,,,,,N,3,0,1,1,A,-,13,22515,A,N,E,I,A,A,H,-,A,D,0,,,,,Y,,A,01,0,1,0,0,0,0,0,0,0,"- ","- ",37.514030456542969,-122.26766967773438,"SAN MATEO",BELMONT,-122.26738739013672,37.514205932617188
92221930,2023,2023-10-27,9330,2023-08-19,1918,023265,,6,2,9,4100,0,1,3,,1,020,SR-1,SR-84,1056.00,N,N,A,-,Y,SM,,1," "," ",18.345,H,,R,Y,3,0,1,1,A,-,01,23152,A,N,E,I,A,A,H,-,B,D,0,,,,,Y,Y,A,01,0,1,0,0,0,0,0,0,0,"- ","- ",37.326541900634766,-122.39859008789062,"SAN MATEO",UNINCORPORATED,-122.39852905273438,37.326511383056641
92223536,2023,2024-03-05,9330,2023-08-04,2115,023251,,5,2,3,4107,0,1,3,,1,010,SR-1,"CAPISTRANO ROAD",0.00,,Y,A,-,Y,SM,,1," "," ",32.867,H,,R,N,3,0,1,2,A,-,17,21451,A,N,D,G,A,A,H,-,C,A,0,,Y,,,Y,Y,A,01,0,1,0,0,0,0,1,0,0,"- ","- ",37.505340576171875,-122.48133850097656,"SAN MATEO","HALF MOON BAY",-122.48136138916016,37.505317687988281
92226816,2023,2023-11-02,9330,2023-10-22,1139,023191,,7,1,9,4100,0,1,3,,2,052,SR-35,"PORTOLLA HEIGHTS",805.00,S,N,C,-,Y,SM,,35," "," ",0.498,H,,R,Y,3,0,1,1,A,-,08,22107,,N,E,I,A,B,H,-,A,D,0,,,,,Y,,A,01,0,1,0,0,0,0,0,0,0,"- ","- ",37.292629241943359,-122.15866088867188,"SAN MATEO",UNINCORPORATED,-122.15863800048828,37.292671203613281
92227927,2023,2023-11-03,9330,2023-10-01,"520 ",022975,,7,3,4,4104,0,1,2,,2,038,"US-101 S/B","BROADWAY AVENUE",1267.00,N,N,A,-,Y,SM,,101," "," ",16.852,H,,L,Y,3,0,3,2,A,-,08,22107,,N,B,D,A,A,H,-,D,D,0,,,,,Y,,A,01,0,1,2,0,0,0,0,0,0,"- ","- ",37.592491149902344,-122.364990234375,"SAN MATEO",BURLINGAME,-122.36505889892578,37.592422485351562
92230188,2023,2023-11-07,9330,2023-10-26,"935 ",022793,,4,1,5,4113,0,1,2,,2,058,"US-101 S/B","MARSH ROAD",1690.00,N,N,A,-,Y,SM,,101," "," ",3.919,H,,L,Y,3,0,1,3,A,-,03,22350,,N,C,C,A,A,H,-,C,D,0,,,,,Y,,A,01,0,1,0,0,0,0,0,0,0,"- ","- ",37.484851837158203,-122.18650054931641,"SAN MATEO","REDWOOD CITY",-122.18647766113281,37.484920501708984
92231549,2023,2023-11-08,9330,2023-10-30,1510,022190,,1,2,5,4116,0,1,2,,2,048,"US-101 N/B","E. HILLSDALE BLVD",300.00,N,N,A,-,Y,SM,,101," "," ",11.201,H,,R,N,4,0,1,2,A,-,07,21658,A,N,C,C,A,A,H,-,A,D,0,,,,Y,Y,,A,01,0,0,1,0,0,0,0,0,0,"- ","- ",37.545299530029297,-122.28836822509766,"SAN MATEO","SAN MATEO",-122.28844451904297,37.545257568359375
92239829,2023,2023-11-20,9330,2023-11-08,"805 ",021408,,3,1,4,4120,0,1,3,,1,035,"SR-92 W/B","MARINERS ISLAND BLVD",835.00,E,N,A,-,Y,SM,,92," ",R,12.942,H,,L,N,4,0,1,2,A,-,03,22350,,N,C,C,A,A,H,-,A,D,0,,,,,Y,,D,22,0,0,1,0,0,0,0,0,0,"- ","- ",37.557880401611328,-122.28278350830078,"SAN MATEO","FOSTER CITY",-122.28277587890625,37.557876586914062
92240045,2023,2023-11-20,9330,2023-11-13,"735 ",022785,,1,1,5,4113,0,1,2,,2,048,"US-101 SB","WOODSIDE ROAD",2112.00,N,N,A,-,Y,SM,,101," "," ",5.839,H,,L,Y,4,0,1,2,A,-,03,22350,,N,C,C,A,A,H,-,A,D,0,,,,,Y,,A,07,0,0,1,0,0,0,0,0,0,"- ","- ",37.491718292236328,-122.22000885009766,"SAN MATEO","REDWOOD CITY",-122.22002410888672,37.491703033447266
92240443,2023,2023-11-20,9330,2023-07-26,1220,023254,,3,1,4,4115,0,1,2,,2,048,"US-101 S/B FROM HOLLY ST","US-101 S/B",528.00,N,N,A,-,Y,,,,,,,,,,Y,3,0,1,1,A,-,08,22107,,N,F,I,A,A,H,-,A,D,0,,,,Y,Y,,G,25,0,1,0,0,0,0,0,0,0,"- ","- ",37.513771057128906,-122.25753784179688,"SAN MATEO","SAN CARLOS",-122.25753784179688,37.513771057128906
92241123,2023,2023-11-20,9330,2023-11-05,2100,022792,,7,2,5,4116,0,1,2,,2,038,"US-101 S/B","THIRD AVENUE",528.00,S,N,C,-,Y,SM,,101," "," ",13.313,H,,L,Y,3,0,1,2,A,-,08,22107,,N,A,C,A,B,H,-,C,D,0,,,,Y,Y,,A,01,0,1,0,0,0,0,0,0,0,"- ","- ",37.569179534912109,-122.31242370605469,"SAN MATEO","SAN MATEO",-122.31235504150391,37.569225311279297
92242216,2023,2023-11-21,9330,2023-10-01,"521 ",022975,,7,3,4,4104,0,1,2,,2,038,"US-101 S/B","BROADWAY AVENUE",1267.00,N,N,A,-,Y,SM,,101," "," ",16.849,H,,L,Y,4,0,2,3,A,-,03,22350,,N,H,C,A,A,H,-,D,D,0,,,,,Y,,A,07,0,0,2,0,0,0,0,0,0,"- ","- ",37.592418670654297,-122.36499786376953,"SAN MATEO",BURLINGAME,-122.36502075195312,37.592395782470703
92243189,2023,2023-11-22,9330,2023-11-10,"536 ",022212,,5,3,4,4104,0,1,2,,2,038,"US-101 N/B","MILLBRAE AVE",2640.00,S,N,A,-,Y,SM,,101," "," ",17.227,H,,R,Y,4,0,2,4,A,-,08,22107,,F,B,2,E,A,H,-,D,D,0,Y,,,,Y,,-,99,0,0,2,0,1,0,0,0,0,"- ","- ",37.596149444580078,-122.3701171875,"SAN MATEO",BURLINGAME,-122.37023162841797,37.596046447753906
92243225,2023,2023-11-22,9330,2023-10-30,"815 ",021942,,1,1,9,4100,0,1,1,,2,054,"I-280 S/B","SAND HILL ROAD",1056.00,N,N,A,-,Y,SM,,280," ",R,2.473,H,,L,Y,3,0,1,6,A,-,03,22350,,N,C,C,A,A,H,-,A,D,0,,,,,Y,,D,22,0,1,0,0,0,0,0,0,0,"- ","- ",37.426620483398438,-122.23229217529297,"SAN MATEO",UNINCORPORATED,-122.23225402832031,37.426651000976562
92247010,2023,2023-11-28,9330,2023-11-16,"500 ",022754,,4,3,4,4109,0,3,5,,2,509,"ALAMEDA DE LAS PULGAS","CAMINO A LOS CERROS",0.00,,Y,A,-,N,,,,,,,,,,Y,2,0,4,2,A,-,09,21802,A,N,D,2,A,B,H,-,C,A,0,,,,,Y,,A,01,1,3,0,0,0,0,0,0,0,"- ","- ",37.436111450195312,-122.2103271484375,"SAN MATEO","MENLO PARK",-122.21033477783203,37.436103820800781
92247031,2023,2023-11-28,9330,2023-11-16,"825 ",022190,,4,1,4,4120,0,1,3,,1,035,"SR-92 W/B","FOSTER CITY BOULEVARD",2112.00,E,N,B,-,Y,SM,,92," ",R,14.056,H,,L,N,3,0,1,2,D,-,00,,,N,B,C,A,A,H,-,A,D,0,,,Y,,Y,,-,"- ",0,1,0,0,0,0,0,0,1,"- ","- ",37.568748474121094,-122.26789093017578,"SAN MATEO","FOSTER CITY",-122.26791381835938,37.568763732910156
92251897,2023,2023-12-04,9330,2023-11-28,1800,023556,,2,2,5,4113,0,3,5,,2,505,"FIFTH AVENUE","WAVERLY AVENUE",450.00,E,N,A,-,N,,,,,,,,,,N,4,0,1,2,A,-,01,23152,A,N,C,C,A,A,H,-,C,D,0,,,,,Y,Y,A,01,0,0,1,0,0,0,0,0,0,"- ","- ",37.469619750976562,-122.20632934570312,"SAN MATEO","REDWOOD CITY",-122.20635223388672,37.469444274902344
92251931,2023,2023-12-04,9330,2023-11-20,"910 ",020646,,1,1,5,4116,0,1,2,,2,048,"US-101 N/B","E. HILLSDALE BLVD",550.00,N,N,B,-,Y,SM,,101," "," ",11.257,H,,R,N,4,0,1,3,A,-,03,22350,,N,C,D,A,A,H,-,A,D,0,,,,,Y,,A,01,0,0,1,0,0,0,0,0,0,"- ","- ",37.54595947265625,-122.28897857666016,"SAN MATEO","SAN MATEO",-122.28905487060547,37.545913696289062
92252067,2023,2023-12-04,9330,2023-11-19,2150,022807,,7,2,4,4104,0,1,2,,2,038,"US-101 N/B","MILLBRAE AVE",950.00,S,N,A,-,Y,SM,,101," "," ",17.756,H,,R,Y,4,0,2,3,A,-,03,22350,,N,C,C,A,A,H,-,C,D,0,,,,,Y,,A,01,0,0,2,0,0,0,0,0,0,"- ","- ",37.600940704345703,-122.37757873535156,"SAN MATEO",BURLINGAME,-122.37765502929688,37.600868225097656
9225473,2020,2021-03-04,4127,2020-11-24,1652,2185,A4127,2,5,4,4127,0,0,0,,0,002,"UNIVERSITY AV","BAY RD",0.00,,Y,A,-,N,,,,,,,,,,N,3,0,1,2,A,-,11,21954,A,N,G,B,D,A,H,-,B,A,0,Y,,,,Y,,N,60,0,1,0,0,1,0,0,0,0,"- ","- ",,,"SAN MATEO","EAST PALO ALTO",-122.13954162597656,37.471691131591797
92255358,2023,2023-12-07,9330,2023-11-24,1815,023281,,5,2,5,4113,0,1,2,,2,048,"US 101 S/B","WOODSIDE ROAD",1584.00,N,N,A,-,Y,SM,,101," "," ",5.740,H,,L,Y,4,0,1,1,A,-,08,22107,,N,F,A,A,A,H,-,C,D,0,,,Y,,Y,,C,02,0,0,1,0,0,0,0,0,1,"- ","- ",37.490959167480469,-122.21852111816406,"SAN MATEO","REDWOOD CITY",-122.21848297119141,37.491008758544922
92256206,2023,2023-12-07,9330,2023-11-06,1830,023492,,1,2,5,4116,0,1,2,,2,038,"US-101 S/B","PENINSULA AVENUE",1901.00,N,N,B,-,Y,SM,,101," "," ",15.099,H,,L,Y,4,0,1,3,A,-,03,22350,,N,C,C,A,A,H,-,C,D,0,,,,,Y,,A,01,0,0,1,0,0,0,0,0,0,"- ","- ",37.586669921875,-122.33518981933594,"SAN MATEO","SAN MATEO",-122.33518981933594,37.586662292480469
92256703,2023,2023-12-08,9335,2023-10-23,1720,023167,,1,2,5,4117,0,1,2,,2,012,"US-101 N/B","S AIRPORT BOULEVARD",1900.00,S,N,A,-,Y,SM,,101," "," ",21.330,H,,R,N,4,0,1,2,A,-,03,22350,,M,C,C,A,A,H,-,A,D,0,,,,,Y,,-,99,0,0,1,0,0,0,0,0,0,"- ","- ",37.644699096679688,-122.40605926513672,"SAN MATEO","SOUTH SAN FRANCISCO",-122.40616607666016,37.644695281982422
92257499,2023,2023-12-08,9330,2023-10-09,"733 ",023486,,1,1,4,4109,0,1,2,,2,058,"US-101  N/B","WILLOW ROAD",5280.00,N,N,A,-,Y,SM,,101," "," ",2.890,H,,R,N,3,0,1,1,C,-,18,,,N,E,I,A,A,H,-,A,D,0,,,,,Y,,-,"- ",0,1,0,0,0,0,0,0,0,"- ","- ",37.477710723876953,-122.17014312744141,"SAN MATEO","MENLO PARK",-122.17012023925781,37.477729797363281
92257511,2023,2023-12-08,9330,2023-12-01,1710,023060,,5,2,5,4116,0,1,3,,2,031,"SR-92 E/B","ALAMEDA DE LAS PULGAS",898.00,W,N,A,-,Y,SM,,92," ",R,10.388,H,,R,Y,4,0,1,2,A,-,03,22350,,N,C,C,A,A,H,-,B,D,0,,,,,Y,,A,01,0,0,1,0,0,0,0,0,0,"- ","- ",37.545730590820312,-122.32560729980469,"SAN MATEO","SAN MATEO",-122.32561492919922,37.545730590820312
92257875,2023,2023-12-11,9335,2023-11-30,2019,023603,,4,2,9,4100,0,1,2,,2,012,"N/B US-101","SAN BRUNO AVE OVERCROSSING",4013.00,S,N,A,-,Y,SM,,101," "," ",19.623,H,,R,Y,3,0,1,2,A,-,01,23152,A,N,C,C,A,A,H,-,C,D,0,,,,,Y,Y,A,01,0,1,0,0,0,0,0,0,0,"- ","- ",37.620601654052734,-122.39958953857422,"SAN MATEO",UNINCORPORATED,-122.399658203125,37.620586395263672
92260184,2023,2023-12-12,9330,2023-11-17,1710,023254,,5,2,9,4100,0,1,1,,2,044,"I-280 S/B","EDGEWOOD ROAD",1056.00,S,N,C,-,Y,SM,,280," ",R,7.026,H,,L,Y,4,0,1,2,A,-,03,22350,,N,D,2,A,B,H,-,D,D,0,,,,,Y,,A,01,0,0,1,0,0,0,0,0,0,"- ","- ",37.465950012207031,-122.2913818359375,"SAN MATEO",UNINCORPORATED,-122.29130554199219,37.465961456298828
92260348,2023,2023-12-12,9330,2023-10-31,1300,019764,,2,1,9,4100,0,3,5,,2,509,"ALAMEDA DE LAS PUGAS","AVY AVE.",0.00,,Y,A,-,N,,,,,,,,,,Y,3,0,1,2,A,-,08,22107,,F,B,G,A,A,H,-,A,D,0,,Y,,,Y,,-,99,0,1,0,0,0,0,1,0,0,"- ","- ",37.431808471679688,-122.20144653320312,"SAN MATEO",UNINCORPORATED,-122.20151519775391,37.431793212890625
92262118,2023,2023-12-14,9330,2023-12-02,1109,022212,,6,1,5,4116,0,1,3,,2,031,"SR-92 W/B","DELAWARE ST",312.00,E,N,B,-,Y,SM,,92," ",R,11.684,H,,L,Y,4,0,2,5,A,-,03,22350,,N,C,C,A,B,H,-,A,D,0,,,,,Y,,A,01,0,0,2,0,0,0,0,0,0,"- ","- ",37.552700042724609,-122.30422973632812,"SAN MATEO","SAN MATEO",-122.30422973632812,37.552707672119141
92262308,2023,2023-12-14,9330,2023-12-04,"855 ",022785,,1,1,4,4120,0,1,3,,1,035,"SR-92 W/B","MARINERS ISLAND BOULEVARD",1250.00,E,N,A,-,Y,SM,,92," ",R,13.023,H,,L,N,4,0,1,2,A,-,03,22350,,N,C,C,A,A,H,-,A,D,0,,,,,Y,,A,01,0,0,1,0,0,0,0,0,0,"- ","- ",37.558601379394531,-122.2816162109375,"SAN MATEO","FOSTER CITY",-122.2816162109375,37.55859375
92263534,2023,2023-12-15,9330,2023-11-06,1720,023492,,1,2,5,4116,0,1,2,,2,038,"US-101 S/B",SR-92,3062.00,N,N,B,-,Y,SM,,101," "," ",12.544,H,,L,Y,3,0,1,2,A,-,03,22350,,N,C,C,A,A,H,-,C,D,0,,,,,Y,,A,01,0,1,0,0,0,0,0,0,0,"- ","- ",37.560909271240234,-122.30357360839844,"SAN MATEO","SAN MATEO",-122.30342864990234,37.561008453369141
92263624,2023,2023-12-18,9335,2023-12-04,1045,023338,,1,1,4,4114,0,1,1,,2,020,"I-280 N/B TO I-380 E/B","SAN BRUNO AVENUE",1240.00,N,N,A,-,Y,SM,,380," ",T,4.901,H,,R,Y,3,0,1,2,A,-,03,22350,,N,C,C,A,A,H,-,A,D,0,,,,,Y,,A,01,0,1,0,0,0,0,0,0,0,"- ","- ",37.628631591796875,-122.42784881591797,"SAN MATEO","SAN BRUNO",-122.42791748046875,37.628696441650391
92263638,2023,2023-12-18,9335,2023-10-03,1749,019432,,2,2,6,4106,0,1,1,,2,022,"I-280 S/B","ST. CHARLES AVE.",1584.00,N,N,A,-,Y,SF,,280," ",R,0.304,H,,L,Y,4,0,1,4,A,-,08,22107,,M,C,C,A,A,H,-,A,D,0,,,,,Y,,-,99,0,0,1,0,0,0,0,0,0,"- ","- ",37.710590362548828,-122.46434020996094,"SAN MATEO","DALY CITY",-122.46433258056641,37.710540771484375
9226611,2020,2021-03-03,4127,2020-11-15,1717,2253,4127,7,5,4,4127,0,0,0,,0,003,"DONOHOE ST","UNIVERSITY AV",0.00,,Y,A,-,N,,,,,,,,,,Y,4,0,1,2,A,-,03,22350,,N,B,C,A,A,H,-,B,A,0,,,,,Y,,A,07,0,0,1,0,0,0,0,0,0,"- ","- ",,,"SAN MATEO","EAST PALO ALTO",-122.14186859130859,37.462669372558594
92268479,2023,2023-12-21,9335,2023-10-01,"300 ",023165,,7,3,9,4100,0,1,2,,2,011,"US-101 NB","MILLBRAE AVE",2059.00,N,N,A,-,Y,SM,,101," "," ",18.339,H,,R,N,3,0,1,2,A,-,03,22350,,N,C,C,A,A,H,-,C,D,0,,,,,Y,,A,01,0,1,0,0,0,0,0,0,0,"- ","- ",37.606311798095703,-122.38591003417969,"SAN MATEO",UNINCORPORATED,-122.38590240478516,37.606319427490234
92269677,2023,2023-12-22,9335,2023-12-13,1850,023558,,3,2,5,4117,0,1,2,,2,012,"US-101 NORTHBOUND","GRAND AVE UNDERCROSSING",120.00,N,N,A,-,Y,SM,,101," "," ",22.301,H,,R,N,4,0,1,3,A,-,03,22350,,N,C,C,A,A,H,-,C,D,0,,,,,Y,,A,07,0,0,1,0,0,0,0,0,0,"- ","- ",37.657798767089844,-122.40573120117188,"SAN MATEO","SOUTH SAN FRANCISCO",-122.40568542480469,37.657787322998047