CASE_ID,ACCIDENT_YEAR,PROC_DATE,JURIS,COLLISION_DATE,COLLISION_TIME,OFFICER_ID,REPORTING_DISTRICT,DAY_OF_WEEK,CHP_SHIFT,POPULATION,CNTY_CITY_LOC,SPECIAL_COND,BEAT_TYPE,CHP_BEAT_TYPE,CITY_DIVISION_LAPD,CHP_BEAT_CLASS,BEAT_NUMBER,PRIMARY_RD,SECONDARY_RD,DISTANCE,DIRECTION,INTERSECTION,WEATHER_1,WEATHER_2,STATE_HWY_IND,CALTRANS_COUNTY,CALTRANS_DISTRICT,STATE_ROUTE,ROUTE_SUFFIX,POSTMILE_PREFIX,POSTMILE,LOCATION_TYPE,RAMP_INTERSECTION,SIDE_OF_HWY,TOW_AWAY,COLLISION_SEVERITY,NUMBER_KILLED,NUMBER_INJURED,PARTY_COUNT,PRIMARY_COLL_FACTOR,PCF_CODE_OF_VIOL,PCF_VIOL_CATEGORY,PCF_VIOLATION,PCF_VIOL_SUBSECTION,HIT_AND_RUN,TYPE_OF_COLLISION,MVIW,PED_ACTION,ROAD_SURFACE,ROAD_COND_1,ROAD_COND_2,LIGHTING,CONTROL_DEVICE,CHP_ROAD_TYPE,PEDESTRIAN_ACCIDENT,BICYCLE_ACCIDENT,MOTORCYCLE_ACCIDENT,TRUCK_ACCIDENT,NOT_PRIVATE_PROPERTY,ALCOHOL_INVOLVED,STWD_VEHTYPE_AT_FAULT,CHP_VEHTYPE_AT_FAULT,COUNT_SEVERE_INJ,COUNT_VISIBLE_INJ,COUNT_COMPLAINT_PAIN,COUNT_PED_KILLED,COUNT_PED_INJURED,COUNT_BICYCLIST_KILLED,COUNT_BICYCLIST_INJURED,COUNT_MC_KILLED,COUNT_MC_INJURED,PRIMARY_RAMP,SECONDARY_RAMP,LATITUDE,LONGITUDE,COUNTY,CITY,POINT_X,POINT_Y
92270032,2023,2023-12-25,9330,2023-11-06,1600,020646,,1,2,9,4100,0,1,3,,1,020,SR-1,"PESCADERO CREEK RD",0.00,,Y,B,-,Y,,,,,,,,,,N,3,0,1,1,C,-,18,,,N,F,I,A,A,H,-,B,A,0,,,,,Y,,-,"- ",0,1,0,0,0,0,0,0,0,"- ","- ",,,"SAN MATEO",UNINCORPORATED,-122.41316986083984,37.259693145751953
92274098,2023,2023-12-28,9330,2023-12-11,"745 ",022929,,1,1,5,4113,0,1,2,,2,048,"US-101 S/B","WHIPPLE AVENUE",528.00,N,N,A,-,Y,SM,,101," "," ",7.140,H,,L,Y,4,0,1,5,A,-,03,22350,,N,C,C,A,A,H,-,A,D,0,,,,,Y,,A,01,0,0,1,0,0,0,0,0,0,"- ","- ",37.500339508056641,-122.24086761474609,"SAN MATEO","REDWOOD CITY",-122.24089050292969,37.500328063964844
92275371,2023,2023-12-29,9335,2023-11-04,1820,022860,,6,2,6,4106,0,1,1,,2,020,"I-280 S/B","SNEATH LANE OVERCROSSING",2500.00,N,N,B,-,Y,SM,,280," ",R,21.788,H,,L,N,4,0,2,2,A,-,03,22350,,N,C,C,A,A,H,-,C,D,0,,,,,Y,,A,01,0,0,2,0,0,0,0,0,0,"- ","- ",37.636161804199219,-122.439697265625,"SAN MATEO","DALY CITY",-122.43962097167969,37.636188507080078
92275399,2023,2024-01-01,9335,2023-11-04,1802,023060,,6,2,4,4111,0,1,3,,2,041,"SR-1 S/B","MANOR DRIVE",3326.00,N,N,B,-,Y,SM,,1," "," ",45.886,H,,L,Y,3,0,1,1,A,-,08,22107,,N,E,I,A,B,H,-,B,D,0,,,,,Y,,A,01,0,1,0,0,0,0,0,0,0,"- ","- ",37.657821655273438,-122.48616027832031,"SAN MATEO",PACIFICA,-122.48617553710938,37.657871246337891
92275813,2023,2024-01-01,9330,2023-12-30,"950 ",023191,,6,1,9,4100,0,1,1,,2,034,"I-280 N/B","LARKSPUR DR",1056.00,N,N,C,-,Y,SM,,280," ",R,18.748,H,,R,Y,2,0,1,1,A,-,08,22107,,N,E,I,A,B,H,-,A,D,0,,,,,Y,,A,07,1,0,0,0,0,0,0,0,0,"- ","- ",37.598548889160156,-122.42178344726562,"SAN MATEO",UNINCORPORATED,-122.42188262939453,37.598468780517578
92277791,2023,2024-02-16,9335,2023-12-22,1740,023595,,5,2,9,4100,0,1,2,,2,011,"US 101 N/B","SAN BRUNO AVE O/C",3168.00,S,N,A,-,Y,SM,,101," "," ",19.866,H,,R,N,4,0,1,4,A,-,03,22350,,N,C,C,A,A,H,-,D,D,0,,,,,Y,,A,07,0,0,1,0,0,0,0,0,0,"- ","- ",37.623989105224609,-122.40078735351562,"SAN MATEO",UNINCORPORATED,-122.40081787109375,37.623985290527344
92277913,2023,2024-01-03,9330,2023-12-20,"710 ",023570,,3,1,9,4100,0,1,1,,2,044,"I-280 S/B","EDGEWOOD ROAD",950.00,S,N,C,-,Y,SM,,280," ",R,7.018,H,,L,Y,4,0,1,2,A,-,03,22350,,N,B,C,A,B,H,-,D,D,0,,,,,Y,,A,07,0,0,1,0,0,0,0,0,0,"- ","- ",37.465839385986328,-122.29135894775391,"SAN MATEO",UNINCORPORATED,-122.29127502441406,37.465854644775391
92277990,2023,2024-01-03,9330,2023-12-21,1550,023494,,4,2,5,4113,0,3,5,,2,505,"EL CAMINO REAL N/B","BERKSHIRE AVE",85.00,S,N,A,-,N,,,,,,,,,,Y,3,0,1,1,A,-,08,22107,,N,E,I,A,A,H,-,A,D,0,,,Y,,Y,,C,02,0,1,0,0,0,0,0,0,1,"- ","- ",37.469081878662109,-122.21159362792969,"SAN MATEO","REDWOOD CITY",-122.21159362792969,37.469150543212891
92278408,2023,2024-01-29,9335,2023-12-27,1928,023483,,3,2,9,4100,0,1,2,,2,011,"US-101 NORTHBOUND","MILLBRALE AVENUE",5280.00,N,N,C,-,Y,SM,,101," "," ",18.957,H,,R,Y,4,0,3,2,A,-,03,22350,,N,C,C,A,B,H,-,C,D,0,,,,,Y,,A,01,0,0,3,0,0,0,0,0,0,"- ","- ",37.611919403076172,-122.39473724365234,"SAN MATEO",UNINCORPORATED,-122.3946533203125,37.611995697021484
92279010,2023,2024-01-04,9330,2023-12-25,1930,022837,,1,2,9,4100,0,3,5,,2,203,"BEAN HOLLOW ROAD N/B","PESCADERO CREEK ROAD",5280.00,S,N,A,-,N,,,,,,,,,,N,3,0,1,1,A,-,08,22107,,N,E,I,A,A,H,-,C,D,0,,,,,Y,,-,"- ",0,1,0,0,0,0,0,0,0,"- ","- ",37.244129180908203,-122.39814758300781,"SAN MATEO",UNINCORPORATED,-122.39923858642578,37.240501403808594
92283026,2024,2024-01-09,9335,2024-01-03,1710,019949,,3,2,9,4100,0,1,2,,2,011,"US-101 N/B","SAN BRUNO AVE",2112.00,S,N,A,-,Y,SM,,101," "," ",19.956,H,,R,Y,3,0,2,2,A,-,03,22350,,N,C,C,A,A,H,-,C,D,0,,,,,Y,,D,22,0,1,1,0,0,0,0,0,0,"- ","- ",37.625251770019531,-122.40119934082031,"SAN MATEO",UNINCORPORATED,-122.40126800537109,37.625236511230469
92284017,2023,2024-02-21,9330,2023-12-29,2355,022975,,5,3,4,4109,0,1,2,,2,058,"US-101 N/B","HENDERSON RAILROAD CROSSING",100.00,N,N,C,-,Y,SM,,101," "," ",3.070,H,,R,Y,3,0,1,2,A,-,03,22350,,N,C,C,A,B,F,-,D,D,0,,,,,Y,,A,01,0,1,0,0,0,0,0,0,0,"- ","- ",37.479171752929688,-122.17270660400391,"SAN MATEO","MENLO PARK",-122.17266082763672,37.479221343994141
92284204,2023,2024-01-10,9330,2023-06-21,1730,022244,,3,2,9,4100,0,1,3,,2,042,"SR-35 N/B (SKYLINE BOULEVARD)","REIDS ROOST ROAD",528.00,N,N,A,-,Y,SM,,35," "," ",13.732,H,,R,Y,1,2,1,1,A,-,01,23153,A,N,E,I,A,A,H,-,A,D,0,,,,,Y,Y,A,01,1,0,0,0,0,0,0,0,0,"- ","- ",37.402858734130859,-122.29908752441406,"SAN MATEO",UNINCORPORATED,-122.29911804199219,37.402835845947266
92284318,2023,2024-01-10,9330,2023-12-30,"240 ",022933,,6,3,4,4104,0,1,2,,2,038,"US-101 S/B",BROADWAY,3485.00,S,N,B,-,Y,SM,,101," "," ",15.917,H,,L,Y,4,0,1,1,A,-,03,22350,,N,E,I,A,B,H,-,C,D,0,,,,,Y,,A,01,0,0,1,0,0,0,0,0,0,"- ","- ",37.587120056152344,-122.35003662109375,"SAN MATEO",BURLINGAME,-122.35004425048828,37.587047576904297
92285188,2024,2024-01-11,9335,2024-01-03,1740,023011,,3,2,6,4106,0,1,1,,2,021,"I-280 S/B","WASHINGTON ST",185.00,N,N,A,-,Y,SM,,280," ",R,26.007,H,,L,Y,4,0,1,2,A,-,08,22107,,N,B,C,A,A,H,-,C,A,0,,,,,Y,,A,01,0,0,1,0,0,0,0,0,0,"- ","- ",37.688491821289062,-122.47087860107422,"SAN MATEO","DALY CITY",-122.47092437744141,37.688499450683594
92286773,2024,2024-01-15,9335,2024-01-07,1920,023536,,7,2,6,4106,0,1,2,,2,012,"US-101 SOUTHBOUND","THE GRAND AVE UNDERCROSSING",2112.00,N,N,A,-,Y,SM,,101," "," ",22.420,H,,L,Y,3,0,1,2,A,-,08,22107,,M,E,8,A,A,H,-,C,D,0,,,,,Y,,-,"- ",0,1,0,0,0,0,0,0,0,"- ","- ",37.660091400146484,-122.40473175048828,"SAN MATEO","DALY CITY",-122.40455627441406,37.660003662109375
92286952,2024,2024-01-15,9330,2024-01-03,"152 ",023556,,3,3,9,4100,0,1,1,,2,044,"I-280 N/B",SR-92,4752.00,S,N,C,-,Y,SM,,280," "," ",9.687,H,,R,Y,4,0,1,1,A,-,08,22107,,N,E,I,A,B,H,-,D,D,0,,,,,Y,,A,01,0,0,1,0,0,0,0,0,0,"- ","- ",37.500381469726562,-122.32035827636719,"SAN MATEO",UNINCORPORATED,-122.32032775878906,37.500469207763672
92287187,2023,2024-01-15,9330,2023-12-16,1549,023138,,6,2,5,4113,0,1,2,,2,048,"US-101 S/B","MAPLE STREET",243.00,S,N,A,-,Y,SM,,101," "," ",5.841,H,,L,Y,4,0,4,4,A,-,03,22350,,N,C,C,A,A,H,-,A,D,0,,,,,Y,,A,07,0,0,4,0,0,0,0,0,0,"- ","- ",37.491649627685547,-122.22010040283203,"SAN MATEO","REDWOOD CITY",-122.22005462646484,37.491718292236328
92288453,2024,2024-01-16,9335,2024-01-09,1106,023378,,2,1,4,4114,0,1,1,,2,021,"I-280 N/B","HICKEY BOULEVARD UNDERCROSSING",3120.00,S,N,C,-,Y,SM,,280," ",R,23.593,H,,R,Y,4,0,2,1,A,-,08,22107,,N,F,J,A,B,H,-,A,D,0,,,,,Y,,A,07,0,0,2,0,0,0,0,0,0,"- ","- ",37.656429290771484,-122.45942687988281,"SAN MATEO","SAN BRUNO",-122.45935821533203,37.656486511230469
92288490,2024,2024-01-16,9330,2024-01-04,1125,020646,,4,1,9,4100,0,1,1,,2,034,SR-35,"TROUSDALE DR",0.00,,Y,B,-,Y,,,,,,,,,,N,4,0,1,2,A,-,21,22106,,N,D,C,A,A,H,-,A,D,0,,,,,Y,,A,01,0,0,1,0,0,0,0,0,0,"- ","- ",37.581008911132812,-122.40300750732422,"SAN MATEO",UNINCORPORATED,-122.40418243408203,37.580760955810547
92290318,2023,2024-01-18,9335,2023-12-24,"10  ",023474,,7,3,9,4100,0,1,2,,2,010,"US-101 N/B FROM SFO","SAN BRUNO AVE E",3696.00,N,N,A,-,Y,SM,,101," "," ",19.680,H,,R,Y,4,0,1,2,A,-,01,23152,A,N,C,C,A,A,H,-,C,D,0,,,,,Y,Y,D,22,0,0,1,0,0,0,0,0,0,"- ","- ",37.621440887451172,-122.39965057373047,"SAN MATEO",UNINCORPORATED,-122.39993286132812,37.621379852294922
92292134,2023,2024-01-19,9330,2023-12-24,"430 ",023492,,7,3,4,4104,0,1,2,,2,038,"US-101 N/B",BROADWAY,200.00,S,N,B,-,Y,SM,,101," "," ",16.579,H,,R,Y,4,0,1,2,A,-,01,23152,A,N,D,C,A,A,H,-,C,D,0,,,,,Y,Y,A,07,0,0,1,0,0,0,0,0,0,"- ","- ",37.590141296386719,-122.36115264892578,"SAN MATEO",BURLINGAME,-122.36116027832031,37.590133666992188
92294125,2024,2024-01-23,9335,2024-01-13,2339,023256,,6,3,4,4114,0,1,1,,2,021,"I-280 S/B","WESTBOROUGH BLVD",7920.00,S,N,C,-,Y,SM,,280," ",R,22.171,H,,L,N,4,0,1,2,A,-,03,22350,,N,C,C,A,B,F,-,C,D,0,,,,,Y,,-,"- ",0,0,1,0,0,0,0,0,0,"- ","- ",37.640880584716797,-122.44326019287109,"SAN MATEO","SAN BRUNO",-122.44331359863281,37.640850067138672
92295315,2024,2024-01-23,9330,2024-01-11,"841 ",023253,,4,1,5,4113,0,1,2,,2,058,"US-101 NORTHBOUND","MARSH ROAD",2112.00,N,N,A,-,Y,SM,,101," "," ",4.083,H,,R,Y,4,0,1,3,A,-,03,22350,,N,C,C,A,A,H,-,A,D,0,,,,,Y,,A,01,0,0,1,0,0,0,0,0,0,"- ","- ",37.485549926757812,-122.18933868408203,"SAN MATEO","REDWOOD CITY",-122.18933868408203,37.485569000244141
92298175,2024,2024-01-26,9330,2024-01-16,1355,022792,,2,1,4,4127,0,1,2,,2,058,"US-101 S/B","UNIVERSITY AVENUE EASTBOUND OVERCROSSING",7.00,S,N,B,-,Y,SM,,101," "," ",0.901,H,,L,Y,3,0,1,1,A,-,08,22107,,N,E,I,A,A,H,-,A,D,0,,,,,Y,,-,"- ",0,1,0,0,0,0,0,0,0,"- ","- ",37.460350036621094,-122.14105224609375,"SAN MATEO","EAST PALO ALTO",-122.14100646972656,37.460395812988281
92298656,2024,2024-01-29,9330,2024-01-25,1730,023032,,4,2,3,4110,0,1,2,,2,038,"US101 S/B","MILBRAE AVE",300.00,N,N,A,-,Y,SM,,101," "," ",17.823,H,,L,N,4,0,1,2,A,-,03,22350,,N,C,C,A,A,H,-,A,D,0,,,,,Y,,A,07,0,0,1,0,0,0,0,0,0,"- ","- ",37.601299285888672,-122.37880706787109,"SAN MATEO",MILLBRAE,-122.37873840332031,37.601367950439453
92298672,2024,2024-01-29,9335,2024-01-26,"705 ",022187,,5,1,4,4111,0,1,3,,2,041,"SR-1 N/B","THE MANOR DRIVE OVER-CROSSING",2746.00,N,N,A,-,Y,SM,,1," "," ",45.590,H,,R,Y,3,0,1,2,A,-,07,21658,A,N,B,C,A,A,H,-,A,D,0,,,,Y,Y,,F,26,0,1,0,0,0,0,0,0,0,"- ","- ",37.656929016113281,-122.490966796875,"SAN MATEO",PACIFICA,-122.490966796875,37.656925201416016
92298891,2023,2024-01-29,9335,2023-11-16,"730 ",023373,,4,1,9,4100,0,1,1,,2,021,"I-280 S/B","HICKEY BLVD",275.00,N,N,A,-,Y,SM,,280," ",R,24.278,H,,L,N,4,0,1,2,A,-,03,22350,,N,C,C,A,A,H,-,A,D,0,,,,,Y,,A,01,0,0,1,0,0,0,0,0,0,"- ","- ",37.664588928222656,-122.46581268310547,"SAN MATEO",UNINCORPORATED,-122.46581268310547,37.664588928222656
92300118,2024,2024-01-29,9330,2024-01-17,1818,023587,,3,2,4,4115,0,1,2,,2,048,"US-101 N/B","HOLLY STREET",2112.00,S,N,A,-,Y,SM,,101," "," ",7.977,H,,R,N,3,0,1,3,A,-,03,22350,,M,C,C,A,A,H,-,D,D,0,,,,,Y,,A,07,0,1,0,0,0,0,0,0,0,"- ","- ",37.509449005126953,-122.25092315673828,"SAN MATEO","SAN CARLOS",-122.25090026855469,37.509464263916016
92301114,2023,2024-01-30,9330,2023-05-30,1838,019764,,2,2,9,4100,0,1,3,,1,020,"SR-1 (CABRILLO HWY)","BEAN HOLLOW ROAD",898.00,N,N,A,-,Y,SM,,1," "," ",10.914,H,,R,Y,1,2,1,2,A,-,05,21460,A,N,A,C,A,A,H,-,A,D,0,,,,,Y,,A,01,1,0,0,0,0,0,0,0,0,"- ","- ",37.224468231201172,-122.40731811523438,"SAN MATEO",UNINCORPORATED,-122.4073486328125,37.224456787109375
92301323,2024,2024-01-31,9330,2024-01-04,1600,023486,,4,2,4,4120,0,1,3,,1,035,"SR-92 EB","FOSTER CITY BLVD",6336.00,E,N,A,-,Y,SM,,92," ",R,14.832,H,,R,Y,3,0,1,4,A,-,03,22350,,M,C,C,A,A,H,-,A,D,0,,,,,Y,,A,01,0,1,0,0,0,0,0,0,0,"- ","- ",37.5772705078125,-122.25843048095703,"SAN MATEO","FOSTER CITY",-122.25850677490234,37.577323913574219
92302276,2024,2024-03-15,9330,2024-01-22,1109,023566,,1,1,5,4116,0,1,3,,2,031,"SR-92 E/B","WEST HILLSDALE BLVD",845.00,E,N,B,C,Y,SM,,92," ",R,9.431,H,,R,Y,3,0,1,2,A,-,03,22350,,N,C,2,A,B,H,-,A,D,0,,,,,Y,,A,07,0,1,0,0,0,0,0,0,0,"- ","- ",37.533229827880859,-122.32939147949219,"SAN MATEO","SAN MATEO",-122.32941436767578,37.533233642578125
92303253,2024,2024-02-01,9335,2024-01-20,1405,022920,,6,2,2,4103,0,1,2,,2,012,"US-101 N/B","THE ALANA WAY UNDERCROSSING",8448.00,S,N,B,C,Y,SM,,101," "," ",24.500,H,,R,Y,4,0,2,1,A,-,08,22107,,N,E,I,A,B,H,-,A,D,0,,,,,Y,,A,01,0,0,2,0,0,0,0,0,0,"- ","- ",37.686069488525391,-122.38957214355469,"SAN MATEO",BRISBANE,-122.38983154296875,37.686031341552734
92303348,2024,2024-02-02,9335,2024-02-01,"825 ",019581,,4,1,4,4114,0,1,1,,2,020,"I-280 S/B","AVALON DR.",1370.00,S,N,B,-,Y,SM,,280," ",R,21.782,H,,L,Y,3,0,2,3,A,-,03,22350,,N,C,C,A,B,H,-,A,D,0,,,,,Y,,A,01,0,2,0,0,0,0,0,0,0,"- ","- ",37.636089324951172,-122.43962860107422,"SAN MATEO","SAN BRUNO",-122.4395751953125,37.6361083984375
92303753,2023,2024-02-02,9335,2023-06-10,"104 ",023121,,6,3,5,4117,0,1,1,,2,020,"I-280 S/B","AVALON DRIVE",217.00,N,N,A,-,Y,SM,,280," ",R,22.102,H,,L,Y,1,1,0,1,A,-,01,23152,A,N,E,8,A,A,H,-,D,D,0,,,,,Y,Y,A,01,0,0,0,0,0,0,0,0,0,"- ","- ",37.639980316162109,-122.44267272949219,"SAN MATEO","SOUTH SAN FRANCISCO",-122.44255828857422,37.640045166015625
9230392,2021,2021-04-16,4114,2021-01-20,0612,228,,3,5,4,4114,0,0,0,,0,,"SAN BRUNO AV","RT 101",0.00,,Y,A,-,Y,SM,4,101,-,R,20.781,R,4,N,Y,4,0,2,2,A,-,09,21453,C,N,A,C,A,A,H,-,C,A,0,,,,,Y,,A,01,0,0,2,0,0,0,0,0,0,"- ","- ",,,"SAN MATEO","SAN BRUNO",-122.40409088134766,37.636917114257812
9230499,2021,2021-04-06,4116,2021-02-06,0005,27900,21,6,5,5,4116,0,0,0,,0,00A,"S AMPHLETT BL","HADDON DR",153.00,,N,A,-,N,,,,,,,,,,Y,3,0,1,1,A,-,01,23152,,N,A,I,A,A,H,-,C,D,0,,,,,Y,Y,-,,0,1,0,0,0,0,0,0,0,"- ","- ",37.560348510742188,-122.30322265625,"SAN MATEO","SAN MATEO",,
9230500,2021,2021-04-06,4116,2021-02-03,1700,27872,62,3,5,5,4116,0,0,0,,0,00D,"LA SELVA ST",NORFOLK,266.00,W,N,A,-,N,,,,,,,,,,N,3,0,1,2,D,-,00,,,N,D,C,A,A,H,-,A,D,0,,,Y,,Y,,-,"- ",0,1,0,0,0,0,0,0,1,"- ","- ",37.543708801269531,-122.28423309326172,"SAN MATEO","SAN MATEO",-122.28406524658203,37.544300079345703
92305271,2024,2024-02-05,9335,2024-02-01,1720,023685,,4,2,4,4114,0,1,1,,2,020,"I-280 N/B","SAN BRUNO AVE W UNDERCROSSING",1056.00,N,N,B,C,Y,SM,,280," ",R,20.973,H,,R,Y,3,0,1,3,A,-,03,22350,,N,C,C,A,B,H,-,B,D,0,,,,,Y,,A,01,0,1,0,0,0,0,0,0,0,"- ","- ",37.627079010009766,-122.43049621582031,"SAN MATEO","SAN BRUNO",-122.43050384521484,37.6270751953125
92306102,2024,2024-02-06,9335,2024-01-21,2215,023373,,7,3,6,4106,0,1,1,,2,021,"I-280 N/B","SCHOOL ST",395.00,N,N,C,-,Y,SM,,280," ",R,26.400,H,,R,Y,3,0,2,4,A,-,08,22107,,M,C,C,A,B,H,-,C,D,0,,,,,Y,Y,-,99,0,2,0,0,0,0,0,0,0,"- ","- ",37.694179534912109,-122.47010803222656,"SAN MATEO","DALY CITY",-122.47029113769531,37.694179534912109
92308454,2024,2024-02-08,9330,2024-01-26,1810,023011,,5,2,9,4100,0,1,1,,2,034,"I-280 N/B","TROUSDALE DR",1320.00,S,N,A,-,Y,SM,,280," ",R,16.908,H,,R,N,4,0,1,2,D,-,00,,,N,C,C,A,A,H,-,D,D,0,,,,,Y,,-,"- ",0,0,1,0,0,0,0,0,0,"- ","- ",37.577518463134766,-122.40142822265625,"SAN MATEO",UNINCORPORATED,-122.40149688720703,37.577503204345703
9230955,2021,2021-03-15,4111,2021-01-25,1234,P5159,P02,1,5,4,4111,0,0,0,,0,0P1,"IMPERIAL DR","FIRECREST AV",492.00,S,N,A,-,N,,,,,,,,,,Y,3,0,1,3,C,-,18,,,N,B,E,A,A,H,-,A,D,0,,,,,Y,,-,"- ",0,1,0,0,0,0,0,0,0,"- ","- ",,,"SAN MATEO",PACIFICA,-122.47739410400391,37.656307220458984
92310871,2024,2024-02-12,9330,2024-01-24,2320,023556,,3,3,9,4100,0,3,5,,2,505,"WILLIAM AVENUE","THIRD AVENUE",0.00,,Y,A,-,N,,,,,,,,,,Y,3,0,2,3,A,-,08,22107,,N,A,C,A,A,H,-,C,D,0,,,,,Y,Y,D,22,0,1,1,0,0,0,0,0,0,"- ","- ",37.471061706542969,-122.20754241943359,"SAN MATEO",UNINCORPORATED,-122.20748138427734,37.471050262451172
92312208,2024,2024-02-13,9335,2024-01-31,1520,023011,,3,2,6,4106,0,1,1,,2,021,"I-280 N/B","JUNIPERO SERRA BLVD",115.00,N,N,B,C,Y,SM,,280," ",R,26.070,H,,R,Y,4,0,1,2,A,-,03,22350,,N,B,2,A,B,F,-,A,D,0,,,,,Y,,-,"- ",0,0,1,0,0,0,0,0,0,"- ","- ",37.689178466796875,-122.47030639648438,"SAN MATEO","DALY CITY",-122.47037506103516,37.689189910888672
92312223,2024,2024-02-13,9335,2024-01-23,2120,023603,,2,2,5,4117,0,1,2,,2,012,"US-101 S/B","SIERRA POINT PKY UNDERCROSSING",180.00,N,N,A,-,Y,SM,,101," "," ",23.725,H,,L,Y,4,0,2,3,A,-,03,22350,,N,C,C,A,A,H,-,C,D,0,,,,,Y,,A,08,0,0,2,0,0,0,0,0,0,"- ","- ",37.675678253173828,-122.38909912109375,"SAN MATEO","SOUTH SAN FRANCISCO",-122.38901519775391,37.675655364990234
92312795,2024,2024-02-13,9330,2024-02-01,"600 ",023320,,4,1,3,4108,0,1,1,,2,034,"I-280 S/B","TROUSDALE DRIVE",2640.00,S,N,C,-,Y,SM,,280," ",R,16.554,H,,L,N,4,0,2,2,A,-,03,22350,,N,D,C,A,B,H,-,C,D,0,,,,,Y,,A,01,0,0,2,0,0,0,0,0,0,"- ","- ",37.572589874267578,-122.399169921875,"SAN MATEO",HILLSBOROUGH,-122.39913940429688,37.572608947753906
92313209,2024,2024-02-13,9335,2024-02-02,"550 ",023592,,5,3,2,4103,0,1,2,,2,012,"US-101 NB TO SIERRA POINT PKWY","SIERRA POINT PKWY",1214.00,S,N,C,-,Y,SM,,101," "," ",23.390,H,,R,Y,4,0,1,2,A,-,08,22107,,N,C,C,A,B,H,-,C,D,0,,,,,Y,,A,07,0,0,1,0,0,0,0,0,0,"- ","- ",37.6710205078125,-122.39131164550781,"SAN MATEO",BRISBANE,-122.39150238037109,37.671119689941406
92314786,2024,2024-02-15,9330,2024-02-04,1942,023693,,7,2,9,4100,0,1,1,,2,034,"I-280 S/B","SR - 92",3960.00,N,N,C,G,Y,SM,,280," "," ",11.353,H,,L,Y,4,0,1,1,A,-,03,22350,,N,E,J,A,B,H,-,B,D,0,,,,,Y,,-,"- ",0,0,1,0,0,0,0,0,0,"- ","- ",37.511699676513672,-122.3463134765625,"SAN MATEO",UNINCORPORATED,-122.34623718261719,37.511760711669922
9231665,2020,2021-04-07,4127,2020-09-20,1123,2264,4127,7,5,4,4127,0,0,0,,0,004,"RT 101","UNIVERSITY AV",0.00,,Y,A,-,Y,SM,4,101,-,-,1.061,R,4,S,N,3,0,1,3,A,-,12,21453,,N,D,C,A,A,H,-,A,A,0,,,,,Y,,A,01,0,1,0,0,0,0,0,0,0,SF,"- ",,,"SAN MATEO","EAST PALO ALTO",-122.14337921142578,37.461814880371094
92316685,2024,2024-02-19,9330,2024-02-07,1208,023587,,3,1,3,4108,0,1,1,,2,034,"I-280 S/B","TROUSDALE DRIVE",2640.00,S,N,C,-,Y,SM,,280," ",R,16.679,H,,L,Y,3,0,1,1,A,-,03,22350,,N,F,A,A,B,H,-,A,D,0,,,,,Y,,A,01,0,1,0,0,0,0,0,0,0,"- ","- ",37.574131011962891,-122.40035247802734,"SAN MATEO",HILLSBOROUGH,-122.40036773681641,37.574123382568359
92318286,2024,2024-02-20,9330,2024-02-08,1300,023687,,4,1,4,4127,0,1,2,,2,078,"US-101 S/B","SAN ANTONIO RD",1425.00,S,N,A,-,Y,SCL,,101," "," ",50.108,H,,L,N,3,0,2,3,A,-,03,22350,,N,C,C,A,A,H,-,A,D,0,,,,,Y,,A,01,0,2,0,0,0,0,0,0,0,"- ","- ",37.425830841064453,-122.09908294677734,"SAN MATEO","EAST PALO ALTO",-122.0989990234375,37.425888061523438
92318703,2024,2024-02-20,9330,2024-01-07,"45  ",023158,,7,3,9,4100,0,3,5,,2,503,"SANTA CLARA AVE","HIMMEL AVE",0.00,,Y,A,-,N,,,,,,,,,,N,3,0,1,2,A,-,01,23152,A,N,F,E,A,A,H,-,C,D,0,,,,,Y,Y,-,"- ",0,1,0,0,0,0,0,0,0,"- ","- ",37.451259613037109,-122.2264404296875,"SAN MATEO",UNINCORPORATED,,
92318734,2024,2024-02-21,9330,2024-02-09,1755,023693,,5,2,4,4104,0,1,2,,2,038,"US 101 S/B",BROADWAY,413.00,N,N,A,-,Y,SM,,101," "," ",16.700,H,,L,N,4,0,1,3,A,-,03,22350,,N,C,C,A,A,H,-,B,D,0,,,,,Y,,A,07,0,0,1,0,0,0,0,0,0,"- ","- ",37.591049194335938,-122.36290740966797,"SAN MATEO",BURLINGAME,-122.36293029785156,37.591033935546875
92319749,2024,2024-07-11,9330,2024-01-27,1545,023254,,6,2,5,4113,0,1,2,,2,048,"US-101 S/B","WOODSIDE ROAD",2112.00,N,N,A,-,Y,SM,,101," "," ",5.812,H,,L,Y,3,0,5,5,A,-,03,22350,,N,C,C,A,A,H,-,A,D,0,,,,,Y,,A,08,0,1,4,0,0,0,0,0,0,"- ","- ",37.491451263427734,-122.21965026855469,"SAN MATEO","REDWOOD CITY",-122.2196044921875,37.491512298583984