CASE_ID,ACCIDENT_YEAR,PROC_DATE,JURIS,COLLISION_DATE,COLLISION_TIME,OFFICER_ID,REPORTING_DISTRICT,DAY_OF_WEEK,CHP_SHIFT,POPULATION,CNTY_CITY_LOC,SPECIAL_COND,BEAT_TYPE,CHP_BEAT_TYPE,CITY_DIVISION_LAPD,CHP_BEAT_CLASS,BEAT_NUMBER,PRIMARY_RD,SECONDARY_RD,DISTANCE,DIRECTION,INTERSECTION,WEATHER_1,WEATHER_2,STATE_HWY_IND,CALTRANS_COUNTY,CALTRANS_DISTRICT,STATE_ROUTE,ROUTE_SUFFIX,POSTMILE_PREFIX,POSTMILE,LOCATION_TYPE,RAMP_INTERSECTION,SIDE_OF_HWY,TOW_AWAY,COLLISION_SEVERITY,NUMBER_KILLED,NUMBER_INJURED,PARTY_COUNT,PRIMARY_COLL_FACTOR,PCF_CODE_OF_VIOL,PCF_VIOL_CATEGORY,PCF_VIOLATION,PCF_VIOL_SUBSECTION,HIT_AND_RUN,TYPE_OF_COLLISION,MVIW,PED_ACTION,ROAD_SURFACE,ROAD_COND_1,ROAD_COND_2,LIGHTING,CONTROL_DEVICE,CHP_ROAD_TYPE,PEDESTRIAN_ACCIDENT,BICYCLE_ACCIDENT,MOTORCYCLE_ACCIDENT,TRUCK_ACCIDENT,NOT_PRIVATE_PROPERTY,ALCOHOL_INVOLVED,STWD_VEHTYPE_AT_FAULT,CHP_VEHTYPE_AT_FAULT,COUNT_SEVERE_INJ,COUNT_VISIBLE_INJ,COUNT_COMPLAINT_PAIN,COUNT_PED_KILLED,COUNT_PED_INJURED,COUNT_BICYCLIST_KILLED,COUNT_BICYCLIST_INJURED,COUNT_MC_KILLED,COUNT_MC_INJURED,PRIMARY_RAMP,SECONDARY_RAMP,LATITUDE,LONGITUDE,COUNTY,CITY,POINT_X,POINT_Y
9379505,2021,2022-01-25,4104,2021-11-14,1056,0263,1,7,5,4,4104,0,0,0,,0,00A,"RT 82","HOWARD AV",0.00,,Y,A,-,Y,SM,4,82,-,-,13.234,I,5,S,Y,4,0,1,2,A,-,09,21801,A,N,D,C,A,-,H,-,A,A,0,,,,,Y,,A,01,0,0,1,0,0,0,0,0,0,"- ","- ",37.575790405273438,-122.34773254394531,"SAN MATEO",BURLINGAME,-122.34778594970703,37.575798034667969
9379509,2021,2022-01-20,4104,2021-12-05,1644,246,4,7,5,4,4104,0,0,0,,0,00A,"CALIFORNIA DR","LORTON AV",0.00,,Y,A,-,N,,,,,,,,,,N,3,0,1,2,A,-,03,22350,,N,C,C,A,A,H,-,A,A,0,,,,,Y,,A,08,0,1,0,0,0,0,0,0,0,"- ","- ",37.580650329589844,-122.34722900390625,"SAN MATEO",BURLINGAME,-122.34727478027344,37.580341339111328
9379894,2022,2022-02-09,4113,2022-01-18,2200,445,4,2,5,5,4113,0,0,0,,0,004,"ROLISON RD",BELLE,0.00,,Y,A,-,N,,,,,,,,,,Y,3,0,1,3,A,-,03,22350,,M,B,E,A,A,H,-,C,D,0,,,,,Y,,A,01,0,1,0,0,0,0,0,0,0,"- ","- ",37.485641479492188,-122.19439697265625,"SAN MATEO","REDWOOD CITY",-122.19321441650391,37.485694885253906
9379915,2022,2022-02-28,4113,2022-01-15,1718,351,7,6,5,5,4113,0,0,0,,0,007,"EL CAMINO REAL",AVONDALE,90.00,S,N,A,-,Y,SM,4,82,-,-,5.020,H,-,S,N,3,0,1,1,A,-,03,22350,,N,H,A,A,A,H,-,C,D,0,,,Y,,Y,,C,02,0,1,0,0,0,0,0,0,1,"- ","- ",37.448589324951172,-122.17418670654297,"SAN MATEO","REDWOOD CITY",-122.24271392822266,37.49224853515625
9380738,2021,2022-02-01,4104,2021-12-16,1824,0249,22,4,5,4,4104,0,0,0,,0,00C,BROADWAY,"ROLLINS RD",380.00,E,N,A,-,N,,,,,,,,,,Y,3,0,1,3,A,-,12,21453,A,N,D,C,A,A,H,-,C,A,0,,,,,Y,,A,01,0,1,0,0,0,0,0,0,0,"- ","- ",37.577869415283203,-122.34809112548828,"SAN MATEO",BURLINGAME,-122.36177062988281,37.589912414550781
9381591,2022,2022-02-09,4113,2022-01-07,1809,453,6,5,5,5,4113,0,0,0,,0,006,"JEFFERSON AV","JETER ST",0.00,,Y,A,-,N,,,,,,,,,,N,4,0,2,3,A,-,03,22350,,N,C,C,A,A,H,-,C,D,0,,,,,Y,,A,01,0,0,2,0,0,0,0,0,0,"- ","- ",37.476211547851562,-122.23787689208984,"SAN MATEO","REDWOOD CITY",-122.23787689208984,37.4761962890625
9383279,2021,2021-12-29,4113,2021-11-14,0222,480,3,7,5,5,4113,0,0,0,,0,003,"CHESTNUT ST","STAMBAUGH ST",227.00,E,N,A,-,N,,,,,,,,,,Y,3,0,1,1,A,-,01,23152,A,N,E,J,A,A,G,-,C,A,0,,,,,Y,,A,01,0,1,0,0,0,0,0,0,0,"- ","- ",37.483951568603516,-122.22048187255859,"SAN MATEO","REDWOOD CITY",-122.22071838378906,37.483615875244141
9390249,2021,2022-01-14,4106,2021-11-30,0733,1137,1,2,5,6,4106,0,0,0,,0,001,"ORIENTE ST","GENEVA AV",10.00,S,N,A,-,N,,,,,,,,,,N,4,0,1,2,A,-,10,21950,A,M,G,B,B,A,H,-,A,D,0,Y,,,,Y,,A,01,0,0,1,0,1,0,0,0,0,"- ","- ",37.706588745117188,-122.41410064697266,"SAN MATEO","DALY CITY",-122.41412353515625,37.706535339355469
9390319,2021,2022-02-03,4106,2021-12-14,1433,2146,12,2,5,6,4106,0,0,0,,0,005,"EDGEMONT DR","WESTMOOR AV",0.00,,Y,A,-,N,,,,,,,,,,N,3,0,1,2,A,-,10,21950,A,N,G,B,B,A,H,-,A,D,0,Y,,,,Y,,A,01,0,1,0,0,1,0,0,0,0,"- ","- ",,,"SAN MATEO","DALY CITY",-122.48483276367188,37.683467864990234
9390338,2021,2022-01-24,4111,2021-12-11,1600,P5164,P06,6,5,4,4111,0,0,0,,0,0P1,"OCEANA BL","AVALON DR",0.00,,Y,B,-,N,,,,,,,,,,N,3,0,1,2,A,-,06,21760,C,N,B,G,A,A,H,-,B,D,0,,Y,,,Y,,A,01,0,1,0,0,0,0,1,0,0,"- ","- ",,,"SAN MATEO",PACIFICA,-122.49089050292969,37.647171020507812
9393312,2021,2022-02-08,4106,2021-12-16,1921,2152,4,4,5,6,4106,0,0,0,,0,003,"JOHN DALY BL","SANTA BARBARA AV",0.00,,Y,A,-,N,,,,,,,,,,Y,4,0,2,2,A,-,04,21703,,N,C,C,A,B,H,-,C,A,0,,,,,Y,,A,01,0,0,2,0,0,0,0,0,0,"- ","- ",37.705101013183594,-122.46412658691406,"SAN MATEO","DALY CITY",-122.46411895751953,37.705104827880859
9395764,2021,2022-02-18,4127,2021-11-02,1050,2264,4127,2,5,4,4127,0,0,0,,0,001,"E WILLOW RD","RT 101",0.00,,Y,A,-,Y,SM,4,114,-,-,5.066,I,5,N,N,4,0,1,2,A,-,08,22101,D,N,H,G,A,A,H,-,A,A,0,,Y,,,Y,,L,04,0,0,1,0,0,0,1,0,0,"- ",NO,,,"SAN MATEO","EAST PALO ALTO",-122.15496826171875,37.4698486328125
9395839,2022,2022-02-22,4102,2022-01-30,0002,06500,1H,7,5,4,4102,0,0,0,,0,001,"HILLER ST","RALSTON AV",66.00,S,N,A,-,N,,,,,,,,,,N,4,0,1,2,A,-,08,22107,,M,B,E,A,A,H,-,C,D,0,,,,,Y,,-,99,0,0,1,0,0,0,0,0,0,"- ","- ",37.523021697998047,-122.27259826660156,"SAN MATEO",BELMONT,-122.27286529541016,37.523406982421875
9395873,2021,2022-02-10,4127,2021-12-26,1800,2264,4127,7,5,4,4127,0,0,0,,0,001,"WILLOW RD","RT 101",51.00,N,N,C,-,N,,,,,,,,,,Y,4,0,1,2,A,-,08,22107,,N,D,C,A,B,H,-,C,A,0,,,,,Y,,A,01,0,0,1,0,0,0,0,0,0,"- ",NF,,,"SAN MATEO","EAST PALO ALTO",,
9395928,2022,2022-02-03,4113,2022-01-06,1355,489,7,4,5,5,4113,0,0,0,,0,007,"EL CAMINO REAL","BROADWAY ST",0.00,,Y,B,-,N,,,,,,,,,,Y,3,0,2,2,A,-,03,22350,,N,C,C,A,A,H,-,A,A,0,,,,,Y,,A,01,0,2,0,0,0,0,0,0,0,"- ","- ",37.486198425292969,-122.23500823974609,"SAN MATEO","REDWOOD CITY",-122.23484039306641,37.486198425292969
9396601,2021,2022-02-04,4127,2021-11-21,2125,2269,4127,7,5,4,4127,0,0,0,,0,003,"COOLEY AV","DONOHOE ST",192.00,E,N,A,-,N,,,,,,,,,,N,3,0,1,2,A,-,06,21750,A,N,B,C,A,A,H,-,C,D,0,,,,,Y,,A,01,0,1,0,0,0,0,0,0,0,"- ","- ",,,"SAN MATEO","EAST PALO ALTO",-122.13923645019531,37.462539672851562
93983515,2024,2024-08-09,9335,2024-08-05,"636 ",022703,,1,1,6,4106,0,1,1,,2,021,"I-280 NORTHBOUND","SERRAMONTE BLVD",35.00,S,N,C,-,Y,SM,,280," ",R,24.620,H,,R,Y,4,0,1,2,A,-,03,22350,,N,B,8,A,B,H,-,A,D,0,,,,,Y,,A,01,0,0,1,0,0,0,0,0,0,"- ","- ",37.669551849365234,-122.46597290039062,"SAN MATEO","DALY CITY",-122.46577453613281,37.669582366943359
9400173,2022,2022-02-09,4111,2022-01-01,1528,P5136,P14,6,5,4,4111,0,0,0,,0,0P3,"CABRILLO HWY","SAN PEDRO AV",19.00,N,N,A,-,N,,,,,,,,,,N,4,0,1,2,C,-,18,,,N,G,B,D,A,H,-,A,D,0,Y,,,,Y,,-,"- ",0,0,1,0,1,0,0,0,0,"- ","- ",,,"SAN MATEO",PACIFICA,-122.50381469726562,37.596000671386719
9400372,2021,2022-02-07,4127,2021-09-18,1804,2233,4127,6,5,4,4127,0,0,0,,0,004,"UNIVERSITY AV","RUNNYMEDE ST",0.00,,Y,A,-,N,,,,,,,,,,Y,4,0,2,2,A,-,00,21450,,N,D,C,A,A,H,-,A,D,0,,,,,Y,,A,07,0,0,2,0,0,0,0,0,0,"- ","- ",,,"SAN MATEO","EAST PALO ALTO",-122.14134979248047,37.468521118164062
9400373,2021,2022-02-07,4127,2021-09-04,1511,2233,4127,6,5,4,4127,0,0,0,,0,003,"EAST BAYSHORE RD","E BAYSHORE RD 1781",0.00,,Y,A,-,N,,,,,,,,,,N,3,0,1,2,D,-,00,,,N,A,B,D,A,H,-,A,D,0,Y,,,,Y,,-,"- ",0,1,0,0,1,0,0,0,0,"- ","- ",,,"SAN MATEO","EAST PALO ALTO",-122.13077545166016,37.454524993896484
9400463,2022,2022-02-18,4113,2022-01-30,0221,487,6,7,5,5,4113,0,0,0,,0,006,"VERA AV",HUDSON,20.00,E,N,A,-,N,,,,,,,,,,Y,3,0,1,2,A,-,01,23152,A,M,C,C,A,A,H,-,C,D,0,,,,,Y,Y,A,01,0,1,0,0,0,0,0,0,0,"- ","- ",37.475688934326172,-122.23284149169922,"SAN MATEO","REDWOOD CITY",-122.23390197753906,37.475509643554688
9400689,2022,2022-02-15,4113,2022-01-13,1924,369,7,4,5,5,4113,0,0,0,,0,007,"ALAMEDA DE LAS PULGAS","WHIPPLE AV",0.00,,Y,A,-,N,,,,,,,,,,Y,3,0,2,2,A,-,09,21453,B,N,H,C,A,A,H,-,C,A,0,,,,,Y,,A,01,0,2,0,0,0,0,0,0,0,"- ","- ",37.480388641357422,-122.25244903564453,"SAN MATEO","REDWOOD CITY",-122.25244140625,37.480392456054688
94020224,2024,2024-08-12,9330,2024-07-31,2130,023864,,3,2,5,4113,0,1,2,,2,058,"US 101 S/B","MARSH ROAD",2600.00,N,N,A,-,Y,SM,,101," "," ",4.087,H,,L,N,4,0,1,2,A,-,01,23152,A,N,C,C,A,A,D,-,C,A,0,,,,,Y,Y,A,01,0,0,1,0,0,0,0,0,0,"- ","- ",37.485408782958984,-122.18950653076172,"SAN MATEO","REDWOOD CITY",-122.18950653076172,37.485439300537109
9402704,2021,2022-03-24,4127,2021-11-10,1843,2253,4127,3,5,4,4127,0,0,0,,0,001,"WILLOW RD","RT 101",29.00,E,N,A,-,Y,SM,4,114,-,-,5.080,H,-,S,Y,4,0,1,2,A,-,04,21703,,N,C,C,A,A,H,-,C,A,0,,,,,Y,,A,01,0,0,1,0,0,0,0,0,0,"- ",NO,,,"SAN MATEO","EAST PALO ALTO",-122.15508270263672,37.47015380859375
9403244,2021,2022-02-22,4127,2021-12-28,0552,2242,4127,2,5,4,4127,0,0,0,,0,001,"WILLOW RD","RT 101",100.00,W,N,C,-,Y,SM,4,101,-,-,1.854,R,4,N,N,4,0,1,3,A,-,03,22350,,N,C,C,A,B,H,-,C,A,0,,,,,Y,Y,A,01,0,0,1,0,0,0,0,0,0,"- ","- ",,,"SAN MATEO","EAST PALO ALTO",-122.15502166748047,37.468883514404297
9404519,2022,2022-03-15,4101,2022-01-14,1703,16KM02,,5,5,2,4101,0,0,0,,0,,"VALPARAISO AV","EMILI AV",37.00,E,N,A,-,N,,,,,,,,,,Y,3,0,1,2,A,-,09,21804,A,N,B,C,A,A,H,-,B,D,0,,,,,Y,,D,22,0,1,0,0,0,0,0,0,0,"- ","- ",37.450611114501953,-122.19200897216797,"SAN MATEO",ATHERTON,-122.19193267822266,37.450714111328125
9406170,2022,2022-02-16,4106,2022-01-31,1715,2184,6,1,5,6,4106,0,0,0,,0,002,"SAN PEDRO RD","REINER ST",0.00,,Y,A,-,N,,,,,,,,,,N,3,0,1,2,A,-,10,21950,A,N,G,B,C,A,H,-,A,D,0,Y,,,,Y,,A,01,0,1,0,0,1,0,0,0,0,"- ","- ",37.689540863037109,-122.4659423828125,"SAN MATEO","DALY CITY",-122.46665191650391,37.689048767089844
94063796,2024,2024-08-12,9330,2024-07-17,"920 ",022792,,3,1,4,4115,0,1,2,,2,048,"US-101 N/B FROM HOLLY E/B","HOLLY STREET",528.00,N,N,A,-,Y,SM,,101," "," ",8.540,H,,R,N,3,0,1,2,A,-,03,22350,,M,C,C,A,A,H,-,A,D,0,,,,,Y,,A,07,0,1,0,0,0,0,0,0,0,"- ","- ",37.515640258789062,-122.257568359375,"SAN MATEO","SAN CARLOS",-122.25778198242188,37.515487670898438
9408273,2022,2022-03-18,4103,2022-01-04,0815,MA460,1,2,5,2,4103,0,0,0,,0,00U,"BAYSHORE BL","GENEVA AV",644.00,S,N,B,-,N,,,,,,,,,,Y,4,0,1,1,A,-,08,22107,,M,E,I,A,B,H,-,B,D,0,,,,,Y,,-,99,0,0,1,0,0,0,0,0,0,"- ","- ",37.704311370849609,-122.407470703125,"SAN MATEO",BRISBANE,-122.40793609619141,37.702995300292969
9410374,2022,2022-03-17,4106,2022-01-03,1301,2032,13B,1,5,6,4106,0,0,0,,0,006,"GELLERT BL","HICKEY BL",394.00,N,N,B,-,N,,,,,,,,,,N,4,0,1,2,A,-,00,21954,,N,G,B,D,A,H,-,A,D,0,Y,,,,Y,,N,60,0,0,1,0,1,0,0,0,0,"- ","- ",37.669090270996094,-122.46898651123047,"SAN MATEO","DALY CITY",-122.46897888183594,37.665523529052734
9412913,2021,2022-03-07,4127,2021-12-15,1629,2222,4127,3,5,4,4127,0,0,0,,0,001,"DONOHOE ST","EUCLID AV",268.00,S,N,A,-,N,,,,,,,,,,N,3,0,2,2,A,-,03,22350,,N,C,C,A,A,H,-,A,D,0,,,,,Y,,A,01,0,1,1,0,0,0,0,0,0,"- ","- ",,,"SAN MATEO","EAST PALO ALTO",-122.14316558837891,37.462726593017578
9413725,2022,2022-02-23,4102,2022-01-25,1605,69800,1E,2,5,4,4102,0,0,0,,0,,"RALSTON AV","ISLAND PKWY",0.00,,Y,A,-,Y,SM,4,101,-,-,9.513,R,4,N,Y,3,0,2,2,A,-,12,21453,,N,D,D,A,A,H,-,A,A,0,,,,,Y,,A,07,0,1,1,0,0,0,0,0,0,"- ","- ",37.527168273925781,-122.27150726318359,"SAN MATEO",BELMONT,-122.26959991455078,37.525951385498047
9414265,2022,2022-03-25,4102,2022-02-23,1915,20,2C,3,5,4,4102,0,0,0,,0,002,"EL CAMINO REAL","RALSTON AV",0.00,,Y,A,-,Y,SM,4,82,-,-,7.690,I,5,N,Y,3,0,2,3,A,-,12,21453,A,N,D,C,A,A,H,-,C,A,0,,,,,Y,,D,22,0,1,1,0,0,0,0,0,0,"- ","- ",37.520431518554688,-122.27603149414062,"SAN MATEO",BELMONT,-122.27587890625,37.520477294921875
9414553,2021,2022-03-22,4127,2021-11-21,0043,2242,4127,7,5,4,4127,0,0,0,,0,001,"EAST BAYSHORE RD","OAKWOOD DR",114.00,N,N,A,-,N,,,,,,,,,,N,2,0,1,2,A,-,14,21201,D,F,C,G,A,A,H,-,C,A,0,,Y,,,Y,Y,L,04,1,0,0,0,0,0,1,0,0,"- ","- ",,,"SAN MATEO","EAST PALO ALTO",-122.14810943603516,37.465023040771484
9414672,2022,2022-02-25,4113,2022-02-05,1559,462,6,6,5,5,4113,0,0,0,,0,006,"JEFFERSON AV","CLEVELAND ST",269.00,W,N,A,-,N,,,,,,,,,,N,4,0,1,2,A,-,09,21804,A,N,D,C,A,A,H,-,A,D,0,,,,,Y,,A,01,0,0,1,0,0,0,0,0,0,"- ","- ",37.480579376220703,-122.23343658447266,"SAN MATEO","REDWOOD CITY",-122.23451995849609,37.47918701171875
9416241,2022,2022-03-14,4127,2022-02-12,1940,2158,4127,6,5,4,4127,0,0,0,,0,001,"NEWBRIDGE ST","POPLAR AV",0.00,,Y,A,-,N,,,,,,,,,,Y,3,0,1,2,A,-,09,21802,A,N,D,C,A,A,H,-,C,D,0,,,,,Y,,A,01,0,1,0,0,0,0,0,0,0,"- ","- ",,,"SAN MATEO","EAST PALO ALTO",-122.1488037109375,37.470970153808594
9418306,2022,2022-03-23,4106,2022-02-16,0820,2146,6,3,5,6,4106,0,0,0,,0,002,"HILLSIDE BL","THIERS ST",0.00,,Y,A,-,N,,,,,,,,,,N,3,0,1,2,A,-,10,21950,A,N,G,B,B,A,H,-,A,D,0,Y,,,,Y,,A,01,0,1,0,0,1,0,0,0,0,"- ","- ",37.697391510009766,-122.46204376220703,"SAN MATEO","DALY CITY",-122.46202850341797,37.697372436523438
9418439,2022,2022-03-24,4106,2022-03-05,1828,2178,13,6,5,6,4106,0,0,0,,0,006,"SOUTHGATE AV","CALLAN BL",325.00,E,N,A,-,N,,,,,,,,,,N,3,0,2,2,A,-,12,22450,,N,D,D,A,A,H,-,C,A,0,,,,,Y,,-,"- ",0,2,0,0,0,0,0,0,0,"- ","- ",37.675628662109375,-122.47081756591797,"SAN MATEO","DALY CITY",-122.47083282470703,37.675369262695312
9418926,2022,2022-04-04,4113,2022-03-01,0817,351,GEO,2,5,5,4113,0,0,0,,0,099,"BAY RD","WARRINGTON ST",0.00,,Y,A,-,N,,,,,,,,,,Y,3,0,1,2,A,-,09,21801,A,N,A,C,A,A,H,-,A,D,0,,,,,Y,,A,07,0,1,0,0,0,0,0,0,0,"- ","- ",37.483539581298828,-122.20482635498047,"SAN MATEO","REDWOOD CITY",-122.20481872558594,37.483570098876953
9419580,2022,2022-04-04,4127,2022-01-29,0158,2268,4127,6,5,4,4127,0,0,0,,0,003,"TATE ST","GATES ST",0.00,,Y,A,-,N,,,,,,,,,,N,4,0,1,3,A,-,08,22107,,M,B,C,A,A,H,-,C,D,0,,,,,Y,,A,01,0,0,1,0,0,0,0,0,0,"- ","- ",,,"SAN MATEO","EAST PALO ALTO",-122.13280487060547,37.460224151611328
9420120,2022,2022-04-27,4111,2022-03-08,1738,P4020,P04,2,5,4,4111,0,0,0,,0,0P1,"OCEANA BL","MANOR DR",126.00,N,N,A,-,N,,,,,,,,,,Y,4,0,2,3,A,-,08,22107,,N,D,E,A,A,H,-,A,D,0,,,,,Y,,A,01,0,0,2,0,0,0,0,0,0,"- ","- ",,,"SAN MATEO",PACIFICA,-122.49050903320312,37.649616241455078
9420916,2021,2022-05-10,4111,2021-11-09,1415,P5150,P12,2,5,4,4111,0,0,0,,0,0P2,"RT 1","FASSLER AV",0.00,,Y,A,-,Y,SM,4,1,-,-,42.014,I,5,S,Y,2,0,7,5,C,-,18,,,N,D,C,A,A,H,-,A,A,0,,,,Y,Y,,-,"- ",1,6,0,0,0,0,0,0,0,"- ","- ",,,"SAN MATEO",PACIFICA,-122.49526214599609,37.608806610107422
9421254,2022,2022-03-24,4111,2022-02-04,1809,P5163,P08,5,5,4,4111,0,0,0,,0,0P2,"OCEANA BL","EUREKA DR",0.00,,Y,A,-,N,,,,,,,,,,Y,4,0,1,2,A,-,09,21802,A,N,B,C,A,A,H,-,C,A,0,,,,,Y,,A,01,0,0,1,0,0,0,0,0,0,"- ","- ",,,"SAN MATEO",PACIFICA,-122.48928070068359,37.632537841796875
9424865,2022,2022-04-11,4127,2022-03-24,2112,2262,4127,4,5,4,4127,0,0,0,,0,003,"DONOHOE ST","COOLEY AV",0.00,,Y,A,-,N,,,,,,,,,,N,4,0,1,2,A,-,21,22106,,F,G,B,B,A,H,-,C,A,0,Y,,,,Y,,A,01,0,0,1,0,1,0,0,0,0,"- ","- ",,,"SAN MATEO","EAST PALO ALTO",-122.13923645019531,37.462535858154297
9424906,2022,2022-04-12,4106,2022-03-13,2220,2174,12,7,5,6,4106,0,0,0,,0,005,"LAKESHIRE DR","SAN JUAN AV",0.00,,Y,A,-,N,,,,,,,,,,N,3,0,1,2,A,-,09,21801,A,N,D,C,A,A,H,-,C,D,0,,,,,Y,,A,01,0,1,0,0,0,0,0,0,0,"- ","- ",37.673301696777344,-122.48336029052734,"SAN MATEO","DALY CITY",-122.48344421386719,37.673305511474609
9429623,2022,2022-04-12,4113,2022-03-28,1747,482,4,1,5,5,4113,0,0,0,,0,004,"SEAPORT BL","HINMAN RD",0.00,,Y,A,-,N,,,,,,,,,,Y,3,0,1,1,A,-,03,22350,,N,F,A,A,A,H,-,A,D,0,,,,,Y,Y,A,07,0,1,0,0,0,0,0,0,0,"- ","- ",37.511260986328125,-122.20657348632812,"SAN MATEO","REDWOOD CITY",-122.20703887939453,37.511531829833984
9429627,2022,2022-04-13,4113,2022-03-11,0919,476,3,5,5,5,4113,0,0,0,,0,003,"CEDAR ST","MIDDLEFIELD RD",0.00,,Y,A,-,N,,,,,,,,,,Y,4,0,2,2,A,-,09,21800,A,N,D,C,A,A,H,-,A,A,0,,,,,Y,,A,01,0,0,2,0,0,0,0,0,0,"- ","- ",37.482551574707031,-122.22241973876953,"SAN MATEO","REDWOOD CITY",-122.222412109375,37.482551574707031
9429666,2022,2022-04-14,4127,2022-03-12,0038,2246,4127,6,5,4,4127,0,0,0,,0,001,"RALMAR AV","GARDEN ST",261.00,E,N,A,-,N,,,,,,,,,,Y,3,0,1,1,A,-,01,23152,,M,F,I,A,A,H,-,C,D,0,,,,,Y,Y,A,01,0,1,0,0,0,0,0,0,0,"- ","- ",,,"SAN MATEO","EAST PALO ALTO",-122.14873504638672,37.468093872070312
9430321,2022,2022-04-05,4106,2022-02-28,0434,2135,5,1,5,6,4106,0,0,0,,0,003,"JUNIPERO SERRA BL","88TH ST",0.00,,Y,A,-,N,,,,,,,,,,Y,4,0,1,2,A,-,03,22350,,N,C,C,A,A,H,-,B,D,0,,,,,Y,,A,01,0,0,1,0,0,0,0,0,0,"- ","- ",37.692539215087891,-122.47102355957031,"SAN MATEO","DALY CITY",-122.47100067138672,37.692539215087891
9432437,2022,2022-08-08,4113,2022-07-11,2240,461,5,1,5,5,4113,0,0,0,,0,005,"WOODSIDE RD","HUDSON ST",0.00,,Y,A,-,Y,SM,4,84,-,-,24.187,I,5,N,Y,3,0,2,3,A,-,01,23152,A,N,D,C,A,A,H,-,C,A,0,,,,,Y,Y,A,01,0,1,1,0,0,0,0,0,0,"- ","- ",37.469459533691406,-122.22344970703125,"SAN MATEO","REDWOOD CITY",-122.22354125976562,37.469257354736328
9433138,2022,2022-08-18,4113,2022-07-13,1230,351,2,3,5,5,4113,0,0,0,,0,002,"EL CAMINO REAL","FINGER AV",150.00,N,N,A,-,Y,SM,4,82,-,-,5.140,H,-,N,N,3,0,2,2,A,-,04,21703,,N,C,C,A,A,H,-,A,D,0,,,,,Y,,A,01,0,2,0,0,0,0,0,0,0,"- ","- ",37.493640899658203,-122.24404907226562,"SAN MATEO","REDWOOD CITY",-122.24411773681641,37.493576049804688
9433819,2022,2022-10-13,4113,2022-09-13,1625,471,3,2,5,5,4113,0,0,0,,0,003,"WOODSIDE RD","VETERANS BL",0.00,,Y,A,-,Y,SM,4,84,-,-,25.640,H,-,N,N,3,0,1,2,A,-,04,21703,,N,C,C,A,A,H,-,A,A,0,,,,,Y,,A,01,0,1,0,0,0,0,0,0,0,"- ","- ",37.489978790283203,-122.21560668945312,"SAN MATEO","REDWOOD CITY",-122.21379852294922,37.488079071044922
94353115,2024,2024-08-13,9330,2024-08-01,"858 ",023947,,4,1,4,4120,0,1,3,,1,035,"SR-92 W/B","SUBSTATION 4",3168.00,W,N,A,-,Y,SM,,92," ",R,16.837,H,,L,N,4,0,2,2,A,-,03,22350,,N,E,8,A,A,H,-,A,D,0,,,,,Y,,A,07,0,0,2,0,0,0,0,0,0,"- ","- ",37.594699859619141,-122.23030090332031,"SAN MATEO","FOSTER CITY",-122.23030853271484,37.594711303710938
94355565,2024,2024-08-15,9330,2024-08-07,2110,023857,,3,2,5,4113,0,1,2,,2,048,"US-101 S/B","WHIPPLE AVENUE",2112.00,N,N,A,-,Y,SM,,101," "," ",2.237,H,,L,Y,4,0,1,3,A,-,03,22350,,N,C,C,A,A,H,-,C,D,0,,,,,Y,,A,01,0,0,1,0,0,0,0,0,0,"- ","- ",37.472259521484375,-122.16118621826172,"SAN MATEO","REDWOOD CITY",-122.16121673583984,37.472232818603516
94356341,2024,2024-08-15,9330,2024-07-19,"910 ",021339,,5,1,5,4116,0,1,2,,2,038,"US-101 S/B",SR-92,2330.00,N,N,A,-,Y,SM,,101," "," ",12.333,H,,L,N,3,0,1,2,A,-,05,21651,A,N,C,C,A,A,H,-,A,D,0,,,Y,,Y,,C,02,0,1,0,0,0,0,0,0,1,"- ","- ",37.558460235595703,-122.30113220214844,"SAN MATEO","SAN MATEO",-122.30104827880859,37.558506011962891
94358952,2024,2024-08-19,9330,2024-08-07,"849 ",023947,,3,1,4,4109,0,1,2,,2,058,"US-101 S/B","WILLOW RD",2640.00,N,N,A,-,Y,SM,,101," "," ",2.330,H,,L,Y,3,0,1,3,A,-,08,22107,,N,B,C,A,A,H,-,A,D,0,,,,,Y,,A,07,0,1,0,0,0,0,0,0,0,"- ","- ",37.473148345947266,-122.16265869140625,"SAN MATEO","MENLO PARK",-122.16270446777344,37.473102569580078
94358963,2024,2024-08-19,9330,2024-08-12,1625,023974,,1,2,4,4115,0,3,5,,2,406,"HARBOR BOULEVARD","INDUSTRIAL ROAD",0.00,,Y,A,-,N,,,,,,,,,,N,4,0,2,3,A,-,09,21801,A,N,D,C,A,A,H,-,A,A,0,,,,,Y,,A,07,0,0,2,0,0,0,0,0,0,"- ","- ",37.521060943603516,-122.26730346679688,"SAN MATEO","SAN CARLOS",-122.26725006103516,37.521080017089844
9436099,2022,2022-05-03,4113,2022-03-30,1348,351,4,3,5,5,4113,0,0,0,,0,004,"MIDDLEFIELD RD","WILLOW ST",0.00,,Y,A,-,N,,,,,,,,,,N,3,0,1,2,A,-,09,21801,A,N,E,I,A,A,H,-,A,A,0,,,Y,,Y,,A,01,0,1,0,0,0,0,0,0,1,"- ","- ",37.480121612548828,-122.21705627441406,"SAN MATEO","REDWOOD CITY",-122.21704864501953,37.4801025390625