CASE_ID,ACCIDENT_YEAR,PROC_DATE,JURIS,COLLISION_DATE,COLLISION_TIME,OFFICER_ID,REPORTING_DISTRICT,DAY_OF_WEEK,CHP_SHIFT,POPULATION,CNTY_CITY_LOC,SPECIAL_COND,BEAT_TYPE,CHP_BEAT_TYPE,CITY_DIVISION_LAPD,CHP_BEAT_CLASS,BEAT_NUMBER,PRIMARY_RD,SECONDARY_RD,DISTANCE,DIRECTION,INTERSECTION,WEATHER_1,WEATHER_2,STATE_HWY_IND,CALTRANS_COUNTY,CALTRANS_DISTRICT,STATE_ROUTE,ROUTE_SUFFIX,POSTMILE_PREFIX,POSTMILE,LOCATION_TYPE,RAMP_INTERSECTION,SIDE_OF_HWY,TOW_AWAY,COLLISION_SEVERITY,NUMBER_KILLED,NUMBER_INJURED,PARTY_COUNT,PRIMARY_COLL_FACTOR,PCF_CODE_OF_VIOL,PCF_VIOL_CATEGORY,PCF_VIOLATION,PCF_VIOL_SUBSECTION,HIT_AND_RUN,TYPE_OF_COLLISION,MVIW,PED_ACTION,ROAD_SURFACE,ROAD_COND_1,ROAD_COND_2,LIGHTING,CONTROL_DEVICE,CHP_ROAD_TYPE,PEDESTRIAN_ACCIDENT,BICYCLE_ACCIDENT,MOTORCYCLE_ACCIDENT,TRUCK_ACCIDENT,NOT_PRIVATE_PROPERTY,ALCOHOL_INVOLVED,STWD_VEHTYPE_AT_FAULT,CHP_VEHTYPE_AT_FAULT,COUNT_SEVERE_INJ,COUNT_VISIBLE_INJ,COUNT_COMPLAINT_PAIN,COUNT_PED_KILLED,COUNT_PED_INJURED,COUNT_BICYCLIST_KILLED,COUNT_BICYCLIST_INJURED,COUNT_MC_KILLED,COUNT_MC_INJURED,PRIMARY_RAMP,SECONDARY_RAMP,LATITUDE,LONGITUDE,COUNTY,CITY,POINT_X,POINT_Y
94436426,2024,2024-10-18,9330,2024-10-10,1420,022793,,4,2,9,4100,0,1,1,,2,044,"I-280 S/B","VISTA 3",1848.00,N,N,A,-,Y,SM,,280," "," ",9.788,H,,L,N,3,0,1,2,C,-,18,,,N,B,C,A,A,H,-,A,D,0,,,,,Y,,-,"- ",0,1,0,0,0,0,0,0,0,"- ","- ",37.500198364257812,-122.32243347167969,"SAN MATEO",UNINCORPORATED,-122.32242584228516,37.500278472900391
94436529,2024,2024-10-18,9330,2024-10-14,1048,023974,,1,1,9,4100,0,1,3,,1,011,SR-92,"PILARCITOS CREEK ROAD",1109.00,W,N,A,-,Y,SM,,92," "," ",3.061,H,,R,Y,3,0,1,2,A,-,09,21801,A,N,D,C,A,A,H,-,A,D,0,,,,,Y,,A,01,0,1,0,0,0,0,0,0,0,"- ","- ",37.490688323974609,-122.38928985595703,"SAN MATEO",UNINCORPORATED,-122.38929748535156,37.490699768066406
94437207,2024,2024-10-21,9335,2024-10-10,1122,019581,,4,1,2,4103,0,1,2,,2,012,"US-101 S/B","ALANA WAY",4500.00,S,N,A,-,Y,SM,,101," "," ",25.251,H,,L,N,4,0,1,2,A,-,08,22107,,M,D,C,A,A,H,-,A,D,0,,,,,Y,,A,01,0,0,1,0,0,0,0,0,0,"- ","- ",37.696540832519531,-122.39247131347656,"SAN MATEO",BRISBANE,-122.3924560546875,37.696540832519531
94438579,2024,2024-10-21,9330,2024-10-10,1747,023032,,4,2,9,4100,0,1,3,,1,021,SR-84,"OLD LA HONDA ROAD",6336.00,W,N,A,-,N,,,,,,,,,,N,3,0,1,1,A,-,08,22107,,M,E,9,A,A,H,-,A,D,0,,,Y,,Y,,C,02,0,1,0,0,0,0,0,0,1,"- ","- ",37.338451385498047,-122.27017211914062,"SAN MATEO",UNINCORPORATED,-122.27182006835938,37.345527648925781
94439469,2024,2024-10-21,9330,2024-05-14,1550,023696,,2,2,5,4113,0,3,5,,2,505,"MIDDLEFIELD ROAD","2ND AVE",0.00,,Y,A,-,N,,,,,,,,,,N,2,0,1,2,A,-,09,21800,A,F,D,G,A,A,H,-,A,D,0,,Y,,,Y,,-,99,1,0,0,0,0,0,1,0,0,"- ","- ",37.473701477050781,-122.20693206787109,"SAN MATEO","REDWOOD CITY",-122.20697021484375,37.473739624023438
94441157,2024,2024-10-22,9330,2024-09-23,"345 ",023857,,1,3,2,4118,0,3,5,,2,503,"WOODSIDE ROAD E/B","CHURCHHILL AVENUE",1320.00,E,N,A,-,Y,SM,,84," "," ",22.378,H,,R,N,4,0,1,3,A,-,03,22350,,M,C,C,A,A,H,-,A,D,0,,,,,Y,,-,99,0,0,1,0,0,0,0,0,0,"- ","- ",37.444839477539062,-122.23416900634766,"SAN MATEO",WOODSIDE,-122.23413848876953,37.444828033447266
94441189,2024,2024-10-22,9330,2024-07-29,2500,022344,,1,4,5,4116,0,1,3,,2,031,"US-101 N/B FROM SR-92 E/B",SR-92,100.00,S,N,B,-,Y,SM,,92," ",R,12.207,H,,R,Y,1,1,0,1,A,-,08,22107,,N,E,8,A,A,H,-,B,D,0,,,,,Y,Y,A,01,0,0,0,0,0,0,0,0,0,"- ","- ",37.55303955078125,-122.29453277587891,"SAN MATEO","SAN MATEO",-122.29458618164062,37.553226470947266
94442855,2024,2024-10-23,9335,2024-10-13,1100,023167,,7,1,6,4106,0,1,1,,2,021,"I-280 N/B","KING DR",275.00,S,N,A,-,Y,SM,,280," ",R,23.112,H,,R,N,4,0,1,2,A,-,07,21658,A,N,B,C,A,A,H,-,A,D,0,,,,,Y,,A,01,0,0,1,0,0,0,0,0,0,"- ","- ",37.651569366455078,-122.45323181152344,"SAN MATEO","DALY CITY",-122.45328521728516,37.651542663574219
94444513,2024,2024-10-24,9330,2024-10-17,"35  ",023251,,4,3,9,4100,0,3,5,,2,505,"CHARTER STREET W/B","BAY ROAD",233.00,W,N,A,-,N,,,,,,,,,,Y,3,0,1,4,A,-,01,23152,A,N,H,E,A,A,H,-,C,D,0,,,,,Y,Y,A,01,0,1,0,0,0,0,0,0,0,"- ","- ",37.484378814697266,-122.21269989013672,"SAN MATEO",UNINCORPORATED,-122.21259307861328,37.484447479248047
94446564,2024,2024-10-28,9335,2024-10-11,2145,023536,,5,2,5,4117,0,1,2,,2,012,"US-101 SB","S AIRPORT BLVD",360.00,N,N,A,-,Y,SM,,101," "," ",21.774,H,,L,Y,4,0,1,2,A,-,03,22350,,N,C,C,A,A,H,-,C,D,0,,,,,Y,,A,07,0,0,1,0,0,0,0,0,0,"- ","- ",37.6510009765625,-122.40702819824219,"SAN MATEO","SOUTH SAN FRANCISCO",-122.40693664550781,37.651004791259766
9444670,2022,2022-05-31,4111,2022-03-28,1504,P5158,P16,1,5,4,4111,0,0,0,,0,0P3,"TERRA NOVA BL","EVERGLADES DR",909.00,N,N,A,-,N,,,,,,,,,,Y,3,0,2,2,A,-,03,22350,A,N,C,C,A,A,H,-,A,D,0,,,,,Y,,A,01,0,1,1,0,0,0,0,0,0,"- ","- ",,,"SAN MATEO",PACIFICA,-122.47607421875,37.593887329101562
94446863,2024,2024-10-28,9330,2024-10-17,1745,023693,,4,2,9,4100,0,3,5,,2,505,"FIFTH AVENUE","EDISON WAY",380.00,E,N,A,-,N,,,,,,,,,,N,3,0,1,2,A,-,08,22107,,N,C,E,A,A,H,-,A,D,0,,,,,Y,,A,01,0,1,0,0,0,0,0,0,0,"- ","- ",37.477169036865234,-122.20147705078125,"SAN MATEO",UNINCORPORATED,-122.20143890380859,37.477119445800781
94447760,2024,2024-10-28,9335,2024-10-15,"15  ",023654,,2,3,5,4117,0,1,2,,2,012,"US-101 SOUTHBOUND","SOUTH AIRPORT BOULEVARD UNDERCROSSING",1056.00,S,N,B,-,Y,SM,,101," "," ",21.482,H,,L,Y,4,0,1,2,A,-,03,22350,,N,B,C,A,A,H,-,C,D,0,,,,,Y,,A,01,0,0,1,0,0,0,0,0,0,"- ","- ",37.646869659423828,-122.40657806396484,"SAN MATEO","SOUTH SAN FRANCISCO",-122.40657806396484,37.646869659423828
94448251,2024,2024-10-29,9335,2024-10-25,"630 ",023832,,5,1,4,4111,0,1,3,,2,041,"SR-1 N/B","MANOR DRIVE OVERCROSSING",3168.00,N,N,A,-,Y,SM,,1," "," ",45.725,H,,R,Y,4,0,1,1,A,-,03,22350,,N,F,A,A,A,H,-,D,D,0,,,Y,,Y,,C,02,0,0,1,0,0,0,0,0,1,"- ","- ",37.658000946044922,-122.48899841308594,"SAN MATEO",PACIFICA,-122.48899841308594,37.658000946044922
94453156,2024,2024-11-01,9330,2024-10-21,1750,022975,,1,2,9,4100,0,1,1,,2,054,"I-280 S/B","ALPINE RD",1245.00,N,N,A,-,Y,SM,,280," ",R,0.278,H,,L,N,3,0,1,2,A,-,01,23152,A,N,B,C,A,A,H,-,A,D,0,,,,,Y,Y,A,01,0,1,0,0,0,0,0,0,0,"- ","- ",37.410259246826172,-122.19889831542969,"SAN MATEO",UNINCORPORATED,-122.19890594482422,37.410255432128906
9445414,2022,2022-06-13,4102,2022-05-16,0838,16,2C,1,5,4,4102,0,0,0,,0,002,"EL CAMINO REAL","RALSTON AV",0.00,,Y,A,-,Y,SM,4,82,-,-,7.690,I,5,S,Y,3,0,1,2,A,-,12,21453,A,N,D,D,A,A,H,-,A,A,0,,,,,Y,,A,01,0,1,0,0,0,0,0,0,0,"- ","- ",37.520431518554688,-122.27603149414062,"SAN MATEO",BELMONT,-122.2760009765625,37.520362854003906
94454944,2024,2024-11-01,9335,2024-03-14,"417 ",023483,,4,3,6,4106,0,1,1,,2,021,"I-280 N/B","JOHN DALY BLVD",2200.00,S,N,A,-,Y,SM,,280," ",R,26.765,H,,R,Y,1,1,0,2,A,-,11,21954,A,N,G,B,E,A,H,-,C,D,0,Y,,,,Y,Y,N,60,0,0,0,1,0,0,0,0,0,"- ","- ",37.699359893798828,-122.47123718261719,"SAN MATEO","DALY CITY",-122.47137451171875,37.699356079101562
94455803,2024,2024-11-04,9330,2024-10-24,"845 ",020646,,4,1,9,4100,0,3,5,,2,505,"5TH ST","SR-82 (EL CAMINO REAL)",184.00,W,N,A,-,N,,,,,,,,,,N,4,0,1,2,A,-,09,21801,A,N,D,C,A,A,H,-,A,D,0,,,,,Y,,I,12,0,0,1,0,0,0,0,0,0,"- ","- ",37.467739105224609,-122.2086181640625,"SAN MATEO",UNINCORPORATED,-122.26905059814453,37.514163970947266
94458522,2024,2024-11-05,9330,2024-10-18,1553,023640,,5,2,4,4104,0,1,2,,2,038,"US-101 N/B","MILLBRAE AVENUE",2640.00,S,N,A,-,Y,SM,,101," "," ",17.416,H,,R,N,3,0,1,5,A,-,08,22107,,N,B,2,A,A,H,-,A,D,0,,,Y,,Y,,A,01,0,1,0,0,0,0,0,0,1,"- ","- ",37.597751617431641,-122.37290191650391,"SAN MATEO",BURLINGAME,-122.37287902832031,37.597770690917969
94460135,2024,2024-11-06,9330,2024-11-02,"200 ",023570,,6,3,5,4113,0,1,2,,2,058,US-101,"WOODSIDE ROAD",100.00,S,N,B,-,Y,SM,,101," "," ",5.120,H,,R,Y,4,0,1,1,A,-,08,22107,,N,E,J,A,A,H,-,D,D,0,,,,,Y,Y,A,07,0,0,1,0,0,0,0,0,0,"- ","- ",37.488010406494141,-122.20819854736328,"SAN MATEO","REDWOOD CITY",-122.20822143554688,37.487934112548828
94462294,2024,2024-11-07,9330,2024-10-19,1357,023693,,6,1,9,4100,0,1,3,,1,010,SR-1,"16TH STREET",0.00,,Y,A,-,Y,SM,,1," "," ",35.873,H,,R,Y,4,0,1,2,A,-,09,21802,A,N,D,C,A,A,H,-,A,D,0,,,,,Y,,A,01,0,0,1,0,0,0,0,0,0,"- ","- ",37.535808563232422,-122.51786804199219,"SAN MATEO",UNINCORPORATED,-122.51788330078125,37.535812377929688
94462661,2024,2024-11-07,9335,2024-11-06,"640 ",024042,,3,1,5,4117,0,1,1,,2,021,"I-280 S/B","ROADWAY EDGE OF JOHN DALY BOULEVARD OVER-CROSSING",720.00,S,N,A,-,Y,SM,,280," ",M,27.004,H,,L,Y,4,0,1,3,A,-,03,22350,,N,C,C,A,A,H,-,A,A,0,,,,,Y,,A,01,0,0,1,0,0,0,0,0,0,"- ","- ",37.702751159667969,-122.47229766845703,"SAN MATEO","SOUTH SAN FRANCISCO",-122.47212219238281,37.7027587890625
9446948,2022,2022-05-20,4104,2022-04-06,0800,0237,10,3,5,4,4104,0,0,0,,0,00B,"BERNAL AV","HILLSIDE DR",0.00,,Y,A,-,N,,,,,,,,,,N,3,0,1,2,A,-,08,22107,,N,H,G,A,A,H,-,A,A,0,,Y,,,Y,,A,08,0,1,0,0,0,0,1,0,0,"- ","- ",37.584011077880859,-122.375,"SAN MATEO",BURLINGAME,-122.37497711181641,37.584018707275391
94471869,2024,2024-11-15,9335,2024-11-11,1849,022186,,1,2,2,4103,0,1,2,,2,012,"US-101 N/B","ALANA WAY",6825.00,S,N,B,-,Y,SM,,101," "," ",24.814,H,,R,Y,4,0,1,4,A,-,07,21658,A,N,B,C,A,A,H,-,D,D,0,,,,,Y,,A,01,0,0,1,0,0,0,0,0,0,"- ","- ",37.690361022949219,-122.39084625244141,"SAN MATEO",BRISBANE,-122.39080810546875,37.690364837646484
94472155,2024,2024-11-18,9330,2024-11-05,1034,021648,,2,1,9,4100,0,1,3,,2,031,"SR-92 W/B","RALSTON AVE",710.00,W,N,A,-,Y,SM,,92," ",R,7.869,H,,L,N,4,0,1,2,A,-,08,22107,,N,E,I,A,A,H,-,A,D,0,,,,,Y,,E,22,0,0,1,0,0,0,0,0,0,"- ","- ",37.512069702148438,-122.33100891113281,"SAN MATEO",UNINCORPORATED,-122.33090972900391,37.511993408203125
94472177,2024,2024-11-18,9335,2024-11-07,"438 ",017331,,4,3,6,4106,0,1,1,,2,021,"I-280 N/B","SERRAMONTE BLVD",1584.00,N,N,A,-,Y,SM,,280," ",R,24.965,H,,R,Y,3,0,1,2,A,-,03,22350,,N,C,C,A,A,D,-,C,A,0,,,,,Y,,A,01,0,1,0,0,0,0,0,0,0,"- ","- ",37.674110412597656,-122.46846771240234,"SAN MATEO","DALY CITY",-122.46858978271484,37.674049377441406
94472842,2024,2024-11-18,9330,2024-11-07,1545,023693,,4,2,9,4100,0,3,5,,2,071,"O'CONNOR LANE","CAMPUS DRIVE",0.00,,Y,A,-,N,,,,,,,,,,N,4,0,1,2,A,-,09,21804,A,N,A,C,A,A,H,-,A,D,0,,,,,Y,,M,94,0,0,1,0,0,0,0,0,0,"- ","- ",37.422088623046875,-122.16757965087891,"SAN MATEO",UNINCORPORATED,-122.16751861572266,37.421974182128906
94472937,2024,2024-11-18,9330,2024-11-07,1830,023158,,4,2,9,4100,0,1,1,,2,074,"I-280 NB","SAND HILL RD",321.00,S,N,A,-,Y,SM,,280," ",R,1.483,H,,R,N,4,0,1,2,A,-,03,22350,,N,C,C,A,A,H,-,C,D,0,,,,,Y,,A,01,0,0,1,0,0,0,0,0,0,"- ","- ",37.418869018554688,-122.21734619140625,"SAN MATEO",UNINCORPORATED,-122.21736145019531,37.418830871582031
9447688,2022,2022-11-04,4113,2022-09-10,1235,351,2,6,5,5,4113,0,0,0,,0,002,"MARSHALL ST","JEFFERSON AV",96.00,N,N,A,-,N,,,,,,,,,,N,3,0,1,2,A,-,03,22350,,N,C,C,A,A,H,-,A,A,0,,,,,Y,,A,01,0,1,0,0,0,0,0,0,0,"- ","- ",37.487541198730469,-122.22921752929688,"SAN MATEO","REDWOOD CITY",-122.22824859619141,37.487579345703125
9447690,2022,2022-11-04,4113,2022-09-02,1050,433,2,5,5,5,4113,0,0,0,,0,002,"WHIPPLE AV","VETERANS BL",118.00,W,N,A,-,N,,,,,,,,,,N,3,0,1,2,A,-,08,22107,A,N,B,C,A,A,H,-,A,D,0,,,Y,,Y,,A,01,0,1,0,0,0,0,0,0,1,"- ","- ",37.494659423828125,-122.23500823974609,"SAN MATEO","REDWOOD CITY",-122.23482513427734,37.494331359863281
94477580,2024,2024-11-20,9335,2024-11-16,1220,023111,,6,1,4,4111,0,1,3,,2,041,"SR-1 S/B","PALOMA AVE OVERCROSSING",1625.00,N,N,A,-,Y,SM,,1," ",R,44.529,H,,L,Y,3,0,1,1,C,-,18,,,N,E,8,A,A,H,-,A,D,0,,,,,Y,,-,"- ",0,1,0,0,0,0,0,0,0,"- ","- ",37.6409912109375,-122.49107360839844,"SAN MATEO",PACIFICA,-122.49099731445312,37.641010284423828
94480864,2024,2024-11-22,9335,2024-11-21,"553 ",023474,,4,3,6,4106,0,1,1,,2,022,"I-280 N/B","SERRAMONTE BLVD",275.00,S,N,B,C,Y,SM,,280," ",R,24.589,H,,R,N,4,0,1,1,A,-,03,22350,,N,E,J,A,B,H,-,D,D,0,,,,,Y,,A,01,0,0,1,0,0,0,0,0,0,"- ","- ",37.66912841796875,-122.46562194824219,"SAN MATEO","DALY CITY",-122.46567535400391,37.669124603271484
94481707,2024,2024-11-25,9335,2024-11-23,1055,023504,,6,1,5,4117,0,1,2,,2,012,"US-101 NB","SOUTH AIRPORT BLVD UNDER CROSS",465.00,N,N,A,-,Y,SM,,101," "," ",21.802,H,,R,N,4,0,1,2,A,-,03,22350,,N,C,C,A,A,H,-,A,D,0,,,,,Y,,A,07,0,0,1,0,0,0,0,0,0,"- ","- ",37.651420593261719,-122.40670013427734,"SAN MATEO","SOUTH SAN FRANCISCO",-122.40675354003906,37.651416778564453
94484981,2024,2024-11-27,9335,2024-11-25,"955 ",023860,,1,1,4,4111,0,1,3,,2,041,"SR-1 N/B","MONTEREY RD",4171.00,N,N,B,C,Y,SM,,1," "," ",46.240,H,,R,Y,3,0,1,2,A,-,08,22107,,N,E,I,A,B,H,-,A,D,0,,,,,Y,,A,01,0,1,0,0,0,0,0,0,0,"- ","- ",37.662040710449219,-122.48400115966797,"SAN MATEO",PACIFICA,-122.48396301269531,37.66204833984375
94488024,2024,2024-12-02,9335,2024-11-26,2045,021754,,2,2,2,4103,0,1,2,,2,012,"US-101 N/B","OYSTER POINT BLVD. OVERCROSSING",5122.00,N,N,A,-,Y,SM,,101," "," ",23.859,H,,R,N,4,0,1,3,A,-,03,22350,,N,C,C,A,A,H,-,C,D,0,,,,,Y,,A,07,0,0,1,0,0,0,0,0,0,"- ","- ",37.677131652832031,-122.38841247558594,"SAN MATEO",BRISBANE,-122.38838195800781,37.677127838134766
94488063,2024,2024-12-02,9330,2024-11-16,1414,023587,,6,2,9,4100,0,1,1,,2,054,"I-280 N/B TO SANDHILL ROAD W/B","SAND HILL ROAD",300.00,S,N,A,-,Y,SM,,280," ",R,1.390,H,,R,Y,3,0,1,1,A,-,08,22107,,N,F,A,A,A,H,-,A,D,0,,,,,Y,,A,01,0,1,0,0,0,0,0,0,0,"- ","- ",37.418781280517578,-122.21559143066406,"SAN MATEO",UNINCORPORATED,-122.21566772460938,37.418560028076172
94488714,2024,2024-12-02,9330,2024-11-16,1612,023032,,6,2,9,4100,0,3,5,,2,203,"PESCADERO CREEK ROAD","JONES GULCH RD",2640.00,N,N,A,-,N,,,,,,,,,,Y,4,0,1,1,A,-,01,23152,A,N,E,8,A,A,H,-,A,D,0,,,,,Y,Y,A,01,0,0,1,0,0,0,0,0,0,"- ","- ",37.297031402587891,-122.28057098388672,"SAN MATEO",UNINCORPORATED,-122.28089904785156,37.294185638427734
94491043,2024,2024-12-03,9330,2024-11-19,"825 ",022372,,2,1,9,4100,0,3,5,,2,005,"ALPINE ROAD","I-280 N/B ON-RAMP",0.00,,Y,A,-,N,,,,,,,,,,Y,4,0,1,2,A,-,09,21802,A,N,D,C,A,A,H,-,A,A,0,,,,,Y,,A,01,0,0,1,0,0,0,0,0,0,"- ","- ",37.410209655761719,-122.19464111328125,"SAN MATEO",UNINCORPORATED,,
94491199,2024,2024-12-04,9335,2024-12-02,"620 ",023832,,1,1,6,4106,0,1,1,,2,021,"I-280 S/B FROM JOHN DALY BLVD","JOHN DALY BLVD",690.00,S,N,A,-,Y,SM,,280," ",M,27.003,H,,L,N,4,0,2,2,A,-,03,22350,,N,C,C,A,A,H,-,D,A,0,,,,,Y,,A,01,0,0,2,0,0,0,0,0,0,"- ","- ",37.702728271484375,-122.47234344482422,"SAN MATEO","DALY CITY",-122.47212219238281,37.702739715576172
94491772,2024,2024-12-04,9330,2024-11-20,"730 ",020646,,3,1,5,4116,0,1,2,,2,048,"US-101 S/B","EAST HILLSDALE BLVD",2000.00,N,N,B,-,Y,SM,,101," "," ",11.532,H,,L,N,4,0,1,2,A,-,07,21658,A,N,B,C,A,A,H,-,A,D,0,,,,,Y,,A,07,0,0,1,0,0,0,0,0,0,"- ","- ",37.548969268798828,-122.29228210449219,"SAN MATEO","SAN MATEO",-122.29221343994141,37.54901123046875
94494414,2024,2024-12-06,9330,2024-11-22,"903 ",023975,,5,1,9,4100,0,3,5,,2,071,"CAMPUS DRIVE","ARGUELLO WAY",120.00,W,N,B,C,N,,,,,,,,,,N,4,0,1,1,A,-,03,22350,,N,E,J,A,B,B,-,A,A,0,,,,,Y,,M,94,0,0,1,0,0,0,0,0,0,"- ","- ",37.422920227050781,-122.16562652587891,"SAN MATEO",UNINCORPORATED,-122.16295623779297,37.430351257324219
94498517,2024,2024-12-13,9330,2024-11-26,1550,023158,,2,2,5,4116,0,1,2,,2,048,"US101 N/B","E. HILLSDALE BLVD",255.00,N,N,A,-,Y,SM,,101," "," ",11.204,H,,R,Y,4,0,1,2,A,-,03,22350,,N,C,C,A,A,H,-,A,D,0,,,,Y,Y,,F,26,0,0,1,0,0,0,0,0,0,"- ","- ",37.545291900634766,-122.28848266601562,"SAN MATEO","SAN MATEO",-122.28847503662109,37.545291900634766
9449933,2022,2022-06-17,4113,2022-04-23,0815,488,4,6,5,5,4113,0,0,0,,0,004,"WOODSIDE RD","BROADWAY ST",0.00,,Y,A,-,N,,,,,,,,,,Y,3,0,3,2,A,-,12,21453,,N,-,C,A,A,H,-,A,A,0,,,,,Y,,A,01,0,3,0,0,0,0,0,0,0,"- ","- ",37.487049102783203,-122.21421051025391,"SAN MATEO","REDWOOD CITY",-122.21422576904297,37.487068176269531
94501660,2024,2024-12-13,9330,2024-12-03,"745 ",022200,,2,1,4,4102,0,1,2,,2,048,"US-101 S/B","RALSTON AVENUE",200.00,S,N,A,-,Y,SM,,101," "," ",9.516,H,,L,N,4,0,1,3,A,-,03,22350,,N,C,C,A,A,H,-,A,D,0,,,,,Y,,D,22,0,0,1,0,0,0,0,0,0,"- ","- ",37.525829315185547,-122.26985168457031,"SAN MATEO",BELMONT,-122.26979064941406,37.525871276855469
94503291,2024,2024-12-13,9330,2024-12-12,"706 ",023492,,4,1,4,4109,0,1,2,,2,058,"US-101 N/B FROM MARSH ROAD","MARSH ROAD",272.00,N,N,C,-,Y,,,,,,,,,,N,4,0,1,2,A,-,03,22350,,N,C,C,A,B,H,-,A,D,0,,,,,Y,,A,01,0,0,1,0,0,0,0,0,0,"- ","- ",37.484451293945312,-122.18115997314453,"SAN MATEO","MENLO PARK",-122.18080902099609,37.483489990234375
94503890,2024,2024-12-13,9335,2024-12-06,1845,022186,,5,2,9,4100,0,1,2,,2,011,"US-101 N/B","MILLBRAE AVENUE O/C",5333.00,N,N,A,-,Y,SM,,101," "," ",18.956,H,,R,Y,4,0,1,2,A,-,03,22350,,N,C,C,A,A,H,-,C,D,0,,,,,Y,,D,22,0,0,1,0,0,0,0,0,0,"- ","- ",37.6119384765625,-122.39466857910156,"SAN MATEO",UNINCORPORATED,-122.39463043212891,37.611976623535156
94503899,2024,2024-12-16,9335,2024-12-09,"740 ",022703,,1,1,9,4100,0,1,2,,2,011,"US-101 SOUTHBOUND","MILLBRAE AVENUE",3895.00,N,N,A,-,Y,SM,,101," "," ",18.683,H,,L,N,4,0,1,2,A,-,03,22350,,N,C,C,A,A,H,-,A,D,0,,,,Y,Y,,F,26,0,0,1,0,0,0,0,0,0,"- ","- ",37.609310150146484,-122.39105224609375,"SAN MATEO",UNINCORPORATED,-122.39104461669922,37.60931396484375
94505870,2024,2024-12-16,9330,2024-12-04,1330,023671,,3,1,4,4104,0,1,2,,2,038,"US-101 N/B","MILLBRAE AVE",1584.00,S,N,A,-,Y,SM,,101," "," ",17.640,H,,R,N,4,0,1,2,A,-,03,22350,,N,C,C,A,A,H,-,A,D,0,,,,,Y,,D,22,0,0,1,0,0,0,0,0,0,"- ","- ",37.599830627441406,-122.37599182128906,"SAN MATEO",BURLINGAME,-122.37600708007812,37.599811553955078
94508628,2024,2024-12-18,9330,2024-12-01,2115,023570,,7,2,9,4100,0,1,3,,1,021,SR-84,SR-1,0.00,,Y,B,-,Y,SM,,84," "," ",0.000,H,,R,N,4,0,1,1,A,-,01,23152,A,N,E,I,A,A,H,-,D,A,0,,,,,Y,Y,A,08,0,0,1,0,0,0,0,0,0,"- ","- ",37.324600219726562,-122.39997863769531,"SAN MATEO",UNINCORPORATED,-122.39987945556641,37.324554443359375
94510553,2024,2024-12-19,9330,2024-12-13,1840,023011,,5,2,9,4100,0,1,1,,2,044,"I-280 N/B",SR-92,3960.00,S,N,B,C,Y,SM,,280," "," ",9.993,H,,R,Y,4,0,1,2,A,-,03,22350,,N,C,C,A,B,H,-,D,D,0,,,,,Y,,A,01,0,0,1,0,0,0,0,0,0,"- ","- ",37.501079559326172,-122.32576751708984,"SAN MATEO",UNINCORPORATED,-122.32577514648438,37.50103759765625
94511584,2024,2025-01-03,9335,2024-12-14,"15  ",024050,,6,3,6,4106,0,1,1,,2,021,"I-280 N/B","KING DRIVE UNDERCROSSING",410.00,N,N,B,C,Y,SM,,280," ",R,23.257,H,,R,Y,4,0,1,3,D,-,00,,,N,B,C,A,B,H,-,C,D,0,,,,,Y,,-,"- ",0,0,1,0,0,0,0,0,0,"- ","- ",37.653118133544922,-122.45497894287109,"SAN MATEO","DALY CITY",-122.45500183105469,37.653102874755859
94512014,2024,2025-02-24,9335,2024-12-14,"448 ",023121,,6,3,4,4114,0,1,1,,2,038,"I-380 EASTBOUND","EL CAMINO REAL",900.00,W,N,C,-,Y,SM,,380," "," ",5.303,H,,R,Y,4,0,3,2,A,-,03,22350,,N,C,2,A,B,H,-,C,D,0,,,,,Y,,A,01,0,0,3,0,0,0,0,0,0,"- ","- ",37.631698608398438,-122.42159271240234,"SAN MATEO","SAN BRUNO",-122.42157745361328,37.631679534912109
94512051,2024,2024-12-20,9335,2024-12-16,"359 ",023483,,1,3,1,4105,0,1,1,,2,020,"I-280 SOUTHBOUND","WESTBOROUGH BOULEVARD",950.00,S,N,A,-,Y,SM,,280," ",R,22.444,H,,L,Y,3,0,1,2,A,-,03,22350,,F,C,2,A,A,H,-,C,D,0,,,,,Y,,-,99,0,1,0,0,0,0,0,0,0,"- ","- ",37.643470764160156,-122.44687652587891,"SAN MATEO",COLMA,-122.44686126708984,37.64349365234375
94512497,2024,2024-12-23,9330,2024-12-12,"820 ",023486,,4,1,2,4118,0,1,1,,2,044,"I-280 NB TO FARM HILL BLVD EB",I-280,528.00,E,N,C,-,Y,,,,,,,,,,N,4,0,1,1,A,-,03,22350,,N,E,I,A,B,H,-,A,D,0,,,,,Y,,A,07,0,0,1,0,0,0,0,0,0,"- ","- ",37.445159912109375,-122.26141357421875,"SAN MATEO",WOODSIDE,,