CASE_ID,ACCIDENT_YEAR,PROC_DATE,JURIS,COLLISION_DATE,COLLISION_TIME,OFFICER_ID,REPORTING_DISTRICT,DAY_OF_WEEK,CHP_SHIFT,POPULATION,CNTY_CITY_LOC,SPECIAL_COND,BEAT_TYPE,CHP_BEAT_TYPE,CITY_DIVISION_LAPD,CHP_BEAT_CLASS,BEAT_NUMBER,PRIMARY_RD,SECONDARY_RD,DISTANCE,DIRECTION,INTERSECTION,WEATHER_1,WEATHER_2,STATE_HWY_IND,CALTRANS_COUNTY,CALTRANS_DISTRICT,STATE_ROUTE,ROUTE_SUFFIX,POSTMILE_PREFIX,POSTMILE,LOCATION_TYPE,RAMP_INTERSECTION,SIDE_OF_HWY,TOW_AWAY,COLLISION_SEVERITY,NUMBER_KILLED,NUMBER_INJURED,PARTY_COUNT,PRIMARY_COLL_FACTOR,PCF_CODE_OF_VIOL,PCF_VIOL_CATEGORY,PCF_VIOLATION,PCF_VIOL_SUBSECTION,HIT_AND_RUN,TYPE_OF_COLLISION,MVIW,PED_ACTION,ROAD_SURFACE,ROAD_COND_1,ROAD_COND_2,LIGHTING,CONTROL_DEVICE,CHP_ROAD_TYPE,PEDESTRIAN_ACCIDENT,BICYCLE_ACCIDENT,MOTORCYCLE_ACCIDENT,TRUCK_ACCIDENT,NOT_PRIVATE_PROPERTY,ALCOHOL_INVOLVED,STWD_VEHTYPE_AT_FAULT,CHP_VEHTYPE_AT_FAULT,COUNT_SEVERE_INJ,COUNT_VISIBLE_INJ,COUNT_COMPLAINT_PAIN,COUNT_PED_KILLED,COUNT_PED_INJURED,COUNT_BICYCLIST_KILLED,COUNT_BICYCLIST_INJURED,COUNT_MC_KILLED,COUNT_MC_INJURED,PRIMARY_RAMP,SECONDARY_RAMP,LATITUDE,LONGITUDE,COUNTY,CITY,POINT_X,POINT_Y
94652405,2025,2025-04-16,9330,2025-04-09,"840 ",024358,,3,1,4,4104,0,1,2,,2,038,"US-101 S/B",BROADWAY,1850.00,N,N,A,-,Y,SM,,101," "," ",16.932,H,,L,Y,4,0,2,3,A,-,04,21703,,M,C,C,A,A,H,-,A,D,0,,,,,Y,,A,01,0,0,2,0,0,0,0,0,0,"- ","- ",37.593181610107422,-122.36618041992188,"SAN MATEO",BURLINGAME,-122.36619567871094,37.593162536621094
94659009,2025,2025-04-22,9330,2025-04-12,1530,023640,,6,2,9,4100,0,1,3,,1,011,SR-92,"CANADA ROAD",0.00,,Y,A,-,Y,SM,,92," ",T,7.160,H,,R,Y,4,0,4,2,A,-,12,21453,A,N,D,2,A,A,H,-,A,A,0,,,,,Y,,A,08,0,0,4,0,0,0,0,0,0,"- ","- ",37.506961822509766,-122.34139251708984,"SAN MATEO",UNINCORPORATED,-122.34138488769531,37.506988525390625
94668506,2025,2025-04-29,9330,2025-04-18,1210,022920,,5,1,9,4100,0,1,1,,2,044,"I-280 N/B","THE CANADA ROAD UNDERCROSSING",686.00,N,N,A,-,Y,SM,,280," ",R,6.753,H,,R,N,4,0,2,1,C,-,18,,,N,E,I,A,A,H,-,A,D,0,,,,,Y,,-,"- ",0,0,2,0,0,0,0,0,0,"- ","- ",37.462028503417969,-122.29074859619141,"SAN MATEO",UNINCORPORATED,-122.29060363769531,37.4620361328125
94668507,2025,2025-04-29,9330,2025-04-17,"710 ",023975,,4,1,5,4116,0,1,2,,2,048,"US-101 S/B","E. HILLSDALE BOULEVARD",1142.00,S,N,B,-,Y,SM,,101," "," ",10.922,H,,L,N,4,0,1,3,A,-,03,22350,,N,C,C,A,A,H,-,A,D,0,,,,,Y,,A,07,0,0,1,0,0,0,0,0,0,"- ","- ",37.541900634765625,-122.28559875488281,"SAN MATEO","SAN MATEO",-122.28563690185547,37.541877746582031
94668670,2025,2025-04-29,9335,2025-04-21,1040,024307,,1,1,6,4106,0,1,3,,2,035,"SR-35 N/B","WESTMOOR AVENUE",2429.00,S,N,A,-,Y,SM,,35," "," ",29.190,H,,R,N,3,0,1,1,A,-,08,22107,,N,E,I,A,A,H,-,A,D,0,,,,,Y,,A,01,0,1,0,0,0,0,0,0,0,"- ","- ",37.676128387451172,-122.48979187011719,"SAN MATEO","DALY CITY",-122.48973083496094,37.676143646240234
94670378,2025,2025-04-30,9330,2025-04-18,1900,024299,,5,2,5,4116,0,1,2,,2,038,"US-101 S/B","POPLAR ST",634.00,N,N,A,-,Y,SM,,101," "," ",14.450,H,,L,Y,4,0,1,2,A,-,03,22350,,N,C,C,A,A,H,-,A,D,0,,,,,Y,,A,01,0,0,1,0,0,0,0,0,0,"- ","- ",37.581699371337891,-122.32582855224609,"SAN MATEO","SAN MATEO",-122.32588195800781,37.5816650390625
94672154,2025,2025-05-01,9330,2025-04-20,1810,024137,,7,2,9,4100,0,1,3,,1,011,"SR-92 E/B",SR-35,3237.00,W,N,B,-,Y,SM,,92," "," ",4.541,H,,R,N,3,0,1,1,A,-,03,22350,,N,F,A,A,A,H,-,A,D,0,,,Y,,Y,,C,02,0,1,0,0,0,0,0,0,1,"- ","- ",37.487339019775391,-122.37033081054688,"SAN MATEO",UNINCORPORATED,-122.37033843994141,37.487339019775391
94673507,2025,2025-05-02,9330,2025-04-26,1425,024299,,6,2,5,4116,0,1,2,,2,038,"US-101 N/B","PENINSULA AVE",1056.00,N,N,A,-,Y,SM,,101," "," ",14.912,H,,R,Y,4,0,3,2,A,-,03,22350,,N,C,C,A,A,H,-,A,D,0,,,,,Y,,A,08,0,0,3,0,0,0,0,0,0,"- ","- ",37.586360931396484,-122.33168029785156,"SAN MATEO","SAN MATEO",-122.3316650390625,37.586391448974609
94676718,2025,2025-05-06,9335,2025-04-25,2020,024128,,5,2,5,4117,0,1,1,,2,020,"I-280 N/B","AVALON DRIVE UNDERCROSSING",710.00,N,N,A,-,Y,SM,,280," ",R,22.200,H,,R,N,4,0,1,2,A,-,07,21658,A,N,B,C,A,A,H,-,C,D,0,,,,,Y,,A,07,0,0,1,0,0,0,0,0,0,"- ","- ",37.641349792480469,-122.44338989257812,"SAN MATEO","SOUTH SAN FRANCISCO",-122.44338989257812,37.641349792480469
94676785,2025,2025-05-06,9330,2025-04-12,"207 ",023175,,6,3,5,4116,0,1,2,,2,048,"US-101 N/B TO DORE AVENUE","N BAYSHORE BLVD",59.00,W,N,A,-,Y,,,,,,,,,,Y,3,0,1,1,A,-,03,22350,,N,E,I,A,A,H,-,C,D,0,,,,,Y,,A,01,0,1,0,0,0,0,0,0,0,"- ","- ",37.578128814697266,-122.32131958007812,"SAN MATEO","SAN MATEO",-122.32778167724609,37.583797454833984
94676872,2025,2025-05-06,9335,2025-04-26,2245,024109,,6,3,4,4114,0,1,1,,2,038,"I-380 W/B","CHERRY AVE",366.00,E,N,A,-,Y,SM,,380," "," ",5.075,H,,L,N,3,0,2,2,A,-,03,22350,,N,B,C,A,A,H,-,D,D,0,,,,,Y,,A,07,0,1,1,0,0,0,0,0,0,"- ","- ",37.630390167236328,-122.42545318603516,"SAN MATEO","SAN BRUNO",-122.42545318603516,37.630390167236328
94677163,2025,2025-05-06,9335,2025-04-30,1558,023504,,3,2,1,4105,0,1,1,,2,021,"I-280 N/B","SERRAMONTE BLVD",950.00,N,N,A,-,Y,SM,,280," ",R,24.829,H,,R,Y,3,0,1,2,A,-,07,21658,A,N,C,C,A,A,H,-,A,D,0,,,,,Y,,A,07,0,1,0,0,0,0,0,0,0,"- ","- ",37.672420501708984,-122.46713256835938,"SAN MATEO",COLMA,-122.46720123291016,37.672386169433594
94677547,2025,2025-05-06,9335,2025-05-06,"852 ",022187,,2,1,4,4114,0,1,1,,2,020,"I-280 S/B","THE SNEATH LANE OVER-CROSSING",467.00,N,N,A,-,Y,SM,,280," ",R,21.399,H,,L,N,4,0,1,2,A,-,03,22350,,N,C,C,A,A,H,-,A,D,0,,,,,Y,,A,07,0,0,1,0,0,0,0,0,0,"- ","- ",37.631309509277344,-122.43628692626953,"SAN MATEO","SAN BRUNO",-122.43630981445312,37.631298065185547
94677607,2025,2025-05-07,9335,2025-04-30,"555 ",018804,,3,3,9,4100,0,1,2,,2,011,"US 101 S/B FROM SFO","MILLBRAE AVE.",4847.00,N,N,A,-,Y,SM,,101," "," ",18.865,H,,L,N,4,0,1,2,A,-,03,22350,,N,C,C,A,A,H,-,A,A,0,,,,,Y,,A,07,0,0,1,0,0,0,0,0,0,"- ","- ",37.610828399658203,-122.393798828125,"SAN MATEO",UNINCORPORATED,-122.39364624023438,37.610980987548828
9467922,2022,2023-01-13,4104,2022-10-25,1819,0249,9,2,5,4,4104,0,0,0,,0,00B,"RT 82",BROADWAY,109.00,N,N,A,-,Y,SM,4,82,-,-,14.450,H,-,S,N,3,0,1,2,A,-,11,21954,A,N,G,B,D,A,H,-,A,D,0,Y,,,,Y,,N,60,0,1,0,0,1,0,0,0,0,"- ","- ",37.584228515625,-122.36628723144531,"SAN MATEO",BURLINGAME,-122.36674499511719,37.584465026855469
94679811,2025,2025-05-08,9330,2025-04-29,1734,024402,,2,2,5,4113,0,1,2,,2,058,"US-101 N/B","WOODSIDE ROAD",2640.00,S,N,A,-,Y,SM,,101," "," ",4.900,H,,R,N,3,0,1,3,A,-,03,22350,,N,C,C,A,A,H,-,A,D,0,,,,,Y,,A,01,0,1,0,0,0,0,0,0,0,"- ","- ",37.487518310546875,-122.20420837402344,"SAN MATEO","REDWOOD CITY",-122.2042236328125,37.487434387207031
94680027,2025,2025-05-08,9330,2025-05-05,1720,024443,,1,2,4,4127,0,1,2,,2,058,"US-101 NB","UNIVERSITY AVENUE",2270.00,N,N,A,-,Y,SM,,101," "," ",1.297,H,,R,Y,3,0,1,2,A,-,03,22350,,N,C,C,A,A,H,-,A,D,0,,,,,Y,,A,01,0,1,0,0,0,0,0,0,0,"- ","- ",37.464061737060547,-122.14691162109375,"SAN MATEO","EAST PALO ALTO",-122.14688110351562,37.464088439941406
9468267,2022,2023-01-25,4101,2022-12-29,2325,20VK03,,4,5,2,4101,0,0,0,,0,,"EL CAMINO REAL","WATKINS AV",0.00,,Y,A,-,Y,SM,4,82,-,-,1.580,H,-,S,N,4,0,1,2,A,-,09,21802,A,N,C,C,A,B,H,-,C,D,0,,,,,Y,,A,01,0,0,1,0,0,0,0,0,0,"- ","- ",37.45941162109375,-122.19503784179688,"SAN MATEO",ATHERTON,-122.19554138183594,37.459705352783203
94682959,2025,2025-05-12,9330,2025-05-09,1632,024137,,5,2,4,4104,0,1,2,,2,038,"US-101 S/B","MILBRAE AVE",7.00,S,N,A,-,Y,SM,,101," "," ",17.938,H,,L,Y,4,0,2,2,A,-,03,22350,,N,C,C,A,A,H,-,A,D,0,,,,,Y,,A,01,0,0,2,0,0,0,0,0,0,"- ","- ",37.602439880371094,-122.38033294677734,"SAN MATEO",BURLINGAME,-122.38034820556641,37.602424621582031
94682960,2025,2025-05-12,9330,2025-05-09,1552,024137,,5,2,4,4104,0,1,2,,2,038,"US-101 S/B",BROADWAY,4021.00,S,N,A,-,Y,SM,,101," "," ",15.832,H,,L,N,4,0,1,2,A,-,03,22350,,N,C,C,A,A,H,-,A,D,0,,,,,Y,,A,01,0,0,1,0,0,0,0,0,0,"- ","- ",37.587028503417969,-122.34850311279297,"SAN MATEO",BURLINGAME,-122.34850311279297,37.587009429931641
94685322,2025,2025-05-13,9345,2025-05-01,1120,024465,,4,1,4,4109,0,1,3,,1,184,"SR 84 N/B","RAVENSWOOD TRAIL",3274.00,N,N,A,-,Y,SM,,84," ",R,29.830,H,,R,Y,4,0,1,2,A,-,04,21703,,N,C,C,A,A,H,-,A,D,0,,,,,Y,,A,08,0,0,1,0,0,0,0,0,0,"- ","- ",37.503711700439453,-122.12181091308594,"SAN MATEO","MENLO PARK",-122.12183380126953,37.503730773925781
94685572,2025,2025-05-13,9330,2025-05-02,1507,023696,,5,2,5,4116,0,1,2,,2,038,"US-101 N/B","KEHOE AVENUE",581.00,N,N,A,-,Y,SM,,101," "," ",12.810,H,,R,N,3,0,1,2,A,-,07,21658,A,M,B,C,A,A,H,-,A,D,0,,,,,Y,Y,A,07,0,1,0,0,0,0,0,0,0,"- ","- ",37.564071655273438,-122.30634307861328,"SAN MATEO","SAN MATEO",-122.30642700195312,37.564010620117188
9468563,2023,2023-09-21,4106,2023-08-02,2059,2131,8,3,5,6,4106,0,0,0,,0,004,"JOHN DALY BL","RT 35",0.00,,Y,E,-,Y,SM,4,35,-,-,30.834,I,5,N,Y,4,0,3,2,A,-,09,21801,,N,A,C,A,A,H,-,D,A,0,,,,,Y,,A,01,0,0,3,0,0,0,0,0,0,"- ","- ",37.698459625244141,-122.49484252929688,"SAN MATEO","DALY CITY",-122.49486541748047,37.698509216308594
94685951,2025,2025-05-13,9330,2025-05-06,"850 ",023857,,2,1,5,4113,0,1,2,,2,048,"US-101 N/B","WHIPPLE AVE",3274.00,S,N,A,-,Y,SM,,101," "," ",6.001,H,,R,Y,3,0,1,1,A,-,08,22107,,N,E,I,A,A,H,-,A,D,0,,,,,Y,,A,07,0,1,0,0,0,0,0,0,0,"- ","- ",37.492919921875,-122.22252655029297,"SAN MATEO","REDWOOD CITY",-122.22247314453125,37.493000030517578
9468816,2023,2023-09-13,4106,2023-07-30,1800,2205,6,7,5,6,4106,0,0,0,,0,002,"EAST MARKET ST","MISSION ST",0.00,,Y,A,-,N,,,,,,,,,,N,3,0,1,2,A,-,04,21703,,N,C,C,A,A,H,-,A,D,0,,,,,Y,,A,01,0,1,0,0,0,0,0,0,0,"- ","- ",37.689540863037109,-122.4659423828125,"SAN MATEO","DALY CITY",-122.46591949462891,37.689571380615234
9468817,2023,2023-09-13,4106,2023-07-10,2359,2213,8,1,5,6,4106,0,0,0,,0,004,"JOHN DALY BL","CLIFFSIDE DR",50.00,W,N,A,-,N,,,,,,,,,,Y,3,0,1,2,A,-,03,22350,,N,C,C,A,A,H,-,A,A,0,,,,,Y,,A,07,0,1,0,0,0,0,0,0,0,"- ","- ",37.702098846435547,-122.48223876953125,"SAN MATEO","DALY CITY",-122.48246002197266,37.702129364013672
9468820,2023,2023-09-13,4106,2023-07-28,2121,2145,7,5,5,6,4106,0,0,0,,0,002,"LINDEN ST","HOFFMAN ST",0.00,,Y,A,-,N,,,,,,,,,,N,4,0,1,2,A,-,11,21954,A,N,G,B,D,A,H,-,C,D,0,Y,,,,Y,,N,60,0,0,1,0,1,0,0,0,0,"- ","- ",37.685409545898438,-122.45828247070312,"SAN MATEO","DALY CITY",-122.45830535888672,37.685375213623047
94688975,2024,2025-05-15,9330,2024-11-15,1815,023693,,5,2,4,4127,0,1,2,,2,058,"US-101 N/B","UNIVERSITY AVENUE",4224.00,S,N,A,-,Y,SM,,101," "," ",0.055,H,,R,N,4,0,1,1,A,-,01,23152,A,N,E,8,A,A,H,-,C,D,0,,,,,Y,Y,A,01,0,0,1,0,0,0,0,0,0,"- ","- ",37.453449249267578,-122.12850189208984,"SAN MATEO","EAST PALO ALTO",-122.12860870361328,37.453330993652344
94689128,2025,2025-05-15,9330,2025-05-14,1712,024137,,3,2,5,4116,0,1,2,,2,038,"US-101 S/B","3RD AVENUE",2432.00,S,N,A,-,Y,SM,,101," "," ",12.973,H,,L,N,4,0,1,3,A,-,03,22350,,N,C,C,A,A,H,-,A,D,0,,,,,Y,,D,22,0,0,1,0,0,0,0,0,0,"- ","- ",37.565601348876953,-122.30850219726562,"SAN MATEO","SAN MATEO",-122.30846405029297,37.565624237060547
94689456,2024,2025-05-15,9330,2024-11-21,1240,022372,,4,1,9,4100,0,1,3,,2,042,SR-35,"BEAR GULCH ROAD WEST",0.00,,Y,C,-,Y,SM,,35," "," ",12.992,H,,R,N,3,0,1,2,A,-,09,21801,A,M,D,G,A,B,H,-,A,D,0,,Y,,,Y,,A,01,0,1,0,0,0,0,1,0,0,"- ","- ",37.395839691162109,-122.2926025390625,"SAN MATEO",UNINCORPORATED,-122.29257965087891,37.395870208740234
94689867,2025,2025-05-16,9335,2025-05-06,"140 ",024277,,2,3,6,4106,0,1,3,,2,035,"SR-35 S/B","HICKEY BLVD",2323.00,N,N,A,-,Y,SM,,35," ",R,28.383,H,,L,Y,3,0,1,1,A,-,01,23152,A,N,E,I,A,A,H,-,C,D,0,,,,,Y,Y,A,07,0,1,0,0,0,0,0,0,0,"- ","- ",37.665420532226562,-122.48052215576172,"SAN MATEO","DALY CITY",-122.48066711425781,37.665332794189453
9469109,2023,2023-10-25,4106,2023-09-05,"221 ",2177,8,2,5,6,4106,0,0,0,,0,004,"JOHN DALY BL","PARK PLAZA DR",134.00,E,N,A,-,N,,,,,,,,,,Y,3,0,1,1,A,-,01,23152,A,N,E,I,A,A,H,-,C,D,0,,,,,Y,Y,A,07,0,1,0,0,0,0,0,0,0,"- ","- ",37.702098846435547,-122.48223876953125,"SAN MATEO","DALY CITY",-122.48179626464844,37.702228546142578
94691847,2025,2025-05-19,9330,2025-05-02,1454,024299,,5,2,4,4102,0,1,2,,2,048,"US 101 N/B","RALSTON AVENUE",337.00,N,N,A,-,Y,SM,,101," "," ",9.624,H,,R,Y,4,0,3,4,A,-,03,22350,,N,C,C,A,A,H,-,A,D,0,,,,,Y,,A,01,0,0,3,0,0,0,0,0,0,"- ","- ",37.527130126953125,-122.27098083496094,"SAN MATEO",BELMONT,-122.27095031738281,37.527153015136719
94693099,2025,2025-05-19,9335,2025-05-17,"623 ",019581,,6,1,5,4117,0,1,2,,2,012,"US-101 N/B","GRAND AVE.",900.00,N,N,A,-,Y,SM,,101," "," ",22.251,H,,R,Y,4,0,1,1,A,-,08,22107,,N,E,I,A,A,H,-,A,D,0,,,,,Y,,A,07,0,0,1,0,0,0,0,0,0,"- ","- ",37.657108306884766,-122.40611267089844,"SAN MATEO","SOUTH SAN FRANCISCO",-122.40605163574219,37.657089233398438
94694131,2024,2025-05-20,9330,2024-11-12,2138,023274,,2,2,5,4113,0,3,5,,2,505,"BAY RD","SPRING ST",15.00,N,N,A,-,N,,,,,,,,,,N,2,0,1,2,A,-,03,22350,,F,G,G,A,A,H,-,C,D,0,,Y,,,Y,,-,99,1,0,0,0,0,0,1,0,0,"- ","- ",37.478519439697266,-122.19065093994141,"SAN MATEO","REDWOOD CITY",-122.19008636474609,37.478321075439453
94697787,2025,2025-05-22,9330,2025-05-19,"820 ",023011,,1,1,4,4127,0,1,2,,2,058,"US-101 N/B","UNIVERSITY AVENUE",792.00,S,N,A,-,Y,SM,,101," "," ",0.695,H,,R,N,4,0,1,3,A,-,08,22107,,N,B,C,A,A,H,-,A,D,0,,,,Y,Y,,A,01,0,0,1,0,0,0,0,0,0,"- ","- ",37.458900451660156,-122.13812255859375,"SAN MATEO","EAST PALO ALTO",-122.13809204101562,37.458930969238281
94697939,2025,2025-05-22,9330,2025-05-11,1755,023640,,7,2,9,4100,0,1,3,,2,042,SR-35,"BEAR GULCH ROAD",1901.00,S,N,A,-,Y,SM,,35," "," ",12.338,H,,R,N,3,0,1,1,A,-,01,23152,A,N,E,8,A,A,H,-,A,D,0,,,,,Y,Y,D,22,0,1,0,0,0,0,0,0,0,"- ","- ",37.39324951171875,-122.28668975830078,"SAN MATEO",UNINCORPORATED,-122.28671264648438,37.393234252929688
94699010,2025,2025-05-23,9330,2025-05-14,1810,022837,,3,2,5,4116,0,1,3,,2,031,"SR-92 E/B","ALAMEDA DE LAS PULGAS",1637.00,E,N,A,-,Y,SM,,92," ",R,10.894,H,,R,N,3,0,1,2,A,-,03,22350,,N,C,C,A,A,H,-,A,D,0,,,,,Y,,A,01,0,1,0,0,0,0,0,0,0,"- ","- ",37.548431396484375,-122.31719970703125,"SAN MATEO","SAN MATEO",-122.31719970703125,37.548423767089844
94700087,2024,2025-05-26,9335,2024-12-10,"441 ",022596,,2,3,5,4117,0,1,2,,2,012,"US-101 N/B","S. AIRPORT BOULEVARD UNDERCROSSING",1848.00,S,N,A,-,Y,SM,,101," "," ",21.346,H,,R,N,1,1,0,3,A,-,11,21954,A,F,G,B,E,A,H,-,C,D,0,Y,,,,Y,,N,60,0,0,0,1,0,0,0,0,0,"- ","- ",37.644931793212891,-122.40612030029297,"SAN MATEO","SOUTH SAN FRANCISCO",-122.40618133544922,37.644927978515625
94700417,2025,2025-05-26,9330,2025-05-02,1713,024224,,5,2,5,4113,0,1,2,,2,048,"US-101 S/B","WOODSIDE ROAD",1795.00,N,N,A,-,Y,SM,,101," "," ",5.759,H,,L,N,4,0,1,2,A,-,07,21658,A,M,B,C,A,A,H,-,A,D,0,,,,,Y,,D,22,0,0,1,0,0,0,0,0,0,"- ","- ",37.491081237792969,-122.21881866455078,"SAN MATEO","REDWOOD CITY",-122.21878051757812,37.491138458251953
94701068,2025,2025-05-27,9330,2025-05-14,"841 ",024317,,3,1,5,4116,0,1,3,,2,031,"SR-92 E/B","DELAWARE ST",528.00,E,N,A,-,Y,SM,,92," ",R,11.636,H,,R,N,4,0,2,3,A,-,03,22350,,N,C,C,A,A,H,-,A,D,0,,,,,Y,,A,01,0,0,2,0,0,0,0,0,0,"- ","- ",37.552440643310547,-122.30506134033203,"SAN MATEO","SAN MATEO",-122.30506134033203,37.552448272705078
94701843,2025,2025-05-27,9335,2025-05-22,"616 ",019581,,4,1,5,4117,0,1,2,,2,012,"US-101 S/B","OYSTER POINT BLVD",240.00,S,N,A,-,Y,SM,,101," "," ",22.671,H,,L,Y,4,0,1,2,A,-,03,22350,,F,C,C,A,A,H,-,A,D,0,,,,,Y,,A,01,0,0,1,0,0,0,0,0,0,"- ","- ",37.663368225097656,-122.39981842041016,"SAN MATEO","SOUTH SAN FRANCISCO",-122.39984893798828,37.663398742675781
94709175,2025,2025-06-02,9335,2025-04-30,1608,023504,,3,2,3,4110,0,1,2,,2,011,"US-101 S/B","MILLBRAE AVENUE OVER CROSS",4012.00,N,N,A,-,Y,SM,,101," "," ",18.707,H,,L,N,4,0,1,2,A,-,03,22350,,F,C,C,A,A,H,-,A,D,0,,,,,Y,,-,99,0,0,1,0,0,0,0,0,0,"- ","- ",37.609600067138672,-122.39131927490234,"SAN MATEO",MILLBRAE,-122.39138793945312,37.609535217285156
94711090,2025,2025-08-19,9330,2025-05-22,1000,024314,,4,1,4,4109,0,1,2,,2,058,"US-101 S/B","MARSH ROAD",350.00,S,N,A,-,Y,SM,,101," "," ",3.515,H,,L,Y,4,0,1,2,A,-,03,22350,,N,C,C,A,A,H,-,A,D,0,,,,,Y,,A,07,0,0,1,0,0,0,0,0,0,"- ","- ",37.482799530029297,-122.17951202392578,"SAN MATEO","MENLO PARK",-122.17951202392578,37.482791900634766
94712777,2025,2025-06-04,9330,2025-05-23,1630,022960,,5,2,9,4100,0,1,3,,1,010,"SR-1 N/B","TRIPLE D RANCH ROAD",2112.00,N,N,B,-,Y,SM,,1," "," ",22.162,H,,R,N,3,0,1,1,C,-,18,,,N,E,I,A,A,H,-,A,D,0,,,Y,,Y,,-,"- ",0,1,0,0,0,0,0,0,1,"- ","- ",37.373908996582031,-122.40373229980469,"SAN MATEO",UNINCORPORATED,-122.40380096435547,37.373916625976562
94713060,2025,2025-06-04,9330,2025-05-22,2112,024324,,4,2,4,4104,0,1,2,,2,038,"US-101 S/B","PENINSULA AVENUE",2218.00,N,N,A,-,Y,SM,,101," "," ",15.129,H,,L,Y,4,0,1,2,A,-,07,21658,A,N,B,C,A,A,H,-,C,D,0,,,,,Y,,A,07,0,0,1,0,0,0,0,0,0,"- ","- ",37.586669921875,-122.33571624755859,"SAN MATEO",BURLINGAME,-122.33571624755859,37.586677551269531
94713451,2025,2025-06-04,9335,2025-06-02,2212,024449,,1,3,5,4117,0,1,2,,2,012,"US-101 NORTHBOUND","GRAND AVENUE",1770.00,N,N,A,-,Y,SM,,101," "," ",22.368,H,,R,Y,3,0,1,1,C,-,18,,,N,E,J,A,A,H,-,C,D,0,,,,,Y,,-,"- ",0,1,0,0,0,0,0,0,0,"- ","- ",37.659030914306641,-122.40508270263672,"SAN MATEO","SOUTH SAN FRANCISCO",-122.40505981445312,37.659023284912109
9471632,2023,2023-11-27,4102,2023-10-06,1455,24,7CD,5,5,4,4102,0,0,0,,0,003,"CARLMONT DR","VILLAGE DR",22.00,E,N,A,-,N,,,,,,,,,,N,3,0,1,2,A,-,04,21703,,M,C,C,A,A,H,-,A,A,0,,,Y,,Y,,C,03,0,1,0,0,0,0,0,0,1,"- ","- ",37.509429931640625,-122.29579162597656,"SAN MATEO",BELMONT,-122.29478454589844,37.509414672851562
94720407,2025,2025-06-10,9335,2025-06-01,"330 ",024080,,7,3,4,4114,0,1,2,,2,011,"US-101 S/B","SAN BRUNO AVE",2860.00,S,N,A,-,Y,SM,,101," "," ",19.837,H,,L,Y,3,0,1,2,A,-,01,23152,A,N,C,C,A,A,H,-,C,D,0,,,,,Y,Y,A,07,0,1,0,0,0,0,0,0,0,"- ","- ",37.623470306396484,-122.40093994140625,"SAN MATEO","SAN BRUNO",-122.40098571777344,37.623458862304688
9472104,2022,2022-07-15,4106,2022-06-02,1926,2092,1,4,5,6,4106,0,0,0,,0,001,"GENEVA AV","ORIENTE ST",0.00,,Y,A,-,N,,,,,,,,,,Y,3,0,2,3,-,-,"- ",,A,F,A,C,A,A,H,-,B,D,0,,,,,Y,,A,01,0,2,0,0,0,0,0,0,0,"- ","- ",37.706588745117188,-122.41410064697266,"SAN MATEO","DALY CITY",-122.41410827636719,37.706562042236328
9472206,2022,2022-07-20,4106,2022-05-07,1107,2196,1,6,5,6,4106,0,0,0,,0,001,"GENEVA AV","RIO VERDE ST",0.00,,Y,A,-,N,,,,,,,,,,N,3,0,1,2,A,-,10,21950,A,N,G,B,B,A,H,-,A,A,0,Y,,,,Y,,-,,0,1,0,0,1,0,0,0,0,"- ","- ",37.707061767578125,-122.41580200195312,"SAN MATEO","DALY CITY",-122.41578674316406,37.707111358642578
94722135,2025,2025-06-11,9330,2025-05-30,1935,024224,,5,2,4,4109,0,1,2,,2,058,"US-101 N/B","WILLOW ROAD",370.00,N,N,A,-,Y,SM,,101," "," ",1.952,H,,R,Y,4,0,1,3,A,-,01,23152,A,N,C,C,A,A,H,-,A,D,0,,,,,Y,Y,A,08,0,0,1,0,0,0,0,0,0,"- ","- ",37.469718933105469,-122.15653228759766,"SAN MATEO","MENLO PARK",-122.15650939941406,37.469741821289062
94724548,2025,2025-06-13,9330,2025-06-06,"625 ",024224,,5,1,4,4104,0,1,2,,2,038,"US-101 S/B","MILLBRAE AVENUE",1690.00,S,N,A,-,Y,SM,,101," "," ",17.624,H,,L,Y,4,0,1,1,A,-,08,22107,,N,E,I,A,A,H,-,A,D,0,,,,,Y,,A,01,0,0,1,0,0,0,0,0,0,"- ","- ",37.599578857421875,-122.37587738037109,"SAN MATEO",BURLINGAME,-122.37592315673828,37.599540710449219
94725221,2025,2025-06-13,9330,2025-06-03,1735,022975,,2,2,4,4127,0,1,2,,2,058,"US-101 S/B TO UNIVERSITY AVENUE","UNIVERSITY AVE",200.00,N,N,A,-,Y,SM,,101," "," ",0.929,H,,L,Y,3,0,1,2,A,-,03,22350,,N,C,C,A,A,H,-,A,D,0,,,,,Y,,A,01,0,1,0,0,0,0,0,0,0,"- ","- ",37.460498809814453,-122.14154815673828,"SAN MATEO","EAST PALO ALTO",-122.14141845703125,37.460639953613281