CASE_ID,ACCIDENT_YEAR,PROC_DATE,JURIS,COLLISION_DATE,COLLISION_TIME,OFFICER_ID,REPORTING_DISTRICT,DAY_OF_WEEK,CHP_SHIFT,POPULATION,CNTY_CITY_LOC,SPECIAL_COND,BEAT_TYPE,CHP_BEAT_TYPE,CITY_DIVISION_LAPD,CHP_BEAT_CLASS,BEAT_NUMBER,PRIMARY_RD,SECONDARY_RD,DISTANCE,DIRECTION,INTERSECTION,WEATHER_1,WEATHER_2,STATE_HWY_IND,CALTRANS_COUNTY,CALTRANS_DISTRICT,STATE_ROUTE,ROUTE_SUFFIX,POSTMILE_PREFIX,POSTMILE,LOCATION_TYPE,RAMP_INTERSECTION,SIDE_OF_HWY,TOW_AWAY,COLLISION_SEVERITY,NUMBER_KILLED,NUMBER_INJURED,PARTY_COUNT,PRIMARY_COLL_FACTOR,PCF_CODE_OF_VIOL,PCF_VIOL_CATEGORY,PCF_VIOLATION,PCF_VIOL_SUBSECTION,HIT_AND_RUN,TYPE_OF_COLLISION,MVIW,PED_ACTION,ROAD_SURFACE,ROAD_COND_1,ROAD_COND_2,LIGHTING,CONTROL_DEVICE,CHP_ROAD_TYPE,PEDESTRIAN_ACCIDENT,BICYCLE_ACCIDENT,MOTORCYCLE_ACCIDENT,TRUCK_ACCIDENT,NOT_PRIVATE_PROPERTY,ALCOHOL_INVOLVED,STWD_VEHTYPE_AT_FAULT,CHP_VEHTYPE_AT_FAULT,COUNT_SEVERE_INJ,COUNT_VISIBLE_INJ,COUNT_COMPLAINT_PAIN,COUNT_PED_KILLED,COUNT_PED_INJURED,COUNT_BICYCLIST_KILLED,COUNT_BICYCLIST_INJURED,COUNT_MC_KILLED,COUNT_MC_INJURED,PRIMARY_RAMP,SECONDARY_RAMP,LATITUDE,LONGITUDE,COUNTY,CITY,POINT_X,POINT_Y
9570438,2022,2023-04-11,4106,2022-11-17,0721,2154,5,4,5,6,4106,0,0,0,,0,003,"SAN PEDRO RD","HILL ST",0.00,,Y,A,-,N,,,,,,,,,,N,3,0,1,2,A,-,11,21456,C,N,G,B,B,A,H,-,B,A,0,Y,,,,Y,,N,60,0,1,0,0,1,0,0,0,0,"- ","- ",37.687118530273438,-122.46909332275391,"SAN MATEO","DALY CITY",-122.46906280517578,37.687084197998047
9570943,2023,2023-04-27,4108,2023-03-16,1044,9904,1,4,5,3,4108,0,0,0,,0,N-N,"SKYLINE BL","CHATEAU DR",0.00,,Y,A,-,N,,,,,,,,,,Y,3,0,1,2,A,-,00,23154,A,N,B,C,A,A,H,-,A,A,0,,,,,Y,Y,A,07,0,1,0,0,0,0,0,0,0,"- ","- ",37.555000305175781,-122.37859344482422,"SAN MATEO",HILLSBOROUGH,-122.37860107421875,37.55499267578125
9571943,2023,2023-05-02,4104,2023-03-27,1423,0255,21,1,5,4,4104,0,0,0,,0,00C,BROADWAY,"OLD BAYSHORE HWY",35.00,W,N,A,-,N,,,,,,,,,,N,4,0,1,2,A,-,03,22350,,N,C,C,A,A,H,-,A,A,0,,,,,Y,,A,01,0,0,1,0,0,0,0,0,0,"- ","- ",37.577869415283203,-122.34809112548828,"SAN MATEO",BURLINGAME,-122.36095428466797,37.591140747070312
9576067,2023,2023-05-11,4116,2023-04-11,1051,28252,13,2,5,5,4116,0,0,0,,0,0DT,"SOUTH SAN MATEO DR","2ND AV",0.00,,Y,A,G,N,,,,,,,,,,Y,4,0,1,6,A,-,03,22350,,N,C,E,A,A,H,-,A,D,0,,,,,Y,,A,01,0,0,1,0,0,0,0,0,0,"- ","- ",37.566051483154297,-122.32540130615234,"SAN MATEO","SAN MATEO",-122.32492828369141,37.565071105957031
9577335,2023,2023-05-11,4113,2023-02-09,"619 ",463,3,4,5,5,4113,0,0,0,,0,003,"WOODSIDE RD","MIDDLEFIELD RD",0.00,,Y,A,-,N,,,,,,,,,,N,3,0,1,2,D,-,00,,,N,H,G,A,A,H,-,A,A,0,,Y,,,Y,,-,"- ",0,1,0,0,0,0,1,0,0,"- ","- ",37.481098175048828,-122.21898651123047,"SAN MATEO","REDWOOD CITY",-122.21916961669922,37.481113433837891
9577395,2023,2023-05-04,4106,2023-04-04,"158 ",2212,3,2,5,6,4106,0,0,0,,0,002,"BRUNSWICK ST","WELLINGTON AV",0.00,,Y,A,-,N,,,,,,,,,,Y,3,0,1,3,A,-,08,22107,,N,A,E,A,A,H,-,C,A,0,,,,,Y,,A,01,0,1,0,0,0,0,0,0,0,"- ","- ",37.705310821533203,-122.45915985107422,"SAN MATEO","DALY CITY",-122.45989227294922,37.704841613769531
9577776,2023,2023-05-23,4120,2023-04-05,1054,224,CIV,3,5,4,4120,0,0,0,,0,00X,"FOSTER CITY BL","EAST HILLSDALE BL",142.00,S,N,A,-,N,,,,,,,,,,Y,3,0,2,3,A,-,03,22350,,N,C,C,A,A,H,-,A,A,0,,,,,Y,,-,,0,2,0,0,0,0,0,0,0,"- ","- ",37.561389923095703,-122.26892852783203,"SAN MATEO","FOSTER CITY",-122.26878356933594,37.561080932617188
9579257,2023,2023-05-22,4113,2023-04-12,1000,486,7,3,5,5,4113,0,0,0,,0,007,"CANYON RD","HARDING AV",0.00,,Y,A,-,N,,,,,,,,,,N,3,0,1,2,A,-,03,22350,,N,G,B,F,A,H,-,A,D,0,Y,,,,Y,,A,01,0,1,0,0,1,0,0,0,0,"- ","- ",37.470241546630859,-122.25341033935547,"SAN MATEO","REDWOOD CITY",-122.25295257568359,37.470058441162109
9581273,2023,2023-06-30,4104,2023-05-05,1044,0264,9,5,5,4,4104,0,0,0,,0,00A,"CALIFORNIA DR",BROADWAY,0.00,,Y,A,-,N,,,,,,,,,,N,3,0,1,2,A,-,12,21453,A,N,D,C,A,A,H,-,A,A,0,,,,,Y,,A,01,0,1,0,0,0,0,0,0,0,"- ","- ",37.579769134521484,-122.34535217285156,"SAN MATEO",BURLINGAME,-122.36349487304688,37.587574005126953
9581329,2023,2023-07-28,4106,2023-06-01,1210,2154,8A,4,5,6,4106,0,0,0,,0,004,"PARK PLAZA DR","JOHN DALY BL",100.00,S,N,B,-,N,,,,,,,,,,N,3,0,2,2,A,-,03,22350,,M,C,C,A,A,H,-,A,D,0,,,,,Y,,A,01,0,1,1,0,0,0,0,0,0,"- ","- ",37.701290130615234,-122.48198699951172,"SAN MATEO","DALY CITY",-122.48211669921875,37.701839447021484
9582509,2023,2023-07-05,4111,2023-05-02,2008,P5146,P16,2,5,4,4111,0,0,0,,0,0P3,"TERRA NOVA BL","VICTORIA WY",53.00,S,N,A,-,N,,,,,,,,,,Y,3,0,1,3,A,-,01,23152,A,N,C,E,A,A,H,-,C,D,0,,,,,Y,Y,A,01,0,1,0,0,0,0,0,0,0,"- ","- ",37.596939086914062,-122.48105621337891,"SAN MATEO",PACIFICA,-122.48101806640625,37.597015380859375
9583805,2023,2023-08-11,4106,2023-06-18,1542,2188,10,7,5,6,4106,0,0,0,,0,004,"SKYLINE BL","WESTRIDGE AV",0.00,,Y,A,-,Y,SM,4,35,-,-,30.260,H,-,N,Y,3,0,1,2,A,-,03,22350,,N,C,C,A,A,H,-,A,A,0,,,,,Y,,A,01,0,1,0,0,0,0,0,0,0,"- ","- ",37.690608978271484,-122.49260711669922,"SAN MATEO","DALY CITY",-122.49251556396484,37.690517425537109
9584008,2023,2023-05-31,4113,2023-01-24,1944,428,4,2,5,5,4113,0,0,0,,0,004,"WOODSIDE RD","BROADWAY RD",0.00,,Y,A,-,N,,,,,,,,,,Y,4,0,1,3,A,-,22,23123,,N,C,C,A,A,H,-,C,A,0,,,Y,,Y,,A,07,0,0,1,0,0,0,0,0,1,"- ","- ",37.487049102783203,-122.21421051025391,"SAN MATEO","REDWOOD CITY",-122.21422576904297,37.487068176269531
9584076,2023,2023-05-16,4127,2023-02-20,"823 ",2285,4127,1,5,4,4127,0,0,0,,0,002,"UNIVERSITY AV","PURDUE AV",27.00,E,N,A,-,N,,,,,,,,,,N,3,0,2,2,A,-,09,21801,A,N,A,C,A,A,H,-,A,D,0,,,,,Y,,A,01,0,2,0,0,0,0,0,0,0,"- ","- ",,,"SAN MATEO","EAST PALO ALTO",-122.13966369628906,37.479488372802734
9584384,2023,2023-05-16,4113,2023-03-16,2155,497,6,4,5,5,4113,0,0,0,,0,006,"EL CAMINO REAL","ROOSEVELT AV",0.00,,Y,A,-,N,,,,,,,,,,N,3,0,1,2,A,-,11,21456,A,N,G,B,B,A,H,-,C,A,0,Y,,,,Y,Y,N,60,0,1,0,0,1,0,0,0,0,"- ","- ",37.479179382324219,-122.22547912597656,"SAN MATEO","REDWOOD CITY",-122.22557067871094,37.479095458984375
9584947,2023,2023-05-24,4106,2023-03-08,1030,2154,7,3,5,6,4106,0,0,0,,0,002,"SYLVAN ST","CHESTER ST",0.00,,Y,A,-,N,,,,,,,,,,N,4,0,1,2,A,-,09,21802,A,N,D,C,A,A,H,-,A,D,0,,,,,Y,,A,01,0,0,1,0,0,0,0,0,0,"- ","- ",37.687370300292969,-122.45871734619141,"SAN MATEO","DALY CITY",-122.45873260498047,37.687347412109375
9585048,2023,2023-06-08,4106,2023-05-01,1452,2146,14,1,5,6,4106,0,0,0,,0,006,"GELLERT BL","VICTORIA ST",0.00,,Y,A,-,N,,,,,,,,,,N,3,0,1,2,D,-,00,,,N,G,B,E,A,H,-,A,D,0,Y,,,,Y,,-,"- ",0,1,0,0,1,0,0,0,0,"- ","- ",37.661441802978516,-122.46893310546875,"SAN MATEO","DALY CITY",-122.46894836425781,37.661426544189453
9585049,2023,2023-06-08,4106,2023-05-01,"745 ",2146,5,1,5,6,4106,0,0,0,,0,003,"SAN PEDRO RD","ALLEMANY ST",0.00,,Y,A,-,N,,,,,,,,,,N,3,0,1,2,A,-,11,21950,B,N,G,B,D,A,H,-,A,D,0,Y,,,,Y,,N,60,0,1,0,0,1,0,0,0,0,"- ","- ",37.688388824462891,-122.46759033203125,"SAN MATEO","DALY CITY",-122.46762084960938,37.688346862792969
9585051,2023,2023-06-08,4102,2023-05-04,1557,17,5BR,4,5,4,4102,0,0,0,,0,002,"RALSTON AV","AVON ST",87.00,E,N,A,-,N,,,,,,,,,,N,3,0,1,1,A,-,08,22107,,N,E,I,A,A,H,-,A,D,0,,Y,,,Y,,L,04,0,1,0,0,0,0,1,0,0,"- ","- ",37.513309478759766,-122.29023742675781,"SAN MATEO",BELMONT,-122.28996276855469,37.513397216796875
9585244,2023,2023-05-24,4106,2023-04-24,1147,2146,10,1,5,6,4106,0,0,0,,0,004,"SKYLINE BL","WESTRIDGE AV",0.00,,Y,A,-,N,,,,,,,,,,N,4,0,1,2,A,-,17,21451,A,N,D,C,A,A,H,-,A,A,0,,,,,Y,,A,01,0,0,1,0,0,0,0,0,0,"- ","- ",37.690608978271484,-122.49260711669922,"SAN MATEO","DALY CITY",-122.49263000488281,37.690597534179688
9585246,2023,2023-05-24,4106,2023-04-28,2150,2195,4,5,5,6,4106,0,0,0,,0,003,"JOHN DALY BL","MISSION ST",0.00,,Y,A,-,N,,,,,,,,,,Y,3,0,1,1,A,-,08,22107,,N,E,I,A,A,H,-,C,A,0,,,,,Y,,A,01,0,1,0,0,0,0,0,0,0,"- ","- ",37.704940795898438,-122.46243286132812,"SAN MATEO","DALY CITY",-122.46244049072266,37.704933166503906
9585249,2023,2023-05-31,4106,2023-04-04,1826,2173,14,2,5,6,4106,0,0,0,,0,006,"GELLERT BL","KING DR",0.00,,Y,A,-,N,,,,,,,,,,N,4,0,1,2,A,-,09,21810,A,N,H,G,A,A,H,-,A,D,0,,Y,,,Y,,A,01,0,0,1,0,0,0,1,0,0,"- ","- ",37.650531768798828,-122.45571899414062,"SAN MATEO","DALY CITY",-122.45568084716797,37.650501251220703
9585943,2023,2023-05-30,4127,2023-02-09,"830 ",2259,4127,4,5,4,4127,0,0,0,,0,001,"BELL ST","BELL ST 500",0.00,,Y,A,-,N,,,,,,,,,,N,3,0,1,2,A,-,03,22350,,M,C,D,A,A,-,-,A,D,0,,,,,Y,,A,01,0,1,0,0,0,0,0,0,0,"- ","- ",,,"SAN MATEO","EAST PALO ALTO",-122.13751220703125,37.466026306152344
9587668,2023,2023-06-13,4106,2023-05-23,2200,2173,12,2,5,6,4106,0,0,0,,0,005,"SOUTHGATE AV","LAKESHIRE DR",0.00,,Y,A,-,N,,,,,,,,,,Y,3,0,1,6,A,-,01,23153,A,N,D,D,F,A,H,-,C,D,0,Y,,,,Y,Y,A,01,0,1,0,0,0,0,0,0,0,"- ","- ",37.676120758056641,-122.48336791992188,"SAN MATEO","DALY CITY",-122.48336791992188,37.676105499267578
9588209,2023,2023-06-29,4102,2023-06-13,1610,14,1,2,5,4,4102,0,0,0,,0,001,"OLD COUNTY RD","RALSTON AV",0.00,,Y,B,-,N,,,,,,,,,,N,3,0,1,2,A,-,12,21453,A,N,D,C,A,A,H,-,A,A,0,,,,,Y,,A,01,0,1,0,0,0,0,0,0,0,"- ","- ",37.521011352539062,-122.27533721923828,"SAN MATEO",BELMONT,-122.27527618408203,37.520992279052734
9591478,2023,2023-07-14,4113,2023-03-10,1613,490,3,5,5,5,4113,0,0,0,,0,003,"WOODSIDE RD","RT 101",0.00,,Y,A,-,Y,SM,4,101,-,-,5.551,R,4,S,Y,3,0,1,2,A,-,03,22350,,N,C,C,A,A,H,-,A,D,0,,,,,Y,,A,01,0,1,0,0,0,0,0,0,0,"- ","- ",37.489978790283203,-122.21560668945312,"SAN MATEO","REDWOOD CITY",-122.21549987792969,37.489738464355469
9592229,2023,2023-06-26,4113,2023-05-15,1455,501,2,1,5,5,4113,0,0,0,,0,002,"VETERANS BL","CONVENTION WY",66.00,N,N,A,-,N,,,,,,,,,,Y,3,0,1,2,A,-,03,22350,,N,C,C,A,A,H,-,A,A,0,,,,,Y,,A,01,0,1,0,0,0,0,0,0,0,"- ","- ",37.493671417236328,-122.23325347900391,"SAN MATEO","REDWOOD CITY",-122.23354339599609,37.493686676025391
9592231,2023,2023-06-26,4113,2023-05-22,1641,468,6,1,5,5,4113,0,0,0,,0,006,"LINCOLN AV","CLEVELAND ST",0.00,,Y,A,-,N,,,,,,,,,,N,4,0,2,2,A,-,09,21802,A,N,D,C,A,A,H,-,A,A,0,,,,,Y,,A,07,0,0,2,0,0,0,0,0,0,"- ","- ",37.476909637451172,-122.22979736328125,"SAN MATEO","REDWOOD CITY",-122.23017120361328,37.476970672607422
9592234,2023,2023-06-26,4113,2023-05-11,2134,497,7,4,5,5,4113,0,0,0,,0,007,"EL CAMINO REAL","WHIPPLE AV",0.00,,Y,A,-,N,,,,,,,,,,Y,3,0,1,2,A,-,12,21453,A,N,D,C,A,A,H,-,C,A,0,,,,,Y,Y,A,01,0,1,0,0,0,0,0,0,0,"- ","- ",37.490440368652344,-122.23985290527344,"SAN MATEO","REDWOOD CITY",-122.23981475830078,37.490398406982422
9592595,2023,2023-06-28,4102,2023-06-12,1009,14,ID,1,5,4,4102,0,0,0,,0,001,"HILLER ST","RALSTON AV",9.00,S,N,B,-,N,,,,,,,,,,N,3,0,1,2,A,-,10,21950,A,N,G,B,B,A,H,-,A,A,0,Y,,,,Y,,A,01,0,1,0,0,1,0,0,0,0,"- ","- ",37.523460388183594,-122.27294921875,"SAN MATEO",BELMONT,-122.27301025390625,37.523513793945312
9593497,2023,2023-07-13,4111,2023-06-14,"28  ",P5150,P02,3,5,4,4111,0,0,0,,0,0P1,"GATEWAY DR","HICKEY BL",821.00,S,N,A,-,N,,,,,,,,,,N,4,0,1,2,A,-,08,22107,,N,C,E,A,A,H,-,C,D,0,,,,,Y,,A,01,0,0,1,0,0,0,0,0,0,"- ","- ",,,"SAN MATEO",PACIFICA,-122.47603607177734,37.658359527587891
9593600,2023,2023-07-13,4111,2023-05-13,1207,P5050,P13,6,5,4,4111,0,0,0,,0,0P2,"SHARP PARK RD","GYPSY HILL RD",2640.00,W,N,A,-,N,,,,,,,,,,Y,4,0,1,1,A,-,03,22350,,N,H,J,A,A,H,-,A,D,0,,,,,Y,,-,,0,0,1,0,0,0,0,0,0,"- ","- ",37.62628173828125,-122.48709106445312,"SAN MATEO",PACIFICA,-122.48281097412109,37.624912261962891
9593630,2023,2023-07-12,4108,2023-04-06,2222,9928,4,4,5,3,4108,0,0,0,,0,0SW,"CRYTAL SPRINGS RD","TARTAN TRAIL RD",1557.00,E,N,A,-,N,,,,,,,,,,N,3,0,1,1,A,-,08,22107,,N,E,J,A,A,H,-,D,D,0,,,,,Y,,A,01,0,1,0,0,0,0,0,0,0,"- ","- ",37.536991119384766,-122.34969329833984,"SAN MATEO",HILLSBOROUGH,-122.35057067871094,37.533622741699219
9594015,2023,2023-08-09,4106,2023-05-19,1615,2151,4,5,5,6,4106,0,0,0,,0,003,"JUNIPERO SERRA BL","JOHN DALY BL",0.00,,Y,A,-,Y,SM,4,1,-,R,48.554,R,4,N,N,3,0,1,2,A,-,07,21658,,N,B,C,A,A,H,-,A,A,0,,,,,Y,,A,01,0,1,0,0,0,0,0,0,0,"- ","- ",37.705001831054688,-122.47075653076172,"SAN MATEO","DALY CITY",-122.47104644775391,37.708217620849609
9595220,2023,2023-07-24,4104,2023-06-02,1119,0271,4,5,5,4,4104,0,0,0,,0,00A,"RT 82","BURLINGAME AV",240.00,S,N,A,-,Y,SM,4,82,-,-,13.320,H,-,N,N,3,0,1,2,A,-,09,21801,A,N,D,C,A,A,H,-,A,D,0,,,,,Y,,-,,0,1,0,0,0,0,0,0,0,"- ","- ",37.576541900634766,-122.34956359863281,"SAN MATEO",BURLINGAME,-122.34922790527344,37.576183319091797
9596706,2023,2023-07-26,4101,2023-05-25,1330,16KM02,,4,5,2,4101,0,0,0,,0,,"MARSH RD","MIDDLEFIELD RD",563.00,E,N,A,-,N,,,,,,,,,,N,3,0,1,2,A,-,03,22350,,N,C,C,A,A,H,-,A,D,0,,,,,Y,,A,01,0,1,0,0,0,0,0,0,0,"- ","- ",37.468471527099609,-122.19158935546875,"SAN MATEO",ATHERTON,-122.19074249267578,37.469875335693359
9596755,2023,2023-07-25,4101,2023-04-12,1550,21KP03,,3,5,2,4101,0,0,0,,0,,"MIDDLEFIELD RD","GLENWOOD AV",0.00,,Y,A,-,N,,,,,,,,,,Y,3,0,1,2,A,-,09,21802,A,N,D,C,A,A,H,-,A,A,0,,,,,Y,,A,01,0,1,0,0,0,0,0,0,0,"- ","- ",37.463420867919922,-122.18163299560547,"SAN MATEO",ATHERTON,-122.18161010742188,37.463462829589844
9597620,2023,2023-08-08,4101,2023-04-26,1652,14JG01,,3,5,2,4101,0,0,0,,0,,"RT 82","ASHFIELD RD",0.00,,Y,A,-,Y,SM,4,82,-,-,1.778,I,5,S,Y,4,0,1,2,A,-,09,21801,A,N,D,C,A,A,H,-,A,D,0,,,,,Y,,A,81,0,0,1,0,0,0,0,0,0,"- ","- ",37.461269378662109,-122.19860076904297,"SAN MATEO",ATHERTON,-122.19858551025391,37.46124267578125
9598201,2023,2023-12-18,4120,2023-07-09,1800,238,2,7,5,4,4120,0,0,0,,0,00X,"GULL AV","TURNSTONE CT",0.00,,Y,A,-,N,,,,,,,,,,N,3,0,1,3,A,-,03,22350,,N,C,E,A,A,H,-,A,D,0,,,,,Y,,A,01,0,1,0,0,0,0,0,0,0,"- ","- ",37.565471649169922,-122.25615692138672,"SAN MATEO","FOSTER CITY",-122.25608062744141,37.565082550048828
9598673,2023,2023-07-25,4111,2023-06-19,"906 ",P5159,P18,1,5,4,4111,0,0,0,,0,0P3,"ADOBE DR","LINDA MAR BL",479.00,S,N,A,-,N,,,,,,,,,,Y,4,0,1,2,A,-,08,22107,,N,H,C,A,A,H,-,A,D,0,,,,,Y,,A,01,0,0,1,0,0,0,0,0,0,"- ","- ",37.587448120117188,-122.49479675292969,"SAN MATEO",PACIFICA,-122.49507904052734,37.58746337890625
9601553,2023,2023-09-06,4127,2023-07-04,1957,2242,4127,2,5,4,4127,0,0,0,,0,002,"FORDHAM ST",ILLINOIS,15.00,W,N,A,-,N,,,,,,,,,,N,3,0,1,2,A,-,12,22450,,N,D,C,A,A,H,-,A,A,0,,Y,,,Y,,L,04,0,1,0,0,0,0,1,0,0,"- ","- ",,,"SAN MATEO","EAST PALO ALTO",-122.13346862792969,37.482398986816406
9602886,2023,2023-08-18,4111,2023-07-15,1427,P5163,P12,6,5,4,4111,0,0,0,,0,0P2,"RT 1 (CABRILLO HWY)","REINA DEL MAR AV",657.00,S,N,B,-,Y,SM,4,1,-,R,42.460,H,-,S,Y,3,0,1,3,A,-,04,21703,,N,C,C,A,A,H,-,A,D,0,,,,,Y,,A,01,0,1,0,0,0,0,0,0,0,"- ","- ",,,"SAN MATEO",PACIFICA,-122.48896026611328,37.612724304199219
9603070,2023,2023-08-01,4104,2023-06-08,1726,0264,1,4,5,4,4104,0,0,0,,0,00A,"CALIFORNIA DR","BAYSWATER AV",340.00,N,N,A,-,N,,,,,,,,,,N,3,0,1,2,A,-,06,21760,B,N,B,G,A,A,H,-,A,D,0,,Y,,,Y,,A,01,0,1,0,0,0,0,1,0,0,"- ","- ",37.578411102294922,-122.34172058105469,"SAN MATEO",BURLINGAME,-122.34245300292969,37.578369140625
9603577,2022,2023-08-09,4111,2022-01-04,1523,P5104,P18,2,5,4,4111,0,0,0,,0,0P3,"LINDA MAR BL","ADOBE DR",528.00,E,N,C,G,N,,,,,,,,,,Y,3,0,1,1,C,-,18,,,N,E,J,A,B,C,-,A,D,0,,,,,Y,,-,"- ",0,1,0,0,0,0,0,0,0,"- ","- ",37.588390350341797,-122.49398040771484,"SAN MATEO",PACIFICA,-122.49281311035156,37.587306976318359
9604260,2023,2023-11-27,4111,2023-09-06,1513,P5155,P05,3,5,4,4111,0,0,0,,0,0P1,"SKYLINE BL","CYPRESS ST",20.00,S,N,A,-,Y,SM,4,35,-,-,26.990,H,-,N,N,3,0,1,2,A,-,03,22350,,N,C,C,A,A,H,-,A,D,0,,,,,Y,,A,07,0,1,0,0,0,0,0,0,0,"- ","- ",,,"SAN MATEO",PACIFICA,-122.47211456298828,37.647747039794922
9604664,2023,2023-07-28,4111,2023-06-14,1630,P5134,P14,3,5,4,4111,0,0,0,,0,0P3,"CRESPI DR","ROBERTS RD",288.00,W,N,A,-,N,,,,,,,,,,N,3,0,1,2,A,-,03,22350,,N,C,C,A,A,H,-,A,D,0,,,,,Y,,A,01,0,1,0,0,0,0,0,0,0,"- ","- ",,,"SAN MATEO",PACIFICA,-122.49915313720703,37.598957061767578
9606506,2023,2023-08-30,4106,2023-06-20,1029,2146,1,2,5,6,4106,0,0,0,,0,001,"GENEVA AV","TALBERT ST",0.00,,Y,A,-,N,,,,,,,,,,N,3,0,1,1,A,-,08,22107,,N,E,I,A,A,H,-,A,D,0,,,,,Y,,A,01,0,1,0,0,0,0,0,0,0,"- ","- ",37.705230712890625,-122.4090576171875,"SAN MATEO","DALY CITY",-122.40904998779297,37.705219268798828
9606657,2023,2023-09-05,4106,2023-07-19,1755,2102,5,3,5,6,4106,0,0,0,,0,003,"JUNIPERO SERRA BL","SAN PEDRO",0.00,,Y,A,B,N,,,,,,,,,,N,4,0,1,2,A,-,03,22350,,N,C,D,A,A,H,-,A,A,0,,,Y,,Y,,A,01,0,0,1,0,0,0,0,0,1,"- ","- ",37.686611175537109,-122.47029113769531,"SAN MATEO","DALY CITY",-122.47075653076172,37.685672760009766
9607090,2023,2023-09-05,4113,2023-06-03,1543,490,3,6,5,5,4113,0,0,0,,0,003,"SHASTA ST","BUCKEYE ST",0.00,,Y,A,-,N,,,,,,,,,,N,3,0,1,2,A,-,09,21802,A,M,D,C,A,A,H,-,A,D,0,,Y,,,Y,Y,L,04,0,1,0,0,0,0,1,0,0,"- ","- ",37.478939056396484,-122.22115325927734,"SAN MATEO","REDWOOD CITY",-122.22193908691406,37.478935241699219
9611327,2023,2023-10-03,4120,2023-08-19,1252,185,6,6,5,4,4120,0,0,0,,0,00Y,"BEACH PARK BL","LIGHT POLE 5117 A/B",52.00,W,N,A,-,N,,,,,,,,,,N,3,0,1,2,A,-,04,21703,,N,C,C,A,A,H,-,A,D,0,,,,,Y,,A,07,0,1,0,0,0,0,0,0,0,"- ","- ",37.548698425292969,-122.26412200927734,"SAN MATEO","FOSTER CITY",,
9611328,2023,2023-10-03,4120,2023-08-16,1149,211,11,3,5,4,4120,0,0,0,,0,00X,"CHESS DR","HATCH DR",0.00,,Y,A,-,N,,,,,,,,,,N,3,0,1,2,A,-,21,22106,,N,H,C,A,A,H,-,A,D,0,,,Y,,Y,,A,01,0,1,0,0,0,0,0,0,1,"- ","- ",37.565608978271484,-122.27435302734375,"SAN MATEO","FOSTER CITY",-122.27444458007812,37.567890167236328
9611329,2023,2023-10-03,4120,2023-08-13,2311,131,4,7,5,4,4120,0,0,0,,0,00X,"SHELL BL","CATAMARAN LN",26.00,N,N,A,-,N,,,,,,,,,,Y,2,0,1,1,A,-,01,23152,,N,A,I,A,A,H,-,C,A,0,,,,,Y,Y,A,01,1,0,0,0,0,0,0,0,0,"- ","- ",37.552219390869141,-122.26349639892578,"SAN MATEO","FOSTER CITY",-122.26355743408203,37.552276611328125
9612044,2023,2023-09-14,4103,2023-06-07,1223,MA460,1,3,5,2,4103,0,0,0,,0,00U,"BAYSHORE BL","GENEVA AV",535.00,N,N,A,-,N,,,,,,,,,,N,4,0,1,2,A,-,08,22107,,N,B,C,A,A,H,-,A,D,0,,,,,Y,,-,,0,0,1,0,0,0,0,0,0,"- ","- ",37.689659118652344,-122.39173889160156,"SAN MATEO",BRISBANE,-122.40647888183594,37.706016540527344
9615226,2023,2023-09-11,4127,2023-07-19,2220,2286,4127,3,5,4,4127,0,0,0,,0,001,"UNIVERSITY AV","DONOHOE ST",40.00,W,N,A,-,N,,,,,,,,,,N,3,0,1,3,A,-,03,22350,,F,C,C,A,A,H,-,A,A,0,,,,,Y,,A,01,0,1,0,0,0,0,0,0,0,"- ","- ",,,"SAN MATEO","EAST PALO ALTO",-122.14170074462891,37.462661743164062
9615909,2023,2023-09-29,4113,2023-08-30,2036,506,6,3,5,5,4113,0,0,0,,0,006,"OAK AV","ADAMS ST",16.00,W,N,A,-,N,,,,,,,,,,N,3,0,1,3,A,-,21,22106,,N,D,D,E,A,H,-,C,D,0,Y,,,,Y,,A,81,0,1,0,0,1,0,0,0,0,"- ","- ",37.476360321044922,-122.22447204589844,"SAN MATEO","REDWOOD CITY",-122.22480773925781,37.476547241210938
9615945,2023,2023-09-27,4111,2023-08-01,"923 ",P5155,P16,2,5,4,4111,0,0,0,,0,0P3,"ODDSTAD BL","TERRA NOVA BL",213.00,N,N,A,-,N,,,,,,,,,,N,3,0,1,4,A,-,08,22107,,N,B,E,A,A,H,-,A,D,0,,,,,Y,,A,07,0,1,0,0,0,0,0,0,0,"- ","- ",37.583721160888672,-122.47402191162109,"SAN MATEO",PACIFICA,-122.47369384765625,37.583808898925781
9616393,2023,2023-10-03,4113,2023-07-25,1317,500,3,2,5,5,4113,0,0,0,,0,003,"MIDDLEFIELD RD","CASSIA ST",0.00,,Y,A,-,N,,,,,,,,,,Y,3,0,1,2,A,-,12,22450,A,M,D,C,A,A,H,-,A,A,0,,,,,Y,,A,07,0,1,0,0,0,0,0,0,0,"- ","- ",37.483600616455078,-122.22480010986328,"SAN MATEO","REDWOOD CITY",-122.22480010986328,37.483615875244141
9616544,2023,2023-10-02,4113,2023-06-17,2130,497,5,6,5,5,4113,0,0,0,,0,005,"WOODSIDE DR","HESS RD",0.00,,Y,A,-,N,,,,,,,,,,Y,3,0,2,2,A,-,03,22350,,F,C,C,A,A,H,-,C,A,0,,,,,Y,Y,A,01,0,1,1,0,0,0,0,0,0,"- ","- ",37.472030639648438,-122.22283172607422,"SAN MATEO","REDWOOD CITY",-122.22310638427734,37.471508026123047