CASE_ID,ACCIDENT_YEAR,PROC_DATE,JURIS,COLLISION_DATE,COLLISION_TIME,OFFICER_ID,REPORTING_DISTRICT,DAY_OF_WEEK,CHP_SHIFT,POPULATION,CNTY_CITY_LOC,SPECIAL_COND,BEAT_TYPE,CHP_BEAT_TYPE,CITY_DIVISION_LAPD,CHP_BEAT_CLASS,BEAT_NUMBER,PRIMARY_RD,SECONDARY_RD,DISTANCE,DIRECTION,INTERSECTION,WEATHER_1,WEATHER_2,STATE_HWY_IND,CALTRANS_COUNTY,CALTRANS_DISTRICT,STATE_ROUTE,ROUTE_SUFFIX,POSTMILE_PREFIX,POSTMILE,LOCATION_TYPE,RAMP_INTERSECTION,SIDE_OF_HWY,TOW_AWAY,COLLISION_SEVERITY,NUMBER_KILLED,NUMBER_INJURED,PARTY_COUNT,PRIMARY_COLL_FACTOR,PCF_CODE_OF_VIOL,PCF_VIOL_CATEGORY,PCF_VIOLATION,PCF_VIOL_SUBSECTION,HIT_AND_RUN,TYPE_OF_COLLISION,MVIW,PED_ACTION,ROAD_SURFACE,ROAD_COND_1,ROAD_COND_2,LIGHTING,CONTROL_DEVICE,CHP_ROAD_TYPE,PEDESTRIAN_ACCIDENT,BICYCLE_ACCIDENT,MOTORCYCLE_ACCIDENT,TRUCK_ACCIDENT,NOT_PRIVATE_PROPERTY,ALCOHOL_INVOLVED,STWD_VEHTYPE_AT_FAULT,CHP_VEHTYPE_AT_FAULT,COUNT_SEVERE_INJ,COUNT_VISIBLE_INJ,COUNT_COMPLAINT_PAIN,COUNT_PED_KILLED,COUNT_PED_INJURED,COUNT_BICYCLIST_KILLED,COUNT_BICYCLIST_INJURED,COUNT_MC_KILLED,COUNT_MC_INJURED,PRIMARY_RAMP,SECONDARY_RAMP,LATITUDE,LONGITUDE,COUNTY,CITY,POINT_X,POINT_Y
9660604,2024,2024-05-02,4113,2024-02-06,1144,479,2,2,5,5,4113,0,0,0,,0,002,"VETERANS BL","BREWSTER AV",530.00,N,N,A,-,N,,,,,,,,,,N,4,0,1,2,A,-,09,21804,A,N,D,C,A,A,H,-,A,D,0,,,,,Y,,A,01,0,0,1,0,0,0,0,0,0,"- ","- ",37.492000579833984,-122.23200225830078,"SAN MATEO","REDWOOD CITY",-122.23185729980469,37.492198944091797
9661030,2024,2024-03-25,4111,2024-01-01,1545,P5104,P18,1,5,4,4111,0,0,0,,0,0P3,"LINDA MARK BL","PERALTA RD",0.00,,Y,A,-,N,,,,,,,,,,N,3,0,2,2,A,-,12,21453,A,M,H,G,A,A,H,-,A,A,0,,Y,,,Y,,L,04,0,2,0,0,0,0,2,0,0,"- ","- ",37.615501403808594,-122.48480987548828,"SAN MATEO",PACIFICA,-122.49738311767578,37.591144561767578
9661810,2024,2024-04-19,4113,2024-03-14,"655 ",479,2,4,5,5,4113,0,0,0,,0,007,"HOPKINS AV","EL CAMINO REAL",0.00,,Y,A,-,Y,SM,4,82,-,-,4.673,I,6,S,N,4,0,1,2,A,-,09,21804,A,N,H,G,A,A,H,-,B,A,0,,Y,,,Y,,L,04,0,0,1,0,0,0,1,0,0,"- ","- ",,,"SAN MATEO","REDWOOD CITY",-122.23806762695312,37.488849639892578
9666553,2024,2024-03-14,4102,2024-01-25,"830 ",14,7PUHS,4,5,4,4102,0,0,0,,0,DETS,"ALAMEDA DE LAS PULGAS","CRANFIELD AV",202.00,N,N,A,-,N,,,,,,,,,,N,3,0,1,2,A,-,08,22107,,N,D,C,A,A,H,-,A,D,0,,,Y,,Y,,A,01,0,1,0,0,0,0,0,0,1,"- ","- ",37.506141662597656,-122.28916931152344,"SAN MATEO",BELMONT,-122.28643798828125,37.506618499755859
9669067,2024,2024-07-03,4106,2024-02-08,1539,2146,3,4,5,6,4106,0,0,0,,0,002,"MISSION ST","FLOURNOY ST",0.00,,Y,A,-,N,,,,,,,,,,N,3,0,3,1,A,-,21,22106,,N,E,I,A,A,H,-,A,D,0,,,,,Y,,I,20,0,2,1,0,0,0,0,0,0,"- ","- ",37.707408905029297,-122.46005249023438,"SAN MATEO","DALY CITY",-122.45891571044922,37.706661224365234
9669768,2024,2024-03-30,4106,2024-01-24,1709,2144,14,3,5,6,4106,0,0,0,,0,006,"KING DR","CALLAN BL",0.00,,Y,A,-,N,,,,,,,,,,N,3,0,2,2,D,-,00,,,N,D,C,A,A,H,-,C,A,0,,,,,Y,,-,"- ",0,2,0,0,0,0,0,0,0,"- ","- ",37.650421142578125,-122.46898651123047,"SAN MATEO","DALY CITY",-122.46906280517578,37.650409698486328
9669811,2024,2024-05-22,4106,2024-03-04,1944,2092,1,1,5,6,4106,0,0,0,,0,001,"GENEVA AV","SCHWERIN ST",0.00,,Y,A,-,N,,,,,,,,,,Y,3,0,1,2,A,-,12,21453,A,N,A,C,A,A,H,-,C,A,0,,,Y,,Y,,C,03,0,1,0,0,0,0,0,0,0,"- ","- ",37.706451416015625,-122.41319274902344,"SAN MATEO","DALY CITY",-122.41324615478516,37.706329345703125
9671992,2024,2024-04-22,4102,2024-02-01,1754,17,2C,4,5,4,4102,0,0,0,,0,002,"RALSTON AV","CHULA VISTA DR",23.00,W,N,A,-,N,,,,,,,,,,N,3,0,1,2,A,-,03,22350,,N,H,G,A,A,H,-,C,A,0,,Y,,,Y,,A,01,0,1,0,0,0,0,1,0,0,"- ","- ",37.515300750732422,-122.28354644775391,"SAN MATEO",BELMONT,-122.28354644775391,37.515281677246094
9673829,2024,2024-06-24,4103,2024-01-17,"809 ",LU420,1,3,5,2,4103,0,0,0,,0,00U,"PARK PL","PARK LN",159.00,W,N,A,-,N,,,,,,,,,,N,3,0,1,2,A,-,03,22350,,N,C,E,A,-,H,-,A,D,0,,,,,Y,,A,01,0,1,0,0,0,0,0,0,0,"- ","- ",37.686161041259766,-122.40229797363281,"SAN MATEO",BRISBANE,-122.40286254882812,37.6856689453125
9673830,2024,2024-10-24,4103,2024-01-11,1628,LU420,1,4,5,2,4103,0,0,0,,0,00U,"BAYSHORE BL","OLD COUNTRY RD",44.00,S,N,A,-,N,,,,,,,,,,N,2,0,1,2,A,-,03,22350,,N,C,C,A,A,H,-,A,A,0,,,,,Y,,-,"- ",1,0,0,0,0,0,0,0,0,"- ","- ",37.685409545898438,-122.39823150634766,"SAN MATEO",BRISBANE,-122.39813232421875,37.685329437255859
9673832,2024,2024-03-20,4103,2024-01-07,1519,BA250,1,7,5,2,4103,0,0,0,,0,00U,"SAN BRUNO AV","ALVARADO ST",39.00,N,N,B,-,N,,,,,,,,,,N,3,0,1,2,A,-,08,22107,,N,C,E,A,B,H,-,D,D,0,,,Y,,Y,,C,02,0,1,0,0,0,0,0,0,1,"- ","- ",37.6815185546875,-122.39956665039062,"SAN MATEO",BRISBANE,-122.399658203125,37.681587219238281
9674173,2024,2024-05-08,4113,2024-02-20,"606 ",505,6,2,5,5,4113,0,0,0,,0,006,"JEFFERSON AV","FULTON ST",0.00,,Y,B,-,N,,,,,,,,,,Y,4,0,1,2,A,-,09,21802,A,N,D,C,A,B,H,-,A,A,0,,,,,Y,,D,22,0,0,1,0,0,0,0,0,0,"- ","- ",37.47869873046875,-122.23506164550781,"SAN MATEO","REDWOOD CITY",-122.23504638671875,37.478710174560547
9676967,2024,2024-06-13,4113,2024-04-26,1253,512,6,5,5,5,4113,0,0,0,,0,006,"VALOTA RD","OAK AV",0.00,,Y,A,-,N,,,,,,,,,,N,4,0,1,2,A,-,09,21802,A,N,D,C,A,A,H,-,A,A,0,,,,,Y,,A,01,0,0,1,0,0,0,0,0,0,"- ","- ",,,"SAN MATEO","REDWOOD CITY",-122.23629760742188,37.467449188232422
9677080,2024,2024-05-29,4106,2024-04-20,"820 ",2201,12,6,5,6,4106,0,0,0,,0,005,"SULLIVAN AV","SAN FERNANDO WY",37.00,S,N,A,-,N,,,,,,,,,,N,3,0,1,2,A,-,09,21802,,N,A,C,A,A,H,-,A,A,0,,,,,Y,,A,01,0,1,0,0,0,0,0,0,0,"- ","- ",37.683769226074219,-122.47216796875,"SAN MATEO","DALY CITY",-122.47225189208984,37.683658599853516
9677649,2024,2024-05-29,4113,2024-03-30,1504,495,3,6,5,5,4113,0,0,0,,0,003,BROADWAY,"CHESTNUT ST",92.00,N,N,A,-,N,,,,,,,,,,N,4,0,2,2,A,-,09,21804,A,N,D,C,A,A,H,-,A,D,0,,,,,Y,,A,01,0,0,2,0,0,0,0,0,0,"- ","- ",37.486991882324219,-122.21833801269531,"SAN MATEO","REDWOOD CITY",-122.21835327148438,37.48699951171875
9678455,2024,2024-04-15,4106,2024-02-04,"233 ",2151,14,7,5,6,4106,0,0,0,,0,006,"VICTORIA ST","CALLAN BL",0.00,,Y,C,-,N,,,,,,,,,,Y,3,0,1,4,A,-,01,23152,A,N,H,E,A,B,H,-,C,D,0,,,,,Y,Y,A,01,0,1,0,0,0,0,0,0,0,"- ","- ",,,"SAN MATEO","DALY CITY",-122.47122192382812,37.660617828369141
9678544,2024,2024-04-04,4111,2024-02-09,1834,P5164,P16,5,5,4,4111,0,0,0,,0,0P3,"ODDSTAD BL","BIG BEND DR",160.00,S,N,B,-,N,,,,,,,,,,N,3,0,1,2,A,-,08,22107,,N,A,E,A,A,H,-,C,D,0,,Y,,,Y,,L,04,0,1,0,0,0,0,1,0,0,"- ","- ",,,"SAN MATEO",PACIFICA,-122.46666717529297,37.588714599609375
9678694,2024,2024-04-03,4113,2024-01-11,1141,433,3,4,5,5,4113,0,0,0,,0,003,"MIDDLEFIELD RD","JEFFERSON AV",276.00,S,N,A,-,N,,,,,,,,,,N,4,0,1,2,A,-,"- ",,,N,H,G,A,A,H,-,A,A,0,,Y,,,Y,,L,04,0,0,1,0,0,0,1,0,0,"- ","- ",37.484210968017578,-122.22704315185547,"SAN MATEO","REDWOOD CITY",-122.22738647460938,37.48431396484375
9678703,2024,2024-04-02,4106,2024-01-24,1900,2102,12,3,5,6,4106,0,0,0,,0,005,"SOUTHGATE AV","CERRO DR",0.00,,Y,C,-,N,,,,,,,,,,Y,3,0,1,2,A,-,21,22106,,N,D,C,A,B,H,-,C,D,0,,,,,Y,,A,01,0,1,0,0,0,0,0,0,0,"- ","- ",,,"SAN MATEO","DALY CITY",-122.47557830810547,37.675621032714844
9680106,2023,2024-03-30,4103,2023-09-07,2358,LU420,1,4,5,2,4103,0,0,0,,0,00U,"GUADALUPE CANYON PKWY","CARTER ST",79.00,E,N,A,-,N,,,,,,,,,,Y,3,0,1,1,A,-,01,23152,,N,E,I,A,A,H,-,C,A,0,,,,,Y,Y,A,01,0,1,0,0,0,0,0,0,0,"- ","- ",37.699161529541016,-122.42106628417969,"SAN MATEO",BRISBANE,-122.42079162597656,37.699146270751953
9680788,2024,2024-04-26,4127,2024-02-11,1347,2286,4127,7,5,4,4127,0,0,0,,0,001,"WILLOW RD","RT 101",88.00,W,N,A,-,Y,SM,4,101,-,-,1.776,R,4,N,N,3,0,1,2,A,-,00,23123,,N,D,C,A,A,H,-,A,A,0,,,,,Y,,A,01,0,1,0,0,0,0,0,0,0,"- ",NF,,,"SAN MATEO","EAST PALO ALTO",-122.15382385253906,37.468189239501953
9680869,2024,2024-05-22,4102,2024-03-20,"818 ",22,4MD,3,5,4,4102,0,0,0,,0,002,"CHULA VISTA","RALSTON AV",8.00,S,N,A,-,N,,,,,,,,,,N,4,0,1,2,A,-,00,21221,,N,D,C,A,A,H,-,A,D,0,,,Y,,Y,,C,03,0,0,1,0,0,0,0,0,1,"- ","- ",37.5152587890625,-122.28314971923828,"SAN MATEO",BELMONT,-122.28347015380859,37.515300750732422
9683997,2024,2024-05-20,4111,2024-03-17,1324,P5171,P07,7,5,4,4111,0,0,0,,0,0P2,"PALMETTO AV","SAN JOSE AV",0.00,,Y,A,-,N,,,,,,,,,,N,3,0,1,2,A,-,09,21802,A,N,D,C,A,A,H,-,A,A,0,,,Y,,Y,,A,01,0,1,0,0,0,0,0,0,1,"- ","- ",,,"SAN MATEO",PACIFICA,-122.49211883544922,37.634002685546875
9684207,2024,2024-05-10,4106,2024-03-01,"835 ",2212,5,5,5,6,4106,0,0,0,,0,003,"VALE ST","MISSION ST",0.00,,Y,A,-,N,,,,,,,,,,N,3,0,1,2,A,-,10,21950,A,N,G,B,B,B,H,-,A,A,0,Y,,,,Y,,A,01,0,1,0,0,1,0,0,0,0,"- ","- ",37.691650390625,-122.46530151367188,"SAN MATEO","DALY CITY",-122.46546936035156,37.691604614257812
9684231,2024,2024-04-17,4106,2024-02-17,1835,2188,5,6,5,6,4106,0,0,0,,0,003,"WASHINGTON ST","JUNIPERO SERRA BL",0.00,,Y,C,-,N,,,,,,,,,,N,4,0,1,2,A,-,09,21801,A,N,D,C,A,B,H,-,C,A,0,,,,,Y,,A,01,0,0,1,0,0,0,0,0,0,"- ","- ",37.687908172607422,-122.47032928466797,"SAN MATEO","DALY CITY",-122.47030639648438,37.687896728515625
9685789,2024,2024-07-03,4111,2024-05-04,1438,P5171,P14,6,5,4,4111,0,0,0,,0,0P3,"FASSLER AV","CRESPI DR",0.00,,Y,A,-,N,,,,,,,,,,Y,3,0,1,2,A,-,09,21804,A,N,H,G,A,A,H,-,A,D,0,,Y,,,Y,,L,04,0,1,0,0,0,0,1,0,0,"- ","- ",,,"SAN MATEO",PACIFICA,-122.48256683349609,37.599029541015625
9686924,2024,2024-08-05,4111,2024-06-19,2033,P5154,P12,3,5,4,4111,0,0,0,,0,0P2,"HARVEY WY","FASSLER AV",194.00,N,N,B,-,N,,,,,,,,,,Y,3,0,1,1,A,-,08,22107,,N,E,I,A,A,H,-,B,A,0,,,,,Y,,D,73,0,1,0,0,0,0,0,0,0,"- ","- ",37.609161376953125,-122.49447631835938,"SAN MATEO",PACIFICA,-122.49504852294922,37.608753204345703
9689874,2024,2024-05-28,4106,2024-03-07,1730,2224,12,4,5,6,4106,0,0,0,,0,005,"LINCOLN AV","HUNTINGTON DR",91.00,W,N,A,-,N,,,,,,,,,,N,3,0,1,2,A,-,08,22107,,N,B,D,A,A,H,-,A,D,0,,,Y,,Y,,A,01,0,1,0,0,0,0,0,0,1,"- ","- ",37.679039001464844,-122.48516082763672,"SAN MATEO","DALY CITY",-122.48546600341797,37.679035186767578
9690305,2024,2024-04-26,4106,2024-02-06,1815,2141,7,2,5,6,4106,0,0,0,,0,002,"ORANGE ST","HOFFMAN ST",14.00,W,N,A,-,N,,,,,,,,,,N,4,0,1,2,A,-,10,21950,C,N,A,B,B,A,H,-,C,D,0,Y,,,,Y,,A,01,0,0,1,0,1,0,0,0,0,"- ","- ",37.690101623535156,-122.45420074462891,"SAN MATEO","DALY CITY",-122.45423889160156,37.690120697021484
9690542,2024,2024-05-07,4113,2024-02-26,"548 ",497,3,1,5,5,4113,0,0,0,,0,003,"CHESTNUT ST","PENNSYLVANIA AV",49.00,E,N,A,-,N,,,,,,,,,,N,4,0,1,2,A,-,03,22350,,N,B,C,A,A,H,-,C,D,0,,,,,Y,,A,01,0,0,1,0,0,0,0,0,0,"- ","- ",37.480949401855469,-122.22281646728516,"SAN MATEO","REDWOOD CITY",-122.22280883789062,37.480625152587891
9693289,2024,2024-06-06,4127,2024-03-24,"630 ",2276,4127,7,5,4,4127,0,0,0,,0,004,"CAPITOL AV","WEST BAYSHORE RD",148.00,W,N,A,-,N,,,,,,,,,,N,4,0,1,2,A,-,08,22107,,M,D,E,A,A,H,-,A,D,0,,,,,Y,,A,01,0,0,1,0,0,0,0,0,0,"- ","- ",,,"SAN MATEO","EAST PALO ALTO",-122.13967895507812,37.458965301513672
9694990,2024,2024-05-02,4106,2024-02-15,1645,2212,1,4,5,6,4106,0,0,0,,0,001,"GENEVA AV","ORIENTE ST",0.00,,Y,A,-,N,,,,,,,,,,Y,3,0,1,2,A,-,09,21801,A,N,D,C,A,A,H,-,C,D,0,,,,Y,Y,,A,01,0,1,0,0,0,0,0,0,0,"- ","- ",37.706588745117188,-122.41410064697266,"SAN MATEO","DALY CITY",-122.41410827636719,37.706562042236328
9695289,2024,2024-09-19,4113,2024-04-04,2225,508,3,4,5,5,4113,0,0,0,,0,003,"WOODSIDE RD","MIDDLEFIELD RD",81.00,W,N,C,-,Y,SM,4,84,-,-,25.040,H,-,N,Y,3,0,2,2,A,-,01,23153,A,N,C,C,A,B,H,-,C,A,0,,,,,Y,Y,A,01,0,2,0,0,0,0,0,0,0,"- ","- ",37.480758666992188,-122.21887969970703,"SAN MATEO","REDWOOD CITY",-122.21917724609375,37.480831146240234
9695916,2024,2024-05-10,4113,2024-03-18,2003,452,5,1,5,5,4113,0,0,0,,0,005,"WOODSIDE RD","BONITA AV",0.00,,Y,A,-,N,,,,,,,,,,N,4,0,1,2,A,-,05,21650,1,N,H,G,A,A,H,-,C,D,0,,Y,,,Y,,L,04,0,0,1,0,0,0,1,0,0,"- ","- ",37.468341827392578,-122.22348022460938,"SAN MATEO","REDWOOD CITY",-122.22372436523438,37.468276977539062
9697294,2024,2024-06-21,4106,2024-04-01,1733,2092,5,1,5,6,4106,0,0,0,,0,003,"WASHINGTON ST","BRYANT ST",0.00,,Y,A,-,N,,,,,,,,,,Y,3,0,1,2,A,-,09,21800,A,N,A,C,A,A,H,-,A,A,0,,,,,Y,,A,01,0,1,0,0,0,0,0,0,0,"- ","- ",37.687881469726562,-122.47328186035156,"SAN MATEO","DALY CITY",-122.47327423095703,37.687877655029297
9697468,2024,2024-06-21,4106,2024-04-13,1400,2146,13,6,5,6,4106,0,0,0,,0,006,"CALLAN BL","SOUTHGATE AV",0.00,,Y,A,-,N,,,,,,,,,,N,4,0,1,2,A,-,17,21970,A,N,G,B,E,A,H,-,A,D,0,Y,,,,Y,,A,01,0,0,1,0,1,0,0,0,0,"- ","- ",37.675758361816406,-122.47190093994141,"SAN MATEO","DALY CITY",-122.47185516357422,37.675735473632812
9697480,2024,2024-06-21,4106,2024-04-17,"940 ",2205,14,3,5,6,4106,0,0,0,,0,006,"KING DR","CALLAN BL",0.00,,Y,A,-,N,,,,,,,,,,N,3,0,1,2,A,-,09,21800,A,N,D,C,A,A,H,-,A,A,0,,,,,Y,,A,01,0,1,0,0,0,0,0,0,0,"- ","- ",37.650421142578125,-122.46898651123047,"SAN MATEO","DALY CITY",-122.46906280517578,37.650409698486328
9699661,2024,2024-06-06,4103,2024-04-18,"636 ",BA250,1,4,5,2,4103,0,0,0,,0,00U,"BAYSHORE BL","VALLEY DR",0.00,,Y,A,-,N,,,,,,,,,,Y,3,0,2,2,A,-,12,21453,A,M,D,C,A,A,H,-,A,A,0,,,,,Y,,A,01,0,2,0,0,0,0,0,0,0,"- ","- ",37.687290191650391,-122.40067291259766,"SAN MATEO",BRISBANE,-122.40071105957031,37.687294006347656
9699817,2024,2024-06-07,4106,2024-04-26,1216,2201,7,5,5,6,4106,0,0,0,,0,002,"VALLEY ST","1ST AV",70.00,W,N,A,-,N,,,,,,,,,,N,3,0,1,2,A,-,17,22517,,N,B,C,A,A,H,-,A,D,0,,,,,Y,,A,01,0,1,0,0,0,0,0,0,0,"- ","- ",37.687881469726562,-122.46418762207031,"SAN MATEO","DALY CITY",-122.46443176269531,37.687900543212891
9699819,2024,2024-06-07,4106,2024-04-25,"858 ",2146,1,4,5,6,4106,0,0,0,,0,001,"OTTILIA ST","ORIENTE ST",0.00,,Y,A,-,N,,,,,,,,,,N,4,0,1,2,A,-,08,22107,,N,B,C,A,A,H,-,A,A,0,,,,,Y,,A,01,0,0,1,0,0,0,0,0,0,"- ","- ",37.704860687255859,-122.41487884521484,"SAN MATEO","DALY CITY",-122.41492462158203,37.704807281494141
9700989,2024,2024-08-02,4113,2024-01-09,1605,446,8,2,5,5,4113,0,0,0,,0,008,"MCGARVEY AV","FARMHILL BL",110.00,S,N,A,-,N,,,,,,,,,,N,3,0,1,3,A,-,05,21651,,F,H,G,A,A,H,-,A,D,0,,Y,,,Y,,I,11,0,1,0,0,0,0,1,0,0,"- ","- ",37.461078643798828,-122.24910736083984,"SAN MATEO","REDWOOD CITY",-122.24990081787109,37.460891723632812
9702299,2024,2024-07-18,4111,2024-05-04,1707,P5168,P12,6,5,4,4111,0,0,0,,0,0P2,"RT 1","FASSLER AV",7.00,S,N,A,-,Y,SM,4,1,-,-,42.000,H,-,N,Y,3,0,3,3,A,-,01,23152,A,N,C,C,A,A,H,-,A,A,0,,,,,Y,Y,A,01,0,2,1,0,0,0,0,0,0,"- ","- ",,,"SAN MATEO",PACIFICA,-122.49539184570312,37.608589172363281
9702337,2024,2024-07-15,4113,2024-05-18,"203 ",497,3,6,5,5,4113,0,0,0,,0,003,"WOODSIDE RD",BROADWAY,30.00,W,N,A,-,Y,SM,4,84,-,-,25.567,I,5,S,Y,3,0,1,1,A,-,08,22107,,N,E,I,A,A,H,-,C,A,0,,,,,Y,,A,01,0,1,0,0,0,0,0,0,0,"- ","- ",,,"SAN MATEO","REDWOOD CITY",-122.21421813964844,37.487075805664062
9702729,2024,2024-08-01,4120,2024-05-05,2214,231,2,7,5,4,4120,0,0,0,,0,00X,"GULL AV",IFO,0.00,,Y,A,-,N,,,,,,,,,,Y,4,0,1,5,A,-,01,23152,A,N,B,E,A,A,H,-,C,D,0,,,,,Y,Y,A,01,0,0,1,0,0,0,0,0,0,"- ","- ",37.56842041015625,-122.26399230957031,"SAN MATEO","FOSTER CITY",,
9703192,2024,2024-07-30,4113,2024-05-02,"716 ",433,5,4,5,5,4113,0,0,0,,0,005,"PALM AV","HUDSON ST",0.00,,Y,A,-,N,,,,,,,,,,N,3,0,2,2,A,-,03,22350,,N,C,C,A,A,H,-,A,D,0,,,,,Y,,A,01,0,1,1,0,0,0,0,0,0,"- ","- ",37.469959259033203,-122.22669982910156,"SAN MATEO","REDWOOD CITY",-122.22666931152344,37.469959259033203
9704304,2024,2024-06-17,4120,2024-04-10,1609,248,8,3,5,4,4120,0,0,0,,0,00Y,"BOOTHBAY AV","CHESAPEAKE AV",61.00,E,N,A,-,N,,,,,,,,,,Y,4,0,2,2,A,-,21,22106,,N,B,C,A,A,H,-,A,D,0,,,,,Y,,D,22,0,0,2,0,0,0,0,0,0,"- ","- ",37.537021636962891,-122.27609252929688,"SAN MATEO","FOSTER CITY",-122.27589416503906,37.536800384521484
9705544,2024,2024-08-09,4113,2024-06-06,1737,471,2,4,5,5,4113,0,0,0,,0,002,"VETERANS BL","WHIPPLE AV",1200.00,N,N,A,-,N,,,,,,,,,,N,3,0,1,2,A,-,09,21801,A,N,D,C,A,A,H,-,A,A,0,,,,,Y,,A,01,0,1,0,0,0,0,0,0,0,"- ","- ",37.495319366455078,-122.23032379150391,"SAN MATEO","REDWOOD CITY",-122.23725128173828,37.497024536132812
9706253,2024,2024-06-07,4111,2024-04-16,"813 ",P5136,P15,2,5,4,4111,0,0,0,,0,0P3,"SHEILA LN","VIEW WAY",242.00,S,N,A,-,N,,,,,,,,,,N,3,0,1,2,A,-,08,22107,,N,A,C,A,A,H,-,A,D,0,,,,,Y,,A,01,0,1,0,0,0,0,0,0,0,"- ","- ",,,"SAN MATEO",PACIFICA,-122.48431396484375,37.587028503417969
9706554,2024,2024-07-25,4111,2024-05-30,"59  ",P5132,P14,4,5,4,4111,0,0,0,,0,0P3,"CABRILLO HWY","SAN PEDRO AV",70.00,S,N,A,-,Y,SM,4,1,-,-,40.959,I,6,N,N,4,0,1,1,A,-,03,22350,,N,E,I,A,A,H,-,C,D,0,,,,,Y,,A,01,0,0,1,0,0,0,0,0,0,"- ","- ",,,"SAN MATEO",PACIFICA,-122.50382995605469,37.595943450927734
9710006,2024,2024-07-08,4113,2024-05-06,1100,489,5,1,5,5,4113,0,0,0,,0,005,"EL CAMINO REAL","CHARTER ST",750.00,S,N,A,-,N,,,,,,,,,,N,3,0,1,1,C,-,18,,,N,E,J,A,A,G,-,A,D,0,,Y,,,Y,,-,"- ",0,1,0,0,0,0,1,0,0,"- ","- ",37.475311279296875,-122.22122955322266,"SAN MATEO","REDWOOD CITY",-122.21752166748047,37.473278045654297
9716930,2024,2024-08-12,4113,2024-06-02,2120,502,8,7,5,5,4113,0,0,0,,0,008,"ROOSEVELT AV","VALOTA RD",0.00,,Y,A,-,N,,,,,,,,,,N,3,0,1,2,A,-,09,21800,C,F,D,C,A,A,H,-,D,A,0,,,,,Y,Y,A,07,0,1,0,0,0,0,0,0,0,"- ","- ",37.469001770019531,-122.23827362060547,"SAN MATEO","REDWOOD CITY",-122.23828125,37.469017028808594
9716946,2024,2024-08-13,4106,2024-05-27,2100,2196,8A,1,5,6,4106,0,0,0,,0,004,"JOHN DALY BL","WESTLAKE CTR",0.00,,Y,A,-,N,,,,,,,,,,N,3,0,1,2,A,-,04,21703,,N,C,C,A,A,H,-,C,A,0,,,Y,,Y,,D,22,0,1,0,0,0,0,0,0,1,"- ","- ",37.701850891113281,-122.48358154296875,"SAN MATEO","DALY CITY",-122.48350524902344,37.701702117919922
9717322,2024,2024-08-15,4106,2024-05-25,1505,2200,7,6,5,6,4106,0,0,0,,0,002,"EAST MARKET ST","HILLSIDE BL",159.00,W,N,A,-,N,,,,,,,,,,N,3,0,1,2,A,-,00,23103,A,N,G,B,A,A,H,-,A,A,0,,,,,Y,,M,94,0,1,0,0,0,0,0,0,0,"- ","- ",37.689968109130859,-122.461181640625,"SAN MATEO","DALY CITY",-122.46167755126953,37.689800262451172
9718204,2024,2024-08-28,4102,2024-07-20,1649,22,2C,6,5,4,4102,0,0,0,,0,002,"EL CAMINO REAL","RALSTON AV",18.00,N,N,A,-,Y,SM,4,82,-,-,7.690,I,5,N,N,3,0,1,2,A,-,10,21950,A,N,G,B,B,A,H,-,A,A,0,Y,,,,Y,,A,07,0,1,0,0,1,0,0,0,0,"- ","- ",37.520431518554688,-122.27603149414062,"SAN MATEO",BELMONT,-122.27587890625,37.520477294921875
9719312,2024,2024-09-05,4127,2024-05-16,"914 ",2291,4127,4,5,4,4127,0,0,0,,0,004,"WEST BAYSHORE RD","DONOHOE ST",0.00,,Y,A,-,N,,,,,,,,,,Y,4,0,1,3,A,-,05,21651,B,N,A,C,A,A,H,-,A,D,0,,,Y,,Y,,C,02,0,0,1,0,0,0,0,0,1,"- ","- ",,,"SAN MATEO","EAST PALO ALTO",-122.14591217041016,37.463050842285156
9719442,2024,2024-08-02,4127,2024-06-04,1500,2286,4127,2,5,4,4127,0,0,0,,0,001,"BELL ST","EUCLID AVE",115.00,S,N,A,-,N,,,,,,,,,,N,4,0,1,2,A,-,08,22107,,N,D,G,A,A,H,-,A,D,0,,Y,,,Y,,-,99,0,0,1,0,0,0,1,0,0,"- ","- ",,,"SAN MATEO","EAST PALO ALTO",-122.14344024658203,37.465671539306641
9719747,2024,2024-08-22,4127,2024-07-08,1918,2289,4127,1,5,4,4127,0,0,0,,0,001,"NEWBRIDGE ST","POPLAR AV",107.00,N,N,A,-,N,,,,,,,,,,N,3,0,2,3,A,-,08,22107,,N,B,C,A,A,H,-,A,D,0,,,,,Y,,A,01,0,1,1,0,0,0,0,0,0,"- ","- ",,,"SAN MATEO","EAST PALO ALTO",-122.14913940429688,37.471076965332031
9722725,2024,2024-09-10,4113,2024-08-14,"945 ",479,8,3,5,5,4113,0,0,0,,0,008,"FARM HILL BL","BRANDY ROCK WY",400.00,W,N,A,-,N,,,,,,,,,,N,4,0,1,2,A,-,09,21804,A,N,B,C,A,A,H,-,A,A,0,,,,,Y,,A,01,0,0,1,0,0,0,0,0,0,"- ","- ",37.456748962402344,-122.25007629394531,"SAN MATEO","REDWOOD CITY",-122.24974822998047,37.456676483154297
9724290,2024,2024-08-28,4113,2024-06-22,1853,506,5,6,5,5,4113,0,0,0,,0,005,"JEFFERSON AV","HUDAON ST",0.00,,Y,A,-,N,,,,,,,,,,N,3,0,1,2,D,-,00,,,N,G,B,B,A,H,-,A,A,0,Y,,,,Y,,-,"- ",0,1,0,0,1,0,0,0,0,"- ","- ",37.468631744384766,-122.22972869873047,"SAN MATEO","REDWOOD CITY",-122.23639678955078,37.477512359619141