CASE_ID,ACCIDENT_YEAR,PROC_DATE,JURIS,COLLISION_DATE,COLLISION_TIME,OFFICER_ID,REPORTING_DISTRICT,DAY_OF_WEEK,CHP_SHIFT,POPULATION,CNTY_CITY_LOC,SPECIAL_COND,BEAT_TYPE,CHP_BEAT_TYPE,CITY_DIVISION_LAPD,CHP_BEAT_CLASS,BEAT_NUMBER,PRIMARY_RD,SECONDARY_RD,DISTANCE,DIRECTION,INTERSECTION,WEATHER_1,WEATHER_2,STATE_HWY_IND,CALTRANS_COUNTY,CALTRANS_DISTRICT,STATE_ROUTE,ROUTE_SUFFIX,POSTMILE_PREFIX,POSTMILE,LOCATION_TYPE,RAMP_INTERSECTION,SIDE_OF_HWY,TOW_AWAY,COLLISION_SEVERITY,NUMBER_KILLED,NUMBER_INJURED,PARTY_COUNT,PRIMARY_COLL_FACTOR,PCF_CODE_OF_VIOL,PCF_VIOL_CATEGORY,PCF_VIOLATION,PCF_VIOL_SUBSECTION,HIT_AND_RUN,TYPE_OF_COLLISION,MVIW,PED_ACTION,ROAD_SURFACE,ROAD_COND_1,ROAD_COND_2,LIGHTING,CONTROL_DEVICE,CHP_ROAD_TYPE,PEDESTRIAN_ACCIDENT,BICYCLE_ACCIDENT,MOTORCYCLE_ACCIDENT,TRUCK_ACCIDENT,NOT_PRIVATE_PROPERTY,ALCOHOL_INVOLVED,STWD_VEHTYPE_AT_FAULT,CHP_VEHTYPE_AT_FAULT,COUNT_SEVERE_INJ,COUNT_VISIBLE_INJ,COUNT_COMPLAINT_PAIN,COUNT_PED_KILLED,COUNT_PED_INJURED,COUNT_BICYCLIST_KILLED,COUNT_BICYCLIST_INJURED,COUNT_MC_KILLED,COUNT_MC_INJURED,PRIMARY_RAMP,SECONDARY_RAMP,LATITUDE,LONGITUDE,COUNTY,CITY,POINT_X,POINT_Y
9825764,2025,2025-10-08,4120,2025-09-16,1519,224,9,2,5,4,4120,0,0,0,,0,00Y,"EDGEWATER BL","RAM LN",150.00,,N,A,-,N,,,,,,,,,,N,3,0,1,1,A,-,03,22350,,N,H,A,A,A,H,-,A,D,0,,Y,,,Y,,L,04,0,1,0,0,0,0,1,0,0,"- ","- ",37.546970367431641,-122.27398681640625,"SAN MATEO","FOSTER CITY",-122.27281188964844,37.54656982421875
9826090,2025,2025-06-16,4106,2025-04-23,1845,2196,7,3,5,6,4106,0,0,0,,0,002,"CHESTER ST","SYLVAN ST",0.00,,Y,A,-,N,,,,,,,,,,N,3,0,1,2,A,-,09,21802,A,N,D,C,A,A,H,-,B,A,0,,,,,Y,,A,01,0,1,0,0,0,0,0,0,0,"- ","- ",37.687370300292969,-122.45871734619141,"SAN MATEO","DALY CITY",-122.45873260498047,37.687347412109375
9826095,2025,2025-06-17,4106,2025-04-01,"941 ",2146,8,2,5,6,4106,0,0,0,,0,004,"JOHN DALY BL","LAKE MERCED BL",0.00,,Y,B,-,N,,,,,,,,,,N,4,0,1,2,A,-,10,21950,A,N,G,B,B,B,H,-,A,A,0,Y,,,,Y,,A,01,0,0,1,0,1,0,0,0,0,"- ","- ",37.701450347900391,-122.48497772216797,"SAN MATEO","DALY CITY",-122.48490905761719,37.701442718505859
9826133,2025,2025-06-25,4106,2025-06-03,1840,2229,12,2,5,6,4106,0,0,0,,0,005,"CERRO DR","SOUTHGATE AV",0.00,,Y,A,-,N,,,,,,,,,,Y,3,0,1,3,A,-,08,22107,,N,C,E,A,A,H,-,A,A,0,,,,,Y,,A,01,0,1,0,0,0,0,0,0,0,"- ","- ",37.675628662109375,-122.47557830810547,"SAN MATEO","DALY CITY",-122.47557830810547,37.675621032714844
9828022,2025,2025-07-18,4111,2025-05-23,1008,P5183,P19,5,5,4,4111,0,0,0,,0,0P3,"ALICANTE DR","ALVARADO AV",855.00,E,N,A,-,N,,,,,,,,,,Y,3,0,1,2,A,-,08,22107,,N,C,E,A,A,H,-,A,D,0,,,,,Y,,A,01,0,1,0,0,0,0,0,0,0,"- ","- ",,,"SAN MATEO",PACIFICA,-122.48215484619141,37.583362579345703
9828024,2025,2025-07-18,4111,2025-05-17,2300,P5185,P01,6,5,4,4111,0,0,0,,0,0P1,"PALMETTO AV","WESTLINE DR",504.00,S,N,A,-,N,,,,,,,,,,Y,2,0,1,1,A,-,08,22107,,N,F,-,A,A,G,-,D,D,0,,,Y,,Y,,C,03,1,0,0,0,0,0,0,0,1,"- ","- ",37.660869598388672,-122.49172973632812,"SAN MATEO",PACIFICA,-122.49221801757812,37.659797668457031
9829646,2025,2025-07-11,4113,2025-06-20,1900,494,2,5,5,5,4113,0,0,0,,0,002,"WHIPPLE AV","VETERANS BL",0.00,,Y,A,-,N,,,,,,,,,,Y,3,0,1,3,A,-,09,21801,A,N,A,C,A,A,H,-,A,A,0,,,,,Y,,A,08,0,1,0,0,0,0,0,0,0,"- ","- ",37.494678497314453,-122.23441314697266,"SAN MATEO","REDWOOD CITY",-122.23451995849609,37.494548797607422
9829647,2025,2025-08-06,4113,2025-06-20,1729,523,3,5,5,5,4113,0,0,0,,0,003,BROADWAY,"WOODSIDE RD",228.00,N,N,A,-,N,,,,,,,,,,Y,3,0,1,2,A,-,03,22350,,N,C,C,A,A,H,-,A,A,0,,,,,Y,,A,01,0,1,0,0,0,0,0,0,0,"- ","- ",37.486000061035156,-122.21800231933594,"SAN MATEO","REDWOOD CITY",-122.21504211425781,37.487125396728516
9830773,2025,2025-07-07,4113,2025-06-15,1003,471,5,7,5,5,4113,0,0,0,,0,005,"WOODSIDE RD","GORDON ST",0.00,,Y,A,-,N,,,,,,,,,,N,3,0,1,2,A,-,03,22350,,N,B,C,A,A,H,-,A,D,0,,,Y,,Y,,C,03,0,1,0,0,0,0,0,0,1,"- ","- ",37.466670989990234,-122.22422027587891,"SAN MATEO","REDWOOD CITY",-122.22421264648438,37.466659545898438
9831096,2025,2025-07-09,4111,2025-06-03,1445,P5104,P19,2,5,4,4111,0,0,0,,0,0P3,"LINDA MAR BL","ADOBE DR",1200.00,E,N,A,-,N,,,,,,,,,,Y,4,0,1,1,C,-,18,,,N,E,I,A,A,H,-,A,D,0,,,,,Y,,-,"- ",0,0,1,0,0,0,0,0,0,"- ","- ",,,"SAN MATEO",PACIFICA,-122.49098968505859,37.586174011230469
9831558,2025,2025-07-08,4120,2025-06-16,1620,263,1,1,5,4,4120,0,0,0,,0,00X,"SHELL BL","BOUNTY DR",0.00,,Y,A,-,N,,,,,,,,,,N,3,0,1,2,A,-,12,22450,,N,H,G,A,A,H,-,A,A,0,,Y,,,Y,,L,04,0,1,0,0,0,0,1,0,0,"- ","- ",37.555000305175781,-122.26499938964844,"SAN MATEO","FOSTER CITY",-122.26509857177734,37.555145263671875
9859647,2024,2025-01-06,4111,2024-11-17,1415,P5171,P19,7,5,4,4111,0,0,0,,0,0P3,"LINDA MAR BL","ARGUELLO BL",97.00,W,N,A,-,N,,,,,,,,,,Y,3,0,1,2,A,-,00,21955,A,N,G,B,D,A,H,-,A,D,0,Y,,,,Y,,N,60,0,1,0,0,1,0,0,0,0,"- ","- ",,,"SAN MATEO",PACIFICA,-122.49462890625,37.590065002441406
9866937,2025,2025-10-15,4104,2025-03-11,"609 ",0260,14,2,5,4,4104,0,0,0,,0,00B,"RT 82","TROUSDALE DR",0.00,,Y,A,-,Y,SM,4,82,-,-,15.587,I,5,S,N,1,1,0,2,A,-,12,21453,,F,G,B,B,A,H,-,C,A,0,Y,,,,Y,,A,01,0,0,0,1,0,0,0,0,0,"- ","- ",37.594520568847656,-122.38332366943359,"SAN MATEO",BURLINGAME,-122.38329315185547,37.594501495361328
9868535,2025,2025-08-06,4111,2025-06-16,1739,P5181,P08,1,5,4,4111,0,0,0,,0,0P2,"PALOMA AV","SIERRA TER",59.00,E,N,A,-,N,,,,,,,,,,N,3,0,1,2,A,-,11,21950,B,N,G,B,E,A,H,-,A,D,0,Y,,,,Y,,N,60,0,1,0,0,1,0,0,0,0,"- ","- ",,,"SAN MATEO",PACIFICA,-122.48338317871094,37.636821746826172
9868540,2025,2025-08-06,4113,2025-06-10,1641,520,5,2,5,5,4113,0,0,0,,0,005,"EL CAMINO REAL","BUCKINGHAM AV",0.00,,Y,A,-,N,,,,,,,,,,N,3,0,1,2,A,-,09,21804,A,N,G,B,E,A,H,-,A,D,0,Y,,,,Y,,A,01,0,1,0,0,1,0,0,0,0,"- ","- ",37.471931457519531,-122.21502685546875,"SAN MATEO","REDWOOD CITY",-122.21537017822266,37.471897125244141
9870709,2025,2025-08-12,4111,2025-07-18,1002,P5136,P07,5,5,4,4111,0,0,0,,0,0P2,"LAKESIDE AV","FRANCISCO BL",206.00,W,N,A,-,N,,,,,,,,,,N,3,0,1,1,C,-,18,,,N,E,J,A,A,H,-,A,D,0,,,,,Y,,-,"- ",0,1,0,0,0,0,0,0,0,"- ","- ",37.629878997802734,-122.48980712890625,"SAN MATEO",PACIFICA,-122.49036407470703,37.628467559814453
9871617,2025,2025-08-15,4120,2025-07-24,2003,248,3,4,5,4,4120,0,0,0,,0,00X,"SWORDFISH ST","BONITA ST",0.00,,Y,A,-,N,,,,,,,,,,N,3,0,1,2,A,-,08,22107,,N,D,G,A,A,H,-,A,D,0,,Y,,,Y,,A,01,0,1,0,0,0,0,1,0,0,"- ","- ",37.557720184326172,-122.25041961669922,"SAN MATEO","FOSTER CITY",-122.25047302246094,37.557720184326172
9873049,2025,2025-09-03,4113,2025-07-18,"710 ",479,8,5,5,5,4113,0,0,0,,0,008,"WOODSIDE RD","BERESFORD AV",0.00,,Y,A,-,N,,,,,,,,,,N,2,0,1,2,A,-,10,21950,A,N,G,B,B,A,H,-,A,D,0,Y,,,,Y,,A,01,1,0,0,0,1,0,0,0,0,"- ","- ",37.456729888916016,-122.22769165039062,"SAN MATEO","REDWOOD CITY",-122.22770690917969,37.456642150878906
9875482,2025,2025-10-24,4113,2025-09-19,1253,498,3,5,5,5,4113,0,0,0,,0,003,"MAIN ST","PINE ST",0.00,,Y,A,-,N,,,,,,,,,,N,3,0,1,2,A,-,08,22107,,N,A,C,A,A,H,-,A,D,0,,,,,Y,Y,A,01,0,1,0,0,0,0,0,0,0,"- ","- ",37.478488922119141,-122.22316741943359,"SAN MATEO","REDWOOD CITY",-122.22318267822266,37.478500366210938
9875604,2025,2025-10-29,4113,2025-08-04,1907,513,6,1,5,5,4113,0,0,0,,0,006,"CLEVELAND ST","MADISON AV",0.00,,Y,A,-,N,,,,,,,,,,N,3,0,1,2,A,-,12,22450,A,M,D,C,A,A,H,-,A,A,0,,,,,Y,,A,01,0,1,0,0,0,0,0,0,0,"- ","- ",37.478469848632812,-122.23213958740234,"SAN MATEO","REDWOOD CITY",-122.23213195800781,37.478446960449219
9875638,2025,2025-10-29,4106,2025-06-29,1510,2244,3,7,5,6,4106,0,0,0,,0,002,"BRUNSWICK ST","ACTON ST",279.00,N,N,A,-,N,,,,,,,,,,N,4,0,1,3,A,-,03,22350,,N,B,E,A,A,H,-,A,D,0,,,,,Y,,A,01,0,0,1,0,0,0,0,0,0,"- ","- ",37.708229064941406,-122.45021057128906,"SAN MATEO","DALY CITY",-122.45115661621094,37.707878112792969
9875966,2025,2025-11-24,4127,2025-08-09,1709,2278,4127,6,5,4,4127,0,0,0,,0,004,"NEWELL RD","WEST BAYSHORE RD",382.00,W,N,A,-,N,,,,,,,,,,Y,4,0,1,2,A,-,03,22350,,M,D,C,A,A,H,-,A,D,0,,,,,Y,,A,01,0,0,1,0,0,0,0,0,0,"- ","- ",,,"SAN MATEO","EAST PALO ALTO",-122.13636779785156,37.457042694091797
9876848,2025,2025-09-18,4111,2025-08-09,"850 ",P5104,P14,6,5,4,4111,0,0,0,,0,0P3,"RT 1","LINDA MAR BL",26.00,S,N,B,-,Y,SM,4,1,-,-,40.940,H,-,N,N,3,0,1,2,A,-,08,22107,,N,H,G,A,A,H,-,A,A,0,,Y,,,Y,,A,01,0,1,0,0,0,0,1,0,0,"- ","- ",,,"SAN MATEO",PACIFICA,-122.50404357910156,37.595745086669922
9879294,2025,2025-11-05,4113,2025-09-28,1155,504,5,7,5,5,4113,0,0,0,,0,005,"WOODSIDE RD","UNION ST",0.00,,Y,B,-,N,,,,,,,,,,Y,3,0,2,2,A,-,12,21453,,N,B,C,A,D,H,-,A,A,0,,,,,Y,,-,"- ",0,2,0,0,0,0,0,0,0,"- ","- ",37.465038299560547,-122.22445678710938,"SAN MATEO","REDWOOD CITY",-122.22457122802734,37.465091705322266
9879816,2025,2025-12-16,4113,2025-10-31,"727 ",505,8,5,5,5,4113,0,0,0,,0,008,"WOODSIDE RD","ALAMEDA DE LAS PULGAS",0.00,,Y,A,-,N,,,,,,,,,,N,3,0,1,2,A,-,03,22350,,N,C,D,A,A,H,-,A,A,0,,,,Y,Y,,F,26,0,1,0,0,0,0,0,0,0,"- ","- ",37.448719024658203,-122.23146820068359,"SAN MATEO","REDWOOD CITY",-122.23165130615234,37.448692321777344
9882578,2025,2025-10-10,4127,2025-09-09,"933 ",2306,4127,2,5,4,4127,0,0,0,,0,003,"TINSLEY ST","CLARKE AV",0.00,,Y,A,-,N,,,,,,,,,,N,3,0,1,2,A,-,10,21950,A,F,G,B,D,A,H,-,A,D,0,Y,,,,Y,,A,01,0,1,0,0,1,0,0,0,0,"- ","- ",,,"SAN MATEO","EAST PALO ALTO",-122.13457489013672,37.458576202392578
9882593,2025,2025-10-16,4127,2025-09-22,1723,2288,4127,1,5,4,4127,0,0,0,,0,003,"CAPITOL AV","DONOHOE ST",0.00,,Y,A,-,N,,,,,,,,,,N,3,0,1,2,A,-,05,21650,1,N,D,G,A,A,H,-,A,A,0,,Y,,,Y,,L,04,0,1,0,0,0,0,1,0,0,"- ","- ",,,"SAN MATEO","EAST PALO ALTO",-122.14045715332031,37.462600708007812
9884515,2025,2025-10-27,4111,2025-09-04,1348,P5183,P04,4,5,4,4111,0,0,0,,0,0P1,"MONTEREY RD","OCEANA BL",149.00,E,N,A,-,N,,,,,,,,,,N,4,0,1,2,A,-,05,21651,B,M,C,C,A,A,H,-,A,D,0,,,,,Y,Y,A,01,0,0,1,0,0,0,0,0,0,"- ","- ",,,"SAN MATEO",PACIFICA,-122.48937225341797,37.651805877685547
9886334,2025,2025-12-11,4113,2025-11-11,1916,523,5,2,5,5,4113,0,0,0,,0,005,"EL CAMINO REAL","HAZEL AV",0.00,,Y,A,-,N,,,,,,,,,,Y,3,0,1,1,A,-,03,22350,,N,E,I,A,A,H,-,C,D,0,,,,,Y,,A,01,0,1,0,0,0,0,0,0,0,"- ","- ",37.475650787353516,-122.22075653076172,"SAN MATEO","REDWOOD CITY",-122.22077941894531,37.475639343261719
9886337,2025,2025-12-04,4113,2025-10-20,1502,401,2,1,5,5,4113,0,0,0,,0,002,"MAIN ST","BREWSTER AV",0.00,,Y,A,-,N,,,,,,,,,,Y,4,0,2,2,A,-,09,21804,A,F,B,D,A,A,H,-,A,D,0,,,,,Y,,A,01,0,0,2,0,0,0,0,0,0,"- ","- ",37.491401672363281,-122.22615051269531,"SAN MATEO","REDWOOD CITY",-122.22838592529297,37.492237091064453
9886357,2025,2025-12-01,4113,2025-08-14,1123,462,6,4,5,5,4113,0,0,0,,0,006,JEFFERSON,"UPTON ST",0.00,,Y,A,-,N,,,,,,,,,,N,3,0,1,2,A,-,08,22108,,N,D,C,A,A,H,-,A,D,0,,,,,Y,,A,07,0,1,0,0,0,0,0,0,0,"- ","- ",37.470409393310547,-122.24623870849609,"SAN MATEO","REDWOOD CITY",-122.24615478515625,37.470157623291016
9887595,2025,2025-12-04,4113,2025-10-28,1712,401,3,2,5,5,4113,0,0,0,,0,003,"WOODSIDE RD","MIDDLEFIELD RD",0.00,,Y,A,-,N,,,,,,,,,,N,4,0,2,2,A,-,03,22350,,N,C,C,A,A,H,-,A,D,0,,,,,Y,,A,01,0,0,2,0,0,0,0,0,0,"- ","- ",37.481098175048828,-122.21898651123047,"SAN MATEO","REDWOOD CITY",-122.21916961669922,37.481113433837891
9887757,2025,2025-12-03,4111,2025-10-25,"844 ",P5183,P16,6,5,4,4111,0,0,0,,0,0P3,"TERRA NOVA BL","EVERGLADES DR",544.00,N,N,B,C,N,,,,,,,,,,Y,3,0,1,2,A,-,08,22107,,N,D,C,A,B,H,-,A,D,0,,,,,Y,,A,01,0,1,0,0,0,0,0,0,0,"- ","- ",,,"SAN MATEO",PACIFICA,-122.47570037841797,37.592948913574219
9888022,2025,2025-12-08,4120,2025-11-13,1906,255,10,4,5,4,4120,0,0,0,,0,00Y,"FOSTER CITY BL","EAST HILLSDALE BL",0.00,,Y,C,-,N,,,,,,,,,,N,3,0,1,2,A,-,10,21950,A,N,G,B,B,B,H,-,C,A,0,Y,,,,Y,,A,01,0,1,0,0,1,0,0,0,0,"- ","- ",37.561119079589844,-122.27108764648438,"SAN MATEO","FOSTER CITY",-122.26917266845703,37.561321258544922
9888023,2025,2025-12-05,4120,2025-11-09,1558,211,10,7,5,4,4120,0,0,0,,0,00Y,"METRO CENTER BL","LIGHT STANDARD #7017A",45.00,E,N,A,-,N,,,,,,,,,,Y,2,0,2,2,A,-,09,21804,A,N,D,C,A,A,H,-,A,D,0,,,,,Y,,A,01,1,0,1,0,0,0,0,0,0,"- ","- ",37.560268402099609,-122.27600860595703,"SAN MATEO","FOSTER CITY",,
9889589,2025,2025-12-19,4113,2025-11-23,1536,471,1,7,5,5,4113,0,0,0,,0,001,"CANOE CT","WHARF ROW",0.00,,Y,A,-,N,,,,,,,,,,N,3,0,1,2,A,-,03,22350,,N,H,G,A,A,H,-,A,D,0,,Y,,,Y,,L,04,0,1,0,0,0,0,1,0,0,"- ","- ",37.538440704345703,-122.24992370605469,"SAN MATEO","REDWOOD CITY",-122.24993133544922,37.538467407226562
9889590,2025,2025-12-19,4113,2025-11-26,1052,426,4,3,5,5,4113,0,0,0,,0,004,"MIDDLEFIELD RD","WILLOW ST",0.00,,Y,A,-,N,,,,,,,,,,Y,3,0,2,2,A,-,09,21801,A,N,B,C,A,A,H,-,A,A,0,,,,,Y,,A,01,0,2,0,0,0,0,0,0,0,"- ","- ",,,"SAN MATEO","REDWOOD CITY",-122.21704864501953,37.4801025390625
9889595,2025,2025-12-19,4113,2025-11-07,1034,508,2,5,5,5,4113,0,0,0,,0,002,"VETERANS BL",BREWSTER,45.00,N,N,A,-,N,,,,,,,,,,Y,4,0,1,2,A,-,03,22350,,N,C,C,A,A,H,-,A,A,0,,,,,Y,,A,07,0,0,1,0,0,0,0,0,0,"- ","- ",37.491218566894531,-122.23052978515625,"SAN MATEO","REDWOOD CITY",-122.23062896728516,37.491298675537109
9899203,2025,2026-02-03,4127,2025-12-18,1526,2284,4127,4,5,4,4127,0,0,0,,0,001,"GLORIA WY","KAVANAUGH DR",88.00,W,N,A,-,N,,,,,,,,,,N,3,0,1,2,A,-,05,21651,B,N,A,G,A,A,H,-,A,D,0,,Y,,,Y,,L,04,0,1,0,0,0,0,1,0,0,"- ","- ",,,"SAN MATEO","EAST PALO ALTO",-122.14186859130859,37.475391387939453
9903070,2025,2026-01-29,4111,2025-12-12,2314,P5136,P06,5,5,4,4111,0,0,0,,0,0P1,"OCEANA BL","PALOMA AV",1177.00,N,N,A,-,N,,,,,,,,,,N,2,0,1,2,A,-,01,23152,A,N,A,C,A,A,H,-,C,D,0,,,,,Y,Y,A,01,1,0,0,0,0,0,0,0,0,"- ","- ",,,"SAN MATEO",PACIFICA,-122.48993682861328,37.639701843261719
9903313,2025,2026-01-22,4113,2025-12-18,"825 ",479,7,4,5,5,4113,0,0,0,,0,007,"JAMES AV","CLINTON ST",90.00,E,N,B,-,N,,,,,,,,,,N,4,0,1,2,A,-,17,21235,G,N,B,C,A,B,H,-,A,D,0,,,Y,,Y,,C,03,0,0,1,0,0,0,0,0,1,"- ","- ",37.483001708984375,-122.23526763916016,"SAN MATEO","REDWOOD CITY",-122.23497772216797,37.482933044433594
9903661,2025,2026-01-26,4113,2025-06-20,1700,471,6,5,5,5,4113,0,0,0,,0,003,"EL CAMINO REAL","JEFFERSON AV",0.00,,Y,A,-,N,,,,,,,,,,N,4,0,2,3,A,-,03,22350,,N,C,C,A,A,H,-,A,A,0,,,,,Y,,D,22,0,0,2,0,0,0,0,0,0,"- ","- ",37.482730865478516,-122.23061370849609,"SAN MATEO","REDWOOD CITY",-122.2305908203125,37.482696533203125
9903662,2025,2026-02-13,4113,2025-09-28,1531,471,7,7,5,5,4113,0,0,0,,0,007,"EL CAMINO REAL","WHIPPLE AV",40.00,S,N,A,-,Y,SM,4,82,-,-,4.817,I,6,N,N,3,0,1,2,A,-,07,21658,A,N,C,C,A,A,H,-,A,A,0,,,,Y,Y,,F,26,0,1,0,0,0,0,0,0,0,"- ","- ",37.490440368652344,-122.23985290527344,"SAN MATEO","REDWOOD CITY",-122.23974609375,37.490520477294922
9903663,2025,2026-02-26,4113,2025-10-30,"725 ",433,3,4,5,5,4113,0,0,0,,0,003,"WOODSIDE RD","VETERANS BL",0.00,,Y,A,-,Y,SM,4,84,-,-,25.657,I,5,S,N,3,0,1,2,A,-,00,21650,A,N,H,G,A,A,H,-,A,A,0,,Y,,,Y,,L,04,0,1,0,0,0,0,1,0,0,"- ","- ",37.488250732421875,-122.21357727050781,"SAN MATEO","REDWOOD CITY",-122.21370697021484,37.488296508789062
9906497,2025,2026-02-03,4113,2025-06-04,1150,433,3,3,5,5,4113,0,0,0,,0,003,"CHESTNUT ST","HELLER ST",49.00,E,N,A,-,N,,,,,,,,,,N,2,0,1,1,A,-,03,22350,,N,E,I,A,A,H,-,A,A,0,,Y,,,Y,,L,04,1,0,0,0,0,0,1,0,0,"- ","- ",37.481361389160156,-122.22228240966797,"SAN MATEO","REDWOOD CITY",-122.22221374511719,37.481487274169922
6290438,2014,2014-07-21,9330,2014-03-13,1345,18415,,4,1,9,4100,0,1,3,,2,052,"RT 35","SKYLINE RIDGE OPEN SPACE",1584.00,S,N,A,-,Y,SCL,4,35,-,D,2.090,H,-,S,Y,1,1,0,2,A,-,05,21460,A,N,A,C,A,A,H,-,A,D,0,,,Y,,Y,,C,02,0,0,0,0,0,0,0,1,0,"- ","- ",37.309049999999999,-122.16807,"SAN MATEO",UNINCORPORATED,-122.16842346,37.309381090000002
6291555,2014,2014-11-13,9330,2014-09-14,0035,20382,,7,3,4,4104,0,1,1,,2,034,"RT 280","TROUSDALE RD",2640.00,S,N,A,-,Y,SM,4,280,-,R,15.920,H,-,N,Y,1,1,3,1,A,-,08,22107,,N,E,I,A,A,H,-,D,D,1,,,,,Y,,A,07,1,0,2,0,0,0,0,0,0,"- ","- ",,,"SAN MATEO",BURLINGAME,-122.39066312,37.566440309999997
6292454,2015,2015-08-07,9330,2015-06-02,0101,16993,,2,3,5,4113,0,1,2,,2,048,"RT 101","MAPLE ST",318.00,N,N,A,-,Y,SM,4,101,-,-,5.940,H,-,S,Y,1,1,0,2,A,-,11,21954,A,N,G,B,E,A,H,-,C,D,1,Y,,,,Y,Y,N,60,0,0,0,1,0,0,0,0,0,"- ","- ",37.4923,-122.2214,"SAN MATEO","REDWOOD CITY",-122.22163574,37.492434090000003
6314080,2014,2015-01-07,9330,2014-01-01,1300,19065,,3,1,9,4100,0,3,5,,2,002,"LOBITOS CREEK RD","VERDE RD",6336.00,E,N,A,-,N,,,,,,,,,,N,3,0,1,1,A,-,03,22350,,N,F,A,A,A,B,-,A,D,0,,Y,,,Y,,L,04,0,1,0,0,0,0,1,0,0,"- ","- ",,,"SAN MATEO",UNINCORPORATED,-122.39219029,37.395378090000001
6328000,2014,2016-03-14,9330,2014-01-03,1115,20256,,5,1,4,4115,0,1,2,,2,048,"RT 101","HOLLY ST",400.00,N,N,A,-,Y,SM,4,101,-,-,8.760,H,-,N,Y,4,0,3,3,A,-,03,22350,,N,C,C,A,A,H,-,A,D,1,,,,,Y,,A,01,0,0,3,0,0,0,0,0,0,"- ","- ",37.51699,-122.25955,"SAN MATEO","SAN CARLOS",-122.26044118999999,37.517851190000002
6328028,2014,2014-06-23,4117,2014-01-02,1750,99RG01,08AF,4,5,5,4117,0,0,0,,0,001,"SOUTH SPRUCE AV","RAILROAD AV",75.00,S,N,A,-,N,,,,,,,,,,N,4,0,1,3,A,-,03,22350,,N,C,C,A,A,H,-,A,A,0,,,,,Y,,A,07,0,0,1,0,0,0,0,0,0,"- ","- ",,,"SAN MATEO","SOUTH SAN FRANCISCO",-122.41707756,37.65346108
6330882,2014,2014-06-12,4113,2014-01-07,1623,295,8,2,5,5,4113,0,0,0,,0,008,"FARM HILL BL","JEFFERSON AV",0.00,,Y,A,-,N,,,,,,,,,,Y,4,0,1,6,A,-,21,22106,,N,C,C,A,A,H,-,A,D,0,,,,,Y,,A,01,0,0,1,0,0,0,0,0,0,"- ","- ",,,"SAN MATEO","REDWOOD CITY",-122.24917994,37.465269999999997
6336667,2014,2015-10-12,4106,2014-01-10,1825,1273,4,5,5,6,4106,0,0,0,,0,003,"JUNIPER SERRA BL","JOHN DALY BL",353.00,S,N,B,-,N,,,,,,,,,,N,3,0,1,3,A,-,03,22350,,N,C,C,A,A,H,-,B,A,0,,,,,Y,,A,01,0,1,0,0,0,0,0,0,0,"- ","- ",37.703130000000002,-122.47093,"SAN MATEO","DALY CITY",-122.47091535,37.704014260000001
6336702,2014,2014-06-30,4117,2014-01-03,1447,04JL03,14AB,5,5,5,4117,0,0,0,,0,001,"FIR AV","REDWOOD DR",77.00,N,N,A,-,N,,,,,,,,,,N,4,0,2,2,A,-,08,22107,,N,A,C,A,A,H,-,A,D,0,,,,,Y,,A,01,0,0,2,0,0,0,0,0,0,"- ","- ",,,"SAN MATEO","SOUTH SAN FRANCISCO",-122.4203627,37.650074660000001
6337315,2014,2015-11-16,4117,2014-01-08,0813,00KS20,25AA,3,5,5,4117,0,0,0,,0,003,"RT 82","2ND ST",95.00,S,N,B,-,Y,SM,4,82,-,-,20.370,H,-,S,Y,4,0,2,3,A,-,"- ",,,N,C,C,A,B,H,-,A,D,0,,,,,Y,,A,07,0,0,2,0,0,0,0,0,0,"- ","- ",37.65258,-122.43698000000001,"SAN MATEO","SOUTH SAN FRANCISCO",-122.431459,37.651639930000002
6337581,2014,2014-06-04,4113,2014-01-05,1314,383,7,7,5,5,4113,0,0,0,,0,007,"OAK KNOLL DR","CANYON RD",0.00,,Y,A,-,N,,,,,,,,,,N,2,0,1,1,A,-,03,22350,,N,H,A,A,A,H,-,A,A,0,,,Y,,Y,,C,02,1,0,0,0,0,0,0,0,1,"- ","- ",,,"SAN MATEO","REDWOOD CITY",-122.25958996999999,37.472209980000002
6340830,2014,2016-02-12,9335,2014-01-16,1544,18688,,4,2,4,4114,0,1,1,,2,080,"RT 80","4TH ST",528.00,E,N,A,-,Y,SF,4,80,-,-,5.130,H,-,E,Y,3,0,1,2,A,-,07,21658,A,N,B,C,A,A,H,-,A,D,1,,,Y,,Y,,A,01,0,1,0,0,0,0,0,0,1,"- ","- ",37.465209999999999,-122.23506,"SAN MATEO","SAN BRUNO",-122.39562054,37.78270732
6340835,2014,2015-11-16,4114,2014-01-15,1507,7,,3,5,4,4114,0,0,0,,0,002,"RT 82","TAYLOR AV",0.00,,Y,A,-,Y,SM,4,82,-,-,17.990,I,5,S,N,2,0,1,2,A,-,10,21950,A,N,D,B,B,A,H,-,A,A,0,Y,,,,Y,,A,01,1,0,0,0,1,0,0,0,0,"- ","- ",,,"SAN MATEO","SAN BRUNO",-122.4112902,37.621092859999997
6345133,2014,2014-06-05,4111,2014-01-03,1228,P5121,P19,5,5,4,4111,0,0,0,,0,0P3,"ROSITA RD","PALOU DR",28.00,E,N,A,-,N,,,,,,,,,,N,3,0,1,2,A,-,"- ",,,N,G,B,D,A,H,-,A,D,0,Y,,,,Y,,N,60,0,1,0,0,1,0,0,0,0,"- ","- ",,,"SAN MATEO",PACIFICA,-122.49292334,37.583359999999999
6346636,2014,2014-06-04,9330,2014-01-17,1210,018694,,5,1,9,4100,0,3,5,,2,405,"EDGEWOOD RD","CORDILLERAS RD",200.00,W,N,A,-,N,,,,,,,,,,N,4,0,1,2,A,-,03,22350,,N,C,C,A,A,H,-,A,D,0,,,,,Y,,A,07,0,0,1,0,0,0,0,0,0,"- ","- ",,,"SAN MATEO",UNINCORPORATED,-122.27400305,37.474546050000001