CASE_ID,ACCIDENT_YEAR,PROC_DATE,JURIS,COLLISION_DATE,COLLISION_TIME,OFFICER_ID,REPORTING_DISTRICT,DAY_OF_WEEK,CHP_SHIFT,POPULATION,CNTY_CITY_LOC,SPECIAL_COND,BEAT_TYPE,CHP_BEAT_TYPE,CITY_DIVISION_LAPD,CHP_BEAT_CLASS,BEAT_NUMBER,PRIMARY_RD,SECONDARY_RD,DISTANCE,DIRECTION,INTERSECTION,WEATHER_1,WEATHER_2,STATE_HWY_IND,CALTRANS_COUNTY,CALTRANS_DISTRICT,STATE_ROUTE,ROUTE_SUFFIX,POSTMILE_PREFIX,POSTMILE,LOCATION_TYPE,RAMP_INTERSECTION,SIDE_OF_HWY,TOW_AWAY,COLLISION_SEVERITY,NUMBER_KILLED,NUMBER_INJURED,PARTY_COUNT,PRIMARY_COLL_FACTOR,PCF_CODE_OF_VIOL,PCF_VIOL_CATEGORY,PCF_VIOLATION,PCF_VIOL_SUBSECTION,HIT_AND_RUN,TYPE_OF_COLLISION,MVIW,PED_ACTION,ROAD_SURFACE,ROAD_COND_1,ROAD_COND_2,LIGHTING,CONTROL_DEVICE,CHP_ROAD_TYPE,PEDESTRIAN_ACCIDENT,BICYCLE_ACCIDENT,MOTORCYCLE_ACCIDENT,TRUCK_ACCIDENT,NOT_PRIVATE_PROPERTY,ALCOHOL_INVOLVED,STWD_VEHTYPE_AT_FAULT,CHP_VEHTYPE_AT_FAULT,COUNT_SEVERE_INJ,COUNT_VISIBLE_INJ,COUNT_COMPLAINT_PAIN,COUNT_PED_KILLED,COUNT_PED_INJURED,COUNT_BICYCLIST_KILLED,COUNT_BICYCLIST_INJURED,COUNT_MC_KILLED,COUNT_MC_INJURED,PRIMARY_RAMP,SECONDARY_RAMP,LATITUDE,LONGITUDE,COUNTY,CITY,POINT_X,POINT_Y
6775891,2014,2016-07-07,9330,2014-12-06,2355,20454,,6,3,5,4116,0,1,2,,2,038,"RT 101","POPLAR AV",500.00,S,N,A,-,Y,SM,4,101,-,-,14.210,H,-,S,Y,4,0,2,2,A,-,03,22350,,N,C,C,A,A,H,-,C,D,1,,,,,Y,,A,01,0,0,2,0,0,0,0,0,0,"- ","- ",,,"SAN MATEO","SAN MATEO",-122.32301320000001,37.579034139999997
6778744,2014,2016-06-16,9330,2014-12-24,1600,020759,,3,2,9,4100,0,1,3,,1,011,"RT 92","SKYLINE BL",528.00,W,N,A,-,Y,SM,4,92,-,-,6.080,H,-,W,Y,3,0,2,2,A,-,05,21460,A,N,A,C,A,A,H,-,A,D,0,,,,,Y,,A,01,0,1,1,0,0,0,0,0,0,"- ","- ",37.499789999999997,-122.36005,"SAN MATEO",UNINCORPORATED,-122.3581094,37.500177209999997
6778756,2014,2016-07-07,9330,2014-12-05,1805,020786,,5,2,5,4113,0,1,2,,2,048,"RT 101","WOODSIDE RD",50.00,N,N,C,-,Y,SM,4,101,-,-,5.334,R,2,N,Y,3,0,1,1,A,-,03,22350,,N,F,A,A,B,H,-,D,D,1,,,Y,,Y,,C,02,0,1,0,0,0,0,0,0,1,FR,"- ",37.488840000000003,-122.21185,"SAN MATEO","REDWOOD CITY",-122.21188469000001,37.488751229999998
6778917,2015,2016-09-07,9330,2015-01-07,1905,020106,,3,2,5,4116,0,1,2,,2,048,"RT 101","HILLSDALE BL",1320.00,S,N,A,-,Y,SM,4,101,-,-,10.900,H,-,N,Y,3,0,1,3,A,-,03,22350,,N,B,D,A,A,H,-,D,D,1,,,Y,,Y,,C,02,0,1,0,0,0,0,0,0,1,"- ","- ",,,"SAN MATEO","SAN MATEO",-122.28516356,37.541703980000001
6778921,2015,2016-10-11,9330,2015-01-02,1225,020894,,5,1,4,4120,0,1,3,,1,035,"RT 92","FOSTER CITY BL",1320.00,E,N,A,-,Y,SM,4,92,-,R,13.360,H,-,E,Y,4,0,1,3,A,-,03,22350,,N,C,C,A,A,H,-,A,D,1,,,,,Y,,A,01,0,0,1,0,0,0,0,0,0,"- ","- ",,,"SAN MATEO","FOSTER CITY",-122.27671685999999,37.561380239999998
6779292,2014,2016-07-07,9335,2014-12-17,0757,020198,,3,1,4,4114,0,1,1,,2,020,"RT 280","CUNNINGHAM WY",200.00,N,N,B,-,Y,SM,4,280,-,R,20.271,R,2,S,Y,3,0,1,1,A,-,08,22107,,N,E,I,A,B,H,-,A,D,1,,,,,Y,,A,01,0,1,0,0,0,0,0,0,0,TO,"- ",37.614570000000001,-122.4222,"SAN MATEO","SAN BRUNO",-122.42469754,37.61816597
6780854,2014,2015-01-29,4100,2014-10-27,1653,11250,13,1,5,4,4115,0,0,0,,0,053,"BRITTAN AV","CORDILLERAS AV",0.00,,Y,A,-,N,,,,,,,,,,N,4,0,1,2,A,-,10,21950,A,N,G,B,B,A,H,-,A,A,0,Y,,,,Y,,A,01,0,0,1,0,1,0,0,0,0,"- ","- ",,,"SAN MATEO","SAN CARLOS",-122.26084994999999,37.494540000000001
6780860,2014,2015-01-28,4106,2014-07-21,2013,1075,6,1,5,6,4106,0,0,0,,0,002,"MUIRWOOD DR","COTTONWOOD DR",55.00,S,N,A,-,N,,,,,,,,,,N,3,0,1,2,A,-,03,22350,,N,C,E,A,A,H,-,C,D,0,,,Y,,Y,,C,02,0,1,0,0,0,0,0,0,1,"- ","- ",,,"SAN MATEO","DALY CITY",-122.46100161,37.701749049999997
6780864,2014,2016-05-17,4106,2014-07-24,2159,1182,5,4,5,6,4106,0,0,0,,0,003,"MISSION ST","EAST MARKET ST",200.00,N,N,A,-,Y,SM,4,82,-,-,23.800,H,-,S,N,3,0,1,2,A,-,11,21954,A,N,G,B,D,A,H,-,C,D,0,Y,,,,Y,Y,N,60,0,1,0,0,1,0,0,0,0,"- ","- ",,,"SAN MATEO","DALY CITY",-122.46591071,37.689855260000002
6781299,2015,2016-09-12,9335,2015-01-08,1900,020132,,4,2,5,4117,0,1,1,,2,020,"RT 280","WESTBOROUGH BL",1584.00,S,N,B,-,Y,SM,4,280,-,R,22.320,H,-,N,Y,4,0,1,3,A,-,04,21703,,N,C,C,A,A,H,-,C,D,1,,,,,Y,,A,01,0,0,1,0,0,0,0,0,0,"- ","- ",37.642719999999997,-122.44497,"SAN MATEO","SOUTH SAN FRANCISCO",-122.44482982,37.642681039999999
6781523,2015,2016-10-19,4113,2015-01-16,0910,380,7,5,5,5,4113,0,0,0,,0,007,"BREWSTER AV","EL CAMINO REAL",0.00,,Y,B,-,Y,SM,4,82,-,-,4.511,I,5,S,Y,4,0,1,2,A,-,09,21801,B,N,H,C,A,A,H,-,A,A,0,,,,,Y,Y,D,82,0,0,1,0,0,0,0,0,0,"- ","- ",,,"SAN MATEO","REDWOOD CITY",-122.23604215,37.487187929999997
6781702,2015,2015-02-23,4113,2015-01-07,0807,305,6,3,5,5,4113,0,0,0,,0,006,"ROOSEVELT AV","IRIS ST",62.00,W,N,A,-,N,,,,,,,,,,N,4,0,1,2,A,-,17,22517,,N,H,G,A,A,H,-,A,D,0,,Y,,,Y,,A,01,0,0,1,0,0,0,1,0,0,"- ","- ",,,"SAN MATEO","REDWOOD CITY",-122.23295111,37.473239550000002
6781832,2015,2015-02-20,4114,2015-01-17,1831,0037,SNB1,6,5,4,4114,0,0,0,,0,001,"SAN BRUNO AV E","6TH AV",64.00,E,N,A,-,N,,,,,,,,,,Y,4,0,1,2,A,-,04,21703,,N,C,C,A,A,H,-,C,D,0,,,,,Y,,A,07,0,0,1,0,0,0,0,0,0,"- ","- ",,,"SAN MATEO","SAN BRUNO",-122.40651899,37.630894380000001
6783877,2016,2016-07-15,4117,2016-07-01,0750,06AP03,14AE,5,5,5,4117,0,0,0,,0,002,"SOUTH SPRUCE AV","HUNTINGTON AV",156.00,N,N,A,-,N,,,,,,,,,,Y,2,0,1,2,A,-,09,21804,A,N,D,G,A,A,H,-,A,D,0,,Y,,,Y,,-,"- ",1,0,0,0,0,0,1,0,0,"- ","- ",,,"SAN MATEO","SOUTH SAN FRANCISCO",-122.4223162,37.645310049999999
6785296,2015,2016-09-07,9335,2015-01-09,1429,20274,,5,2,4,4111,0,1,3,,2,041,"RT 1","GATEWAY DR",2745.00,S,N,A,-,Y,SM,4,1,-,-,45.970,H,-,N,Y,3,0,1,1,A,-,03,22350,,N,F,I,A,A,H,-,A,D,1,,,Y,,Y,,C,02,0,1,0,0,0,0,0,0,1,"- ","- ",37.392910000000001,-122.2968,"SAN MATEO",PACIFICA,-122.48521389,37.658078979999999
6785970,2014,2015-02-17,4127,2014-12-29,1838,2090,4127,1,5,4,4127,0,0,0,,0,004,"WEST BAYSHORE RD","CLARKE AV",164.00,S,N,A,-,N,,,,,,,,,,Y,4,0,1,3,A,-,09,21804,A,N,A,C,A,A,H,-,C,D,0,,,,,Y,,A,01,0,0,1,0,0,0,0,0,0,"- ","- ",,,"SAN MATEO","EAST PALO ALTO",-122.13402481,37.456082960000003
6787164,2015,2016-10-12,9330,2015-01-01,0630,020894,,4,1,9,4100,0,1,3,,1,011,"RT 92","RT 35",1320.00,E,N,A,-,Y,SM,4,92,-,T,6.770,H,-,W,Y,4,0,2,2,A,-,05,21460,A,N,B,C,A,A,H,-,D,D,0,,,,,Y,,A,07,0,0,2,0,0,0,0,0,0,"- ","- ",37.510559999999998,-122.34572,"SAN MATEO",UNINCORPORATED,-122.34573115000001,37.510974279999999
6787166,2015,2016-09-12,9330,2015-01-10,0330,020454,,6,3,9,4100,0,1,1,,2,034,"RT 280","LARKSPUR DR",450.00,N,N,A,-,Y,SM,4,280,-,R,18.630,H,-,S,Y,2,0,2,1,A,-,01,23152,A,N,E,I,A,A,H,-,C,D,1,,,,,Y,Y,A,01,1,1,0,0,0,0,0,0,0,"- ","- ",,,"SAN MATEO",UNINCORPORATED,-122.42059826000001,37.597014299999998
6787628,2015,2016-09-26,9330,2015-01-13,1752,20646,,2,2,5,4113,0,1,2,,2,058,"RT 101","RT 84",3700.00,S,N,A,-,Y,SM,4,101,-,-,4.690,H,-,N,Y,4,0,2,2,A,-,03,22350,,N,C,C,A,A,H,-,C,D,1,,,,,Y,,A,01,0,0,2,0,0,0,0,0,0,"- ","- ",37.487020000000001,-122.2,"SAN MATEO","REDWOOD CITY",-122.20028748999999,37.48695043
6788672,2015,2015-02-26,9330,2015-01-22,1010,17991,,4,1,9,4100,0,3,5,,2,407,"EDGEWOOD DR","CERVANTES RD",40.00,W,N,A,-,N,,,,,,,,,,N,4,0,1,2,A,-,03,22350,,N,C,C,A,A,H,-,A,D,0,,,,,Y,,D,22,0,0,1,0,0,0,0,0,0,"- ","- ",,,"SAN MATEO",UNINCORPORATED,-122.27040443,37.474575559999998
6789444,2015,2015-02-23,4117,2015-01-02,2100,04JL03,17AT,5,5,5,4117,0,0,0,,0,003,"CAMARITAS AV","DEL PASO DR",235.00,N,N,A,-,N,,,,,,,,,,N,4,0,1,2,A,-,17,22517,,N,B,E,E,A,H,-,C,D,0,Y,,,,Y,,N,60,0,0,1,0,1,0,0,0,0,"- ","- ",37.656399999999998,-122.44165,"SAN MATEO","SOUTH SAN FRANCISCO",-122.44154018,37.65660827
6789601,2014,2016-06-16,4117,2014-12-22,1848,06WG04,21AL,1,5,5,4117,0,0,0,,0,003,"RT 82","HICKEY BL",312.00,S,N,A,-,Y,SM,4,82,-,-,21.850,H,-,S,N,4,0,1,3,A,-,03,22350,,N,C,C,A,A,H,-,C,D,0,,,,,Y,,A,01,0,0,1,0,0,0,0,0,0,"- ","- ",,,"SAN MATEO","SOUTH SAN FRANCISCO",-122.45056026,37.665768329999999
6790146,2015,2016-09-27,9330,2015-01-10,1315,020778,,6,1,9,4100,0,1,3,,1,021,"RT 84","OLD LA HONDA RD",2640.00,W,N,A,-,Y,SM,4,84,-,-,11.750,H,-,S,N,3,0,1,1,A,-,03,22350,,N,E,J,A,A,H,-,A,D,0,,Y,,,Y,,L,04,0,1,0,0,0,0,1,0,0,"- ","- ",37.346110000000003,-122.27086,"SAN MATEO",UNINCORPORATED,-122.26443756,37.351120180000002
6790209,2015,2016-09-07,9330,2015-01-12,2315,20646,,1,3,5,4116,0,1,2,,2,038,"RT 101","HILLSDALE BL",1000.00,N,N,A,-,Y,SM,4,101,-,-,11.340,H,-,S,Y,4,0,2,1,A,-,08,22107,,N,A,I,A,A,H,-,C,D,1,,,,,Y,,A,01,0,0,2,0,0,0,0,0,0,"- ","- ",37.548439999999999,-122.29155,"SAN MATEO","SAN MATEO",-122.29012418000001,37.546721359999999
6791992,2014,2015-02-03,4100,2014-10-24,1517,18170,5C,5,5,3,4107,0,0,0,,0,075,"CABRILLO HWY N","RUISSEAU FRANCAIS",0.00,,Y,A,-,N,,,,,,,,,,N,4,0,1,3,A,-,03,22350,,N,C,C,A,A,H,-,A,D,0,,,,,Y,,A,01,0,0,1,0,0,0,0,0,0,"- ","- ",,,"SAN MATEO","HALF MOON BAY",-122.446422,37.483524000000003
6792969,2015,2016-10-12,9330,2015-01-20,1347,16184,,2,1,9,4100,0,1,3,,1,011,"RT 92","PASTORINO'S FARM",528.00,W,N,A,-,Y,SM,4,92,-,-,1.680,H,-,E,Y,2,0,2,2,A,-,05,21460,A,N,A,C,A,A,H,-,A,D,0,,,,,Y,,A,07,1,1,0,0,0,0,0,0,0,"- ","- ",37.477490000000003,-122.41558000000001,"SAN MATEO",UNINCORPORATED,-122.40924812999999,37.479402890000003
6793347,2014,2015-07-20,4114,2014-12-31,1300,0035,SNB5,3,5,4,4114,0,0,0,,0,001,"HUNTINGTON AV","FOREST LN",0.00,,Y,A,-,N,,,,,,,,,,Y,3,0,1,2,A,-,12,22450,A,N,D,C,A,A,H,-,A,A,0,,,,,Y,,A,01,0,1,0,0,0,0,0,0,0,"- ","- ",,,"SAN MATEO","SAN BRUNO",-122.41394987,37.633909930000002
6793403,2014,2016-02-29,4109,2014-12-23,1836,15342,17A,2,5,4,4109,0,0,0,,0,002,"MARSH RD","SCOTT DR",0.00,,Y,A,-,N,,,,,,,,,,Y,3,0,1,2,A,-,08,22107,,N,B,C,A,A,H,-,C,A,0,,,,,Y,,A,01,0,1,0,0,0,0,0,0,0,"- ","- ",,,"SAN MATEO","MENLO PARK",-122.18365,37.481379920000002
6793876,2014,2016-02-29,4100,2014-11-14,0938,18880,5F,5,5,3,4110,0,0,0,,0,061,"MAGNOLIA AV","MILLBRAE AV",0.00,,Y,A,-,N,,,,,,,,,,N,4,0,1,2,A,-,10,21950,A,N,G,B,B,A,H,-,A,A,0,Y,,,,Y,,A,01,0,0,1,0,1,0,0,0,0,"- ","- ",,,"SAN MATEO",MILLBRAE,-122.38935997999999,37.597429939999998
6793992,2014,2015-02-11,4116,2014-12-11,2237,18250,1F,4,5,5,4116,0,0,0,,0,011,"NORTHSIDE AV","OAKSIDE AV",15.00,E,N,C,-,N,,,,,,,,,,Y,4,0,1,2,A,-,11,21954,A,M,G,B,D,B,H,-,C,D,0,Y,,,,Y,,N,60,0,0,1,0,1,0,0,0,0,"- ","- ",37.283700000000003,-122.1223,"SAN MATEO","SAN MATEO",-122.20622847,37.476843430000002
6794018,2015,2016-09-07,9330,2015-01-06,0910,020322,,2,1,4,4104,0,1,2,,2,038,"RT 101","ANZA BL",475.00,S,N,A,-,Y,SM,4,101,-,-,15.930,H,-,N,Y,4,0,1,4,A,-,03,22350,,N,C,C,A,A,H,-,A,D,1,,,,,Y,,A,08,0,0,1,0,0,0,0,0,0,"- ","- ",37.587260000000001,-122.34997,"SAN MATEO",BURLINGAME,-122.35010826,37.587243710000003
6794037,2015,2016-10-26,9330,2015-01-20,1355,016534,,2,1,3,4110,0,1,2,,2,038,"RT 101","MILLBRAE AV",1000.00,S,N,A,-,Y,SM,4,101,-,-,18.038,R,2,S,Y,3,0,1,1,A,-,08,22107,,N,E,I,A,A,H,-,A,D,1,,,Y,,Y,,C,02,0,1,0,0,0,0,0,0,1,"- ","- ",,,"SAN MATEO",MILLBRAE,-122.38170667999999,37.603296
6795475,2014,2015-01-30,4106,2014-08-28,0915,1115,14,4,5,6,4106,0,0,0,,0,006,"HICKEY BL","IMPERIAL WY",20.00,W,N,B,-,N,,,,,,,,,,Y,4,0,1,1,A,-,08,22107,,N,A,I,A,A,H,-,A,A,0,,,,,Y,,A,01,0,0,1,0,0,0,0,0,0,"- ","- ",,,"SAN MATEO","DALY CITY",-122.46411679000001,37.663314130000003
6795730,2014,2015-02-03,4109,2014-10-21,1710,14636,22,2,5,4,4109,0,0,0,,0,002,"MIDDLEFIELD RD","WILLOW RD",0.00,,Y,A,-,N,,,,,,,,,,N,3,0,1,2,A,-,08,22107,,M,H,G,A,A,H,-,A,A,0,,Y,,,Y,,A,01,0,1,0,0,0,0,1,0,0,"- ","- ",,,"SAN MATEO","MENLO PARK",-122.16406986,37.454599969999997
6797659,2014,2015-02-10,4113,2014-12-18,1802,391,3,4,5,5,4113,0,0,0,,0,003,"MAIN ST","SHASTA DR",20.00,S,N,A,-,N,,,,,,,,,,N,3,0,1,2,A,-,09,21804,A,N,B,C,A,A,H,-,C,D,0,,,Y,,Y,,C,03,0,1,0,0,0,0,0,0,1,"- ","- ",,,"SAN MATEO","REDWOOD CITY",-122.22394087000001,37.4797802
6797663,2014,2015-02-09,4109,2014-12-04,0424,15262,28,4,5,4,4109,0,0,0,,0,001,"SAND HILL RD","OAK AV",303.00,E,N,C,-,N,,,,,,,,,,Y,3,0,3,1,A,-,03,22350,,N,E,I,A,B,H,-,A,A,0,,,,,Y,Y,A,01,0,1,2,0,0,0,0,0,0,"- ","- ",,,"SAN MATEO","MENLO PARK",-122.18958734,37.429092660000002
6797920,2014,2015-02-09,4109,2014-12-18,1759,15342,16,4,5,4,4109,0,0,0,,0,002,"MARSH RD","BAY RD",0.00,,Y,A,-,N,,,,,,,,,,Y,4,0,2,2,A,-,12,21453,A,N,D,C,A,A,H,-,C,A,0,,,,,Y,,A,01,0,0,2,0,0,0,0,0,0,"- ","- ",,,"SAN MATEO","MENLO PARK",-122.18676988,37.476739969999997
6798630,2014,2015-02-02,4120,2014-11-19,0837,197,9,3,5,4,4120,0,0,0,,0,00Y,"EAST HILLSDALE BL","SEA SPRAY LN",0.00,,Y,B,C,N,,,,,,,,,,N,4,0,2,2,A,-,03,22350,,N,C,C,A,B,H,-,A,A,0,,,,,Y,,A,01,0,0,2,0,0,0,0,0,0,"- ","- ",37.552480000000003,-122.27983999999999,"SAN MATEO","FOSTER CITY",-122.28276993999999,37.549749970000001
6798918,2015,2016-10-19,4102,2015-01-26,0834,29350,1,1,5,4,4102,0,0,0,,0,001,"RALSTON AV","HILLER ST",385.00,E,N,A,-,Y,SM,4,101,-,-,9.831,R,4,S,Y,4,0,1,2,A,-,03,22350,,N,C,C,A,A,H,-,A,A,0,,,,,Y,,A,01,0,0,1,0,0,0,0,0,0,"- ","- ",37.524479999999997,-122.27213999999999,"SAN MATEO",BELMONT,-122.2735775,37.529211400000001
6799668,2014,2016-06-18,4109,2014-12-08,1719,15031,17,1,5,4,4109,0,0,0,,0,003,"RT 114","IVY DR",97.00,W,N,B,-,Y,SM,4,114,-,-,5.480,H,-,S,N,4,0,1,2,A,-,03,22350,,N,C,C,A,A,H,-,C,A,0,,,,,Y,,A,01,0,0,1,0,0,0,0,0,0,"- ","- ",,,"SAN MATEO","MENLO PARK",-122.15300717,37.475873999999997
6799926,2015,2015-03-02,4104,2015-01-29,2011,0645,1,4,5,4,4104,0,0,0,,0,00A,"CALIFORNIA DR","PENINSULA AV",0.00,,Y,A,-,N,,,,,,,,,,Y,4,0,1,2,A,-,09,21801,A,N,A,C,A,A,H,-,C,A,0,,,,,Y,,A,01,0,0,1,0,0,0,0,0,0,"- ","- ",37.576949999999997,-122.34978,"SAN MATEO",BURLINGAME,-122.33936993,37.57705996
6799935,2015,2016-10-14,9335,2015-01-28,1815,019202,,3,2,9,4100,0,1,2,,2,011,"RT 101","MILLBRAE AV",3030.00,N,N,A,-,Y,SM,4,101,-,-,18.470,H,-,S,Y,4,0,2,3,A,-,03,22350,,N,C,C,A,A,H,-,D,D,1,,,,,Y,,A,01,0,0,2,0,0,0,0,0,0,"- ","- ",37.607790000000001,-122.38874,"SAN MATEO",UNINCORPORATED,-122.38744857,37.60700112
6801656,2015,2016-09-28,9330,2015-02-02,1505,018129,,1,2,4,4120,0,1,3,,1,035,"RT 92","1ST EASTBOUND PULLOUT",2640.00,W,N,A,-,Y,SM,4,92,-,R,15.780,H,-,E,Y,4,0,1,2,A,-,03,22350,,N,C,C,A,A,H,-,A,D,4,,,,,Y,,A,01,0,0,1,0,0,0,0,0,0,"- ","- ",,,"SAN MATEO","FOSTER CITY",-122.24590944000001,37.58860078
6801704,2015,2016-10-19,4102,2015-02-03,0911,65000,2,2,5,4,4102,0,0,0,,0,002,"EL CAMINO REAL","MIDDLE RD",353.00,N,N,A,-,Y,SM,4,82,-,-,7.930,H,-,S,N,4,0,3,3,A,-,03,22350,,N,C,C,A,A,H,-,A,D,0,,,,,Y,,D,72,0,0,3,0,0,0,0,0,0,"- ","- ",,,"SAN MATEO",BELMONT,-122.27898939000001,37.522958539999998
6802316,2015,2015-02-26,4102,2015-01-23,2500,81100,3,5,5,4,4102,0,0,0,,0,002,"EL CAMINO REAL","HARBOR BL",145.00,N,N,A,-,N,,,,,,,,,,N,4,0,1,2,A,-,03,22350,,N,C,C,A,A,H,-,C,A,0,,,,,Y,,A,01,0,0,1,0,0,0,0,0,0,"- ","- ",,,"SAN MATEO",BELMONT,-122.27239874999999,37.517337529999999
6803748,2015,2016-10-19,4109,2015-01-24,1010,1894,26,6,5,4,4109,0,0,0,,0,001,"RT 82","LIVE OAK AV",30.00,S,N,A,-,Y,SM,4,82,-,-,0.610,H,-,S,N,3,0,1,1,A,-,03,22350,,N,E,I,A,A,H,-,A,A,0,,Y,,,Y,,L,04,0,1,0,0,0,0,1,0,0,"- ","- ",,,"SAN MATEO","MENLO PARK",-122.18050177000001,37.452323929999999
6803823,2015,2016-10-19,4101,2015-01-21,1120,01TM02,,3,5,2,4101,0,0,0,,0,001,"RT 82","WATKINS AV",0.00,,Y,A,-,Y,SM,4,82,-,-,1.591,I,5,N,Y,4,0,1,2,A,-,09,21802,A,N,A,C,A,A,H,-,A,D,0,,,,,Y,,A,01,0,0,1,0,0,0,0,0,0,"- ","- ",,,"SAN MATEO",ATHERTON,-122.19562815,37.459855930000003
6804742,2015,2015-03-04,4109,2015-01-31,1540,14916,26,6,5,4,4109,0,0,0,,0,001,"MIDDLE AV","FREMONT ST",0.00,,Y,A,-,N,,,,,,,,,,N,3,0,1,2,A,-,09,21802,A,N,H,G,A,A,H,-,A,A,0,,Y,,,Y,,A,01,0,1,0,0,0,0,1,0,0,"- ","- ",,,"SAN MATEO","MENLO PARK",-122.18222,37.444409909999997
6804746,2015,2016-10-11,4109,2015-01-20,1051,15164,25A,2,5,4,4109,0,0,0,,0,001,"RT 82","SANTA CRUZ AV",200.00,N,N,A,-,Y,SM,4,82,-,-,0.810,H,-,S,N,4,0,1,2,A,-,03,22350,,N,C,C,A,A,H,-,A,A,0,,,,,Y,,A,07,0,0,1,0,0,0,0,0,0,"- ","- ",,,"SAN MATEO","MENLO PARK",-122.18362384,37.453877249999998
6805337,2015,2016-09-07,9335,2015-01-18,1900,020281,,7,2,9,4100,0,1,3,,2,040,"RT 1","DEVIL'S SLIDE TUNNEL",2000.00,S,N,A,-,Y,SM,4,1,-,R,38.980,H,-,N,N,4,0,1,1,A,-,03,22350,,N,F,A,A,A,H,-,C,D,0,,,Y,,Y,,C,02,0,0,1,0,0,0,0,0,1,"- ","- ",37.343780000000002,-122.30452,"SAN MATEO",UNINCORPORATED,-122.51245597,37.577343489999997
6805359,2015,2016-10-17,9330,2015-01-21,0155,20922,,3,3,4,4127,0,1,2,,2,058,"RT 101","SANTA CLARA CO LINE",150.00,N,N,A,-,Y,SM,4,101,-,-,0.030,H,-,S,Y,4,0,1,1,A,-,08,22107,,N,E,I,A,A,H,-,C,D,1,,,,,Y,,A,07,0,0,1,0,0,0,0,0,0,"- ","- ",37.453319999999998,-122.12905000000001,"SAN MATEO","EAST PALO ALTO",-122.12835524,37.452961979999998
6805455,2015,2016-09-12,9335,2015-01-22,1457,020132,,4,2,4,4114,0,1,1,,2,020,"RT 280","SAN BRUNO AV",6.00,S,N,A,-,Y,SM,4,280,-,R,20.574,R,1,N,Y,3,0,1,2,A,-,03,22350,,F,C,C,A,A,H,-,A,A,1,,,Y,,Y,,C,02,0,1,0,0,0,0,0,0,1,TO,"- ",37.624699999999997,-122.42783,"SAN MATEO","SAN BRUNO",-122.42688013,37.622082159999998
6805483,2015,2016-10-19,4114,2015-01-08,0636,0021,SNB7,4,5,4,4114,0,0,0,,0,002,"RT 82","JENEVEIN AV",0.00,,Y,A,-,Y,SM,4,82,-,-,18.140,I,5,S,N,4,0,1,2,A,-,10,21950,A,N,G,B,B,A,H,-,C,A,0,Y,,,,Y,,A,01,0,0,1,0,1,0,0,0,0,"- ","- ",37.622570000000003,-122.41226,"SAN MATEO","SAN BRUNO",-122.41265919999999,37.622997929999997
6805484,2015,2016-10-11,4114,2015-01-22,0033,0825,SNB4,4,5,4,4114,0,0,0,,0,001,"RT 82","COMMODORE DR",10.00,N,N,A,-,Y,SM,4,82,-,-,19.110,H,-,S,Y,3,0,2,2,A,-,03,22350,,N,C,C,A,A,H,-,C,A,0,,,,,Y,,A,01,0,1,1,0,0,0,0,0,0,"- ","- ",,,"SAN MATEO","SAN BRUNO",-122.42047648,37.63531751
6805500,2015,2016-09-12,9335,2015-01-02,1830,019086,,5,2,4,4114,0,1,1,,2,020,"RT 280","AVALON DR",1000.00,S,N,A,-,Y,SM,4,280,-,R,21.850,H,-,S,N,4,0,1,2,A,-,03,22350,,N,C,C,A,A,H,-,D,D,1,,,,,Y,,A,01,0,0,1,0,0,0,0,0,0,"- ","- ",37.637210000000003,-122.4402,"SAN MATEO","SAN BRUNO",-122.44000986,37.636969540000003
6805502,2015,2015-03-03,4104,2015-01-21,2316,0146,6,3,5,4,4104,0,0,0,,0,00A,BROADWAY,"CAROLAN AV",0.00,,Y,A,-,N,,,,,,,,,,N,4,0,2,2,D,-,00,,,N,D,C,A,A,H,-,C,A,0,,,,,Y,,-,"- ",0,0,2,0,0,0,0,0,0,"- ","- ",37.588329999999999,-122.36333999999999,"SAN MATEO",BURLINGAME,-122.36303991,37.58806989
6806391,2014,2015-02-11,4109,2014-11-24,0930,14451,16,1,5,4,4109,0,0,0,,0,002,"WILLOW RD",GILBERT,0.00,,Y,A,-,N,,,,,,,,,,N,4,0,1,2,A,-,04,21703,,M,H,G,A,A,H,-,A,D,0,,Y,,,Y,Y,A,01,0,0,1,0,0,0,1,0,0,"- ","- ",,,"SAN MATEO","MENLO PARK",-122.16103990000001,37.460189939999999
6807587,2015,2015-03-03,4120,2015-01-26,1553,106,8,1,5,4,4120,0,0,0,,0,00Y,"EDGEWATER BL","BEACH PARK BL",0.00,,Y,A,-,N,,,,,,,,,,N,4,0,1,2,A,-,03,22350,,N,C,C,A,A,H,-,A,A,0,,,,,Y,,A,01,0,0,1,0,0,0,0,0,0,"- ","- ",,,"SAN MATEO","FOSTER CITY",-122.27240992,37.545749979999997
6807588,2015,2015-03-03,4120,2015-01-19,1009,164,12,1,5,4,4120,0,0,0,,0,00Y,"CHESS DR","VINTAGE PARK DR",0.00,,Y,A,-,N,,,,,,,,,,N,3,0,1,2,A,-,10,21950,A,N,G,B,B,A,H,-,A,A,0,Y,,,,Y,,A,01,0,1,0,0,1,0,0,0,0,"- ","- ",37.561990000000002,-122.27845000000001,"SAN MATEO","FOSTER CITY",-122.27847986,37.562369959999998
6808032,2015,2015-02-25,4120,2015-01-15,1639,088,12,4,5,4,4120,0,0,0,,0,00Y,"FOSTER CITY BL","TRITON DR",349.00,N,N,A,-,N,,,,,,,,,,Y,4,0,1,2,A,-,05,21651,B,N,B,C,A,A,H,-,A,D,0,,,,,Y,,A,01,0,0,1,0,0,0,0,0,0,"- ","- ",,,"SAN MATEO","FOSTER CITY",-122.27254742,37.563350200000002
6808944,2015,2016-09-07,9335,2015-02-04,0845,019631,,3,1,5,4117,0,1,2,,2,012,"RT 101","OYSTER POINT BL",2640.00,S,N,B,-,Y,SM,4,101,-,-,22.170,H,-,N,Y,3,0,1,2,A,-,07,21658,A,N,C,C,A,A,H,-,A,D,1,,,,,Y,,A,07,0,1,0,0,0,0,0,0,0,"- ","- ",37.393680000000003,-122.24149,"SAN MATEO","SOUTH SAN FRANCISCO",-122.40606561,37.65705552