CASE_ID,ACCIDENT_YEAR,PROC_DATE,JURIS,COLLISION_DATE,COLLISION_TIME,OFFICER_ID,REPORTING_DISTRICT,DAY_OF_WEEK,CHP_SHIFT,POPULATION,CNTY_CITY_LOC,SPECIAL_COND,BEAT_TYPE,CHP_BEAT_TYPE,CITY_DIVISION_LAPD,CHP_BEAT_CLASS,BEAT_NUMBER,PRIMARY_RD,SECONDARY_RD,DISTANCE,DIRECTION,INTERSECTION,WEATHER_1,WEATHER_2,STATE_HWY_IND,CALTRANS_COUNTY,CALTRANS_DISTRICT,STATE_ROUTE,ROUTE_SUFFIX,POSTMILE_PREFIX,POSTMILE,LOCATION_TYPE,RAMP_INTERSECTION,SIDE_OF_HWY,TOW_AWAY,COLLISION_SEVERITY,NUMBER_KILLED,NUMBER_INJURED,PARTY_COUNT,PRIMARY_COLL_FACTOR,PCF_CODE_OF_VIOL,PCF_VIOL_CATEGORY,PCF_VIOLATION,PCF_VIOL_SUBSECTION,HIT_AND_RUN,TYPE_OF_COLLISION,MVIW,PED_ACTION,ROAD_SURFACE,ROAD_COND_1,ROAD_COND_2,LIGHTING,CONTROL_DEVICE,CHP_ROAD_TYPE,PEDESTRIAN_ACCIDENT,BICYCLE_ACCIDENT,MOTORCYCLE_ACCIDENT,TRUCK_ACCIDENT,NOT_PRIVATE_PROPERTY,ALCOHOL_INVOLVED,STWD_VEHTYPE_AT_FAULT,CHP_VEHTYPE_AT_FAULT,COUNT_SEVERE_INJ,COUNT_VISIBLE_INJ,COUNT_COMPLAINT_PAIN,COUNT_PED_KILLED,COUNT_PED_INJURED,COUNT_BICYCLIST_KILLED,COUNT_BICYCLIST_INJURED,COUNT_MC_KILLED,COUNT_MC_INJURED,PRIMARY_RAMP,SECONDARY_RAMP,LATITUDE,LONGITUDE,COUNTY,CITY,POINT_X,POINT_Y
6809970,2015,2016-09-07,9330,2015-01-20,2300,017812,,2,3,9,4100,0,1,3,,1,010,"RT 1","VIRGINIA AV",0.00,,Y,A,-,Y,SM,4,1,-,-,35.175,I,5,S,N,4,0,2,2,A,-,09,21802,A,M,D,C,A,A,H,-,C,A,0,,,,,Y,,A,08,0,0,2,0,0,0,0,0,0,"- ","- ",,,"SAN MATEO",UNINCORPORATED,-122.51278600000001,37.526866460000001
6811882,2015,2016-10-26,9330,2015-01-31,2100,20577,,6,2,4,4109,0,1,2,,2,058,"RT 101","WILLOW RD",400.00,N,N,A,-,Y,SM,4,101,-,-,1.950,H,-,N,Y,4,0,1,2,A,-,03,22350,,F,C,C,A,A,H,-,C,D,1,,,Y,,Y,Y,-,99,0,0,1,0,0,0,0,0,1,"- ","- ",,,"SAN MATEO","MENLO PARK",-122.15642513,37.469697750000002
6811886,2015,2016-09-13,9330,2015-01-15,0910,19478,,4,1,9,4100,0,1,1,,2,044,"RT 280","EDGEWOOD RD",5280.00,N,N,A,-,Y,SM,4,280,-,-,7.690,H,-,S,Y,4,0,1,2,A,-,08,22107,,N,D,C,A,A,H,-,A,A,1,,,,,Y,,A,01,0,0,1,0,0,0,0,0,0,"- ","- ",,,"SAN MATEO",UNINCORPORATED,-122.29918548000001,37.481983999999997
6812038,2015,2015-03-04,4117,2015-01-28,0756,04JL03,13AH,3,5,5,4117,0,0,0,,0,001,"COMMERCIAL AV","ORANGE AV",0.00,,Y,A,-,N,,,,,,,,,,N,4,0,1,2,A,-,10,21950,A,N,G,B,B,A,H,-,A,A,0,Y,,,,Y,,A,01,0,0,1,0,1,0,0,0,0,"- ","- ",,,"SAN MATEO","SOUTH SAN FRANCISCO",-122.42375987,37.65609989
6812078,2015,2016-10-19,4117,2015-01-21,0200,12AS05,25AH,3,5,5,4117,0,0,0,,0,003,"RT 82","WESTBOROUGH BL",0.00,,Y,A,-,Y,SM,4,82,-,-,20.650,I,5,N,Y,3,0,1,1,A,-,01,23152,A,N,A,I,A,A,H,-,C,A,0,,,,,Y,Y,A,01,0,1,0,0,0,0,0,0,0,"- ","- ",37.655030000000004,-122.43438,"SAN MATEO","SOUTH SAN FRANCISCO",-122.4343732,37.655144929999999
6813555,2015,2016-09-07,9330,2015-02-18,1026,020489,,3,1,4,4104,0,1,2,,2,038,"RT 101","POPLAR AV",5280.00,N,N,A,-,Y,SM,4,101,-,-,15.833,H,-,S,Y,3,0,1,1,A,-,08,22107,,N,E,I,A,A,H,-,A,D,1,,,,,Y,,-,,0,1,0,0,0,0,0,0,0,"- ","- ",37.586950000000002,-122.34577,"SAN MATEO",BURLINGAME,-122.34847683,37.587007360000001
6814855,2014,2015-04-10,4113,2014-12-20,1937,419,5,6,5,5,4113,0,0,0,,0,005,"EL CAMINO REAL","CENTER ST",102.00,N,N,A,-,N,,,,,,,,,,N,4,0,1,2,C,-,18,,,N,C,E,A,A,H,-,C,A,0,,,,,Y,,-,"- ",0,0,1,0,0,0,0,0,0,"- ","- ",,,"SAN MATEO","REDWOOD CITY",-122.21851779000001,37.473990540000003
6815632,2015,2016-09-26,9330,2015-02-10,1640,20297,,2,2,5,4113,0,1,2,,2,048,"RT 101","WOODSIDE RD",2640.00,N,N,A,-,Y,SM,4,101,-,-,5.890,H,-,S,Y,4,0,1,2,A,-,03,22350,,N,C,C,A,A,H,-,A,D,1,,,,,Y,,A,01,0,0,1,0,0,0,0,0,0,"- ","- ",37.49418,-122.22653,"SAN MATEO","REDWOOD CITY",-122.22083304,37.492067849999998
6816634,2015,2015-07-30,4114,2015-01-30,1522,0048,SNB5,5,5,4,4114,0,0,0,,0,001,"HUNTINGTON AV","HERMAN ST",0.00,,Y,A,-,N,,,,,,,,,,N,4,0,1,2,A,-,10,21950,A,N,G,B,B,A,H,-,A,D,0,Y,,,,Y,,A,01,0,0,1,0,1,0,0,0,0,"- ","- ",37.638159999999999,-122.41694,"SAN MATEO","SAN BRUNO",-122.41379988,37.633919949999999
6817062,2015,2016-10-11,4117,2015-01-20,1155,04RC07,25AA,2,5,5,4117,0,0,0,,0,003,"RT 82","WESTBOROUGH BL",207.00,S,N,A,-,Y,SM,4,82,-,-,20.610,H,-,N,N,4,0,1,2,A,-,21,22106,,F,C,C,A,A,H,-,A,D,0,,,,,Y,,A,01,0,0,1,0,0,0,0,0,0,"- ","- ",,,"SAN MATEO","SOUTH SAN FRANCISCO",-122.43384129,37.654713280000003
6819749,2015,2015-03-10,4117,2015-01-12,1304,04JL03,27AL,1,5,5,4117,0,0,0,,0,002,"GELLERT BL","ROWNTREE WY",295.00,S,N,A,-,N,,,,,,,,,,Y,2,0,1,3,A,-,08,22107,,N,E,I,A,A,H,-,A,D,0,,,,,Y,,D,22,1,0,0,0,0,0,0,0,0,"- ","- ",,,"SAN MATEO","SOUTH SAN FRANCISCO",-122.45390839,37.649132229999999
6820520,2015,2015-03-04,4127,2015-02-03,1421,2183,4127,2,5,4,4127,0,0,0,,0,001,"UNIVERSITY AV","WEEKS ST",0.00,,Y,A,-,N,,,,,,,,,,Y,4,0,4,2,A,-,17,21461,A,N,D,C,A,A,H,-,A,A,0,,,,,Y,,A,01,0,0,4,0,0,0,0,0,0,"- ","- ",,,"SAN MATEO","EAST PALO ALTO",-122.14019999,37.470559909999999
6820627,2015,2016-10-26,4102,2015-02-13,1336,13400,1,5,5,4,4102,0,0,0,,0,001,RALSTON,"RT 101",197.00,E,N,A,-,Y,SM,4,101,-,-,9.690,R,4,N,Y,4,0,1,2,A,-,03,22350,,N,C,C,A,A,H,-,A,D,0,,,,,Y,,A,01,0,0,1,0,0,0,0,0,0,"- ",EO,,,"SAN MATEO",BELMONT,-122.27172138,37.527840990000001
6820705,2015,2015-03-11,9330,2015-02-13,1215,020580,,5,1,9,4100,0,1,1,,2,054,"SAND HILL RD","SAND HILL CT",200.00,E,N,A,-,N,,,,,,,,,,N,3,0,1,1,A,-,03,22350,,N,F,A,A,A,B,-,A,D,0,,Y,,,Y,,L,04,0,1,0,0,0,0,1,0,0,"- ","- ",37.409109999999998,-122.24378,"SAN MATEO",UNINCORPORATED,-122.24408074999999,37.40898155
6821403,2015,2016-10-12,9330,2015-02-12,0903,019764,,4,1,9,4100,0,1,1,,2,044,"RT 92","DELAWARE ST",1000.00,E,N,A,-,Y,SM,4,92,-,R,11.820,H,-,W,N,3,0,1,1,A,-,03,22350,,N,F,A,A,A,H,-,A,D,1,,,Y,,Y,,C,02,0,1,0,0,0,0,0,0,1,"- ","- ",37.552680000000002,-122.30422,"SAN MATEO",UNINCORPORATED,-122.30196603,37.552731020000003
6822296,2014,2016-06-17,4111,2014-12-31,1819,P5137,P14,3,5,4,4111,0,0,0,,0,0P3,"CABRILLO HWY","ROCKAWAY BEACH AV",0.00,,Y,A,-,Y,SM,4,1,-,-,42.014,I,5,S,Y,2,0,1,2,A,-,"- ",,,N,D,C,A,A,H,-,C,A,0,,,,,Y,,A,01,1,0,0,0,0,0,0,0,0,"- ","- ",,,"SAN MATEO",PACIFICA,-122.49526544,37.608806790000003
6824986,2015,2016-09-12,9335,2015-02-12,0810,020072,,4,1,9,4100,0,1,1,,2,020,"RT 280","SAN BRUNO AV",6336.00,S,N,A,-,Y,SM,4,35,-,L,22.853,R,2,S,N,4,0,1,2,A,-,03,22350,,N,C,C,A,A,H,-,A,D,0,,,,,Y,,A,01,0,0,1,0,0,0,0,0,0,FR,"- ",37.605759999999997,-122.43039,"SAN MATEO",UNINCORPORATED,-122.42852277999999,37.603870639999997
6827504,2014,2015-03-10,4100,2014-12-16,1536,18640,23,2,5,4,4115,0,0,0,,0,005,"INDUSTRIAL RD","BRITTAN AV",432.00,N,N,C,-,N,,,,,,,,,,N,4,0,2,2,A,-,09,21804,A,N,D,C,A,B,H,-,A,D,0,,,,,Y,,-,,0,0,2,0,0,0,0,0,0,"- ","- ",,,"SAN MATEO","SAN CARLOS",-122.24927855999999,37.504688430000002
6830457,2015,2016-09-07,9330,2015-01-21,0228,19691,,3,3,4,4104,0,1,2,,2,038,"RT 101","BROADWAY AV",3256.00,N,N,A,-,Y,SM,4,101,-,-,15.800,H,-,S,Y,2,0,4,5,A,-,03,22350,,N,C,C,E,A,H,-,D,D,1,Y,,,,Y,,A,01,2,1,1,0,2,0,0,0,0,"- ","- ",,,"SAN MATEO",BURLINGAME,-122.34788768999999,37.586992010000003
6833653,2015,2016-09-07,9330,2015-02-23,1535,020324,,1,2,5,4116,0,1,2,,2,048,"RT 101","HILLSDALE BL",10.00,N,N,A,-,Y,SM,4,101,-,-,11.170,R,1,N,N,4,0,1,2,A,-,03,22350,,N,C,C,A,A,H,-,A,A,1,,,,,Y,,A,07,0,0,1,0,0,0,0,0,0,FR,"- ",37.544879999999999,-122.28788,"SAN MATEO","SAN MATEO",-122.28801555,37.544933720000003
6833654,2015,2016-10-12,9330,2015-02-17,2055,16184,,2,2,5,4116,0,1,3,,2,031,"RT 92","RT 101",200.00,E,N,A,-,Y,SM,4,92,-,R,12.175,R,2,E,Y,4,0,1,1,A,-,08,22107,,N,E,I,A,A,H,-,D,D,1,,,,,Y,,A,01,0,0,1,0,0,0,0,0,0,TO,"- ",37.552619999999997,-122.29384,"SAN MATEO","SAN MATEO",-122.29555624,37.553038630000003
6833678,2015,2015-03-27,4117,2015-02-20,1400,91DG01,19AX,5,5,5,4117,0,0,0,,0,003,"KING DR","SOUTHCLIFF AV",350.00,W,N,A,-,N,,,,,,,,,,Y,3,0,1,2,A,-,01,23152,E,N,B,E,A,A,H,-,A,D,0,,,,,Y,,A,01,0,1,0,0,0,0,0,0,0,"- ","- ",,,"SAN MATEO","SOUTH SAN FRANCISCO",-122.44965578,37.654677120000002
6834578,2015,2015-03-09,4106,2015-01-04,1619,1272,4,7,5,6,4106,0,0,0,,0,003,"JUNIPER SERRA BL","WESTLAKE AV",293.00,S,N,B,-,N,,,,,,,,,,N,4,0,1,2,A,-,10,21952,,N,H,G,A,A,H,-,A,D,0,,Y,,,Y,,A,01,0,0,1,0,0,0,1,0,0,"- ","- ",,,"SAN MATEO","DALY CITY",-122.47084658999999,37.698685179999998
6834729,2014,2015-03-09,4106,2014-12-26,1642,2034,9A,5,5,6,4106,0,0,0,,0,004,"LAKE MERCED BL","BEL MAR",85.00,N,N,A,-,N,,,,,,,,,,N,4,0,1,2,A,-,"- ",,,N,B,C,A,A,H,-,A,D,0,,,Y,,Y,,C,02,0,0,1,0,0,0,0,0,1,"- ","- ",37.699570000000001,-122.4841,"SAN MATEO","DALY CITY",-122.48395352,37.699578549999998
6834735,2014,2015-03-09,4106,2014-12-05,0819,1222,12,5,5,6,4106,0,0,0,,0,005,"EL DORADO DR","EL DORADO DR 425",0.00,,N,C,-,N,,,,,,,,,,N,4,0,1,2,A,-,"- ",,,N,G,B,C,B,H,-,A,D,0,Y,,,,Y,,A,08,0,0,1,0,1,0,0,0,0,"- ","- ",,,"SAN MATEO","DALY CITY",-122.47808218,37.677587850000002
6834738,2014,2015-03-09,4106,2014-12-08,0810,1185,,1,5,6,4106,0,0,0,,0,002,"EAST MARKET ST","1ST AV",0.00,,Y,B,-,N,,,,,,,,,,N,4,0,1,2,A,-,10,21950,A,N,G,B,B,A,H,-,A,A,0,Y,,,,Y,,A,01,0,0,1,0,1,0,0,0,0,"- ","- ",37.689700000000002,-122.46411999999999,"SAN MATEO","DALY CITY",-122.46422988,37.689729989999996
6834932,2015,2016-10-19,4105,2015-01-27,1808,C19,CL01,2,5,1,4105,0,0,0,,0,CL01,"RT 82","COLLINS AV",0.00,,Y,A,-,Y,SM,4,82,-,-,22.584,I,5,S,N,4,0,2,2,A,-,09,21802,,N,D,C,A,A,H,-,C,A,0,,,,,Y,,A,01,0,0,2,0,0,0,0,0,0,"- ","- ",37.669049999999999,-122.46655,"SAN MATEO",COLMA,-122.45621348,37.674850190000001
6835693,2015,2016-09-13,9335,2015-02-07,0220,020509,,6,3,6,4106,0,1,1,,2,021,"RT 280","HICKEY BL",725.00,N,N,B,-,Y,SM,4,280,-,R,24.370,H,-,S,Y,3,0,1,1,A,-,01,23152,A,M,E,I,A,B,H,-,C,D,1,,,,,Y,Y,A,01,0,1,0,0,0,0,0,0,0,"- ","- ",37.399540000000002,-122.27961000000001,"SAN MATEO","DALY CITY",-122.46589459,37.66596448
6835727,2014,2016-06-24,4106,2014-11-15,1015,2031,5,6,5,6,4106,0,0,0,,0,003,"MISSION ST","SAN PEDRO RD",0.00,,Y,A,-,Y,SM,4,82,-,-,23.780,I,5,S,Y,3,0,1,2,A,-,08,22107,,N,B,C,A,A,H,-,A,D,0,,,Y,,Y,,C,02,0,1,0,0,0,0,0,0,1,"- ","- ",,,"SAN MATEO","DALY CITY",-122.46598821000001,37.689549929999998
6835888,2015,2015-04-02,4106,2015-02-11,2321,1094,5,3,5,6,4106,0,0,0,,0,003,"JUNIPER SERRA BL","91ST ST",0.00,,Y,A,-,N,,,,,,,,,,N,4,0,3,2,A,-,12,22450,A,N,D,C,A,A,H,-,C,A,0,,,,,Y,,J,48,0,0,3,0,0,0,0,0,0,"- ","- ",,,"SAN MATEO","DALY CITY",-122.47098998,37.69038999
6836123,2015,2015-03-12,4104,2015-02-09,1513,0204,20,1,5,4,4104,0,0,0,,0,00C,"ROLLINS RD","DAVID RD",50.00,N,N,A,-,N,,,,,,,,,,Y,4,0,1,2,A,-,09,21804,A,N,D,C,A,A,H,-,A,D,0,,,,,Y,,A,01,0,0,1,0,0,0,0,0,0,"- ","- ",37.593409999999999,-122.37147,"SAN MATEO",BURLINGAME,-122.37124617000001,37.593433079999997
6836152,2015,2016-10-11,9330,2015-02-20,2015,020651,,5,2,4,4120,0,1,3,,1,035,"RT 92","PIER 1",1320.00,E,N,A,-,Y,SM,4,92,-,-,14.690,H,-,E,N,4,0,1,3,A,-,03,22350,,N,C,C,A,A,C,-,C,D,4,,,,,Y,,A,01,0,0,1,0,0,0,0,0,0,"- ","- ",37.57376,-122.26226,"SAN MATEO","FOSTER CITY",-122.26440848,37.571698329999997
6836155,2015,2016-10-26,9330,2015-02-16,1840,020023,,1,2,4,4109,0,1,2,,2,058,"RT 101","MARSH RD",100.00,N,N,A,-,Y,SM,4,101,-,-,3.610,H,-,N,Y,4,0,1,2,A,-,08,22107,,N,B,C,A,A,H,-,D,D,1,,,,,Y,,A,01,0,0,1,0,0,0,0,0,0,"- ","- ",37.484360000000002,-122.18325,"SAN MATEO","MENLO PARK",-122.18093134999999,37.483551550000001
6836195,2015,2016-10-06,9330,2015-02-19,1955,020170,,4,2,5,4113,0,1,2,,2,048,"RT 101","WHIPPLE AV",400.00,S,N,A,-,Y,SM,4,101,-,-,6.520,H,-,N,Y,4,0,2,6,A,-,03,22350,,N,C,C,A,A,H,-,D,D,1,,,,,Y,,A,08,0,0,2,0,0,0,0,0,0,"- ","- ",,,"SAN MATEO","REDWOOD CITY",-122.231301,37.495884779999997
6836471,2015,2016-10-10,9330,2015-02-18,1758,020646,,3,2,5,4116,0,1,2,,2,038,"RT 101",BROADWAY,5280.00,S,N,A,-,Y,SM,4,101,-,-,15.580,H,-,S,N,4,0,1,4,A,-,08,22107,,M,B,C,A,A,H,-,A,D,1,,,,,Y,,-,99,0,0,1,0,0,0,0,0,0,"- ","- ",37.586660000000002,-122.34286,"SAN MATEO","SAN MATEO",-122.34396011,37.58688961
6837447,2015,2015-03-19,4109,2015-02-10,1840,15156,23,2,5,4,4109,0,0,0,,0,002,"BAY RD","MADERA AV",212.00,S,N,A,-,N,,,,,,,,,,N,4,0,1,2,A,-,03,22350,,N,C,C,A,A,H,-,D,D,0,,,,,Y,,A,01,0,0,1,0,0,0,0,0,0,"- ","- ",37.469470000000001,-122.15777,"SAN MATEO","MENLO PARK",-122.1587,37.46949
6837686,2015,2015-03-19,4120,2015-02-11,0815,097,9,3,5,4,4120,0,0,0,,0,00Y,"EAST HILLSDALE BL","EDGEWATER BL",0.00,,Y,A,-,N,,,,,,,,,,N,4,0,1,2,A,-,04,21703,,N,C,C,A,A,H,-,A,D,0,,,,,Y,,A,01,0,0,1,0,0,0,0,0,0,"- ","- ",37.554830000000003,-122.27715999999999,"SAN MATEO","FOSTER CITY",-122.27756998,37.554369989999998
6837719,2015,2016-09-28,9330,2015-02-21,0020,20272,,6,3,4,4120,0,1,3,,1,035,"RT 92","SAN MATEO CO LINE",2640.00,W,N,A,-,Y,SM,4,92,-,R,18.300,H,-,E,Y,4,0,1,2,A,-,03,22350,,N,C,C,A,A,D,E,C,D,4,,,,,Y,,A,01,0,0,1,0,0,0,0,0,0,"- ","- ",,,"SAN MATEO","FOSTER CITY",-122.20495157000001,37.602078779999999
6837885,2015,2016-10-19,4117,2015-02-22,1344,05RR05,71AV,7,5,5,4117,0,0,0,,0,003,"ARROYO DR","RT 82",0.00,,Y,A,-,Y,SM,4,82,-,-,20.801,I,5,N,N,3,0,1,2,A,-,17,21451,A,N,G,B,B,A,H,-,A,A,0,Y,,,,Y,,A,01,0,1,0,0,1,0,0,0,0,"- ","- ",37.653790000000001,-122.4358,"SAN MATEO","SOUTH SAN FRANCISCO",-122.43631155999999,37.65652626
6837942,2014,2015-03-12,4109,2014-01-06,0942,15174,18,1,5,4,4109,0,0,0,,0,003,"OBRIEN DR","OBRIEN DR 1200",0.00,,Y,A,-,N,,,,,,,,,,N,4,0,1,2,A,-,11,21954,A,N,G,B,D,A,H,-,A,A,0,Y,,,,Y,,N,60,0,0,1,0,1,0,0,0,0,"- ","- ",,,"SAN MATEO","MENLO PARK",-122.1471414,37.475720899999999
6840300,2015,2016-09-07,9330,2015-03-09,1738,19738,,1,2,4,4104,0,1,2,,2,038,"RT 101","BROADWAY AV",200.00,S,N,A,-,Y,SM,4,101,-,-,16.540,H,-,S,N,4,0,1,2,A,-,03,22350,,N,C,C,A,A,H,-,A,D,1,,,,Y,Y,,F,26,0,0,1,0,0,0,0,0,0,"- ","- ",,,"SAN MATEO",BURLINGAME,-122.36062200000001,37.589533119999999
6840601,2015,2016-10-17,9330,2015-03-09,1725,020064,,1,2,4,4127,0,1,2,,2,058,"RT 101","UNIVERSITY AV",50.00,N,N,A,-,Y,SM,4,101,-,-,0.880,H,-,N,Y,3,0,1,4,A,-,03,22350,,N,C,C,A,A,H,-,A,D,1,,,,,Y,,A,01,0,1,0,0,0,0,0,0,0,"- ","- ",37.460500000000003,-122.14073,"SAN MATEO","EAST PALO ALTO",-122.14078966,37.46053912
6840608,2015,2015-03-20,4111,2015-02-22,0542,P5133,P18,7,5,4,4111,0,0,0,,0,0P3,"LINDA MAR BL","DE SOLO DR",1097.00,E,N,A,-,N,,,,,,,,,,Y,4,0,1,2,A,-,01,23152,E,N,C,E,A,A,H,-,C,D,0,,,,,Y,,A,01,0,0,1,0,0,0,0,0,0,"- ","- ",,,"SAN MATEO",PACIFICA,-122.49896131,37.591848290000001
6840778,2015,2016-10-11,4100,2015-01-22,1529,18640,17,4,5,4,4115,0,0,0,,0,005,"EL CAMINO REAL","BRITTAN AV",20.00,S,N,A,-,Y,SM,4,82,-,-,5.800,H,-,N,Y,4,0,1,2,A,-,03,22350,,N,C,C,A,A,H,-,A,A,0,,,,,Y,,D,22,0,0,1,0,0,0,0,0,0,"- ","- ",,,"SAN MATEO","SAN CARLOS",-122.2523389,37.50059152
6840782,2015,2015-04-22,4100,2015-01-26,0853,18640,23,1,5,4,4115,0,0,0,,0,005,"OLD COUNTY RD","HOWARD AV",35.00,N,N,A,-,N,,,,,,,,,,Y,4,0,2,3,A,-,03,22350,,N,C,C,A,A,H,-,A,A,0,,,,,Y,,A,01,0,0,2,0,0,0,0,0,0,"- ","- ",,,"SAN MATEO","SAN CARLOS",-122.24978161,37.499170829999997
6841522,2015,2015-03-23,4100,2015-02-17,1346,18640,13,2,5,4,4115,0,0,0,,0,005,"BRITTAN AV","ORANGE AV",0.00,,Y,B,-,N,,,,,,,,,,N,4,0,1,2,A,-,09,21802,A,N,D,C,A,A,A,H,A,A,0,,,,,Y,,A,01,0,0,1,0,0,0,0,0,0,"- ","- ",,,"SAN MATEO","SAN CARLOS",-122.25924989000001,37.49572998
6841872,2015,2015-08-10,4100,2015-01-19,1429,16850,21,1,5,4,4115,0,0,0,,0,005,"HOLLY ST","INDUSTRIAL AV",248.00,W,N,A,-,N,,,,,,,,,,N,4,0,1,2,A,-,03,22350,,N,C,C,A,A,H,-,A,A,0,,,,,Y,,A,07,0,0,1,0,0,0,0,0,0,"- ","- ",,,"SAN MATEO","SAN CARLOS",-122.25844173,37.511490260000002
6842193,2015,2016-09-13,9335,2015-03-07,0050,020658,,6,3,6,4106,0,1,1,,2,021,"RT 280","HICKEY BL",400.00,N,N,A,-,Y,SM,4,280,-,R,24.310,H,-,S,Y,3,0,1,1,A,-,08,22107,,N,E,I,A,A,H,-,C,D,1,,,,,Y,,A,08,0,1,0,0,0,0,0,0,0,"- ","- ",37.395609999999998,-122.27573,"SAN MATEO","DALY CITY",-122.46588387,37.665079730000002
6842605,2015,2016-10-19,4100,2015-01-03,0935,19400,17,6,5,4,4115,0,0,0,,0,051,"EL CAMINO REAL","HOWARD AV",0.00,,Y,A,-,Y,SM,4,82,-,-,5.630,I,5,S,N,4,0,1,2,A,-,12,21453,A,N,D,C,A,A,H,-,A,A,0,,,,,Y,,A,07,0,0,1,0,0,0,0,0,0,"- ","- ",,,"SAN MATEO","SAN CARLOS",-122.25024509000001,37.498760339999997
6846277,2015,2016-09-12,9335,2015-02-26,1840,19666,,4,2,5,4117,0,1,1,,2,020,"RT 280","WESTBOROUGH BL",500.00,S,N,A,-,Y,SM,4,280,-,R,22.530,H,-,N,Y,4,0,1,3,A,-,03,22350,,N,C,C,A,A,H,-,D,D,1,,,,,Y,,A,01,0,0,1,0,0,0,0,0,0,"- ","- ",,,"SAN MATEO","SOUTH SAN FRANCISCO",-122.44791341,37.644421479999998
6847728,2015,2015-03-24,4117,2015-03-03,0753,01CG09,08AB,2,5,5,4117,0,0,0,,0,004,"MILLER AV","LINDEN AV",15.00,W,N,A,-,N,,,,,,,,,,Y,3,0,2,2,A,-,"- ",,,N,D,C,A,A,H,-,A,A,0,,,,,Y,,D,22,0,1,1,0,0,0,0,0,0,"- ","- ",,,"SAN MATEO","SOUTH SAN FRANCISCO",-122.40983980999999,37.656161390000001
6847732,2015,2015-05-08,4117,2015-03-06,1355,06KW06,05AC,5,5,5,4117,0,0,0,,0,001,"SHAW RD","SAN MATEO AV",1584.00,E,N,A,-,N,,,,,,,,,,Y,4,0,1,2,A,-,08,22107,,N,B,C,A,A,H,-,A,D,0,,,,,Y,,A,01,0,0,1,0,0,0,0,0,0,"- ","- ",37.640779999999999,-122.4066,"SAN MATEO","SOUTH SAN FRANCISCO",-122.40638769,37.640625049999997
6848473,2015,2015-03-18,4111,2015-01-27,2226,P5134,P14,2,5,4,4111,0,0,0,,0,0P3,"FASSLER AV","DRIFTWOOD CIR",311.00,W,N,A,-,N,,,,,,,,,,N,4,0,2,2,A,-,03,22350,,N,C,C,A,A,H,-,C,D,0,,,,,Y,Y,A,01,0,0,2,0,0,0,0,0,0,"- ","- ",,,"SAN MATEO",PACIFICA,-122.48692423999999,37.600390609999998
6849752,2015,2015-03-25,4117,2015-02-12,1041,01CG09,08AM,4,5,5,4117,0,0,0,,0,001,"BADEN AV","CYPRESS AV",0.00,,Y,A,-,N,,,,,,,,,,N,4,0,1,2,A,-,07,21658,A,N,B,C,A,A,H,-,A,D,0,,,,,Y,,A,08,0,0,1,0,0,0,0,0,0,"- ","- ",,,"SAN MATEO","SOUTH SAN FRANCISCO",-122.40906993999999,37.653879979999999
6849760,2015,2016-10-19,4117,2015-02-20,1256,05JA03,28AI,5,5,5,4117,0,0,0,,0,003,"RT 82","HICKEY BL",0.00,,Y,A,-,Y,SM,4,82,-,-,21.910,I,5,S,N,4,0,1,2,A,-,10,21950,A,N,G,B,B,A,H,-,A,A,0,Y,,,,Y,,A,01,0,0,1,0,1,0,0,0,0,"- ","- ",37.666150000000002,-122.42511,"SAN MATEO","SOUTH SAN FRANCISCO",-122.45127357,37.666447400000003
6853998,2015,2015-03-25,4104,2015-03-03,1658,0204,7,2,5,4,4104,0,0,0,,0,00A,"CAROLAN AV","CADILLAC WY",513.00,S,N,A,-,N,,,,,,,,,,N,2,0,1,2,A,-,17,22517,,N,H,G,A,A,H,-,A,D,0,,Y,,,Y,,A,01,1,0,0,0,0,0,1,0,0,"- ","- ",,,"SAN MATEO",BURLINGAME,-122.36044468999999,37.586970780000001
6854443,2014,2015-04-23,4113,2014-06-12,1931,275,7,4,5,5,4113,0,0,0,,0,007,"EASTON AV","FRANCIS LN",85.00,W,N,A,-,N,,,,,,,,,,Y,1,1,0,2,A,-,08,22103,,N,D,C,A,A,H,-,A,D,0,,,Y,,Y,Y,A,01,0,0,0,0,0,0,0,1,0,"- ","- ",,,"SAN MATEO","REDWOOD CITY",-122.25975221,37.48427753
6854591,2015,2017-04-04,4111,2015-01-07,0355,P5124,26AA,3,5,4,4111,0,0,0,,0,0P1,"RT 35","MANOR DR",0.00,,N,A,-,Y,SM,4,35,-,-,27.030,H,-,N,N,1,1,0,1,A,-,01,23152,,N,E,I,A,A,H,-,C,D,0,,,,,Y,Y,A,01,0,0,0,0,0,0,0,0,0,"- ","- ",37.649160000000002,-122.47179,"SAN MATEO",PACIFICA,-122.47210498,37.64829537
6855656,2015,2016-10-11,4113,2015-02-09,1731,244,7,1,5,5,4113,0,0,0,,0,007,"EL CAMINO REAL",CLAREMONT,100.00,N,N,A,-,Y,SM,4,82,-,-,4.910,H,-,S,N,4,0,1,2,A,-,03,22350,,N,C,C,A,A,H,-,C,D,0,,,,,Y,,D,72,0,0,1,0,0,0,0,0,0,"- ","- ",,,"SAN MATEO","REDWOOD CITY",-122.24111205,37.49129104
6855658,2015,2015-04-21,4113,2015-02-12,0547,401,3,4,5,5,4113,0,0,0,,0,003,"WOODSIDE RD","MIDDLEFIELD RD",0.00,,Y,A,-,N,,,,,,,,,,N,4,0,2,2,A,-,03,22350,,N,C,C,A,A,H,-,C,A,0,,,,,Y,,I,11,0,0,2,0,0,0,0,0,0,"- ","- ",,,"SAN MATEO","REDWOOD CITY",-122.21916993000001,37.48110999
6855666,2015,2016-09-13,4113,2015-01-26,1911,363,3,1,5,5,4113,0,0,0,,0,003,"WOODSIDE RD",BROADWAY,24.00,W,N,A,-,Y,SM,4,84,-,-,25.560,H,-,N,Y,4,0,2,2,A,-,03,22350,,N,C,C,A,A,H,-,D,A,0,,,,,Y,,A,01,0,0,2,0,0,0,0,0,0,"- ","- ",,,"SAN MATEO","REDWOOD CITY",-122.21407666,37.487034620000003
6855673,2015,2015-03-26,4113,2015-01-15,1823,295,8,4,5,5,4113,0,0,0,,0,008,"MASSACHUSETTS AV","VIRGINIA AV",0.00,,Y,A,-,N,,,,,,,,,,Y,4,0,1,2,A,-,09,21802,A,N,D,C,A,A,H,-,C,A,0,,,,,Y,,D,22,0,0,1,0,0,0,0,0,0,"- ","- ",37.457459999999998,-122.22693,"SAN MATEO","REDWOOD CITY",-122.22811994,37.457259960000002