CASE_ID,ACCIDENT_YEAR,PROC_DATE,JURIS,COLLISION_DATE,COLLISION_TIME,OFFICER_ID,REPORTING_DISTRICT,DAY_OF_WEEK,CHP_SHIFT,POPULATION,CNTY_CITY_LOC,SPECIAL_COND,BEAT_TYPE,CHP_BEAT_TYPE,CITY_DIVISION_LAPD,CHP_BEAT_CLASS,BEAT_NUMBER,PRIMARY_RD,SECONDARY_RD,DISTANCE,DIRECTION,INTERSECTION,WEATHER_1,WEATHER_2,STATE_HWY_IND,CALTRANS_COUNTY,CALTRANS_DISTRICT,STATE_ROUTE,ROUTE_SUFFIX,POSTMILE_PREFIX,POSTMILE,LOCATION_TYPE,RAMP_INTERSECTION,SIDE_OF_HWY,TOW_AWAY,COLLISION_SEVERITY,NUMBER_KILLED,NUMBER_INJURED,PARTY_COUNT,PRIMARY_COLL_FACTOR,PCF_CODE_OF_VIOL,PCF_VIOL_CATEGORY,PCF_VIOLATION,PCF_VIOL_SUBSECTION,HIT_AND_RUN,TYPE_OF_COLLISION,MVIW,PED_ACTION,ROAD_SURFACE,ROAD_COND_1,ROAD_COND_2,LIGHTING,CONTROL_DEVICE,CHP_ROAD_TYPE,PEDESTRIAN_ACCIDENT,BICYCLE_ACCIDENT,MOTORCYCLE_ACCIDENT,TRUCK_ACCIDENT,NOT_PRIVATE_PROPERTY,ALCOHOL_INVOLVED,STWD_VEHTYPE_AT_FAULT,CHP_VEHTYPE_AT_FAULT,COUNT_SEVERE_INJ,COUNT_VISIBLE_INJ,COUNT_COMPLAINT_PAIN,COUNT_PED_KILLED,COUNT_PED_INJURED,COUNT_BICYCLIST_KILLED,COUNT_BICYCLIST_INJURED,COUNT_MC_KILLED,COUNT_MC_INJURED,PRIMARY_RAMP,SECONDARY_RAMP,LATITUDE,LONGITUDE,COUNTY,CITY,POINT_X,POINT_Y
6967693,2015,2015-07-06,4113,2015-06-01,1414,342,4,1,5,5,4113,0,0,0,,0,004,"ROLISON RD","HAVEN WY",0.00,,Y,A,-,N,,,,,,,,,,Y,4,0,2,2,A,-,09,21801,A,N,A,C,A,A,H,-,A,D,0,,,,,Y,,A,01,0,0,2,0,0,0,0,0,0,"- ","- ",37.485019999999999,-122.18951,"SAN MATEO","REDWOOD CITY",-122.18990995,37.485329909999997
7054255,2015,2017-01-27,4100,2015-08-30,1054,18310,1,7,5,2,4118,0,0,0,,0,003,"LA HONDA RD","PORTOLA RD",0.00,,Y,A,-,Y,SM,4,84,-,-,18.340,I,5,N,N,4,0,1,2,A,-,09,21802,A,N,H,G,A,A,H,-,A,A,0,,Y,,,Y,,A,01,0,0,1,0,0,0,1,0,0,"- ","- ",,,"SAN MATEO",WOODSIDE,-122.25695287000001,37.407236529999999
7054442,2014,2015-10-08,4106,2014-08-04,1619,2035,5,1,5,6,4106,0,0,0,,0,003,"SAN PEDRO ST","HILL ST",0.00,,Y,A,-,N,,,,,,,,,,N,4,0,2,2,A,-,08,22107,,N,D,C,A,A,H,-,A,A,0,,,,,Y,,A,08,0,0,2,0,0,0,0,0,0,"- ","- ",37.687130000000003,-122.46908000000001,"SAN MATEO","DALY CITY",-122.46905999000001,37.687089919999998
7054443,2015,2015-10-08,4106,2015-08-02,1848,2062,3,7,5,6,4106,0,0,0,,0,002,"CROCKER AV",BRUNSWICK,0.00,,Y,A,-,N,,,,,,,,,,N,4,0,1,2,A,-,03,22350,,N,G,B,E,A,H,-,A,D,0,Y,,,,Y,,N,60,0,0,1,0,1,0,0,0,0,"- ","- ",37.705410000000001,-122.45811999999999,"SAN MATEO","DALY CITY",-122.45810997,37.70540991
7056874,2015,2015-10-19,4104,2015-09-19,1022,0224,4,6,5,4,4104,0,0,0,,0,00A,"PRIMROSE RD","BURLINGAME AV",300.00,S,N,A,-,N,,,,,,,,,,N,4,0,1,2,A,-,09,21804,A,N,B,C,A,A,H,-,A,D,0,,,,,Y,,A,01,0,0,1,0,0,0,0,0,0,"- ","- ",,,"SAN MATEO",BURLINGAME,-122.34740333000001,37.577237609999997
7057098,2015,2015-10-19,4104,2015-09-08,1702,0216,17,2,5,4,4104,0,0,0,,0,00B,"TROUSDALE DR","SEBASTIAN DR",551.00,W,N,A,-,N,,,,,,,,,,Y,3,0,2,2,A,-,03,22350,,N,C,E,A,A,H,-,A,D,0,,,,,Y,,A,01,0,1,1,0,0,0,0,0,0,"- ","- ",37.582030000000003,-122.39806,"SAN MATEO",BURLINGAME,-122.39777332,37.581784910000003
7058466,2015,2015-10-09,4109,2015-08-16,2100,145518,18,7,5,4,4109,0,0,0,,0,003,"BAYFRONT EX","WILLOW RD",0.00,,Y,A,-,N,,,,,,,,,,N,4,0,1,2,A,-,03,22350,,M,C,C,A,A,H,-,C,A,0,,,,,Y,Y,A,07,0,0,1,0,0,0,0,0,0,"- ","- ",37.482550000000003,-122.16556,"SAN MATEO","MENLO PARK",-122.15037,37.481969919999997
6958315,2015,2016-11-05,4109,2015-05-28,1548,15164,17A,4,5,4,4109,0,0,0,,0,002,"MARSH RD","RT 101",0.00,,Y,A,-,Y,SM,4,101,-,-,3.479,R,4,S,N,3,0,1,3,A,-,03,22350,,N,C,C,A,A,H,-,A,A,0,,,,,Y,,A,07,0,1,0,0,0,0,0,0,0,"- ","- ",,,"SAN MATEO","MENLO PARK",-122.17899937999999,37.482561920000002
6954186,2015,2016-12-13,9330,2015-06-17,1017,18129,,3,1,4,4120,0,1,3,,1,035,"RT 92","FOSTER CITY BL",876.00,E,N,A,-,Y,SM,4,92,-,R,13.770,H,-,W,Y,3,0,1,2,A,-,03,22350,,F,C,C,A,A,H,-,A,D,4,,,,,Y,,A,01,0,1,0,0,0,0,0,0,0,"- ","- ",,,"SAN MATEO","FOSTER CITY",-122.27124641,37.565736149999999
7060170,2015,2015-10-10,4114,2015-08-31,1036,0043,SNB33,1,5,4,4114,0,0,0,,0,003,"SAN BRUNO AV","ALPINE WY",0.00,,Y,A,-,N,,,,,,,,,,Y,4,0,2,2,A,-,08,22107,,N,B,C,A,A,H,-,A,D,0,,,,,Y,,A,01,0,0,2,0,0,0,0,0,0,"- ","- ",37.619630000000001,-122.43844,"SAN MATEO","SAN BRUNO",-122.43844996999999,37.619729980000002
7060658,2015,2015-10-20,4108,2015-09-13,1352,2934,,7,5,3,4108,0,0,0,,0,NORHT,"SKYFARM DR","MACADAMIA DR",643.00,W,N,A,-,N,,,,,,,,,,Y,4,0,1,2,A,-,05,21650,,N,A,C,A,A,H,-,A,A,0,,,,,Y,,-,,0,0,1,0,0,0,0,0,0,"- ","- ",,,"SAN MATEO",HILLSBOROUGH,-122.37522186,37.565763660000002
7060919,2015,2017-01-19,4108,2015-09-17,1740,1585,,4,5,3,4108,0,0,0,,0,NORTH,"RT 82","PENINSULA AV",0.00,,Y,A,-,Y,SM,4,82,-,-,12.957,I,5,N,Y,4,0,2,4,A,-,09,21801,A,N,D,C,A,A,H,-,A,A,0,,,,,Y,,-,,0,0,2,0,0,0,0,0,0,"- ","- ",,,"SAN MATEO",HILLSBOROUGH,-122.34295229999999,37.574525049999998
6954134,2015,2016-11-04,9330,2015-06-23,1405,16324,,2,2,9,4100,0,1,1,,2,054,"RT 280","FARM HILL BL",1584.00,S,N,A,-,Y,SM,4,280,-,R,4.370,H,-,S,Y,3,0,2,1,A,-,08,22107,,N,E,I,A,A,H,-,A,D,1,,,,,Y,,A,01,0,2,0,0,0,0,0,0,0,"- ","- ",37.263890000000004,-122.15282000000001,"SAN MATEO",UNINCORPORATED,-122.25855076000001,37.444031150000001
7063834,2015,2015-11-06,4108,2015-10-24,1054,1585,,6,5,3,4108,0,0,0,,0,NORTH,RALSTON,"CHATEAU DR",66.00,W,N,A,-,N,,,,,,,,,,N,3,0,1,1,A,-,03,22350,,N,H,A,A,A,H,-,A,A,0,,Y,,,Y,,L,04,0,1,0,0,0,0,1,0,0,"- ","- ",,,"SAN MATEO",HILLSBOROUGH,-122.36338594,37.565119490000001
7063856,2015,2015-11-14,4114,2015-11-02,1959,0066,SNB5,1,5,4,4114,0,0,0,,0,001,"HUNTINGTON AV","TARGET ENT",0.00,,Y,A,-,N,,,,,,,,,,N,4,0,1,2,A,-,05,21650,1,N,D,G,A,A,H,-,C,A,0,,Y,,,Y,,L,04,0,0,1,0,0,0,1,0,0,"- ","- ",37.630490000000002,-122.41109,"SAN MATEO","SAN BRUNO",-122.41529703,37.636521629999997
7063907,2015,2016-08-10,4113,2015-11-02,0548,380,5,1,5,5,4113,0,0,0,,0,005,"MAIN ST","MAIN ST 1681",0.00,,-,C,-,N,,,,,,,,,,N,4,0,1,2,A,-,11,21954,A,N,G,B,D,B,H,-,C,B,0,Y,,,,Y,,N,60,0,0,1,0,1,0,0,0,0,"- ","- ",37.459299999999999,-122.22977,"SAN MATEO","REDWOOD CITY",-122.22254992000001,37.477443649999998
7066933,2015,2017-01-19,4114,2015-09-08,1522,0035,SNB6,2,5,4,4114,0,0,0,,0,002,"SAN BRUNO AV","RT 82",35.00,E,N,A,-,Y,SM,4,82,-,-,18.600,I,6,N,Y,4,0,1,2,A,-,07,21658,A,N,B,C,A,A,H,-,A,D,0,,,,,Y,,A,01,0,0,1,0,0,0,0,0,0,"- ","- ",,,"SAN MATEO","SAN BRUNO",-122.41661397999999,37.628832359999997
7066935,2015,2015-09-23,4114,2015-09-06,1740,0034,SNB22,7,5,4,4114,0,0,0,,0,003,"BERKSHIRE DR","OAKMONT DR",0.00,,Y,A,-,N,,,,,,,,,,N,2,0,1,1,A,-,03,22350,,N,H,A,A,A,H,-,A,A,0,,Y,,,Y,,L,04,1,0,0,0,0,0,1,0,0,"- ","- ",,,"SAN MATEO","SAN BRUNO",-122.45135998000001,37.634889889999997
7067098,2015,2017-01-19,4104,2015-09-09,1016,0216,8,3,5,4,4104,0,0,0,,0,00A,"RT 82","SANCHEZ AV",0.00,,Y,A,-,Y,SM,4,82,-,-,14.109,I,5,N,N,4,0,1,2,A,-,10,21950,A,N,G,B,B,A,H,-,A,A,0,Y,,,,Y,,A,01,0,0,1,0,1,0,0,0,0,"- ","- ",37.581910000000001,-122.3622,"SAN MATEO",BURLINGAME,-122.36176484000001,37.581670029999998
6953910,2015,2016-12-14,9330,2015-06-15,1323,18129,,1,1,5,4113,0,1,2,,2,048,"RT 101","MAPLE ST",426.00,S,N,A,-,Y,SM,4,101,-,-,5.800,H,-,S,Y,2,0,1,2,A,-,03,22350,,N,C,C,A,A,H,-,A,D,1,,,,Y,Y,,D,22,1,0,0,0,0,0,0,0,0,"- ","- ",,,"SAN MATEO","REDWOOD CITY",-122.21944259,37.491440900000001
7067755,2015,2015-09-21,4113,2015-07-31,1553,411,6,5,5,5,4113,0,0,0,,0,006,"ROOSEVELT AV",SANCHEZ,30.00,E,N,A,-,N,,,,,,,,,,Y,4,0,1,2,A,-,03,22350,,N,C,C,A,A,H,-,A,D,0,,,,,Y,,A,01,0,0,1,0,0,0,0,0,0,"- ","- ",,,"SAN MATEO","REDWOOD CITY",-122.23611378,37.4707157
7067775,2015,2015-09-22,4109,2015-08-11,1215,15174,22,2,5,4,4109,0,0,0,,0,002,"MIDDLEFIELD RD","UTILITY POLE #11007",14.00,N,N,A,-,N,,,,,,,,,,Y,3,0,1,2,A,-,03,22350,,N,B,C,A,A,H,-,A,D,0,,,Y,,Y,,C,02,0,1,0,0,0,0,0,0,1,"- ","- ",,,"SAN MATEO","MENLO PARK",,
7068869,2015,2015-09-23,4127,2015-09-04,1510,279,4127,5,5,4,4127,0,0,0,,0,001,"WILLOW RD","NEWBRIDGE AV",0.00,,Y,A,-,N,,,,,,,,,,N,3,0,1,2,A,-,10,21950,A,F,G,B,B,A,H,-,A,A,0,Y,,,,Y,,A,07,0,1,0,0,1,0,0,0,0,"- ","- ",,,"SAN MATEO","EAST PALO ALTO",-122.15438996,37.472799989999999
7070083,2015,2017-01-14,4114,2015-08-31,1755,0035,SNB32,1,5,4,4114,0,0,0,,0,003,"RT 35","SAN BRUNO AV",635.00,N,N,A,-,Y,SM,4,35,-,-,24.470,H,-,N,Y,3,0,2,3,A,-,03,22350,,N,C,C,A,A,H,-,A,D,0,,,,,Y,,A,01,0,1,1,0,0,0,0,0,0,"- ","- ",,,"SAN MATEO","SAN BRUNO",-122.44337073,37.61980569
7071426,2015,2015-09-24,4109,2015-08-26,1425,145611,22,3,5,4,4109,0,0,0,,0,002,"WILLOW RD","BLACKBURN AV",130.00,W,N,A,-,N,,,,,,,,,,N,4,0,2,3,A,-,03,22350,,N,C,C,A,A,H,-,A,A,0,,,,,Y,,-,,0,0,2,0,0,0,0,0,0,"- ","- ",,,"SAN MATEO","MENLO PARK",-122.16341197,37.455690240000003
7074143,2015,2015-09-26,4100,2015-09-14,1405,16530,21,1,5,4,4115,0,0,0,,0,005,"INDUSTRIAL RD","HOLLY ST",241.00,N,N,A,-,N,,,,,,,,,,Y,4,0,1,2,A,-,08,22107,,N,C,C,A,A,H,-,A,D,0,,,,,Y,,A,01,0,0,1,0,0,0,0,0,0,"- ","- ",,,"SAN MATEO","SAN CARLOS",-122.25843406,37.512348379999999
7078808,2015,2015-09-28,4114,2015-09-16,1245,0033,SNB4,3,5,4,4114,0,0,0,,0,001,"SNEATH LN","HUNTINGTON AV",250.00,W,N,A,-,N,,,,,,,,,,Y,4,0,2,2,A,-,09,21804,A,N,D,C,A,A,H,-,A,D,0,,,,,Y,,A,01,0,0,2,0,0,0,0,0,0,"- ","- ",37.63946,-122.41847,"SAN MATEO","SAN BRUNO",-122.41891169,37.638935089999997
7078944,2016,2017-03-16,4127,2016-07-12,1747,2233,4127,2,5,4,4127,0,0,0,,0,003,"DONOHOE ST","CAPITOL AV",0.00,,Y,A,-,N,,,,,,,,,,N,4,0,1,2,A,-,03,22350,,N,C,C,A,A,H,-,B,A,0,,,,,Y,,A,01,0,0,1,0,0,0,0,0,0,"- ","- ",,,"SAN MATEO","EAST PALO ALTO",-122.14045996,37.462599990000001
7082304,2015,2015-10-01,4120,2015-08-30,1700,206,1,7,5,4,4120,0,0,0,,0,00X,"BALCLUTHA DR","COMET DR",0.00,,Y,A,-,N,,,,,,,,,,N,4,0,1,2,A,-,09,21802,A,N,D,D,A,A,H,-,A,D,0,,,,,Y,,I,12,0,0,1,0,0,0,0,0,0,"- ","- ",37.560890000000001,-122.26488999999999,"SAN MATEO","FOSTER CITY",-122.26487985999999,37.560829949999999
7082305,2015,2015-10-01,4120,2015-08-26,1254,097,10,3,5,4,4120,0,0,0,,0,00Y,"METRO CENTER BL","SHELL BL",0.00,,Y,A,-,N,,,,,,,,,,Y,4,0,1,1,A,-,03,22350,,N,E,I,A,A,H,-,A,A,0,,,,,Y,,A,01,0,0,1,0,0,0,0,0,0,"- ","- ",37.560809999999996,-122.27460000000001,"SAN MATEO","FOSTER CITY",-122.27471987,37.560799889999998
6951983,2015,2015-06-22,4117,2015-05-15,2339,06WG04,19BC,5,5,5,4117,0,0,0,,0,002,"WESTBOROUGH BL","OLYMPIC DR",0.00,,Y,A,-,N,,,,,,,,,,Y,4,0,1,2,A,-,09,21801,A,N,D,C,A,A,H,-,C,A,0,,,,,Y,,A,01,0,0,1,0,0,0,0,0,0,"- ","- ",,,"SAN MATEO","SOUTH SAN FRANCISCO",-122.45428994,37.642819920000001
7086323,2015,2015-10-08,4127,2015-09-25,0826,279,4127,5,5,4,4127,0,0,0,,0,002,"COOLEY AV","WEEKS ST",0.00,,Y,A,-,N,,,,,,,,,,Y,4,0,1,3,A,-,09,21801,A,N,A,C,A,A,H,-,A,A,0,,,,,Y,,D,82,0,0,1,0,0,0,0,0,0,"- ","- ",,,"SAN MATEO","EAST PALO ALTO",-122.13944997999999,37.47009989
6951979,2015,2015-06-22,4117,2015-05-20,1432,05JA03,27AH,3,5,5,4117,0,0,0,,0,002,"CALLAN BL","CASHLEA CT",0.00,,Y,A,-,N,,,,,,,,,,N,3,0,1,2,A,-,03,22350,A,N,C,C,A,A,H,-,A,D,0,,,,,Y,,A,01,0,1,0,0,0,0,0,0,0,"- ","- ",,,"SAN MATEO","SOUTH SAN FRANCISCO",-122.46757997,37.648819959999997
6951975,2015,2017-01-04,4117,2015-05-21,1951,03JA06,25AA,4,5,5,4117,0,0,0,,0,003,"RT 82","WESTBOROUGH BL",26.00,N,N,A,-,Y,SM,4,82,-,-,20.660,H,-,S,N,4,0,2,2,A,-,03,22350,,N,C,C,A,A,H,-,C,A,0,,,,,Y,,A,01,0,0,2,0,0,0,0,0,0,"- ","- ",,,"SAN MATEO","SOUTH SAN FRANCISCO",-122.43450094000001,37.655238609999998
7089822,2015,2015-10-10,4101,2015-09-25,1159,94DM01,,5,5,2,4101,0,0,0,,0,001,"MIDDLEFIELD RD","FAIR OAKS LN",18.00,N,N,A,-,N,,,,,,,,,,N,4,0,1,3,A,-,03,22350,,N,C,C,A,A,H,-,A,D,0,,,,,Y,,A,08,0,0,1,0,0,0,0,0,0,"- ","- ",37.469740000000002,-122.19462,"SAN MATEO",ATHERTON,-122.19462162000001,37.469755720000002
6951959,2015,2017-01-07,4117,2015-05-23,0607,12PF06,06AJ,6,5,5,4117,0,0,0,,0,004,"BAYSHORE BL","RT 101",196.00,N,N,B,-,Y,SM,4,101,-,-,23.261,R,4,S,Y,2,0,3,2,A,-,01,23152,A,N,A,C,A,A,H,-,C,A,0,,,,,Y,Y,A,01,1,0,2,0,0,0,0,0,0,"- ",SF,,,"SAN MATEO","SOUTH SAN FRANCISCO",-122.39333101,37.669364129999998
6951810,2015,2015-06-30,4111,2015-05-31,0205,P5122,P14,7,5,4,4111,0,0,0,,0,0P3,"ROBERTS RD","FASSLER AV",498.00,S,N,A,-,N,,,,,,,,,,N,4,0,1,3,A,-,03,22350,,N,A,E,A,A,H,-,C,D,0,,,,,Y,,A,01,0,0,1,0,0,0,0,0,0,"- ","- ",,,"SAN MATEO",PACIFICA,-122.49655984,37.605320030000001
6951431,2015,2016-11-05,9330,2015-05-19,1610,019198,,2,2,3,4110,0,1,2,,2,038,"RT 101","MILLBRAE AV",1056.00,S,N,A,-,Y,SM,4,101,-,-,17.750,H,-,S,Y,4,0,1,2,A,-,07,21658,A,N,C,A,A,A,H,-,A,D,1,,,Y,,Y,,A,07,0,0,1,0,0,0,0,0,1,"- ","- ",37.599400000000003,-122.37537,"SAN MATEO",MILLBRAE,-122.37770763,37.600711869999998
6950470,2015,2016-11-05,9330,2015-06-03,0930,016324,,3,1,4,4115,0,1,2,,2,048,"RT 101","HOLLY ST",50.00,N,N,A,-,Y,SM,4,101,-,-,8.535,R,1,S,N,4,0,1,3,A,-,03,22350,,N,C,C,A,A,H,-,A,D,1,,,,,Y,,D,22,0,0,1,0,0,0,0,0,0,"- ","- ",37.30471,-122.15260000000001,"SAN MATEO","SAN CARLOS",-122.25782512000001,37.51533156
7094587,2015,2015-10-12,4117,2015-08-22,1430,15GR13,08AE,6,5,5,4117,0,0,0,,0,00I,"LINDEN AV","BADEN AV",10.00,N,N,A,-,N,,,,,,,,,,N,4,0,1,2,A,-,03,22350,,N,C,C,A,A,H,-,A,A,0,,,,,Y,,A,01,0,0,1,0,0,0,0,0,0,"- ","- ",37.65419,-122.41048000000001,"SAN MATEO","SOUTH SAN FRANCISCO",-122.41046063,37.654216439999999
6948566,2015,2017-01-04,4105,2015-05-19,2355,C9,CL01,2,5,1,4105,0,0,0,,0,CL01,"SERRAMONTE BL","RT 82",100.00,E,N,A,-,Y,SM,4,82,-,-,22.756,I,6,N,N,4,0,1,1,A,-,08,22107,,N,E,I,A,A,H,-,C,A,0,,,,,Y,,A,01,0,0,1,0,0,0,0,0,0,"- ","- ",,,"SAN MATEO",COLMA,-122.45837544,37.676683789999998
7099738,2015,2017-02-04,4113,2015-10-01,1924,439,3,4,5,5,4113,0,0,0,,0,003,"WOODSIDE RD","MIDDLEFIELD RD",484.00,W,N,A,-,Y,SM,4,84,-,-,24.970,H,-,N,Y,4,0,5,4,A,-,03,22350,,N,C,C,A,A,H,-,C,A,0,,,,,Y,,A,01,0,0,5,0,0,0,0,0,0,"- ","- ",37.485210000000002,-122.23635,"SAN MATEO","REDWOOD CITY",-122.21975216,37.480031089999997
7104083,2015,2015-11-12,4113,2015-09-18,1448,412,2,5,5,5,4113,0,0,0,,0,002,BROADWAY,"MAIN ST",0.00,,Y,A,-,N,,,,,,,,,,N,4,0,1,2,A,-,03,22350,,N,C,C,A,A,H,-,A,A,0,,,,,Y,,A,01,0,0,1,0,0,0,0,0,0,"- ","- ",37.486620000000002,-122.22632,"SAN MATEO","REDWOOD CITY",-122.22631987,37.486629929999999
7105201,2015,2017-01-14,9330,2015-09-03,0930,20322,,4,1,4,4109,0,1,2,,2,058,"RT 101","WOODSIDE RD",255.00,S,N,A,-,Y,SM,4,101,-,-,5.010,H,-,N,N,4,0,1,3,A,-,03,22350,,N,C,C,A,A,H,-,A,D,1,,,,,Y,,A,07,0,0,1,0,0,0,0,0,0,"- ","- ",37.48695,-122.19962,"SAN MATEO","MENLO PARK",-122.20608042000001,37.48765813
7105563,2015,2016-01-25,4105,2015-10-07,1354,C9,CL01,3,5,1,4105,0,0,0,,0,CL01,"JUNIPERO SERRA BL","SOUTH GATE AV",528.00,S,N,A,-,N,,,,,,,,,,Y,4,0,1,2,A,-,09,21804,A,N,D,C,A,A,H,-,A,A,0,,,,,Y,,A,01,0,0,1,0,0,0,0,0,0,"- ","- ",,,"SAN MATEO",COLMA,-122.46745204,37.674255709999997
7105747,2015,2015-10-30,4104,2015-10-14,1045,0197,4,3,5,4,4104,0,0,0,,0,00A,"BURLINGAME AV","PRIMROSE RD",0.00,,Y,A,-,N,,,,,,,,,,N,4,0,1,2,A,-,08,22107,,N,E,J,B,A,H,-,A,A,0,Y,,,,Y,,A,01,0,0,1,0,1,0,0,0,0,"- ","- ",37.577840000000002,-122.34811000000001,"SAN MATEO",BURLINGAME,-122.34811989000001,37.57782993
7106859,2015,2015-10-29,4106,2015-09-16,1602,1137,14,3,5,6,4106,0,0,0,,0,006,"KING DR","JUNIPERO SERRA BL",310.00,W,N,A,B,N,,,,,,,,,,N,3,0,1,3,A,-,08,22107,,N,C,E,A,A,H,-,A,D,0,,,,,Y,,A,01,0,1,0,0,0,0,0,0,0,"- ","- ",,,"SAN MATEO","DALY CITY",-122.45390414000001,37.654138260000003
7106875,2015,2015-10-29,4106,2015-09-06,1712,2051,6,7,5,6,4106,0,0,0,,0,002,"HILLSIDE BL","COTTONWOOD DR",0.00,,Y,A,-,N,,,,,,,,,,N,3,0,1,2,A,-,11,21950,B,N,G,B,D,A,H,-,A,D,0,Y,,,,Y,,N,60,0,1,0,0,1,0,0,0,0,"- ","- ",37.701889999999999,-122.46227,"SAN MATEO","DALY CITY",-122.46226992,37.701859929999998
7107178,2015,2017-01-21,4106,2015-08-08,2121,2068,,6,5,6,4106,0,0,0,,0,006,HICKEY,"RT 280",0.00,,Y,A,-,Y,SM,4,280,-,R,24.081,R,4,S,Y,3,0,2,2,A,-,08,22107,,N,D,C,A,A,H,-,C,A,0,,,,,Y,,A,01,0,1,1,0,0,0,0,0,0,"- ","- ",37.662649999999999,-122.46405,"SAN MATEO","DALY CITY",-122.46545266,37.661779510000002
7108265,2015,2015-11-03,4114,2015-10-22,1602,0016,SNB4,4,5,4,4114,0,0,0,,0,001,"SNEATH LN","HUNTINGTON AV",20.00,W,N,A,-,N,,,,,,,,,,N,4,0,1,2,A,-,03,22350,,N,C,C,A,A,H,-,A,A,0,,,,,Y,,A,01,0,0,1,0,0,0,0,0,0,"- ","- ",37.637889999999999,-122.41685,"SAN MATEO","SAN BRUNO",-122.418413,37.639426999999998
7108273,2015,2015-11-03,4114,2015-10-06,1650,0035,SNB9,2,5,4,4114,0,0,0,,0,001,"SNEATH LN","CHERRY AV",0.00,,Y,A,-,N,,,,,,,,,,N,4,0,1,2,A,-,21,22106,,N,C,C,A,A,H,-,A,A,0,,,,,Y,,A,01,0,0,1,0,0,0,0,0,0,"- ","- ",,,"SAN MATEO","SAN BRUNO",-122.42891992,37.633389899999997
7108764,2015,2016-01-27,4108,2015-10-05,1230,3200,,1,5,3,4108,0,0,0,,0,SOUTH,"POETT RD","ROEHAMPTON RD",94.00,N,N,A,-,N,,,,,,,,,,Y,4,0,1,1,A,-,08,22107,,N,E,I,A,A,H,-,A,D,0,,,,,Y,,-,,0,0,1,0,0,0,0,0,0,"- ","- ",,,"SAN MATEO",HILLSBOROUGH,-122.33985743,37.563157480000001
7110032,2015,2017-01-27,4113,2015-08-22,1723,363,3,6,5,5,4113,0,0,0,,0,003,"WOODSIDE RD","MIDDLEFIELD RD",200.00,W,N,A,-,Y,SM,4,84,-,-,25.020,H,-,S,N,4,0,2,2,A,-,03,22350,,N,C,C,A,A,H,-,A,D,0,,,,,Y,,A,01,0,0,2,0,0,0,0,0,0,"- ","- ",,,"SAN MATEO","REDWOOD CITY",-122.21936017,37.480674919999998
7110328,2015,2017-01-14,4114,2015-10-29,1246,0027,SNB17,4,5,4,4114,0,0,0,,0,001,"SAN BRUNO AV","RT 280",0.00,,Y,A,-,Y,SM,4,280,-,R,20.611,R,4,S,Y,4,0,1,2,A,-,12,21453,A,N,D,C,A,A,H,-,A,A,0,,,,,Y,,A,01,0,0,1,0,0,0,0,0,0,"- ",SO,37.630490000000002,-122.41109,"SAN MATEO","SAN BRUNO",-122.42734172999999,37.62246665
7110471,2015,2015-11-17,4120,2015-10-27,2118,088,CIV,2,5,4,4120,0,0,0,,0,,"FOSTER CITY BL","EAST HILLSDALE BL",20.00,S,N,B,-,N,,,,,,,,,,Y,4,0,1,2,A,-,03,22350,,N,C,C,A,D,H,-,C,A,0,,,,,Y,Y,A,01,0,0,1,0,0,0,0,0,0,"- ","- ",37.561390000000003,-122.68940000000001,"SAN MATEO","FOSTER CITY",-122.26911539,37.5612864
7110584,2015,2015-11-18,4109,2015-10-14,0751,14485,27,3,5,4,4109,0,0,0,,0,001,"SANTA CRUZ AV","JOHNSON ST",20.00,E,N,A,-,N,,,,,,,,,,N,3,0,1,2,A,-,08,22107,,N,H,G,A,A,H,-,A,D,0,,Y,,,Y,,L,04,0,1,0,0,0,0,1,0,0,"- ","- ",37.448549999999997,-122.18707999999999,"SAN MATEO","MENLO PARK",-122.18704124999999,37.448635430000003
7111389,2015,2017-02-04,4113,2015-10-20,2133,437,3,2,5,5,4113,0,0,0,,0,003,"WOODSIDE RD",BROADWAY,0.00,,Y,A,-,Y,SM,4,101,-,-,5.552,R,1,S,N,4,0,1,2,A,-,03,22350,,N,C,C,A,A,H,-,C,A,0,,,,,Y,,A,01,0,0,1,0,0,0,0,0,0,"- ","- ",,,"SAN MATEO","REDWOOD CITY",-122.21559788,37.489778370000003
7111875,2015,2015-12-01,4111,2015-10-22,1205,P5142,P14,4,5,4,4111,0,0,0,,0,0P3,"CRESPI DR","CABRILLO HWY",0.00,,Y,A,-,N,,,,,,,,,,N,4,0,1,2,A,-,12,21453,A,N,D,D,A,A,H,-,A,A,0,,,,Y,Y,,A,01,0,0,1,0,0,0,0,0,0,"- ","- ",37.599330000000002,-122.49994,"SAN MATEO",PACIFICA,-122.50005992,37.59948997
7114129,2015,2015-11-17,4109,2015-10-29,0730,15031,30,4,5,4,4109,0,0,0,,0,001,"SAND HILL RD","SHARON PARK DR",0.00,,Y,A,-,N,,,,,,,,,,N,3,0,1,2,A,-,10,21950,A,F,G,B,B,A,H,-,A,A,0,Y,,,,Y,Y,-,99,0,1,0,0,1,0,0,0,0,"- ","- ",37.423769999999998,-122.19549000000001,"SAN MATEO","MENLO PARK",-122.19547986000001,37.423759920000002
7115691,2015,2015-12-11,4113,2015-11-09,1700,411,4,1,5,5,4113,0,0,0,,0,004,"5TH AV","EXT BAY RD",12.00,E,N,C,-,N,,,,,,,,,,N,4,0,1,2,A,-,03,22350,,N,C,C,A,B,H,-,C,D,0,,,,Y,Y,,F,26,0,0,1,0,0,0,0,0,0,"- ","- ",,,"SAN MATEO","REDWOOD CITY",-122.19863176,37.48165032
7116852,2015,2015-11-18,4113,2015-10-22,0710,246,6,4,5,5,4113,0,0,0,,0,006,"ROOSEVELT AV","VALOTA RD",0.00,,Y,A,-,N,,,,,,,,,,N,3,0,1,2,A,-,12,22450,,N,D,H,A,A,H,-,A,A,0,,Y,,,Y,,A,01,0,1,0,0,0,0,1,0,0,"- ","- ",,,"SAN MATEO","REDWOOD CITY",-122.23828,37.46901999
7116997,2015,2015-11-20,4105,2015-10-29,1643,C20,CL01,4,5,1,4105,0,0,0,,0,CL01,"PARKING LOT OF METRO CENTER","COLMA BL",134.00,N,N,A,F,N,,,,,,,,,,N,4,0,1,2,B,-,22,,,N,G,B,C,A,H,-,A,A,0,Y,,,,Y,,A,01,0,0,1,0,1,0,0,0,0,"- ","- ",37.676850000000002,-122.46952,"SAN MATEO",COLMA,,