CASE_ID,ACCIDENT_YEAR,PROC_DATE,JURIS,COLLISION_DATE,COLLISION_TIME,OFFICER_ID,REPORTING_DISTRICT,DAY_OF_WEEK,CHP_SHIFT,POPULATION,CNTY_CITY_LOC,SPECIAL_COND,BEAT_TYPE,CHP_BEAT_TYPE,CITY_DIVISION_LAPD,CHP_BEAT_CLASS,BEAT_NUMBER,PRIMARY_RD,SECONDARY_RD,DISTANCE,DIRECTION,INTERSECTION,WEATHER_1,WEATHER_2,STATE_HWY_IND,CALTRANS_COUNTY,CALTRANS_DISTRICT,STATE_ROUTE,ROUTE_SUFFIX,POSTMILE_PREFIX,POSTMILE,LOCATION_TYPE,RAMP_INTERSECTION,SIDE_OF_HWY,TOW_AWAY,COLLISION_SEVERITY,NUMBER_KILLED,NUMBER_INJURED,PARTY_COUNT,PRIMARY_COLL_FACTOR,PCF_CODE_OF_VIOL,PCF_VIOL_CATEGORY,PCF_VIOLATION,PCF_VIOL_SUBSECTION,HIT_AND_RUN,TYPE_OF_COLLISION,MVIW,PED_ACTION,ROAD_SURFACE,ROAD_COND_1,ROAD_COND_2,LIGHTING,CONTROL_DEVICE,CHP_ROAD_TYPE,PEDESTRIAN_ACCIDENT,BICYCLE_ACCIDENT,MOTORCYCLE_ACCIDENT,TRUCK_ACCIDENT,NOT_PRIVATE_PROPERTY,ALCOHOL_INVOLVED,STWD_VEHTYPE_AT_FAULT,CHP_VEHTYPE_AT_FAULT,COUNT_SEVERE_INJ,COUNT_VISIBLE_INJ,COUNT_COMPLAINT_PAIN,COUNT_PED_KILLED,COUNT_PED_INJURED,COUNT_BICYCLIST_KILLED,COUNT_BICYCLIST_INJURED,COUNT_MC_KILLED,COUNT_MC_INJURED,PRIMARY_RAMP,SECONDARY_RAMP,LATITUDE,LONGITUDE,COUNTY,CITY,POINT_X,POINT_Y
8164573,2016,2016-11-08,4106,2016-09-23,0800,1100,9,5,5,6,4106,0,0,0,,0,004,"SOUTHGATE AV","MONTROSE AV",0.00,,Y,A,-,N,,,,,,,,,,N,4,0,1,2,A,-,10,21950,A,N,G,B,B,A,H,-,A,A,0,Y,,,,Y,,A,01,0,0,1,0,1,0,0,0,0,"- ","- ",37.691200000000002,-122.48979,"SAN MATEO","DALY CITY",-122.48887995,37.689069889999999
8164577,2016,2016-11-08,4106,2016-09-05,2202,2083,09,1,5,6,4106,0,0,0,,0,004,"SOUTHGATE AV","BRADLEY DR",0.00,,Y,A,-,N,,,,,,,,,,N,4,0,1,2,A,-,08,22107,,N,D,G,A,A,H,-,C,D,0,,Y,,,Y,,A,01,0,0,1,0,0,0,1,0,0,"- ","- ",,,"SAN MATEO","DALY CITY",-122.48975987999999,37.689919979999999
81647458,2021,2022-03-15,4100,2021-11-20,0909,25054,MLB,6,5,3,4110,0,0,0,,0,061,BROADWAY,"LA CRUZ AV",114.00,N,-,A,-,N,,,,,,,,,,N,3,0,1,2,A,-,21,22106,,F,G,B,D,A,H,-,A,D,0,Y,,,,Y,,A,01,0,1,0,0,1,0,0,0,0,"- ","- ",,,"SAN MATEO",MILLBRAE,-122.39195251464844,37.601009368896484
8165337,2016,2016-11-10,4114,2016-10-10,1100,0035,SNB4,1,5,4,4114,0,0,0,,0,001,"HUNTINGTON AV","FOREST LN",1060.00,N,N,A,-,N,,,,,,,,,,N,4,0,1,2,A,-,00,21760,B,F,B,G,A,A,H,-,A,D,0,,Y,,,Y,,A,07,0,0,1,0,0,0,1,0,0,"- ","- ",,,"SAN MATEO","SAN BRUNO",-122.41531501,37.636600020000003
81654321,2021,2021-12-16,4109,2021-11-23,0716,14494,18,2,5,4,4109,0,0,0,,0,004,"SR-84 (BAYFRONT EXPRESSWAY)","SR-109 (UNIVERSITY AVENUE)",0.00,,Y,A,-,Y,,,84,,,,,,,N,3,0,1,2,A,-,12,21453,A,F,H,G,A,A,H,-,A,A,0,,Y,,,Y,,A,01,0,1,0,0,0,0,1,0,0,"- ","- ",37.48651123046875,-122.14269256591797,"SAN MATEO","MENLO PARK",-122.14269256591797,37.486515045166016
81659784,2021,2023-06-02,4100,2021-12-04,2357,18110,MLB,6,5,3,4110,0,0,0,,0,062,"SR-82 (EL CAMINO REAL)","NORTH CURB PROLON SAN BENITO AVE",111.00,N,-,A,-,Y,,,,,,,,,,Y,2,0,1,2,A,-,11,21954,A,N,G,B,D,A,H,-,C,D,0,Y,,,,Y,,N,60,1,0,0,0,1,0,0,0,0,"- ","- ",,,"SAN MATEO",MILLBRAE,-122.4647216796875,40.623004913330078
8166631,2016,2017-01-23,4113,2016-06-14,1551,295,4,2,5,5,4113,0,0,0,,0,004,"CHARTER ST","STAMBAUGH ST",0.00,,Y,A,-,N,,,,,,,,,,Y,1,1,0,5,D,-,00,,,N,C,E,A,A,H,-,A,A,0,,,,,Y,,-,"- ",0,0,0,0,0,0,0,0,0,"- ","- ",37.480220000000003,-122.21516,"SAN MATEO","REDWOOD CITY",-122.21530986,37.480519979999997
81666903,2021,2021-12-31,4117,2021-12-27,1016,16AP10,25AH,1,5,5,4117,0,0,0,,0,003,"MISSION RD","CHESTNUT AV",0.00,,Y,B,-,N,,,,,,,,,,N,3,0,1,2,A,-,10,21950,A,N,G,B,B,B,H,-,A,A,0,Y,,,,Y,,A,07,0,1,0,0,1,0,0,0,0,"- ","- ",37.656570434570312,-122.43193054199219,"SAN MATEO","SOUTH SAN FRANCISCO",-122.43199920654297,37.656558990478516
8166717,2016,2017-03-30,4106,2016-12-06,0915,1185,1,2,5,6,4106,0,0,0,,0,001,"LINDA VISTA","MAIN ST",0.00,,Y,A,-,N,,,,,,,,,,Y,1,1,0,1,A,-,05,21650,,N,E,I,A,A,H,-,A,D,0,,,,,Y,,A,08,0,0,0,0,0,0,0,0,0,"- ","- ",37.70129,-122.41173999999999,"SAN MATEO","DALY CITY",-122.41177987,37.701469920000001
81667502,2021,2021-12-31,4114,2021-12-08,1249,0048,SNB7,3,5,4,4114,0,0,0,,0,002,"EL CAMINO REAL","TAYLOR ST",100.00,S,-,A,-,Y,,,,,,,,,,N,4,0,1,2,A,-,07,21658,A,N,B,C,A,A,H,-,A,D,0,,,,,Y,,A,01,0,0,1,0,0,0,0,0,0,"- ","- ",,,"SAN MATEO","SAN BRUNO",-122.4110107421875,37.620880126953125
81667546,2021,2021-12-31,4117,2021-12-19,0927,19MV02,17BI,7,5,5,4117,0,0,0,,0,002,"WEST ORANGE AV",SR-82,2.00,E,-,B,-,Y,,,,,,,,,,Y,3,0,1,2,A,-,03,22350,,N,D,C,A,A,H,-,A,A,0,,,,,Y,,A,01,0,1,0,0,0,0,0,0,0,"- ","- ",37.650341033935547,-122.43083190917969,"SAN MATEO","SOUTH SAN FRANCISCO",-122.43065643310547,37.650241851806641
81667611,2021,2021-12-31,4117,2021-11-23,2015,21JB07,01AM,2,5,5,4117,0,0,0,,0,001,"SOUTH AIRPORT BL","BELLE AIRE RD",380.00,S,-,A,-,N,,,,,,,,,,N,2,0,1,2,A,-,11,21954,A,N,G,B,D,A,H,-,C,D,0,Y,,,,Y,,N,60,1,0,0,0,1,0,0,0,0,"- ","- ",37.639991760253906,-122.401611328125,"SAN MATEO","SOUTH SAN FRANCISCO",-122.40171813964844,37.640033721923828
81668848,2021,2022-01-03,4117,2021-12-16,0749,18JA13,24AA,4,5,5,4117,0,0,0,,0,004,"GRAND AV","CHESTNUT AV",42.00,W,-,A,-,N,,,,,,,,,,N,3,0,1,2,A,-,03,22350,,F,C,C,A,A,H,-,A,A,0,,,,,Y,,A,01,0,1,0,0,0,0,0,0,0,"- ","- ",37.659618377685547,-122.43016815185547,"SAN MATEO","SOUTH SAN FRANCISCO",-122.43027496337891,37.659641265869141
81669081,2021,2022-01-04,4114,2021-12-17,1415,0842,SNB19,5,5,4,4114,0,0,0,,0,002,"JENEVEIN AV","CEDAR AVENUE",0.00,,Y,A,-,N,,,,,,,,,,N,3,0,1,2,A,-,10,21950,A,N,G,B,B,A,H,-,A,D,0,Y,,,,Y,,A,01,0,1,0,0,1,0,0,0,0,"- ","- ",,,"SAN MATEO","SAN BRUNO",-122.42169952392578,37.618900299072266
81672717,2021,2022-01-06,4100,2021-12-28,1828,25901,4100,2,5,3,4107,0,0,0,,0,075,"SAN MATEO RD","CABRILLO HIGHWAY",190.00,E,-,A,-,Y,,,,,,,,,,N,3,0,1,2,A,-,08,22107,,N,B,C,A,A,H,-,C,D,0,,,,,Y,,A,01,0,1,0,0,0,0,0,0,0,"- ","- ",,,"SAN MATEO","HALF MOON BAY",,
8167595,2019,2020-01-08,4114,2019-08-15,0818,19,SNB22,4,5,4,4114,0,0,0,,0,003,"RT 35",BERKSHIRE,114.00,N,N,A,-,Y,SM,4,35,-,-,25.530,H,-,S,Y,3,0,1,2,A,-,03,22350,,N,C,C,A,A,H,-,A,A,0,,,,,Y,,A,01,0,1,0,0,0,0,0,0,0,"- ","- ",,,"SAN MATEO","SAN BRUNO",-122.45454406738281,37.632293701171875
81675976,2021,2022-01-11,4109,2021-05-25,1320,145989,26,2,5,4,4109,0,0,0,,0,001,"550 EL CAMINO REAL","MIDDLE AV",3.80,E,Y,A,-,N,,,,,,,,,,N,3,0,1,1,A,-,03,22350,,N,H,G,A,A,H,-,A,A,0,,Y,,,Y,,L,04,0,1,0,0,0,0,1,0,0,"- ","- ",37.449748992919922,-122.17622375488281,"SAN MATEO","MENLO PARK",-122.17719268798828,37.450393676757812
8167801,2019,2019-12-12,4114,2019-07-23,2330,1059,SNB36,2,5,4,4114,0,0,0,,0,003,"SHARP PARK RD","PACIFIC HEIGHTS BL",53.00,W,N,E,-,N,,,,,,,,,,N,3,0,1,2,A,-,11,21954,A,N,G,B,E,B,H,-,C,D,0,Y,,,,Y,,N,60,0,1,0,0,1,0,0,0,0,"- ","- ",,,"SAN MATEO","SAN BRUNO",-122.46917724609375,37.635330200195312
81680645,2022,2022-01-19,4100,2022-01-08,1050,25242,PV,6,5,2,4112,0,0,0,,0,031,"PORTOLA RD","PORTOLA GREEN CI",8.00,S,-,B,-,N,,,,,,,,,,N,3,0,2,4,A,-,03,22350,,N,F,A,A,A,A,-,A,D,0,,Y,,,Y,,L,04,0,2,0,0,0,0,2,0,0,"- ","- ",,,"SAN MATEO","PORTOLA VALLEY",-122.21345520019531,37.373908996582031
81680648,2022,2022-01-19,4100,2022-01-11,0820,25964,4100,2,5,4,4115,0,0,0,,0,053,"SR-82 (EL CAMINO REAL)","HULL DR",0.00,,Y,A,-,Y,,,,,,,,,,N,4,0,1,2,A,-,12,21453,,N,D,C,A,A,H,-,A,A,0,,,,,Y,,A,01,0,0,1,0,0,0,0,0,0,"- ","- ",,,"SAN MATEO","SAN CARLOS",-122.26643371582031,37.511829376220703
81685367,2022,2022-01-26,4100,2022-01-16,2119,25040,WDS,7,5,2,4118,0,0,0,,0,030,"SR-84 (LA HONDA RD)","SM 84.17.47",105.00,S,-,A,-,Y,,,,,,,,,,Y,3,0,2,1,A,-,03,22350,,N,F,A,A,A,H,-,D,D,0,,,,,Y,,A,01,0,2,0,0,0,0,0,0,0,"- ","- ",,,"SAN MATEO",WOODSIDE,,
81686062,2022,2022-01-27,4117,2022-01-12,1040,01CG09,21AL,3,5,5,4117,0,0,0,,0,003,"EL CAMINO REAL HY","HICKEY BL",0.00,,Y,A,-,Y,SM,,82,,,21.922,H,,R,Y,4,0,2,2,A,-,09,21453,C,N,D,C,A,A,H,-,A,A,0,,,,,Y,,A,07,0,0,2,0,0,0,0,0,0,"- ","- ",37.666259765625,-122.45095062255859,"SAN MATEO","SOUTH SAN FRANCISCO",-122.45108032226562,37.666164398193359
81686761,2022,2022-01-27,4117,2022-01-15,1624,13SS03,25AA,6,5,5,4117,0,0,0,,0,003,"EL CAMINO REAL HY","WEST ORANGE AV",25.00,S,-,A,-,Y,SM,,82,,,20.654,H,,L,N,3,0,1,2,A,-,09,21804,A,N,H,G,A,A,H,-,A,D,0,,Y,,,Y,,L,04,0,1,0,0,0,0,1,0,0,"- ","- ",37.6551513671875,-122.43448638916016,"SAN MATEO","SOUTH SAN FRANCISCO",-122.43450927734375,37.655132293701172
8168892,2016,2016-11-29,4100,2016-08-05,2108,17340,1D,5,5,2,4118,0,0,0,,0,003,"ENTRANCE WY","PATROL RD",0.00,,Y,A,-,N,,,,,,,,,,N,3,0,1,1,A,-,03,22350,,N,E,I,A,A,H,-,C,D,0,,,,,Y,,-,,0,1,0,0,0,0,0,0,0,"- ","- ",,,"SAN MATEO",WOODSIDE,-122.28143987999999,37.42930999
81689050,2022,2022-01-31,4117,2022-01-14,1507,21AM09,05AB,5,5,5,4117,0,0,0,,0,001,"SAN MATEO AV","LOWRIE AV",918.00,S,-,A,-,N,,,,,,,,,,Y,3,0,1,2,A,-,06,21750,,N,D,C,A,A,H,-,A,D,0,,,,,Y,,A,01,0,1,0,0,0,0,0,0,0,"- ","- ",37.642650604248047,-122.41117858886719,"SAN MATEO","SOUTH SAN FRANCISCO",-122.41158294677734,37.640262603759766
8168916,2016,2016-11-29,4100,2016-08-26,0800,25110,19,5,5,4,4115,0,0,0,,0,005,"ALAMEDA DE LAS PULGAS","RIDGE RD",20.00,N,N,A,-,N,,,,,,,,,,N,4,0,1,2,A,-,03,22350,,N,C,C,A,A,H,-,A,D,0,,,,,Y,Y,A,01,0,0,1,0,0,0,0,0,0,"- ","- ",,,"SAN MATEO","SAN CARLOS",-122.26161765000001,37.487799709999997
8168948,2016,2017-02-22,4100,2016-07-18,1613,18060,1L,1,5,2,4118,0,0,0,,0,003,"WOODSIDE RD","RT 280",41.00,E,N,A,-,Y,SM,4,84,-,-,21.600,H,-,S,Y,4,0,1,2,A,-,03,22350,,N,C,C,A,A,H,-,A,A,0,,,,,Y,,A,01,0,0,1,0,0,0,0,0,0,"- ","- ",,,"SAN MATEO",WOODSIDE,-122.24273737999999,37.435631559999997
8168952,2016,2016-11-28,4100,2016-07-01,2358,25031,,5,5,2,4118,0,0,0,,0,030,"RUNNYMEDE RD","CANADA RD",223.00,N,N,A,-,N,,,,,,,,,,Y,4,0,1,1,A,-,03,22350,A,N,E,I,A,A,H,-,D,D,0,,,,,Y,,A,01,0,0,1,0,0,0,0,0,0,"- ","- ",,,"SAN MATEO",WOODSIDE,-122.26896000000001,37.44379
8168959,2016,2016-11-29,4100,2016-08-02,1845,19180,21,2,5,4,4115,0,0,0,,0,005,"HOLLY ST","INDUSTRIAL RD",16.00,S,N,A,-,N,,,,,,,,,,N,4,0,1,2,A,-,03,22350,,N,B,C,A,A,H,-,A,D,0,,,,,Y,,-,,0,0,1,0,0,0,0,0,0,"- ","- ",,,"SAN MATEO","SAN CARLOS",-122.25783367,37.51190313
81695347,2022,2022-02-07,4109,2022-01-27,0936,14591,30,4,5,4,4109,0,0,0,,0,001,"SAND HILL ROAD","BRANNER DRIVE",115.00,E,-,A,-,N,,,,,,,,,,Y,3,0,2,2,A,-,03,22350,,N,C,C,A,A,H,-,A,A,0,,,,,Y,,A,07,0,2,0,0,0,0,0,0,0,"- ","- ",37.4222412109375,-122.19863891601562,"SAN MATEO","MENLO PARK",-122.19819641113281,37.422245025634766
81696310,2021,2022-02-08,4109,2021-11-19,1503,14782,18,5,5,4,4109,0,0,0,,0,004,"1190 HAMILTON CT","HAMILTON AV",0.00,,Y,B,-,N,,,,,,,,,,N,4,0,1,2,B,-,22,,,N,G,B,E,A,H,-,A,D,0,Y,,,,Y,,A,01,0,0,1,0,1,0,0,0,0,"- ","- ",37.478610992431641,-122.1490478515625,"SAN MATEO","MENLO PARK",-122.14907073974609,37.478599548339844
81696722,2021,2022-02-09,4109,2021-07-07,1248,145746,27,3,5,4,4109,0,0,0,,0,001,"1127 JOHNSON ST","SANTA CRUZ AV",239.00,N,-,A,-,N,,,,,,,,,,Y,3,0,1,2,A,-,03,22350,,N,D,C,A,A,H,-,A,D,0,,,,,Y,,A,01,0,1,0,0,0,0,0,0,0,"- ","- ",37.448528289794922,-122.18846130371094,"SAN MATEO","MENLO PARK",-122.18777465820312,37.448947906494141
81696785,2021,2022-02-09,4109,2021-05-30,0304,14749,17B,7,5,4,4109,0,0,0,,0,004,"MARSH RD","BAYFRONT EXPRESSWAY",0.00,,Y,A,-,N,,,,,,,,,,Y,3,0,1,1,A,-,01,23152,A,N,E,I,A,A,H,-,C,A,0,,,,,Y,Y,D,22,0,1,0,0,0,0,0,0,0,"- ","- ",37.452960968017578,-122.18171691894531,"SAN MATEO","MENLO PARK",-122.17903137207031,37.486423492431641
81696799,2021,2022-02-09,4109,2021-05-07,1650,14540,17B,5,5,4,4109,0,0,0,,0,004,"BAYFRONT EXP","CHILCO STREET",0.00,,Y,A,-,Y,,,,,,,,,,Y,4,0,1,2,A,-,03,22350,,N,B,C,A,A,H,-,A,A,0,,,,,Y,,A,01,0,0,1,0,0,0,0,0,0,"- ","- ",37.452960968017578,-122.18171691894531,"SAN MATEO","MENLO PARK",-122.16709899902344,37.483280181884766
81700653,2022,2022-02-14,4114,2022-01-30,0944,1121,SNB6,7,5,4,4114,0,0,0,,0,002,"KAINS AV","CAMINO PLAZA",0.00,,Y,A,-,N,,,,,,,,,,N,4,0,2,2,A,-,08,22107,,M,D,C,A,A,H,-,A,D,0,,,,,Y,,A,01,0,0,2,0,0,0,0,0,0,"- ","- ",,,"SAN MATEO","SAN BRUNO",-122.41619873046875,37.627300262451172
81701925,2022,2022-02-16,4117,2022-01-04,1306,16AP10,21AJ,2,5,5,4117,0,0,0,,0,003,"EL CAMINO REAL (SR-82)",BART,10.00,S,-,B,-,Y,SM,,82,,,21.642,H,,R,N,3,0,1,1,A,-,03,22350,,N,F,A,A,B,H,-,A,A,0,,,Y,,Y,,C,02,0,1,0,0,0,0,0,0,1,"- ","- ",37.663459777832031,-122.447021484375,"SAN MATEO","SOUTH SAN FRANCISCO",-122.44695281982422,37.663719177246094
81701988,2022,2022-02-16,4109,2022-02-04,1702,145989,18,5,5,4,4109,0,0,0,,0,004,"STATE ROUTE 84","UNIVERSITY AV",1260.00,W,-,A,-,Y,SM,,84,,R,28.197,H,,R,N,3,0,1,2,A,-,04,21703,,N,C,C,A,A,H,-,A,A,0,,,,,Y,,A,01,0,1,0,0,0,0,0,0,0,"- ","- ",37.48651123046875,-122.14269256591797,"SAN MATEO","MENLO PARK",-122.142578125,37.486427307128906
81702540,2022,2022-02-17,4117,2022-01-19,1358,06KW06,16AA,3,5,5,4117,0,0,0,,0,002,"AVALON DR","JUNIPERO SERRA BL",0.00,,Y,A,-,Y,,,,,,,,,,Y,3,0,3,2,A,-,17,21451,A,N,D,C,A,A,H,-,A,A,0,,,,,Y,,A,01,0,3,0,0,0,0,0,0,0,"- ","- ",37.640129089355469,-122.44138336181641,"SAN MATEO","SOUTH SAN FRANCISCO",-122.44150543212891,37.6400146484375
81702543,2022,2022-02-17,4117,2022-02-01,1249,19CR05,27AG,2,5,5,4117,0,0,0,,0,002,"WESTBOROUGH BL","FLEETWOOD DR",0.00,,Y,A,-,N,,,,,,,,,,Y,3,0,1,2,A,-,07,21658,A,N,B,C,A,A,H,-,A,D,0,,,,,Y,,A,01,0,1,0,0,0,0,0,0,0,"- ","- ",37.639389038085938,-122.46302795410156,"SAN MATEO","SOUTH SAN FRANCISCO",-122.46321105957031,37.639423370361328
8170774,2016,2017-03-06,4113,2016-10-29,1948,309,3,6,5,5,4113,0,0,0,,0,003,"EL CAMINO REAL","OAK AV",268.00,S,N,A,-,Y,SM,4,82,-,-,3.510,H,-,N,Y,2,0,3,3,A,-,01,23153,A,N,A,C,A,A,H,-,C,D,0,,,,,Y,Y,A,01,1,2,0,0,0,0,0,0,0,"- ","- ",37.476979999999998,-122.22357,"SAN MATEO","REDWOOD CITY",-122.2228368,37.477194019999999
81708080,2022,2022-02-24,4114,2022-01-19,0824,0062,SNB6,3,5,4,4114,0,0,0,,0,002,"EL CAMINO REAL","ANGUS AV",0.00,,Y,A,-,Y,,,,,,,,,,N,4,0,1,2,A,-,03,22350,,N,C,C,A,A,H,-,A,A,0,,,,,Y,,A,01,0,0,1,0,0,0,0,0,0,"- ","- ",,,"SAN MATEO","SAN BRUNO",-122.41461181640625,37.625614166259766
81709330,2022,2022-02-24,4117,2022-02-01,1615,14MN05,25AH,2,5,5,4117,0,0,0,,0,003,SR-82,"CHESTNUT AV",0.00,,Y,A,-,Y,SM,,82,,,20.654,H,,R,N,3,0,1,2,A,-,17,21200,A,F,H,G,A,A,H,-,A,A,0,,Y,,,Y,,L,04,0,1,0,0,0,0,1,0,0,"- ","- ",37.655250549316406,-122.43434906005859,"SAN MATEO","SOUTH SAN FRANCISCO",-122.43436431884766,37.655239105224609
81710921,2022,2022-02-28,4109,2022-02-17,0818,145611,26,4,5,4,4109,0,0,0,,0,001,"EL CAMINO REAL","MIDDLE AV",0.00,,Y,A,-,Y,SM,,82,,,0.384,H,,R,Y,3,0,1,3,A,-,12,21453,A,N,D,C,A,A,H,-,A,A,0,,,,,Y,,A,01,0,1,0,0,0,0,0,0,0,"- ","- ",37.450508117675781,-122.17713165283203,"SAN MATEO","MENLO PARK",-122.1771240234375,37.450511932373047
8171155,2016,2016-12-05,4113,2016-10-21,2330,447,2,5,5,5,4113,0,0,0,,0,002,"WARREN ST","BREWSTER AV",0.00,,Y,A,-,N,,,,,,,,,,N,3,0,1,2,A,-,21,22106,,F,H,C,A,A,H,-,C,A,0,,,Y,,Y,Y,A,01,0,1,0,0,0,0,0,0,1,"- ","- ",37.488889999999998,-122.2337,"SAN MATEO","REDWOOD CITY",-122.2336999,37.488889890000003
81717490,2022,2022-03-08,4100,2022-02-06,1642,25954,4100,7,5,3,4107,0,0,0,,0,075,"200 BLOCK OF SAN MATEO RD","MAIN  ST",1142.00,E,-,A,-,Y,,,,,,,,,,Y,3,0,1,2,A,-,06,21755,A,N,D,C,A,A,H,-,A,D,0,,,Y,,Y,,C,02,0,1,0,0,0,0,0,0,1,"- ","- ",,,"SAN MATEO","HALF MOON BAY",,
8172036,2016,2016-12-01,4100,2016-10-19,0839,19910,MLB,3,5,3,4110,0,0,0,,0,061,"MILLBRAE AV","ASHTON AV",0.00,,Y,A,-,N,,,,,,,,,,N,2,0,1,2,A,-,10,21950,A,N,G,B,B,A,H,-,A,A,0,Y,,,,Y,,D,22,1,0,0,0,1,0,0,0,0,"- ","- ",,,"SAN MATEO",MILLBRAE,-122.39626989,37.594099989999997
8172048,2016,2016-12-01,4100,2016-08-31,0740,18230,22,3,5,4,4115,0,0,0,,0,005,"INDUSTRAIL RD","BRANSTEN RD",245.00,S,N,A,-,N,,,,,,,,,,N,4,0,1,2,A,-,08,22107,,N,H,G,A,A,H,-,A,D,0,,Y,,,Y,,D,72,0,0,1,0,0,0,1,0,0,"- ","- ",,,"SAN MATEO","SAN CARLOS",-122.25131872999999,37.506942420000001
81720840,2022,2022-03-11,4114,2022-02-04,0911,0098,SNB5,5,5,4,4114,0,0,0,,0,001,"EL CAMINO REAL","WB I-380 OFF",0.00,,Y,A,-,Y,,,,,,,,,,Y,3,0,1,2,A,-,12,21453,A,F,D,C,A,A,H,-,A,A,0,,,,,Y,,A,01,0,1,0,0,0,0,0,0,0,"- ","- ",,,"SAN MATEO","SAN BRUNO",-122.41898345947266,37.6329345703125
8172161,2016,2016-11-23,4100,2016-11-04,0950,13750,23,5,5,4,4115,0,0,0,,0,052,"INDUSTRIAL RD","WASHINGTON AV",175.00,S,N,A,-,N,,,,,,,,,,N,3,0,1,2,A,-,11,21954,A,N,G,B,D,A,H,-,A,D,0,Y,,,,Y,,N,60,0,1,0,0,1,0,0,0,0,"- ","- ",,,"SAN MATEO","SAN CARLOS",-122.24289383999999,37.499425279999997
8172165,2016,2016-11-23,4100,2016-11-11,1703,19910,MLB,5,5,3,4110,0,0,0,,0,061,"MILLBRAE AV","PALM AV",7.00,E,N,A,-,N,,,,,,,,,,N,2,0,1,2,A,-,10,21950,A,N,G,B,B,A,H,-,B,A,0,Y,,,,Y,,A,01,1,0,0,0,1,0,0,0,0,"- ","- ",,,"SAN MATEO",MILLBRAE,-122.3934103,37.595101139999997
81722557,2022,2022-03-15,4117,2022-02-20,1905,19JS03,15AI,7,5,5,4117,0,0,0,,0,002,"PONDEROSA RD","SOUTHWOOD CENTER",0.00,,Y,B,-,N,,,,,,,,,,N,3,0,1,2,A,-,09,21800,A,N,D,C,A,A,H,-,C,A,0,,,,,Y,,A,01,0,1,0,0,0,0,0,0,0,"- ","- ",37.649658203125,-122.43601226806641,"SAN MATEO","SOUTH SAN FRANCISCO",-122.43025207519531,37.64837646484375
8172414,2016,2016-11-23,4100,2016-10-11,1541,18640,11,2,5,4,4115,0,0,0,,0,005,"SAN CARLOS AV","ELM ST",16.00,E,N,A,-,N,,,,,,,,,,Y,4,0,1,2,A,-,09,21804,A,N,D,C,A,A,H,-,A,A,0,,,,,Y,,A,01,0,0,1,0,0,0,0,0,0,"- ","- ",,,"SAN MATEO","SAN CARLOS",-122.26303983,37.505200129999999
8172429,2016,2017-01-27,4100,2016-10-16,1009,19910,MLB,7,5,3,4110,0,0,0,,0,061,"EL CAMINO REAL","HILLCREST BL",0.00,,Y,C,-,Y,SM,4,82,-,-,16.296,I,5,N,N,4,0,2,2,A,-,12,22450,,N,D,C,A,B,H,-,A,A,0,,,,,Y,,A,07,0,0,2,0,0,0,0,0,0,"- ","- ",,,"SAN MATEO",MILLBRAE,-122.39176719,37.60223293
81724372,2022,2022-03-16,4117,2022-03-06,1145,20AB05,02AB,7,5,5,4117,0,0,0,,0,004,"VETERANS BL","1300 VETERANS BL",380.00,E,-,A,-,N,,,,,,,,,,Y,3,0,1,1,A,-,08,22107,,N,E,I,A,A,H,-,A,D,0,,,,,Y,,A,01,0,1,0,0,0,0,0,0,0,"- ","- ",37.662479400634766,-122.39295959472656,"SAN MATEO","SOUTH SAN FRANCISCO",,
81726196,2022,2022-03-18,4100,2022-03-16,2111,25117,SNC,3,5,4,4115,0,0,0,,0,053,"SAN CARLOS AV","WALNUT ST",33.00,E,-,A,-,N,,,,,,,,,,N,3,0,1,2,A,-,21,22106,,N,C,C,A,A,H,-,C,A,0,,,,,Y,,A,07,0,1,0,0,0,0,0,0,0,"- ","- ",,,"SAN MATEO","SAN CARLOS",-122.26207733154297,37.505893707275391
8172661,2016,2016-11-28,4100,2016-07-21,1828,17680,SNC,4,5,4,4115,0,0,0,,0,051,"LAUREL ST","BRITTAN AV",0.00,,Y,A,-,N,,,,,,,,,,N,4,0,1,2,A,-,10,21950,A,N,G,B,B,A,H,-,A,A,0,Y,,,,Y,,A,01,0,0,1,0,1,0,0,0,0,"- ","- ",,,"SAN MATEO","SAN CARLOS",-122.25338986,37.50001992
81727265,2022,2022-03-21,4114,2022-03-02,1551,0048,SNB11,3,5,4,4114,0,0,0,,0,004,"EL CAMINO REAL","BAYHILL DRIVE",0.00,,Y,A,-,Y,,,,,,,,,,Y,4,0,2,2,A,-,12,21453,A,N,D,C,A,A,H,-,A,A,0,,,,,Y,,A,01,0,0,2,0,0,0,0,0,0,"- ","- ",,,"SAN MATEO","SAN BRUNO",-122.41799926757812,37.630855560302734
81727406,2022,2022-03-21,4100,2022-03-12,1515,19590,SNC,6,5,4,4115,0,0,0,,0,052,"OLD COUNTY RD","BRITTAN AVE",0.00,,Y,A,-,N,,,,,,,,,,Y,3,0,1,2,A,-,09,21801,A,N,D,C,A,A,H,-,A,A,0,,,,,Y,,A,07,0,1,0,0,0,0,0,0,0,"- ","- ",,,"SAN MATEO","SAN CARLOS",-122.25196075439453,37.501110076904297
81730342,2022,2022-03-24,4100,2022-03-12,1616,25984,4100,6,5,2,4118,0,0,0,,0,030,"PORTOLA RD","MOUNTAIN HOME RD",0.00,,Y,A,-,N,,,,,,,,,,Y,3,0,2,2,A,-,09,21802,A,N,A,C,A,A,H,-,A,A,0,,,,,Y,,A,07,0,2,0,0,0,0,0,0,0,"- ","- ",,,"SAN MATEO",WOODSIDE,-122.247802734375,37.404010772705078
8173414,2016,2016-11-21,4109,2016-10-30,0818,14749,,7,5,4,4109,0,0,0,,0,002,"MIDDLEFIELD RD","SEMINARY DR",0.00,,Y,B,-,N,,,,,,,,,,N,4,0,3,2,A,-,08,22107,,N,D,C,A,A,H,-,A,D,0,,,,,Y,,A,01,0,0,3,0,0,0,0,0,0,"- ","- ",37.458449999999999,-122.17297000000001,"SAN MATEO","MENLO PARK",-122.17106991999999,37.45808993