CASE_ID,ACCIDENT_YEAR,PROC_DATE,JURIS,COLLISION_DATE,COLLISION_TIME,OFFICER_ID,REPORTING_DISTRICT,DAY_OF_WEEK,CHP_SHIFT,POPULATION,CNTY_CITY_LOC,SPECIAL_COND,BEAT_TYPE,CHP_BEAT_TYPE,CITY_DIVISION_LAPD,CHP_BEAT_CLASS,BEAT_NUMBER,PRIMARY_RD,SECONDARY_RD,DISTANCE,DIRECTION,INTERSECTION,WEATHER_1,WEATHER_2,STATE_HWY_IND,CALTRANS_COUNTY,CALTRANS_DISTRICT,STATE_ROUTE,ROUTE_SUFFIX,POSTMILE_PREFIX,POSTMILE,LOCATION_TYPE,RAMP_INTERSECTION,SIDE_OF_HWY,TOW_AWAY,COLLISION_SEVERITY,NUMBER_KILLED,NUMBER_INJURED,PARTY_COUNT,PRIMARY_COLL_FACTOR,PCF_CODE_OF_VIOL,PCF_VIOL_CATEGORY,PCF_VIOLATION,PCF_VIOL_SUBSECTION,HIT_AND_RUN,TYPE_OF_COLLISION,MVIW,PED_ACTION,ROAD_SURFACE,ROAD_COND_1,ROAD_COND_2,LIGHTING,CONTROL_DEVICE,CHP_ROAD_TYPE,PEDESTRIAN_ACCIDENT,BICYCLE_ACCIDENT,MOTORCYCLE_ACCIDENT,TRUCK_ACCIDENT,NOT_PRIVATE_PROPERTY,ALCOHOL_INVOLVED,STWD_VEHTYPE_AT_FAULT,CHP_VEHTYPE_AT_FAULT,COUNT_SEVERE_INJ,COUNT_VISIBLE_INJ,COUNT_COMPLAINT_PAIN,COUNT_PED_KILLED,COUNT_PED_INJURED,COUNT_BICYCLIST_KILLED,COUNT_BICYCLIST_INJURED,COUNT_MC_KILLED,COUNT_MC_INJURED,PRIMARY_RAMP,SECONDARY_RAMP,LATITUDE,LONGITUDE,COUNTY,CITY,POINT_X,POINT_Y
8184220,2016,2016-12-15,4113,2016-11-09,0000,394,3,3,5,5,4113,0,0,0,,0,003,"JEFFERSON AV",MIDDLEFIELD,30.00,E,N,A,-,N,,,,,,,,,,N,4,0,1,2,A,-,04,21703,,N,C,C,A,A,H,-,A,A,0,,,,,Y,,A,01,0,0,1,0,0,0,0,0,0,"- ","- ",37.484760000000001,-122.2281,"SAN MATEO","REDWOOD CITY",-122.22808517,37.484839649999998
81845914,2022,2022-08-22,4100,2022-08-21,1806,25040,WOOD,7,5,2,4118,0,0,0,,0,030,"SR-84 (LA HONDA RD)","PORTOLA RD",580.00,S,-,A,-,Y,,,,,,,,,,Y,3,0,1,1,A,-,03,22350,,N,E,I,A,A,H,-,A,D,0,,,,,Y,,D,23,0,1,0,0,0,0,0,0,0,"- ","- ",,,"SAN MATEO",WOODSIDE,-122.25650024414062,37.405952453613281
8184607,2016,2016-12-13,4114,2016-11-17,0724,0024,SNB4,4,5,4,4114,0,0,0,,0,001,"SNEATH LN","SEABISCUIT WY",0.00,,Y,A,-,N,,,,,,,,,,N,4,0,1,2,A,-,10,21950,A,N,G,B,B,A,H,-,A,A,0,Y,,,,Y,,A,01,0,0,1,0,1,0,0,0,0,"- ","- ",,,"SAN MATEO","SAN BRUNO",-122.41997996000001,37.637869979999998
81848659,2022,2023-02-16,4114,2022-08-04,1440,0036,SNB11,4,5,4,4114,0,0,0,,0,004,"EL CAMINO REAL","BAYHILL DRIVE",50.00,N,-,A,-,Y,,,,,,,,,,N,3,0,1,3,A,-,08,22107,,F,C,D,A,A,H,-,A,D,0,,,,,Y,,A,01,0,1,0,0,0,0,0,0,0,"- ","- ",,,"SAN MATEO","SAN BRUNO",-122.41806793212891,37.630977630615234
81849001,2022,2022-08-25,4100,2022-08-10,2121,25901,4100,3,5,3,4107,0,0,0,,0,075,"SR-1 (CABRILLO HWY)","GROVE ST",142.00,N,-,A,-,Y,,,,,,,,,,Y,3,0,2,2,A,-,03,22350,,N,B,C,A,A,H,-,D,D,0,,,Y,,Y,,C,02,0,2,0,0,0,0,0,0,2,"- ","- ",,,"SAN MATEO","HALF MOON BAY",-122.43262481689453,37.455574035644531
81849048,2022,2022-08-25,4117,2022-08-16,2042,03ML07,08AE,2,5,5,4117,0,0,0,,0,001,"AIRPORT BL","BADEN AV",0.00,,Y,A,-,N,,,,,,,,,,N,3,0,2,2,A,-,12,21453,A,F,A,C,A,A,H,-,C,A,0,,,,,Y,,A,07,0,2,0,0,0,0,0,0,0,"- ","- ",37.653690338134766,-122.40821075439453,"SAN MATEO","SOUTH SAN FRANCISCO",-122.40837097167969,37.653739929199219
8185407,2016,2016-12-15,4113,2016-12-02,0148,448,5,5,5,5,4113,0,0,0,,0,005,"EL CAMINO REAL","WILLOW ST",63.00,S,N,A,-,N,,,,,,,,,,Y,3,0,1,2,A,-,08,22107,,N,E,I,A,A,H,-,C,D,0,,,,,Y,,A,01,0,1,0,0,0,0,0,0,0,"- ","- ",37.452930000000002,-122.22977,"SAN MATEO","REDWOOD CITY",-122.22014417,37.475328249999997
8185452,2016,2016-12-16,4117,2016-11-22,0822,01CG09,,2,5,5,4117,0,0,0,,0,002,"COUNTRY CLUB DR","ALIDA WY",0.00,,Y,A,-,N,,,,,,,,,,N,2,0,1,2,A,-,10,21950,A,N,G,B,B,A,H,-,A,A,0,Y,,,,Y,,A,08,1,0,0,0,1,0,0,0,0,"- ","- ",37.645180000000003,-122.42932,"SAN MATEO","SOUTH SAN FRANCISCO",-122.42940989,37.645059940000003
8185505,2016,2016-12-15,4113,2016-11-26,1716,419,11,6,5,5,4113,0,0,0,,0,"2 3","BREWSTER AV","WINSLOW ST",0.00,,Y,C,-,N,,,,,,,,,,Y,3,0,2,2,A,-,12,21453,A,N,D,C,A,B,H,-,C,A,0,,,,,Y,,A,08,0,1,1,0,0,0,0,0,0,"- ","- ",,,"SAN MATEO","REDWOOD CITY",-122.23174991,37.490309949999997
8185597,2016,2016-12-15,4116,2016-11-29,0714,06AP3,,2,5,5,4116,0,0,0,,0,001,"SHAW RD","SAN MATEO AV",180.00,E,N,A,-,N,,,,,,,,,,N,4,0,1,2,A,-,00,21751,A,M,B,C,A,A,H,-,A,D,0,,,,,Y,,A,01,0,0,1,0,0,0,0,0,0,"- ","- ",37.641190000000002,-122.41161,"SAN MATEO","SAN MATEO",-122.41098924000001,37.641199290000003
81860068,2022,2022-09-08,4117,2022-08-23,1720,14MN05,08AE,2,5,5,4117,0,0,0,,0,001,"BADEN AV","MAPLE AV",0.00,,Y,A,-,N,,,,,,,,,,N,4,0,1,2,A,-,11,21456,C,N,G,B,B,A,H,-,A,A,0,Y,,,,Y,,N,60,0,0,1,0,1,0,0,0,0,"- ","- ",37.654708862304688,-122.412841796875,"SAN MATEO","SOUTH SAN FRANCISCO",-122.41286468505859,37.654712677001953
81861995,2022,2022-09-12,4109,2022-08-26,0737,145882,17A,5,5,4,4109,0,0,0,,0,002,"MARSH RD","NORTHBOUND HIGHWAY 101 OFFRAMP",0.00,,Y,B,-,N,,,,,,,,,,Y,3,0,1,2,A,-,03,22350,,N,D,C,A,A,H,-,A,A,0,,,,,Y,,A,01,0,1,0,0,0,0,0,0,0,"- ","- ",37.485069274902344,-122.17984771728516,"SAN MATEO","MENLO PARK",-122.179979,37.484456999999999
81862363,2022,2022-09-12,4109,2022-08-11,1138,145611,26,4,5,4,4109,0,0,0,,0,001,"UNIVERSITY DR","MENLO AV",0.00,,Y,A,-,Y,,,,,,,,,,N,3,0,1,2,A,-,03,22350,,N,G,B,B,A,H,-,A,A,0,Y,,,,Y,,A,01,0,1,0,0,1,0,0,0,0,"- ","- ",37.448810577392578,-122.18524932861328,"SAN MATEO","MENLO PARK",-122.18539428710938,37.448890686035156
81862700,2022,2022-09-12,4100,2022-08-31,1810,25233,MLB,3,5,3,4110,0,0,0,,0,062,"HELEN DR","GERALDINE DR",60.00,W,-,A,-,N,,,,,,,,,,N,3,0,1,1,A,-,03,22350,,N,H,A,A,A,H,-,A,D,0,,Y,,,Y,,L,04,0,1,0,0,0,0,1,0,0,"- ","- ",,,"SAN MATEO",MILLBRAE,-122.40681457519531,37.600929260253906
81864641,2022,2022-09-14,4100,2022-09-11,0908,25289,WDS,7,5,2,4118,0,0,0,,0,030,"KINGS MOUNTAIN RD","TRIPP RD",0.00,,Y,B,-,N,,,,,,,,,,N,3,0,1,2,A,-,08,22107,,N,H,G,A,A,H,-,A,D,0,,Y,,,Y,,L,04,0,1,0,0,0,0,1,0,0,"- ","- ",,,"SAN MATEO",WOODSIDE,-122.27690124511719,37.430667877197266
81869114,2022,2024-03-13,4100,2022-09-03,0720,25869,,6,5,3,4110,0,0,0,,0,061,"SR-82 (EL CAMINO REAL)","VICTORIA AV",0.00,,Y,A,-,Y,,,,,,,,,,Y,2,0,1,2,A,-,12,21453,A,F,D,C,A,A,H,-,A,A,0,,,,,Y,,A,01,1,0,0,0,0,0,0,0,0,"- ","- ",,,"SAN MATEO",MILLBRAE,-122.38967132568359,37.600460052490234
81873734,2022,2022-09-26,4114,2022-09-09,2107,0036,SNB4,5,5,4,4114,0,0,0,,0,001,"EL CAMINO REAL","SNEATH LANE",0.00,,Y,A,-,N,,,,,,,,,,Y,4,0,1,2,A,-,12,21453,,N,D,C,A,A,H,-,C,A,0,,,,,Y,,A,01,0,0,1,0,0,0,0,0,0,"- ","- ",,,"SAN MATEO","SAN BRUNO",-122.42146301269531,37.6368408203125
8187416,2016,2017-01-12,4109,2016-12-07,1240,145746,,3,5,4,4109,0,0,0,,0,002,"WILLOW RD","COLEMAN AV",0.00,,Y,C,-,N,,,,,,,,,,N,4,0,1,2,A,-,08,22107,,N,A,C,A,B,H,-,A,A,0,,,,,Y,,D,22,0,0,1,0,0,0,0,0,0,"- ","- ",37.461190000000002,-122.16029,"SAN MATEO","MENLO PARK",-122.15996991999999,37.461339979999998
81874921,2022,2022-09-27,4117,2022-09-15,0815,12JP07,20AA,4,5,5,4117,0,0,0,,0,003,"HICKEY BL","JUNIPERO SERRA BL",30.00,W,-,A,-,N,,,,,,,,,,N,4,0,1,2,A,-,06,21755,A,N,B,C,A,A,H,-,A,A,0,,,,,Y,,A,01,0,0,1,0,0,0,0,0,0,"- ","- ",37.665729522705078,-122.45925903320312,"SAN MATEO","SOUTH SAN FRANCISCO",-122.45951843261719,37.665653228759766
8187566,2016,2016-12-30,4109,2016-11-30,1750,145676,,3,5,4,4109,0,0,0,,0,003,"WILLOW RD","HAMILTON AV",0.00,,Y,A,-,N,,,,,,,,,,N,4,0,1,2,A,-,03,22350,,N,C,C,A,A,H,-,C,A,0,,,,,Y,,A,01,0,0,1,0,0,0,0,0,0,"- ","- ",37.479810000000001,-122.14941,"SAN MATEO","MENLO PARK",-122.15185998,37.479589990000001
8187574,2016,2016-12-30,4109,2016-11-29,1446,145756,,2,5,4,4109,0,0,0,,0,002,"WOODLAND AV","POPE ST",36.00,W,N,A,-,N,,,,,,,,,,N,4,0,1,1,A,-,08,22107,,N,E,I,A,A,H,-,A,A,0,,,,,Y,,A,07,0,0,1,0,0,0,0,0,0,"- ","- ",37.456719999999997,-122.15385000000001,"SAN MATEO","MENLO PARK",-122.15386253,37.456649759999998
81876096,2022,2022-09-28,4109,2022-09-15,1559,145674,16,4,5,4,4109,0,0,0,,0,002,"VAN BUREN RD","RINGWOOD AV",0.00,,Y,A,-,N,,,,,,,,,,N,3,0,1,2,A,-,09,21804,A,N,H,G,A,A,H,-,A,A,0,,Y,,,Y,,L,04,0,1,0,0,0,0,1,0,0,"- ","- ",37.474708557128906,-122.16574096679688,"SAN MATEO","MENLO PARK",-122.16573333740234,37.474712371826172
81882110,2022,2022-10-04,4117,2022-09-03,1131,00KS20,08AE,6,5,5,4117,0,0,0,,0,001,"BADEN AV","MAPLE AV",0.00,,Y,A,-,N,,,,,,,,,,N,3,0,1,2,A,-,09,21801,,N,A,C,A,A,H,-,A,A,0,,,,,Y,,A,01,0,1,0,0,0,0,0,0,0,"- ","- ",37.654708862304688,-122.412841796875,"SAN MATEO","SOUTH SAN FRANCISCO",-122.41286468505859,37.654712677001953
81883427,2022,2022-11-01,4114,2022-09-22,1305,1121,SNB1,4,5,4,4114,0,0,0,,0,001,"1065 SAN MATEO AV","SCOTT STREET",466.00,S,-,A,-,N,,,,,,,,,,N,3,0,1,2,A,-,10,21950,,F,G,B,E,A,H,-,A,D,0,Y,,,,Y,,A,01,0,1,0,0,1,0,0,0,0,"- ","- ",,,"SAN MATEO","SAN BRUNO",-122.41148376464844,37.635929107666016
81885007,2022,2022-10-07,4117,2022-10-03,0818,12JP07,08AI,1,5,5,4117,0,0,0,,0,004,"GRAND AV","SO SPRUCE AV",30.00,W,-,A,-,N,,,,,,,,,,N,4,0,2,2,A,-,03,22350,,N,C,C,A,A,H,-,A,A,0,,,,,Y,,A,01,0,0,2,0,0,0,0,0,0,"- ","- ",37.656478881835938,-122.41602325439453,"SAN MATEO","SOUTH SAN FRANCISCO",-122.41612243652344,37.656494140625
81888709,2022,2022-10-12,4100,2022-10-08,1404,25289,,6,5,2,4118,0,0,0,,0,,"WOODSIDE RD","SM84 19.11",0.00,S,-,A,-,Y,,,,,,,,,,N,3,0,1,2,A,-,06,21760,,N,H,G,A,A,H,-,A,D,0,,Y,,,Y,,D,82,0,1,0,0,0,0,1,0,0,"- ","- ",,,"SAN MATEO",WOODSIDE,,
81891162,2022,2022-10-17,4100,2022-10-07,1903,25294,SNC,5,5,4,4115,0,0,0,,0,051,"ARROYO AVE","WOODLAND AV",113.00,E,-,A,-,N,,,,,,,,,,Y,2,0,1,1,D,-,00,,,N,H,J,A,A,H,-,C,D,0,,,Y,,Y,,-,"- ",1,0,0,0,0,0,0,0,1,"- ","- ",,,"SAN MATEO","SAN CARLOS",-122.2593994140625,37.500888824462891
81891848,2022,2022-10-17,4109,2022-10-04,0540,14749,18,2,5,4,4109,0,0,0,,0,004,"SR84 (BAYFRONT EXPRESSWAY)","WILLOW ROAD",0.00,,Y,B,-,Y,SM,,84,,R,27.636,H,,R,Y,2,0,1,3,A,-,03,22350,,N,C,C,A,A,H,-,C,A,0,,,,,Y,,A,01,1,0,0,0,0,0,0,0,0,"- ","- ",37.481929779052734,-122.15067291259766,"SAN MATEO","MENLO PARK",-122.15067291259766,37.481967926025391
8189226,2016,2017-02-06,4106,2016-11-11,1511,2125,,5,5,6,4106,0,0,0,,0,003,"JUNIPER SERRA BL","JOHN DALY BL",380.00,S,N,A,-,N,,,,,,,,,,N,4,0,2,2,A,-,12,22450,,N,D,C,A,A,H,-,A,A,0,,,,Y,Y,,D,22,0,0,2,0,0,0,0,0,0,"- ","- ",37.704999999999998,-122.47076,"SAN MATEO","DALY CITY",-122.47091459000001,37.703940090000003
81893289,2022,2022-10-18,4109,2022-08-30,1704,14591,26,2,5,4,4109,0,0,0,,0,001,"MIDDLE AVENUE","YALE ROAD",0.00,,Y,A,-,N,,,,,,,,,,N,3,0,1,2,A,-,10,21950,A,N,G,B,B,A,H,-,A,D,0,Y,,,,Y,,A,01,0,1,0,0,1,0,0,0,0,"- ","- ",37.446331024169922,-122.18061828613281,"SAN MATEO","MENLO PARK",-122.18129730224609,37.445507049560547
81893327,2022,2022-10-18,4116,2022-10-16,1400,28444,13A,7,5,5,4116,0,0,0,,0,00A,"EAST 4TH AV","S. GRANT ST",30.00,E,-,A,-,N,,,,,,,,,,Y,3,0,1,1,A,-,17,21701,,N,E,I,A,A,H,-,A,D,0,,,,,Y,,A,01,0,1,0,0,0,0,0,0,0,"- ","- ",37.568248748779297,-122.31649780273438,"SAN MATEO","SAN MATEO",-122.31644439697266,37.568313598632812
81894146,2022,2022-10-19,4109,2022-09-26,0820,14658,30,1,5,4,4109,0,0,0,,0,001,"SHARON RD","SHARON OAKS DR",100.00,W,Y,A,-,N,,,,,,,,,,N,4,0,1,1,A,-,03,22350,,N,H,E,A,A,H,-,A,D,0,,Y,,,Y,,L,04,0,0,1,0,0,0,1,0,0,"- ","- ",37.426059722900391,-122.19882202148438,"SAN MATEO","MENLO PARK",-122.19770050048828,37.426040649414062
81894175,2022,2022-10-19,4109,2022-09-28,1127,146429,16,3,5,4,4109,0,0,0,,0,002,"WILLOW RD","SB HIGHWAY 101 OFF RAMP",50.00,W,-,A,-,N,,,,,,,,,,N,4,0,1,2,A,-,03,22350,,N,C,D,A,A,H,-,A,A,0,,,,,Y,,D,22,0,0,1,0,0,0,0,0,0,"- ","- ",37.467578887939453,-122.15574645996094,"SAN MATEO","MENLO PARK",,
81894338,2022,2022-10-19,4117,2022-10-12,0350,15NM20,08AM,3,5,5,4117,0,0,0,,0,001,"AIRPORT BL","BADEN AV",0.00,,Y,A,-,N,,,,,,,,,,N,4,0,1,2,A,-,12,21453,A,N,D,C,A,A,H,-,C,A,0,,,,,Y,,A,01,0,0,1,0,0,0,0,0,0,"- ","- ",37.653690338134766,-122.40821075439453,"SAN MATEO","SOUTH SAN FRANCISCO",-122.40837097167969,37.653739929199219
8189521,2016,2016-12-19,4106,2016-10-07,1500,1085,,5,5,6,4106,0,0,0,,0,002,"HILLSDALE BL","CASTLE ST",0.00,,Y,A,-,N,,,,,,,,,,N,4,0,2,2,A,-,12,22450,A,N,H,G,D,A,H,-,A,D,0,Y,Y,,,Y,,L,04,0,0,2,0,1,0,1,0,0,"- ","- ",37.691780000000001,-122.46149,"SAN MATEO","DALY CITY",-122.46151239,37.691758759999999
8189553,2016,2016-12-19,4106,2016-10-08,1837,1263,,6,5,6,4106,0,0,0,,0,003,"MISSION ST","ALP AV",0.00,,Y,A,-,N,,,82,,,,,,,Y,2,0,1,2,A,-,09,21801,A,N,D,C,A,A,H,-,A,D,0,,,Y,,Y,,A,01,1,0,0,0,0,0,0,0,1,"- ","- ",37.70167,-122.46362000000001,"SAN MATEO","DALY CITY",-122.46334432,37.701596539999997
8189557,2016,2016-12-19,4106,2016-10-23,1956,2081,,7,5,6,4106,0,0,0,,0,003,"KNOWLES AV","JOHN DALY",0.00,,Y,C,-,N,,,,,,,,,,Y,4,0,1,2,A,-,17,21451,A,N,B,D,A,A,H,-,C,A,0,,,,,Y,,A,01,0,0,1,0,0,0,0,0,0,"- ","- ",,,"SAN MATEO","DALY CITY",-122.46771991999999,37.70504991
81896538,2022,2022-10-21,4117,2022-10-07,1507,01CG09,20AA,5,5,5,4117,0,0,0,,0,003,"HICKEY BL","JUNIPERO SERRA BL",100.00,E,-,A,-,N,,,,,,,,,,N,4,0,2,2,A,-,21,22106,,N,C,C,A,A,H,-,A,A,0,,,,,Y,,I,11,0,0,2,0,0,0,0,0,0,"- ","- ",37.665729522705078,-122.45925903320312,"SAN MATEO","SOUTH SAN FRANCISCO",-122.45909118652344,37.665733337402344
81897117,2022,2022-10-24,4114,2022-10-05,1708,0048,SNB5,3,5,4,4114,0,0,0,,0,001,"MILLS AV","EUCLID AV",0.00,,Y,A,-,N,,,,,,,,,,Y,4,0,1,2,A,-,09,21802,A,N,D,C,A,A,H,-,A,A,0,,,,,Y,,A,01,0,0,1,0,0,0,0,0,0,"- ","- ",,,"SAN MATEO","SAN BRUNO",-122.41390228271484,37.632148742675781
81899193,2022,2022-10-25,4114,2022-10-01,1743,0917,SNB4,6,5,4,4114,0,0,0,,0,001,"HUNTINGTON AV","FOREST LN.",1000.00,N,-,A,-,N,,,,,,,,,,N,3,0,2,2,A,-,09,21801,,M,D,C,A,A,H,-,A,A,0,,,,,Y,,A,01,0,1,1,0,0,0,0,0,0,"- ","- ",,,"SAN MATEO","SAN BRUNO",-122.41525268554688,37.636474609375
81899204,2022,2022-10-25,4114,2022-10-04,1748,0048,SNB33,2,5,4,4114,0,0,0,,0,003,"SKYLINE BL","SHARP PARK RD",244.00,S,-,-,-,Y,,,,,,,,,,Y,4,0,1,2,A,-,03,22350,,N,C,C,A,A,H,-,B,D,0,,,,,Y,,A,01,0,0,1,0,0,0,0,0,0,"- ","- ",,,"SAN MATEO","SAN BRUNO",-122.46366119384766,37.638359069824219
81899279,2022,2022-10-26,4100,2022-10-23,1143,25289,WDS,7,5,2,4118,0,0,0,,0,030,SR-84,"MARTINEZ RD",0.00,,Y,A,-,Y,,,,,,,,,,N,3,0,1,2,A,-,08,22107,,N,H,G,A,A,H,-,A,D,0,,Y,,,Y,,A,71,0,1,0,0,0,0,1,0,0,"- ","- ",,,"SAN MATEO",WOODSIDE,-122.26132202148438,37.385154724121094
81904091,2022,2022-10-28,4116,2022-10-04,1254,27730,34,2,5,5,4116,0,0,0,,0,00C,"SOUTH EL CAMINO REAL","28TH AV",0.00,,Y,A,-,Y,SM,,82,,,9.773,H,,L,N,3,0,1,2,A,-,10,21950,A,N,G,B,B,A,H,-,A,A,0,Y,,,,Y,,A,01,0,1,0,0,1,0,0,0,0,"- ","- ",37.541648864746094,-122.30284881591797,"SAN MATEO","SAN MATEO",-122.30284881591797,37.541652679443359
8190563,2016,2017-03-02,4106,2016-09-30,1150,1151,,5,5,6,4106,0,0,0,,0,006,"HICKEY BL","RT 280",0.00,,Y,A,-,Y,SM,4,280,-,R,24.421,R,4,S,N,4,0,1,2,A,-,12,21453,A,N,D,C,A,A,H,-,A,A,0,,,,,Y,,A,01,0,0,1,0,0,0,0,0,0,"- ","- ",37.664569999999998,-122.46902,"SAN MATEO","DALY CITY",-122.46590248,37.6667165
81906113,2022,2022-11-01,4116,2022-10-28,1407,26446,31,5,5,5,4116,0,0,0,,0,00C,"SARATOGA DR","28TH AV",482.00,W,-,B,-,N,,,,,,,,,,N,4,0,1,2,A,-,03,22350,,N,C,C,A,A,H,-,A,D,0,,,,,Y,,A,01,0,0,1,0,0,0,0,0,0,"- ","- ",37.545398712158203,-122.30209350585938,"SAN MATEO","SAN MATEO",-122.29795837402344,37.547492980957031
81906124,2022,2022-11-01,4116,2022-10-25,1340,28536,24,2,5,5,4116,0,0,0,,0,00A,"SOUTH EL CAMINO REAL","5TH AVE",0.00,,Y,A,-,N,,,,,,,,,,Y,3,0,1,2,A,-,10,21950,A,N,G,B,B,A,H,-,A,A,0,Y,,,,Y,,A,01,0,1,0,0,1,0,0,0,0,"- ","- ",37.561599731445312,-122.32451629638672,"SAN MATEO","SAN MATEO",-122.32445526123047,37.561653137207031
81907398,2022,2022-11-02,4117,2022-10-10,0830,21RC10,01AG,1,5,5,4117,0,0,0,,0,001,"EAST GRAND AV","HARBOR WAY",50.00,E,-,A,-,N,,,,,,,,,,N,3,0,1,4,A,-,03,22350,,F,C,C,A,A,H,-,A,D,0,,,,,Y,,A,01,0,1,0,0,0,0,0,0,0,"- ","- ",37.654560089111328,-122.39997100830078,"SAN MATEO","SOUTH SAN FRANCISCO",-122.39975738525391,37.654380798339844
81908959,2022,2022-11-03,4116,2022-09-09,0423,28840,23,5,5,5,4116,0,0,0,,0,00A,"SOUTH EL CAMINO REAL","CURBLINE PROLONGATION OF 9TH AVE",92.60,S,-,A,-,N,,,,,,,,,,N,3,0,1,2,A,-,11,21950,B,N,H,B,E,A,H,-,C,D,0,Y,,Y,,Y,,N,60,0,1,0,0,0,0,0,0,1,"- ","- ",37.559120178222656,-122.32180786132812,"SAN MATEO","SAN MATEO",-122.32155609130859,37.558975219726562
81908962,2022,2022-11-03,4116,2022-09-13,2205,29070,34,2,5,5,4116,0,0,0,,0,00C,"EL CAMINO REAL","31ST AVE",0.00,,Y,A,-,N,,,,,,,,,,N,3,0,1,2,A,-,04,21703,,N,C,C,A,A,H,-,C,A,0,,,,,Y,,A,01,0,1,0,0,0,0,0,0,0,"- ","- ",37.539188385009766,-122.29994964599609,"SAN MATEO","SAN MATEO",-122.30007171630859,37.539180755615234
81909014,2022,2022-11-03,4116,2022-09-16,1300,28536,14,5,5,5,4116,0,0,0,,0,00A,"E SANTA INEZ","RAMONA ST",0.00,,Y,A,-,N,,,,,,,,,,N,3,0,1,2,A,-,12,22450,A,N,D,C,A,A,H,-,A,A,0,,,Y,,Y,,C,03,0,1,0,0,0,0,0,0,1,"- ","- ",37.572219848632812,-122.32917785644531,"SAN MATEO","SAN MATEO",-122.32917785644531,37.572208404541016
81909018,2022,2022-11-03,4116,2022-09-21,0942,28252,34,3,5,5,4116,0,0,0,,0,00C,"2645 S EL CAMINO REAL","W 25TH AV",365.00,S,-,B,C,Y,SM,,82,,,9.919,H,,R,N,3,0,1,2,A,-,09,21801,A,N,D,C,A,B,H,-,A,D,0,,,,,Y,,A,01,0,1,0,0,0,0,0,0,0,"- ","- ",37.543491363525391,-122.30416107177734,"SAN MATEO","SAN MATEO",-122.30435180664062,37.543365478515625
81909026,2022,2022-11-03,4116,2022-09-26,2030,27865,51,1,5,5,4116,0,0,0,,0,00D,"WESTBOUND E 3RD AV","HIGHWAY 101 SOUTHBOUND",0.00,,Y,A,-,N,,,,,,,,,,N,3,0,2,2,A,-,08,22107,,N,B,C,A,A,H,-,C,D,0,,,,,Y,,A,01,0,1,1,0,0,0,0,0,0,"- ","- ",37.570648193359375,-122.29512023925781,"SAN MATEO","SAN MATEO",,
81913748,2022,2022-11-09,4117,2022-10-12,1639,11HV11,10AF,3,5,5,4117,0,0,0,,0,002,"SOUTH SPRUCE AV","EL CAMINO REAL HY",0.00,,Y,A,-,N,,,,,,,,,,Y,4,0,1,1,A,-,08,22107,,N,A,I,A,A,H,-,A,A,0,,,,,Y,,A,01,0,0,1,0,0,0,0,0,0,"- ","- ",37.643039703369141,-122.42514801025391,"SAN MATEO","SOUTH SAN FRANCISCO",-122.42498779296875,37.642669677734375
81913960,2022,2022-11-09,4117,2022-11-07,0749,21AM09,22AG,1,5,5,4117,0,0,0,,0,003,"SANDRA CT","SUSIE WY",0.00,,Y,B,-,N,,,,,,,,,,N,3,0,1,2,A,-,08,22107,,N,D,C,A,B,H,-,A,D,0,,,,,Y,,A,01,0,1,0,0,0,0,0,0,0,"- ","- ",37.662460327148438,-122.43160247802734,"SAN MATEO","SOUTH SAN FRANCISCO",-122.43157958984375,37.662479400634766
81916964,2022,2022-11-14,4117,2022-11-12,2340,17MZ04,09AA,6,5,5,4117,0,0,0,,0,001,"SOUTH LINDEN AV","RAILROAD AV",314.00,S,-,A,-,N,,,,,,,,,,Y,1,1,1,1,A,-,01,23152,A,N,E,I,A,A,H,-,C,D,0,,,,,Y,Y,A,01,0,1,0,0,0,0,0,0,0,"- ","- ",37.652359008789062,-122.41111755371094,"SAN MATEO","SOUTH SAN FRANCISCO",-122.41139984130859,37.651527404785156
81917547,2022,2022-11-14,4100,2022-09-24,0742,19750,4100,6,5,3,4107,0,0,0,,0,075,"SECOND AV","POPLAR ST",0.00,,Y,A,-,N,,,,,,,,,,Y,3,0,1,2,A,-,05,21651,A,N,A,C,A,A,H,-,A,D,0,,,Y,,Y,,A,07,0,1,0,0,0,0,0,0,1,"- ","- ",,,"SAN MATEO","HALF MOON BAY",-122.43689727783203,37.456226348876953
81919106,2022,2022-11-16,4109,2022-11-12,2010,146427,26,6,5,4,4109,0,0,0,,0,001,"MENLO AVENUE","UNIVERSITY DRIVE",0.00,,Y,A,-,N,,,,,,,,,,N,3,0,1,2,A,-,10,21950,,N,G,B,B,A,H,-,C,D,0,Y,,,,Y,,A,01,0,1,0,0,1,0,0,0,0,"- ","- ",37.448810577392578,-122.18524932861328,"SAN MATEO","MENLO PARK",-122.18539428710938,37.448890686035156
81919615,2022,2022-11-16,4116,2022-10-23,1445,27730,23,7,5,5,4116,0,0,0,,0,00A,"SOUTH EL CAMINO REAL","BARNESON AV",0.00,,Y,A,-,Y,SM,,82,,,10.928,H,,R,N,4,0,1,2,A,-,09,21801,A,N,A,C,A,A,H,-,A,A,0,,,,,Y,,A,07,0,0,1,0,0,0,0,0,0,"- ","- ",37.554450988769531,-122.31645965576172,"SAN MATEO","SAN MATEO",-122.31643676757812,37.554462432861328
81919655,2022,2022-11-16,4116,2022-11-01,1231,26446,52,2,5,5,4116,0,0,0,,0,00D,"S NORFOLK ST","KEHOE AV",0.00,,Y,B,C,N,,,,,,,,,,N,3,0,1,2,A,-,10,21950,A,N,G,B,B,D,H,-,A,D,0,Y,,,,Y,,A,01,0,1,0,0,1,0,0,0,0,"- ","- ",37.564491271972656,-122.30236053466797,"SAN MATEO","SAN MATEO",-122.30235290527344,37.564460754394531