CASE_ID,ACCIDENT_YEAR,PROC_DATE,JURIS,COLLISION_DATE,COLLISION_TIME,OFFICER_ID,REPORTING_DISTRICT,DAY_OF_WEEK,CHP_SHIFT,POPULATION,CNTY_CITY_LOC,SPECIAL_COND,BEAT_TYPE,CHP_BEAT_TYPE,CITY_DIVISION_LAPD,CHP_BEAT_CLASS,BEAT_NUMBER,PRIMARY_RD,SECONDARY_RD,DISTANCE,DIRECTION,INTERSECTION,WEATHER_1,WEATHER_2,STATE_HWY_IND,CALTRANS_COUNTY,CALTRANS_DISTRICT,STATE_ROUTE,ROUTE_SUFFIX,POSTMILE_PREFIX,POSTMILE,LOCATION_TYPE,RAMP_INTERSECTION,SIDE_OF_HWY,TOW_AWAY,COLLISION_SEVERITY,NUMBER_KILLED,NUMBER_INJURED,PARTY_COUNT,PRIMARY_COLL_FACTOR,PCF_CODE_OF_VIOL,PCF_VIOL_CATEGORY,PCF_VIOLATION,PCF_VIOL_SUBSECTION,HIT_AND_RUN,TYPE_OF_COLLISION,MVIW,PED_ACTION,ROAD_SURFACE,ROAD_COND_1,ROAD_COND_2,LIGHTING,CONTROL_DEVICE,CHP_ROAD_TYPE,PEDESTRIAN_ACCIDENT,BICYCLE_ACCIDENT,MOTORCYCLE_ACCIDENT,TRUCK_ACCIDENT,NOT_PRIVATE_PROPERTY,ALCOHOL_INVOLVED,STWD_VEHTYPE_AT_FAULT,CHP_VEHTYPE_AT_FAULT,COUNT_SEVERE_INJ,COUNT_VISIBLE_INJ,COUNT_COMPLAINT_PAIN,COUNT_PED_KILLED,COUNT_PED_INJURED,COUNT_BICYCLIST_KILLED,COUNT_BICYCLIST_INJURED,COUNT_MC_KILLED,COUNT_MC_INJURED,PRIMARY_RAMP,SECONDARY_RAMP,LATITUDE,LONGITUDE,COUNTY,CITY,POINT_X,POINT_Y
84470293,2024,2024-11-15,4100,2024-10-29,1757,26114,,2,5,3,4107,0,0,0,,0,075,"SPINDRIFT WAY","SPINNAKER LN",0.00,,Y,A,-,N,,,,,,,,,,N,3,0,1,2,A,-,09,21800,,N,D,D,A,A,H,-,A,D,0,,,Y,,Y,,C,02,0,1,0,0,0,0,0,0,1,"- ","- ",,,"SAN MATEO","HALF MOON BAY",-122.44170379638672,37.479293823242188
8447202,2017,2017-10-11,4127,2017-07-29,1600,2228,4127,6,5,4,4127,0,0,0,,0,001,"UNIVERSITY AV","BAY RD",0.00,,Y,A,-,N,,,,,,,,,,N,3,0,1,2,A,-,12,21453,A,F,H,G,A,A,H,-,A,A,0,,Y,,,Y,,L,04,0,1,0,0,0,0,1,0,0,"- ","- ",,,"SAN MATEO","EAST PALO ALTO",-122.13953995,37.471689929999997
84475187,2024,2024-11-19,4109,2024-08-26,1715,145611,,1,5,4,4109,0,0,0,,0,001,"SAN MATEO DR","WALLEA DR",54.00,N,-,A,-,N,,,,,,,,,,N,2,0,1,1,A,-,03,22350,A,N,H,G,A,A,H,-,A,D,0,,Y,,,Y,,L,04,1,0,0,0,0,0,1,0,0,"- ","- ",37.441799163818359,-122.18511962890625,"SAN MATEO","MENLO PARK",-122.18961334228516,37.444488525390625
84475708,2024,2024-11-19,4114,2024-11-01,1420,1283,,5,5,4,4114,0,0,0,,0,003,"WEST SAN BRUNO AV","GLENVIEW DR",250.00,E,-,A,-,N,,,,,,,,,,Y,3,0,2,2,A,-,08,22107,,N,D,C,A,A,H,-,A,D,0,,,,,Y,,A,01,0,2,0,0,0,0,0,0,0,"- ","- ",,,"SAN MATEO","SAN BRUNO",-122.44032287597656,37.619407653808594
8447906,2017,2018-07-06,4113,2017-08-30,0605,394,6,3,5,5,4113,0,0,0,,0,006,"EL CAMINO REAL",OAK,15.00,N,N,A,-,Y,SM,4,82,-,-,13.760,H,-,S,N,4,0,1,2,A,-,21,22106,,N,C,C,A,A,H,-,A,A,0,,,,,Y,,A,01,0,0,1,0,0,0,0,0,0,"- ","- ",37.477679999999999,-122.22341,"SAN MATEO","REDWOOD CITY",-122.35653876000001,37.578782889999999
8447910,2017,2018-05-24,4113,2017-09-16,0650,389,5,6,5,5,4113,0,0,0,,0,005,"WOODSIDE RD","KENTFIELD RD",315.00,E,N,A,-,Y,SM,4,84,-,-,23.780,H,-,N,Y,3,0,1,3,A,-,01,23152,A,N,C,E,A,A,H,-,B,D,0,,,,,Y,Y,A,01,0,1,0,0,0,0,0,0,0,"- ","- ",37.464329999999997,-122.22462,"SAN MATEO","REDWOOD CITY",-122.22487577,37.463557559999998
84479145,2024,2025-10-20,4104,2024-11-18,"858 ",0260,,1,5,4,4104,0,0,0,,0,00B,"BENITO AV","HILLSIDE DR",97.00,S,-,A,-,N,,,,,,,,,,Y,3,0,1,2,A,-,08,22107,,N,B,E,A,A,H,-,A,D,0,,,,,Y,,A,01,0,1,0,0,0,0,0,0,0,"- ","- ",37.579250335693359,-122.37876129150391,"SAN MATEO",BURLINGAME,-122.37888336181641,37.579147338867188
8447931,2017,2018-05-24,4114,2017-09-08,1425,0024,SNB4,5,5,4,4114,0,0,0,,0,1425,"EL CAMINO REAL","SNEATH LN",300.00,S,N,B,-,Y,SM,4,82,-,-,19.170,H,-,S,N,3,0,2,2,A,-,21,22106,,N,C,C,A,A,H,-,A,A,0,,,,,Y,,A,01,0,2,0,0,0,0,0,0,0,"- ","- ",,,"SAN MATEO","SAN BRUNO",-122.42102266000001,37.636255329999997
84479618,2024,2024-11-22,4114,2024-11-02,1649,1283,,6,5,4,4114,0,0,0,,0,004,"EL CAMINO REAL","EASTBOUND HIGHWAY 380 OFF RAMP",0.00,,Y,A,-,N,,,,,,,,,,Y,3,0,2,2,A,-,12,21453,,N,D,C,A,A,H,-,A,A,0,,,,,Y,,A,01,0,2,0,0,0,0,0,0,0,"- ","- ",,,"SAN MATEO","SAN BRUNO",,
84482132,2024,2024-11-25,4109,2024-10-29,2100,146398,,2,5,4,4109,0,0,0,,0,001,"EL CAMINO REAL","MIDDLE AVENUE",0.00,,Y,A,-,N,,,,,,,,,,N,2,0,1,2,A,-,09,21804,,M,D,G,A,A,H,-,C,A,0,,Y,,,Y,,A,01,1,0,0,0,0,0,1,0,0,"- ","- ",37.450359344482422,-122.17913818359375,"SAN MATEO","MENLO PARK",-122.17720031738281,37.450405120849609
84484914,2024,2024-11-26,4116,2024-11-19,1212,27730,,2,5,5,4116,0,0,0,,0,00A,"S B ST","9TH AV",0.00,,Y,B,-,N,,,,,,,,,,Y,3,0,1,3,A,-,09,21804,A,N,D,C,A,A,H,-,A,D,0,,,,,Y,,A,01,0,1,0,0,0,0,0,0,0,"- ","- ",37.561649322509766,-122.31815338134766,"SAN MATEO","SAN MATEO",-122.31816101074219,37.5616455078125
84489263,2024,2024-12-02,4100,2024-11-13,1611,25265,,3,5,5,4117,0,0,0,,0,00N,"GRAND AV","EUCALYPTUS AV",0.00,,Y,A,-,N,,,,,,,,,,Y,3,0,5,2,A,-,12,22450,,N,D,C,A,A,H,-,A,D,0,,,,,Y,,I,11,0,5,0,0,0,0,0,0,0,"- ","- ",,,"SAN MATEO","SOUTH SAN FRANCISCO",-122.42658996582031,37.658809661865234
84489315,2024,2024-12-02,4117,2024-11-14,1820,24MY11,,4,5,5,4117,0,0,0,,0,004,"LINDEN AV","AIRPORT BL",25.00,W,-,A,-,N,,,,,,,,,,N,3,0,1,2,A,-,03,22350,,M,C,C,A,A,H,-,C,A,0,,,,,Y,,A,01,0,1,0,0,0,0,0,0,0,"- ","- ",37.661048889160156,-122.40395355224609,"SAN MATEO","SOUTH SAN FRANCISCO",-122.40413665771484,37.661113739013672
84490133,2024,2024-12-03,4117,2024-11-27,"914 ",04JL03,,3,5,5,4117,0,0,0,,0,002,"EL CAMINO REAL HY","COUNTRY CLUB DR",255.00,S,-,A,-,Y,SM,,82," "," ",20.654,H,,L,N,3,0,2,2,A,-,08,22107,,N,C,C,A,A,H,-,A,D,0,,,,,Y,,A,07,0,2,0,0,0,0,0,0,0,"- ","- ",37.6551513671875,-122.43448638916016,"SAN MATEO","SOUTH SAN FRANCISCO",-122.43450927734375,37.655132293701172
84490438,2024,2024-12-03,4116,2024-11-08,1430,28314,,5,5,5,4116,0,0,0,,0,00A,"EAST POPLAR AV","HIGHLAND AV",0.00,,Y,A,-,N,,,,,,,,,,N,3,0,1,2,A,-,03,22350,,N,B,G,A,A,H,-,A,D,0,,Y,,,Y,,-,"- ",0,1,0,0,0,0,1,0,0,"- ","- ",37.57080078125,-122.33441925048828,"SAN MATEO","SAN MATEO",-122.33442687988281,37.570789337158203
84491792,2024,2024-12-04,4116,2024-11-23,1000,28707,,6,5,5,4116,0,0,0,,0,00A,"NORTH EL CAMINO REAL","TILTON AVENUE",0.00,,Y,C,-,Y,SM,,82," "," ",12.072,H,,L,N,3,0,1,2,A,-,09,21802,A,N,D,D,A,B,H,-,A,A,0,,,,,Y,,A,01,0,1,0,0,0,0,0,0,0,"- ","- ",37.567008972167969,-122.33000183105469,"SAN MATEO","SAN MATEO",-122.33001708984375,37.566993713378906
84492456,2024,2024-12-04,4116,2024-12-02,2108,27790,,1,5,5,4116,0,0,0,,0,00D,"CASA DE CAMPO","LA SELVA ST",634.00,S,-,A,-,N,,,,,,,,,,Y,3,0,1,4,A,-,01,23153,A,N,E,E,A,A,H,-,C,D,0,,,,,Y,Y,A,01,0,1,0,0,0,0,0,0,0,"- ","- ",37.543609619140625,-122.28318786621094,"SAN MATEO","SAN MATEO",-122.28316497802734,37.542266845703125
84493115,2024,2024-12-05,4109,2024-11-08,2031,146398,,5,5,4,4109,0,0,0,,0,001,"EL CAMINO REAL","GLENWOOD AVENUE",0.00,,Y,A,-,N,,,,,,,,,,N,3,0,1,2,A,-,08,22107,,N,H,G,A,A,H,-,C,D,0,,Y,,,Y,,A,01,0,1,0,0,0,0,1,0,0,"- ","- ",37.455329895019531,-122.18576812744141,"SAN MATEO","MENLO PARK",-122.1875,37.455867767333984
84496929,2024,2024-12-13,4117,2024-11-26,2110,18AR14,,2,5,5,4117,0,0,0,,0,002,"GELLERT BL","APPIAN WY",0.00,,Y,A,-,N,,,,,,,,,,N,3,0,1,2,A,-,10,21950,A,N,G,B,B,A,H,-,C,D,0,Y,,,,Y,,A,01,0,1,0,0,1,0,0,0,0,"- ","- ",37.642490386962891,-122.45124816894531,"SAN MATEO","SOUTH SAN FRANCISCO",-122.45139312744141,37.642528533935547
84497622,2024,2024-12-13,4100,2024-11-25,1202,25924,,1,5,3,4110,0,0,0,,0,063,"ADRIAN RD","ROLLINS RD",0.00,,Y,C,-,N,,,,,,,,,,N,3,0,1,2,A,-,10,21950,A,N,G,B,B,B,H,-,A,A,0,Y,,,,Y,,A,01,0,1,0,0,1,0,0,0,0,"- ","- ",,,"SAN MATEO",MILLBRAE,-122.38291931152344,37.599460601806641
84497649,2024,2024-12-13,4100,2024-11-25,1444,26023,,1,5,4,4115,0,0,0,,0,051,"EL CAMINO REAL","BELMONT AV",0.00,,Y,B,C,N,,,,,,,,,,Y,3,0,1,2,A,-,09,21802,A,N,D,C,A,B,H,-,A,A,0,,,,,Y,,A,01,0,1,0,0,0,0,0,0,0,"- ","- ",,,"SAN MATEO","SAN CARLOS",-122.24890899658203,37.497509002685547
84497685,2024,2024-12-13,4100,2024-10-04,1636,26003,,5,5,4,4115,0,0,0,,0,052,"SAN CARLOS AV","BEVERLY DR",721.00,W,-,A,-,N,,,,,,,,,,Y,3,0,2,2,A,-,05,21460,,N,B,C,A,A,H,-,A,D,0,,,,,Y,,A,07,0,2,0,0,0,0,0,0,0,"- ","- ",,,"SAN MATEO","SAN CARLOS",-122.28014373779297,37.504341125488281
84498321,2024,2024-12-13,4116,2024-12-04,"653 ",25586,,3,5,5,4116,0,0,0,,0,00A,"WOLFE DR","BETTY LN",0.00,,Y,A,-,N,,,,,,,,,,N,4,0,1,2,A,-,10,21950,A,M,B,B,B,A,H,-,A,D,0,Y,,,,Y,Y,A,01,0,0,1,0,1,0,0,0,0,"- ","- ",37.557121276855469,-122.30388641357422,"SAN MATEO","SAN MATEO",-122.30390167236328,37.557170867919922
84500051,2024,2024-12-13,4116,2024-12-05,1421,28889,,4,5,5,4116,0,0,0,,0,00C,"SOUTH EL CAMINO REAL","31ST AV",0.00,,Y,A,-,N,,,,,,,,,,N,4,0,1,2,A,-,08,22107,,N,C,C,A,A,H,-,A,A,0,,,,,Y,,A,01,0,0,1,0,0,0,0,0,0,"- ","- ",37.539199829101562,-122.30033111572266,"SAN MATEO","SAN MATEO",-122.30007171630859,37.539180755615234
8450643,2017,2017-10-02,4117,2017-09-17,2500,07RV01,05AE,7,5,5,4117,0,0,0,,0,001,"AIRPORT BL","SAN MATEO",0.00,,Y,A,-,N,,,,,,,,,,Y,3,0,1,1,A,-,01,23152,A,N,E,I,A,A,H,-,C,A,0,,,,,Y,Y,A,01,0,1,0,0,0,0,0,0,0,"- ","- ",37.652500000000003,-122.40884,"SAN MATEO","SOUTH SAN FRANCISCO",-122.40811986,37.649689909999999
8450686,2017,2018-05-24,4117,2017-09-19,0903,99RG01,15AI,2,5,5,4117,0,0,0,,0,002,"RT 82","PONDERODA RD",252.00,S,N,A,-,Y,SM,4,82,-,-,20.009,H,-,S,N,3,0,1,2,A,-,09,21804,,N,G,B,F,A,H,-,A,D,0,Y,,,,Y,,A,01,0,1,0,0,1,0,0,0,0,"- ","- ",37.648029999999999,-122.42962,"SAN MATEO","SOUTH SAN FRANCISCO",-122.42838162,37.647063459999998
84506898,2024,2024-12-17,4109,2024-12-09,"820 ",145990,,1,5,4,4109,0,0,0,,0,002,"RAVENSWOOD AV","MARCUSSEN DRIVE",0.00,,Y,A,-,N,,,,,,,,,,N,3,0,2,2,A,-,08,22107,,N,B,C,A,A,H,-,A,D,0,,,,,Y,,A,01,0,2,0,0,0,0,0,0,0,"- ","- ",37.458358764648438,-122.17694091796875,"SAN MATEO","MENLO PARK",-122.17694854736328,37.458358764648438
8450710,2017,2017-10-05,4117,2017-09-02,2218,13DZ05,08AG,6,5,5,4117,0,0,0,,0,001,"COMMERICAL AV","SPRUCE AV",450.00,,N,A,-,N,,,,,,,,,,Y,3,0,1,2,A,-,01,23152,A,N,D,C,A,A,H,-,C,D,0,,,,,Y,Y,A,01,0,1,0,0,0,0,0,0,0,"- ","- ",37.655160000000002,-122.4182,"SAN MATEO","SOUTH SAN FRANCISCO",-122.41669992,37.654530000000001
8450718,2017,2017-10-02,4117,2017-09-11,1939,13DZ05,08AF,1,5,5,4117,0,0,0,,0,001,"MAPLE AV","COMMERCIAL AV",0.00,,Y,A,-,N,,,,,,,,,,N,3,0,1,2,A,-,09,21800,A,N,D,C,A,A,H,-,C,A,0,,,,,Y,,D,22,0,1,0,0,0,0,0,0,0,"- ","- ",37.654229999999998,-122.413,"SAN MATEO","SOUTH SAN FRANCISCO",-122.41315985999999,37.653749930000004
84509344,2024,2024-12-18,4114,2024-11-12,1241,0066,,2,5,4,4114,0,0,0,,0,003,"SAN BRUNO AV W OFF-RAMP FROM","I-280 OFF RAMP",0.00,,Y,A,-,Y,,,,,,,,,,N,3,0,1,2,A,-,12,21453,A,N,D,C,A,A,H,-,A,A,0,,,,,Y,,-,"- ",0,1,0,0,0,0,0,0,0,"- ","- ",,,"SAN MATEO","SAN BRUNO",,
84509358,2024,2024-12-19,4100,2024-11-23,2246,89435,,6,5,3,4107,0,0,0,,0,075,SR-1,"SAN MATEO RD",0.00,,Y,A,-,Y,,,,,,,,,,N,3,0,1,2,A,-,03,22350,,N,C,C,A,A,H,-,C,A,0,,,,,Y,,A,01,0,1,0,0,0,0,0,0,0,"- ","- ",,,"SAN MATEO","HALF MOON BAY",-122.41108703613281,37.629928588867188
8451080,2017,2018-05-18,4100,2017-09-16,0527,18690,5D,6,5,3,4107,0,0,0,,0,075,"RT 1","HIGGINS CANYON RD",0.00,,Y,A,-,Y,SM,4,1,-,-,27.750,I,5,N,N,4,0,1,2,A,-,03,22350,,N,D,C,A,A,H,-,D,A,0,,,,,Y,,-,,0,0,1,0,0,0,0,0,0,"- ","- ",,,"SAN MATEO","HALF MOON BAY",-122.42980779,37.45038933
84512523,2024,2024-12-23,4117,2024-12-05,1250,21AM09,,4,5,5,4117,0,0,0,,0,002,"WESTBOROUGH BL","WEST ORANGE AV",0.00,,Y,A,-,N,,,,,,,,,,N,3,0,1,2,A,-,03,22350,,N,C,C,A,A,H,-,A,A,0,,,,,Y,,A,01,0,1,0,0,0,0,0,0,0,"- ","- ",37.654190063476562,-122.43612670898438,"SAN MATEO","SOUTH SAN FRANCISCO",-122.43608093261719,37.654216766357422
84513005,2024,2024-12-23,4116,2024-11-23,1514,28314,,6,5,5,4116,0,0,0,,0,0DT,"EAST 4TH AV","SOUTH SAN MATEO DR",0.00,,Y,B,-,N,,,,,,,,,,N,3,0,1,3,A,-,08,22107,,F,B,C,A,B,H,-,A,A,0,,,,,Y,,A,07,0,1,0,0,0,0,0,0,0,"- ","- ",37.563499450683594,-122.32369232177734,"SAN MATEO","SAN MATEO",-122.3233642578125,37.563541412353516
84519528,2024,2024-12-30,4117,2024-12-28,2257,24MV02,,6,5,5,4117,0,0,0,,0,001,"SOUTH SPRUCE AV","N CANAL ST",0.00,,Y,A,-,N,,,,,,,,,,Y,3,0,1,2,A,-,01,23152,A,F,D,C,A,A,H,-,C,A,0,,,,,Y,Y,A,01,0,1,0,0,0,0,0,0,0,"- ","- ",37.651599884033203,-122.41773986816406,"SAN MATEO","SOUTH SAN FRANCISCO",-122.41773223876953,37.651615142822266
84519625,2024,2024-12-30,4109,2024-12-18,1008,200105,,3,5,4,4109,0,0,0,,0,004,"BAYFRONT EX","CHRYSLER DR",0.00,,Y,B,-,Y,,,,,,,,,,N,3,0,1,2,A,-,03,22350,,N,C,C,A,D,H,-,A,A,0,,,,,Y,,-,35,0,1,0,0,0,0,0,0,0,"- ","- ",37.483081817626953,-122.17516326904297,"SAN MATEO","MENLO PARK",-122.17401123046875,37.485397338867188
84521286,2024,2024-12-31,4117,2024-12-14,1509,22JN03,,6,5,5,4117,0,0,0,,0,004,"MAPLE AV","FOURTH LN",0.00,,Y,A,-,N,,,,,,,,,,N,3,0,1,2,A,-,09,21802,A,N,D,C,A,A,H,-,A,D,0,,,,,Y,,A,01,0,1,0,0,0,0,0,0,0,"- ","- ",37.656200408935547,-122.41232299804688,"SAN MATEO","SOUTH SAN FRANCISCO",-122.41227722167969,37.65618896484375
84522049,2024,2024-12-31,4100,2024-12-02,1416,25993,,1,5,3,4107,0,0,0,,0,075,"SAN MATEO RD","MAINE ST",0.00,,Y,A,-,N,,,,,,,,,,Y,3,0,1,2,A,-,06,21750,,N,H,C,A,A,H,-,A,D,0,,,Y,,Y,,C,02,0,1,0,0,0,0,0,0,1,"- ","- ",,,"SAN MATEO","HALF MOON BAY",,
84523068,2024,2025-01-02,4117,2024-12-17,1528,18AR14,,2,5,5,4117,0,0,0,,0,002,"CALLAN BL","WESTBOROUGH BL",0.00,,Y,A,-,N,,,,,,,,,,N,3,0,1,2,A,-,10,21950,A,F,G,B,B,A,H,-,A,A,0,Y,,,,Y,,-,99,0,1,0,0,1,0,0,0,0,"- ","- ",37.642799377441406,-122.46208953857422,"SAN MATEO","SOUTH SAN FRANCISCO",-122.46219635009766,37.642753601074219
84523166,2024,2025-01-02,4116,2024-12-19,1819,29076,,4,5,5,4116,0,0,0,,0,00C,"31ST AVE","EL CAMINO REAL",0.00,,Y,A,-,N,,,,,,,,,,N,3,0,1,2,A,-,03,22350,,N,C,C,A,A,H,-,C,A,0,,,,,Y,,A,01,0,1,0,0,0,0,0,0,0,"- ","- ",37.539749145507812,-122.30024719238281,"SAN MATEO","SAN MATEO",-122.30007171630859,37.539180755615234
84527069,2024,2025-01-06,4117,2024-12-29,2038,18LO10,,7,5,5,4117,0,0,0,,0,002,"AVALON DR","JUNIPERO SERRA BL",0.00,,Y,A,-,Y,,,,,,,,,,N,2,0,1,2,A,-,12,21453,A,N,H,G,A,A,H,-,C,A,0,,Y,,,Y,,L,04,1,0,0,0,0,0,1,0,0,"- ","- ",37.640129089355469,-122.44138336181641,"SAN MATEO","SOUTH SAN FRANCISCO",-122.44150543212891,37.6400146484375
84528087,2024,2025-01-07,4109,2024-12-17,2205,146547,,2,5,4,4109,0,0,0,,0,002,"WILLOW ROAD","DURHAM STREET",20.00,E,-,A,-,N,,,,,,,,,,N,3,0,1,2,A,-,08,22107,,N,B,C,A,A,H,-,C,A,0,,,,,Y,,A,01,0,1,0,0,0,0,0,0,0,"- ","- ",37.465290069580078,-122.156982421875,"SAN MATEO","MENLO PARK",-122.15735626220703,37.465114593505859
84528531,2024,2025-01-07,4116,2024-12-23,"945 ",28889,,1,5,5,4116,0,0,0,,0,0DT,"EAST 4TH AV","SAN MATEO DRIVE",0.00,,Y,B,C,N,,,,,,,,,,N,3,0,1,2,A,-,10,21950,A,N,G,B,B,B,H,-,A,A,0,Y,,,,Y,,A,08,0,1,0,0,1,0,0,0,0,"- ","- ",37.563529968261719,-122.32335662841797,"SAN MATEO","SAN MATEO",-122.3233642578125,37.563541412353516
8452896,2017,2018-05-24,4102,2017-09-08,1751,13400,1,5,5,4,4102,0,0,0,,0,001,"EL CAMINO REAL","MIDDLE RD",13.00,S,N,A,-,Y,SM,4,82,-,-,7.840,H,-,S,N,4,0,2,4,A,-,03,22350,,N,C,C,A,A,H,-,A,A,0,,,,,Y,,A,07,0,0,2,0,0,0,0,0,0,"- ","- ",37.52214,-122.27806,"SAN MATEO",BELMONT,-122.27786617,37.52201093
84529072,2024,2025-01-07,4100,2024-11-22,2045,25264,,5,5,3,4110,0,0,0,,0,062,"SR-82 (EL CAMINO REAL)","LUDEMAN LANE",0.00,,Y,C,-,Y,,,,,,,,,,N,3,0,1,2,A,-,10,21950,A,M,G,B,B,D,H,-,C,A,0,Y,,,,Y,,A,01,0,1,0,0,1,0,0,0,0,"- ","- ",,,"SAN MATEO",MILLBRAE,-122.39977264404297,37.608489990234375
8452927,2017,2018-05-18,4111,2017-08-04,1700,P5135,P12,5,5,4,4111,0,0,0,,0,0P2,"RT 1","SAN MARLO WY",120.00,N,N,A,-,Y,SM,4,1,-,-,42.150,H,-,S,Y,4,0,1,5,A,-,03,22350,,N,C,C,A,A,H,-,A,D,0,,,,,Y,,A,01,0,0,1,0,0,0,0,0,0,"- ","- ",,,"SAN MATEO",PACIFICA,-122.4934556,37.60993757
84530849,2024,2025-01-09,4100,2024-12-30,2318,25242,,1,5,2,4118,0,0,0,,0,030,"LA HONDA RD","SKYWOOD WY",1056.00,S,-,A,-,Y,,,,,,,,,,Y,3,0,1,1,A,-,03,22350,,N,E,I,A,A,H,-,D,D,0,,,,,Y,,A,01,0,1,0,0,0,0,0,0,0,"- ","- ",,,"SAN MATEO",WOODSIDE,-122.26161193847656,37.390785217285156
84531467,2025,2025-01-09,4116,2025-01-07,"925 ",28307,,2,5,5,4116,0,0,0,,0,00A,"PALM AV","12TH AV",0.00,,Y,A,-,N,,,,,,,,,,N,3,0,1,2,A,-,12,22450,A,N,D,C,A,A,H,-,A,A,0,,,,,Y,,A,08,0,1,0,0,0,0,0,0,0,"- ","- ",37.557098388671875,-122.31672668457031,"SAN MATEO","SAN MATEO",-122.31671905517578,37.557079315185547
84534229,2025,2025-01-13,4117,2025-01-03,1003,21AM09,,5,5,5,4117,0,0,0,,0,002,"WESTBOROUGH BL","GELLERT BL",667.00,E,-,B,-,Y,,,,,,,,,,N,3,0,2,1,A,-,03,22350,,N,E,J,A,B,H,-,A,D,0,,,,,Y,,A,01,0,2,0,0,0,0,0,0,0,"- ","- ",37.643310546875,-122.45291137695312,"SAN MATEO","SOUTH SAN FRANCISCO",-122.45102691650391,37.644363403320312
84540724,2025,2025-01-16,4117,2025-01-07,1647,22GS04,,2,5,5,4117,0,0,0,,0,002,"CALLAN BL","MEATH DR",200.00,S,-,A,-,N,,,,,,,,,,N,4,0,1,2,A,-,08,22107,,N,D,C,A,A,H,-,A,D,0,,,,,Y,,A,01,0,0,1,0,0,0,0,0,0,"- ","- ",37.644439697265625,-122.46322631835938,"SAN MATEO","SOUTH SAN FRANCISCO",-122.46287536621094,37.643939971923828
84545071,2024,2025-01-22,4100,2024-04-03,2036,25916,,3,5,3,4110,0,0,0,,0,062,SR-82,"CENTER ST",0.00,,Y,A,-,Y,,,,,,,,,,Y,4,0,1,1,B,-,22,,,N,E,J,A,A,H,-,C,A,0,,,,,Y,Y,A,01,0,0,1,0,0,0,0,0,0,"- ","- ",,,"SAN MATEO",MILLBRAE,-122.39897918701172,37.607696533203125
84545072,2024,2025-01-22,4100,2024-04-11,"203 ",25993,,4,5,2,4118,0,0,0,,0,030,"FARM HILL BLVD","WOODHILL DRIVE",25.00,E,-,A,-,N,,,,,,,,,,Y,3,0,1,1,A,-,03,22350,,N,E,I,A,A,H,-,C,A,0,,,,,Y,,A,01,0,1,0,0,0,0,0,0,0,"- ","- ",,,"SAN MATEO",WOODSIDE,-122.26026916503906,37.447399139404297
84545717,2025,2025-01-22,4117,2025-01-15,1007,18VM09,,3,5,5,4117,0,0,0,,0,004,"MILLER AV","CYPRESS AV",281.00,W,-,A,-,N,,,,,,,,,,N,3,0,1,2,A,-,05,21460,,N,B,C,A,A,H,-,A,D,0,,,,,Y,,A,01,0,1,0,0,0,0,0,0,0,"- ","- ",37.655769348144531,-122.40811157226562,"SAN MATEO","SOUTH SAN FRANCISCO",-122.40906524658203,37.655986785888672
84552684,2025,2025-01-28,4116,2025-01-06,1650,29292,,1,5,5,4116,0,0,0,,0,00A,"N DELAWARE ST","MONTE DIABLO AV",0.00,,Y,A,-,N,,,,,,,,,,N,3,0,1,2,A,-,00,21760,,N,H,G,A,A,H,-,A,A,0,,Y,,,Y,,A,01,0,1,0,0,0,0,1,0,0,"- ","- ",37.572330474853516,-122.32573699951172,"SAN MATEO","SAN MATEO",-122.32574462890625,37.572307586669922
84552713,2025,2025-01-28,4117,2025-01-21,1103,23KM08,,2,5,5,4117,0,0,0,,0,004,"MAPLE AV","PINE AV",0.00,,Y,A,-,N,,,,,,,,,,Y,3,0,1,2,A,-,12,22450,A,N,D,C,A,A,H,-,A,A,0,,,,,Y,,A,01,0,1,0,0,0,0,0,0,0,"- ","- ",37.659538269042969,-122.41116333007812,"SAN MATEO","SOUTH SAN FRANCISCO",-122.41111755371094,37.659519195556641
84552739,2025,2025-01-28,4117,2025-01-14,1616,22GS04,,2,5,5,4117,0,0,0,,0,001,"SOUTH SPRUCE AV","N CANAL ST",0.00,,Y,A,-,N,,,,,,,,,,N,3,0,1,2,A,-,17,21200,A,N,H,G,A,A,H,-,A,A,0,,Y,,,Y,,L,04,0,1,0,0,0,0,1,0,0,"- ","- ",37.651599884033203,-122.41773986816406,"SAN MATEO","SOUTH SAN FRANCISCO",-122.41773223876953,37.651615142822266
84553093,2025,2025-01-28,4117,2025-01-16,1746,22GS04,,4,5,5,4117,0,0,0,,0,001,"SOUTH MAPLE AV","VICTORY AV",690.00,S,-,A,-,N,,,,,,,,,,Y,3,0,1,4,A,-,03,22350,,N,D,C,A,A,H,-,B,D,0,,,,,Y,,A,07,0,1,0,0,0,0,0,0,0,"- ","- ",37.647270202636719,-122.41526794433594,"SAN MATEO","SOUTH SAN FRANCISCO",-122.41597747802734,37.64544677734375
8455396,2017,2017-10-03,4113,2017-08-20,2104,447,1,7,5,5,4113,0,0,0,,0,001,"SALT CT","MARINE PKWY",0.00,,Y,A,-,N,,,,,,,,,,N,3,0,1,2,A,-,11,21950,B,N,G,B,B,A,H,-,C,A,0,Y,,,,Y,,N,60,0,1,0,0,1,0,0,0,0,"- ","- ",37.540190000000003,-122.24797,"SAN MATEO","REDWOOD CITY",-122.24808985999999,37.540219890000003
8455400,2017,2017-10-04,4113,2017-08-07,1306,383,5,1,5,5,4113,0,0,0,,0,005,"EL CAMINO REAL","NORTHUMBERLAND AV",0.00,,Y,A,-,N,,,,,,,,,,N,4,0,2,2,A,-,08,22107,,N,H,C,A,A,H,-,A,D,0,,,,,Y,,A,01,0,0,2,0,0,0,0,0,0,"- ","- ",37.470820000000003,-122.22059,"SAN MATEO","REDWOOD CITY",-122.21690989,37.472839980000003