CASE_ID,ACCIDENT_YEAR,PROC_DATE,JURIS,COLLISION_DATE,COLLISION_TIME,OFFICER_ID,REPORTING_DISTRICT,DAY_OF_WEEK,CHP_SHIFT,POPULATION,CNTY_CITY_LOC,SPECIAL_COND,BEAT_TYPE,CHP_BEAT_TYPE,CITY_DIVISION_LAPD,CHP_BEAT_CLASS,BEAT_NUMBER,PRIMARY_RD,SECONDARY_RD,DISTANCE,DIRECTION,INTERSECTION,WEATHER_1,WEATHER_2,STATE_HWY_IND,CALTRANS_COUNTY,CALTRANS_DISTRICT,STATE_ROUTE,ROUTE_SUFFIX,POSTMILE_PREFIX,POSTMILE,LOCATION_TYPE,RAMP_INTERSECTION,SIDE_OF_HWY,TOW_AWAY,COLLISION_SEVERITY,NUMBER_KILLED,NUMBER_INJURED,PARTY_COUNT,PRIMARY_COLL_FACTOR,PCF_CODE_OF_VIOL,PCF_VIOL_CATEGORY,PCF_VIOLATION,PCF_VIOL_SUBSECTION,HIT_AND_RUN,TYPE_OF_COLLISION,MVIW,PED_ACTION,ROAD_SURFACE,ROAD_COND_1,ROAD_COND_2,LIGHTING,CONTROL_DEVICE,CHP_ROAD_TYPE,PEDESTRIAN_ACCIDENT,BICYCLE_ACCIDENT,MOTORCYCLE_ACCIDENT,TRUCK_ACCIDENT,NOT_PRIVATE_PROPERTY,ALCOHOL_INVOLVED,STWD_VEHTYPE_AT_FAULT,CHP_VEHTYPE_AT_FAULT,COUNT_SEVERE_INJ,COUNT_VISIBLE_INJ,COUNT_COMPLAINT_PAIN,COUNT_PED_KILLED,COUNT_PED_INJURED,COUNT_BICYCLIST_KILLED,COUNT_BICYCLIST_INJURED,COUNT_MC_KILLED,COUNT_MC_INJURED,PRIMARY_RAMP,SECONDARY_RAMP,LATITUDE,LONGITUDE,COUNTY,CITY,POINT_X,POINT_Y
8521090,2017,2018-01-04,4111,2017-11-01,0804,P5151,P14,3,5,4,4111,0,0,0,,0,0P3,"OVIEDO CT","FRIEDRICHSEN LN",11.00,W,N,A,-,N,,,,,,,,,,N,3,0,1,2,A,-,13,22515,A,N,H,E,A,A,H,-,A,D,0,,,,,Y,,A,01,0,1,0,0,0,0,0,0,0,"- ","- ",,,"SAN MATEO",PACIFICA,-122.49187476,37.590832169999999
8521092,2017,2018-01-04,4100,2017-12-01,0808,25057,HMB,5,5,3,4107,0,0,0,,0,075,"MAIN ST","LEWIS FOSTER DR",0.00,,Y,A,-,N,,,,,,,,,,N,3,0,1,2,A,-,11,21954,A,N,G,B,D,A,H,-,A,D,0,Y,,,,Y,,N,60,0,1,0,0,1,0,0,0,0,"- ","- ",,,"SAN MATEO","HALF MOON BAY",-122.43213992,37.469589999999997
8525175,2017,2018-01-18,4114,2017-12-03,1306,0037,SNB29,7,5,4,4114,0,0,0,,0,003,"SHELTER CREEK LN","SAN BRUNO AV",1350.00,S,N,A,-,N,,,,,,,,,,N,4,0,1,2,A,-,21,22106,,N,C,E,A,A,H,-,A,D,0,,,,,Y,,A,01,0,0,1,0,0,0,0,0,0,"- ","- ",,,"SAN MATEO","SAN BRUNO",-122.42645225,37.620364049999999
8525394,2017,2018-01-10,4114,2017-11-23,1532,0041,SNB10,4,5,4,4114,0,0,0,,0,001,"SNEATH LN","CHERRY AV",256.00,W,N,B,-,N,,,,,,,,,,N,2,0,1,1,A,-,08,22107,,N,F,A,A,A,H,-,A,D,0,,Y,,,Y,,L,04,1,0,0,0,0,0,1,0,0,"- ","- ",,,"SAN MATEO","SAN BRUNO",-122.42968245,37.63303372
8526404,2017,2018-01-10,4100,2017-12-20,1217,25147,SNC,3,5,4,4115,0,0,0,,0,051,"BELMONT AV","ELM ST",20.00,E,N,A,-,N,,,,,,,,,,N,4,0,1,2,A,-,03,22350,,N,C,C,A,A,H,-,A,A,0,,,,,Y,,A,01,0,0,1,0,0,0,0,0,0,"- ","- ",,,"SAN MATEO","SAN CARLOS",-122.25133986,37.495697730000003
8526408,2017,2018-02-01,4100,2017-12-23,1221,18060,2A,6,5,2,4112,0,0,0,,0,003,"PORTOLA RD","HAYFIELDS RD",0.00,,Y,A,-,N,,,,,,,,,,N,3,0,1,1,D,-,00,,,N,E,I,A,A,H,-,A,D,0,,Y,,,Y,,-,"- ",0,1,0,0,0,0,1,0,0,"- ","- ",,,"SAN MATEO","PORTOLA VALLEY",-122.23869000000001,37.388859910000001
8526804,2017,2018-01-12,4120,2017-12-03,0702,206,11,7,5,4,4120,0,0,0,,0,00X,"METRO CENTER BL","FOSTER CITY BL",0.00,,Y,A,-,N,,,,,,,,,,N,4,0,2,2,A,-,12,21453,A,N,D,C,A,A,H,-,A,A,0,,,,,Y,,-,,0,0,2,0,0,0,0,0,0,"- ","- ",37.56194,-122.26955,"SAN MATEO","FOSTER CITY",-122.27156986999999,37.56278992
8527052,2017,2018-01-10,4113,2017-11-21,2340,351,8,2,5,5,4113,0,0,0,,0,008,"ALAMEDA DE LAS PULGAS","MADDUX DR",0.00,,Y,A,-,N,,,,,,,,,,Y,2,0,2,1,A,-,01,23153,A,N,A,I,A,A,H,-,C,D,0,,,,,Y,Y,A,07,2,0,0,0,0,0,0,0,0,"- ","- ",37.452019999999997,-122.23499,"SAN MATEO","REDWOOD CITY",-122.23479996,37.452129890000002
8527056,2017,2018-01-10,4113,2017-11-29,1619,417,5,3,5,5,4113,0,0,0,,0,005,"WOODSIDE RD","KENTFIELD AV",175.00,E,N,A,-,N,,,84,,,,,,,Y,3,0,2,2,A,-,09,21804,A,N,B,C,A,A,H,-,A,D,0,,,,,Y,,A,01,0,2,0,0,0,0,0,0,0,"- ","- ",37.463099999999997,-122.22528,"SAN MATEO","REDWOOD CITY",-122.22499542,37.46303486
8528242,2017,2018-01-12,4127,2017-12-15,1820,2243,4127,5,5,4,4127,0,0,0,,0,003,"PULGAS AV","OAKES ST",2.00,E,N,A,-,N,,,,,,,,,,N,3,0,1,4,A,-,08,22107,,F,G,B,F,A,H,-,C,D,0,Y,,,,Y,,A,01,0,1,0,0,1,0,0,0,0,"- ","- ",,,"SAN MATEO","EAST PALO ALTO",-122.12999000000001,37.458100000000002
8532112,2017,2018-01-22,4116,2017-12-08,1746,27872,12,5,5,5,4116,0,0,0,,0,00A,DELAWARE,"SANTA INEZ",0.00,,Y,A,-,N,,,,,,,,,,N,3,0,1,2,A,-,09,21802,A,N,D,C,A,A,H,-,C,A,0,,,,,Y,,D,22,0,1,0,0,0,0,0,0,0,"- ","- ",37.573619999999998,-122.32715,"SAN MATEO","SAN MATEO",-122.32715987,37.573609930000003
8532194,2017,2018-01-20,4116,2017-12-05,1800,27872,52,2,5,5,4116,0,0,0,,0,00D,"COTTAGE GROVE AV","DAISY ST",0.00,,Y,A,-,N,,,,,,,,,,N,2,0,1,2,A,-,01,23152,A,N,D,C,A,A,H,-,C,A,0,,,Y,,Y,Y,C,03,1,0,0,0,0,0,0,0,1,"- ","- ",37.570309999999999,-122.30047,"SAN MATEO","SAN MATEO",-122.30045990000001,37.57029996
8532788,2017,2018-01-29,4106,2017-12-15,1626,2144,,5,5,6,4106,0,0,0,,0,002,"MISSION ST","E CAVOUR ST",0.00,,Y,A,-,N,,,,,,,,,,N,3,0,1,1,A,-,03,22350,,N,E,I,A,A,H,-,B,D,0,,,,,Y,,A,01,0,1,0,0,0,0,0,0,0,"- ","- ",,,"SAN MATEO","DALY CITY",-122.46480989,37.695089930000002
8532796,2017,2018-01-29,4106,2017-12-18,1804,1262,,1,5,6,4106,0,0,0,,0,005,"SOUTHGATE AV","HIGATE DR",22.00,N,N,A,-,N,,,,,,,,,,N,3,0,1,2,A,-,11,21950,B,N,G,B,D,A,H,-,C,A,0,Y,,,,Y,,N,60,0,1,0,0,1,0,0,0,0,"- ","- ",,,"SAN MATEO","DALY CITY",-122.48702194000001,37.681029690000003
8532800,2017,2018-01-29,4106,2017-12-26,1710,1253,,2,5,6,4106,0,0,0,,0,002,"TEMPLETON AV","BRUNSWICK ST",31.00,E,N,A,-,N,,,,,,,,,,N,3,0,1,2,A,-,11,21954,A,N,G,B,D,A,H,-,C,D,0,Y,,,,Y,Y,N,60,0,1,0,0,1,0,0,0,0,"- ","- ",,,"SAN MATEO","DALY CITY",-122.45370483000001,37.706899290000003
8532895,2017,2018-01-17,4117,2017-12-05,1530,17JN07,27AA,2,5,5,4117,0,0,0,,0,002,"CALLAN BL","KING DR",0.00,,Y,A,-,N,,,,,,,,,,N,3,0,1,2,A,-,10,21950,A,M,G,B,B,A,H,-,A,A,0,Y,,,,Y,,A,01,0,1,0,0,1,0,0,0,0,"- ","- ",37.650419999999997,-122.46899000000001,"SAN MATEO","SOUTH SAN FRANCISCO",-122.4690599,37.650409920000001
8532927,2017,2018-01-17,4117,2017-12-07,2005,,08AC,4,5,5,4117,0,0,0,,0,004,"LINDEN AV","MILLER AV",0.00,,Y,A,-,N,,,,,,,,,,Y,3,0,3,2,A,-,12,21453,A,N,D,C,A,A,H,-,C,A,0,,,,,Y,Y,A,01,0,3,0,0,0,0,0,0,0,"- ","- ",37.656149999999997,-122.40982,"SAN MATEO","SOUTH SAN FRANCISCO",-122.40978998999999,37.656149929999998
8533692,2017,2018-01-19,4113,2017-12-20,1637,384,3,3,5,5,4113,0,0,0,,0,003,BROADWAY,CHESTNUT,185.00,N,N,A,-,N,,,,,,,,,,Y,3,0,2,2,A,-,09,21801,B,N,H,C,A,A,H,-,A,A,0,,,Y,,Y,,A,01,0,2,0,0,0,0,0,0,1,"- ","- ",37.486989999999999,-122.21834,"SAN MATEO","REDWOOD CITY",-122.21826,37.487000000000002
8534063,2018,2018-02-13,4100,2018-01-06,1459,19910,4100,6,5,3,4110,0,0,0,,0,061,"S MAGNOLIA AV","MURCHISON DR",378.00,N,N,A,-,N,,,,,,,,,,N,3,0,1,1,-,-,"- ",,,N,H,A,A,A,H,-,A,D,0,,Y,,,Y,,-,"- ",0,1,0,0,0,0,1,0,0,"- ","- ",,,"SAN MATEO",MILLBRAE,-122.38808441162109,37.596351623535156
8536263,2017,2018-02-22,4109,2017-10-27,0946,145674,,5,5,4,4109,0,0,0,,0,003,"HAMILTON AV","HAMILTON CT",100.00,W,N,A,-,N,,,,,,,,,,N,4,0,2,2,A,-,08,22107,,N,C,C,A,A,H,-,A,D,0,,,,,Y,,I,11,0,0,2,0,0,0,0,0,0,"- ","- ",37.477269999999997,-122.14946999999999,"SAN MATEO","MENLO PARK",-122.14912687,37.478329049999999
8536291,2017,2018-06-14,4109,2017-12-28,0627,14646,,4,5,4,4109,0,0,0,,0,003,"BAYFRONT EXPWY","CHRYSLER DR",8.00,S,-,A,F,Y,SM,4,84,-,R,26.330,H,-,S,Y,3,0,1,2,A,-,03,22350,,N,C,C,A,B,H,-,C,A,0,,,,,Y,,D,22,0,1,0,0,0,0,0,0,0,"- ","- ",37.483080000000001,-122.17516000000001,"SAN MATEO","MENLO PARK",-122.17381715,37.485337940000001
8536645,2017,2018-01-24,4109,2017-11-21,0931,145754,,2,5,4,4109,0,0,0,,0,001,"SAND HILL RD","SAGA WY",0.00,,Y,A,-,N,,,,,,,,,,N,3,0,1,2,A,-,03,22350,,N,C,D,A,A,H,-,A,A,0,,,,,Y,,A,01,0,1,0,0,0,0,0,0,0,"- ","- ",37.420110000000001,-122.2021,"SAN MATEO","MENLO PARK",-122.20422997,37.42137992
8537137,2018,2018-01-30,4117,2018-01-17,0907,99RG01,13AE,3,5,5,4117,0,0,0,,0,004,"EUCALYPTUS AV","4TH LN",0.00,,Y,B,-,N,,,,,,,,,,Y,3,0,2,3,A,-,09,21804,A,N,D,C,A,A,H,-,A,D,0,,,,,Y,,A,01,0,2,0,0,0,0,0,0,0,"- ","- ",37.659309387207031,-122.42642211914062,"SAN MATEO","SOUTH SAN FRANCISCO",-122.42640686035156,37.659320831298828
8537736,2017,2018-01-27,4113,2017-11-14,1729,309,1,2,5,5,4113,0,0,0,,0,001,"ORACLE PKWY","MARINE PKWY",125.00,N,N,A,-,N,,,,,,,,,,N,3,0,2,2,D,-,00,,,N,A,C,F,A,H,-,C,D,0,Y,Y,,,Y,,-,"- ",0,2,0,0,1,0,1,0,0,"- ","- ",37.528689999999997,-122.26014000000001,"SAN MATEO","REDWOOD CITY",-122.26672214,37.528827419999999
8538181,2017,2018-01-31,4113,2017-12-22,0000,431,2,5,5,5,4113,0,0,0,,0,002,"SEAPORT BL","BEEGER RD",115.00,W,N,A,-,N,,,,,,,,,,Y,3,0,2,2,A,-,08,22107,,N,A,E,A,A,H,-,C,D,0,,,,Y,Y,,F,26,0,2,0,0,0,0,0,0,0,"- ","- ",37.510109999999997,-122.20872,"SAN MATEO","REDWOOD CITY",-122.20984876,37.505510119999997
8539985,2017,2018-01-29,4106,2017-12-29,1342,1255,,5,5,6,4106,0,0,0,,0,006,"GELLERT BL","HICKEY BL",372.00,N,N,A,-,N,,,,,,,,,,N,3,0,2,2,A,-,09,21804,A,N,D,C,A,A,H,-,A,D,0,,,,,Y,,A,01,0,1,1,0,0,0,0,0,0,"- ","- ",,,"SAN MATEO","DALY CITY",-122.4689887,37.665463529999997
8540124,2017,2018-01-29,4106,2017-10-12,1717,1180,,4,5,6,4106,0,0,0,,0,006,"HICKEY BL","GELLERT BL",0.00,,Y,A,-,N,,,,,,,,,,Y,4,0,1,2,A,-,01,23153,A,N,D,C,A,A,H,-,A,D,0,,,,,Y,Y,A,01,0,0,1,0,0,0,0,0,0,"- ","- ",,,"SAN MATEO","DALY CITY",-122.46922991,37.66445993
8541229,2018,2018-02-08,4113,2018-01-12,1446,458,1,5,5,5,4113,0,0,0,,0,001,"SHEARWATER PKWY","MONACO DR",315.00,E,N,A,-,N,,,,,,,,,,Y,3,0,1,2,A,-,08,22107,,N,B,C,A,A,H,-,A,D,0,,,,,Y,,A,01,0,1,0,0,0,0,0,0,0,"- ","- ",37.543338775634766,-122.24413299560547,"SAN MATEO","REDWOOD CITY",-122.24305725097656,37.543521881103516
8541237,2018,2018-02-08,4113,2018-01-10,1305,421,11,3,5,5,4113,0,0,0,,0,023,"JEFFERSON AV","MIDDLEFIELD RD",30.00,W,N,B,-,N,,,,,,,,,,N,3,0,1,2,A,-,03,22350,,N,C,C,A,A,H,-,A,A,0,,,,,Y,,A,01,0,1,0,0,0,0,0,0,0,"- ","- ",37.484760284423828,-122.22810363769531,"SAN MATEO","REDWOOD CITY",-122.22821044921875,37.484710693359375
8541273,2018,2018-02-08,4127,2018-01-09,0000,2230,4127,2,5,4,4127,0,0,0,,0,004,"CLARKE AV","WEST BAYSHORE RD",3.00,E,N,C,-,N,,,,,,,,,,Y,3,0,1,1,A,-,03,22350,,M,E,I,A,B,H,-,C,D,0,,,,,Y,Y,A,01,0,1,0,0,0,0,0,0,0,"- ","- ",,,"SAN MATEO","EAST PALO ALTO",-122.13448333740234,37.456348419189453
8541613,2018,2018-02-07,4117,2018-01-06,0954,09SL05,27AC,6,5,5,4117,0,0,0,,0,002,"CARTER DR","LEIX WY",5.00,N,N,A,-,N,,,,,,,,,,Y,3,0,1,3,A,-,03,22350,,N,C,E,A,A,H,-,A,D,0,,,,,Y,,A,01,0,1,0,0,0,0,0,0,0,"- ","- ",37.647209167480469,-122.46968078613281,"SAN MATEO","SOUTH SAN FRANCISCO",-122.46967315673828,37.647052764892578
8543123,2017,2018-07-02,4100,2017-12-27,1911,20180,5T,3,5,3,4110,0,0,0,,0,006,"EL CAMINO REAL","MEADOW GLEN DR",0.00,,Y,A,-,Y,SM,4,82,-,-,16.671,I,5,N,Y,3,0,1,2,A,-,09,21800,A,N,D,C,A,A,H,-,C,A,0,,,,,Y,,A,01,0,1,0,0,0,0,0,0,0,"- ","- ",,,"SAN MATEO",MILLBRAE,-122.39679319,37.605916929999999
8543593,2018,2018-08-08,4114,2018-02-01,1813,0024,SNB6,4,5,4,4114,0,0,0,,0,002,"EL CAMINO REAL","KAINS AV",0.00,,Y,A,-,Y,SM,4,82,-,-,18.486,I,5,S,Y,3,0,1,2,A,-,09,21802,A,N,D,C,A,A,H,-,C,A,0,,,,,Y,,A,01,0,1,0,0,0,0,0,0,0,"- ","- ",,,"SAN MATEO","SAN BRUNO",-122.41568756103516,37.627384185791016
8543640,2018,2018-07-03,4127,2018-01-14,1241,2235,4127,7,5,4,4127,0,0,0,,0,001,"UNIVERSITY AV","RUNNYMEDE ST",0.00,,Y,A,-,N,,,,,,,,,,Y,3,0,3,3,A,-,12,21453,A,N,D,D,A,A,H,-,A,A,0,,,,,Y,,A,07,0,3,0,0,0,0,0,0,0,"- ","- ",,,"SAN MATEO","EAST PALO ALTO",-122.1414794921875,37.468521118164062
8543768,2017,2018-06-14,4106,2017-12-22,1231,2144,,5,5,6,4106,0,0,0,,0,004,"SKYLINE BL","JOHN DALY BL",147.00,S,N,A,-,Y,SM,4,35,-,-,30.800,H,-,N,N,3,0,1,2,A,-,03,22350,,N,C,D,A,A,H,-,A,D,0,,,,,Y,,A,01,0,1,0,0,0,0,0,0,0,"- ","- ",,,"SAN MATEO","DALY CITY",-122.49484597,37.698430590000001
8543877,2018,2018-08-08,4117,2018-02-07,1543,01CG09,21AK,3,5,5,4117,0,0,0,,0,003,"EL CAMINO REAL","ARROYO DR",1109.00,N,N,A,-,Y,SM,4,82,-,-,21.010,H,-,N,N,3,0,2,3,A,-,12,21453,A,N,D,C,A,A,H,-,A,A,0,,,,,Y,,A,07,0,2,0,0,0,0,0,0,0,"- ","- ",37.658710479736328,-122.43959808349609,"SAN MATEO","SOUTH SAN FRANCISCO",-122.43929290771484,37.658298492431641
8543893,2018,2018-07-03,4117,2018-02-02,1115,04JL03,13AN,5,5,5,4117,0,0,0,,0,001,"WEST ORANGE AV","A ST",0.00,,Y,A,-,N,,,,,,,,,,N,4,0,1,3,A,-,09,21801,A,N,D,C,A,A,H,-,A,D,0,,,,,Y,,A,01,0,0,1,0,0,0,0,0,0,"- ","- ",,,"SAN MATEO","SOUTH SAN FRANCISCO",-122.42971801757812,37.650650024414062
8545324,2017,2018-02-07,4120,2017-12-30,1605,201,,6,5,4,4120,0,0,0,,0,,"FOSTER CITY BL","BOUNTY DR",0.00,,Y,A,-,N,,,,,,,,,,N,2,0,1,2,A,-,03,22350,,N,C,C,A,A,G,-,A,A,0,,,,,Y,,A,01,1,0,0,0,0,0,0,0,0,"- ","- ",37.556719999999999,-122.2607,"SAN MATEO","FOSTER CITY",-122.26073993999999,37.556589969999997
8545384,2018,2018-08-08,4101,2018-01-22,0818,14JG01,,1,5,2,4101,0,0,0,,0,003,"RT 82","STOCKBRIDGE AV",0.00,,Y,C,-,Y,SM,4,82,-,-,2.380,I,5,S,Y,4,0,1,2,A,-,09,21802,A,N,B,C,A,B,H,-,A,A,0,,,,,Y,,A,07,0,0,1,0,0,0,0,0,0,"- ","- ",37.466129302978516,-122.20762634277344,"SAN MATEO",ATHERTON,-122.20763397216797,37.466152191162109
8547284,2018,2018-02-12,4106,2018-01-25,2042,2133,,4,5,6,4106,0,0,0,,0,004,"FAIRLAWN AV","SOUTHGATE AV",140.00,W,N,C,-,N,,,,,,,,,,Y,3,0,1,2,A,-,08,22107,,N,B,E,A,B,H,-,C,D,0,,,,,Y,Y,A,01,0,1,0,0,0,0,0,0,0,"- ","- ",,,"SAN MATEO","DALY CITY",-122.49153137207031,37.696628570556641
8547431,2017,2018-02-12,4106,2017-09-21,1730,1137,,4,5,6,4106,0,0,0,,0,002,"CORCKER AV","WINCHESTER ST",0.00,,Y,A,-,N,,,,,,,,,,N,3,0,1,2,A,-,09,21802,A,N,D,C,A,A,H,-,A,A,0,,,,,Y,,A,01,0,1,0,0,0,0,0,0,0,"- ","- ",,,"SAN MATEO","DALY CITY",-122.45775995,37.70476
8547435,2017,2018-02-12,4106,2017-10-18,1946,2137,,3,5,6,4106,0,0,0,,0,002,"GAMBETTA ST","HILLSIDE BL",0.00,,Y,B,-,N,,,,,,,,,,N,3,0,1,2,A,-,21,22106,,F,D,C,A,A,H,-,C,A,0,,,,,Y,,-,,0,1,0,0,0,0,0,0,0,"- ","- ",,,"SAN MATEO","DALY CITY",-122.46209994,37.698829969999998
8548964,2017,2018-02-15,4109,2017-12-11,1236,14451,,1,5,4,4109,0,0,0,,0,001,"UNIVERSITY DR","MENLO AVE",0.00,,Y,A,-,N,,,,,,,,,,N,3,0,1,2,A,-,10,21950,A,N,G,B,D,A,H,-,A,D,0,Y,,,,Y,,A,01,0,1,0,0,1,0,0,0,0,"- ","- ",37.448810000000002,-122.18525,"SAN MATEO","MENLO PARK",-122.18538992000001,37.448889940000001
8548980,2017,2018-02-15,4109,2017-12-04,0756,145811,,1,5,4,4109,0,0,0,,0,001,"EL CAMINO REAL","ROBLE AV",0.00,,Y,A,-,N,,,82,,,,,,,Y,2,0,3,3,A,-,12,21453,A,N,D,C,A,A,H,-,A,A,0,,,,,Y,,A,01,1,2,0,0,0,0,0,0,0,"- ","- ",37.451999999999998,-122.1797,"SAN MATEO","MENLO PARK",-122.17973234,37.451939780000004
8549037,2018,2018-02-20,4100,2018-02-07,0653,25144,4100,3,5,4,4115,0,0,0,,0,SNC,"ELM ST","CHERRY ST",47.00,N,N,A,-,N,,,,,,,,,,N,3,0,1,1,C,-,18,,,N,E,J,A,A,H,-,B,D,0,,,,,Y,,-,"- ",0,1,0,0,0,0,0,0,0,"- ","- ",,,"SAN MATEO","SAN CARLOS",-122.26161193847656,37.503932952880859
8549059,2018,2018-02-20,4109,2018-01-01,0500,4911,,1,5,4,4109,0,0,0,,0,003,"WINDERMERE AV","HAMILTON AV",1000.00,W,N,A,-,N,,,,,,,,,,Y,3,0,1,3,A,-,08,22107,,N,C,E,A,A,H,-,C,D,0,,,,,Y,Y,A,01,0,1,0,0,0,0,0,0,0,"- ","- ",37.476058959960938,-122.15847778320312,"SAN MATEO","MENLO PARK",-122.15815734863281,37.476707458496094
8549253,2017,2018-02-12,4106,2017-10-26,1524,2137,,4,5,6,4106,0,0,0,,0,003,"MISSION ST","CITRUS AV",0.00,,Y,A,-,N,,,,,,,,,,N,3,0,1,2,A,-,03,22350,A,N,C,C,A,A,H,-,A,A,0,,,,,Y,,D,22,0,1,0,0,0,0,0,0,0,"- ","- ",,,"SAN MATEO","DALY CITY",-122.4644199,37.697659979999997
8550595,2018,2018-08-08,4114,2018-01-25,0811,60,SNB7,4,5,4,4114,0,0,0,,0,002,"EL CAMINO REAL","CRYSTAL SPRINGS RD",10.00,N,N,B,-,Y,SM,4,82,-,-,11.850,H,-,S,N,3,0,1,2,A,-,03,22350,,N,C,C,A,B,H,-,A,A,0,,,,,Y,,D,22,0,1,0,0,0,0,0,0,0,"- ","- ",,,"SAN MATEO","SAN BRUNO",-122.32746124267578,37.564556121826172
8551161,2018,2018-02-13,4116,2018-01-03,1246,27872,61,3,5,5,4116,0,0,0,,0,00D,"EAST HILLSDALE BL","NORFOLK ST",0.00,,Y,C,-,N,,,,,,,,,,N,3,0,1,2,A,-,12,21453,A,N,D,C,A,B,H,-,A,A,0,,,,,Y,,A,01,0,1,0,0,0,0,0,0,0,"- ","- ",37.546901702880859,-122.28634643554688,"SAN MATEO","SAN MATEO",-122.28513336181641,37.546268463134766
8551165,2018,2018-02-13,4116,2018-01-07,1710,28071,,7,5,5,4116,0,0,0,,0,00C,"ORINDA DR","ORINDA DR 3600",0.00,,N,B,-,N,,,,,,,,,,N,3,0,1,2,A,-,06,21750,A,N,B,C,A,A,H,-,B,D,0,,,,,Y,,A,01,0,1,0,0,0,0,0,0,0,"- ","- ",37.530891418457031,-122.28819274902344,"SAN MATEO","SAN MATEO",-122.28962122999999,37.538245959999998
8551704,2018,2018-02-15,4111,2018-01-19,1728,P5134,P07,5,5,4,4111,0,0,0,,0,0P2,"FRANCISCO BL","LAKESIDE AV",0.00,,Y,A,-,N,,,,,,,,,,Y,3,0,2,3,A,-,09,21801,A,N,D,C,A,A,H,-,B,A,0,,,,,Y,,A,01,0,1,1,0,0,0,0,0,0,"- ","- ",,,"SAN MATEO",PACIFICA,-122.48972320556641,37.628238677978516
8551802,2018,2018-02-20,4102,2018-02-02,0831,48600,2,5,5,4,4102,0,0,0,,0,002,"RALSTON AV","SOUTH RD",568.00,W,N,A,-,N,,,,,,,,,,Y,4,0,1,2,A,-,04,21703,,N,C,C,A,A,H,-,A,D,0,,,,,Y,,A,01,0,0,1,0,0,0,0,0,0,"- ","- ",37.516788482666016,-122.28060150146484,"SAN MATEO",BELMONT,-122.28079223632812,37.516727447509766
8552387,2018,2018-02-20,4100,2018-01-28,1440,25091,4100,7,5,3,4110,0,0,0,,0,061,"EL BONITO WY","HILLCREST BL",0.00,,Y,A,-,N,,,,,,,,,,N,3,0,1,2,A,-,10,21950,A,N,G,B,B,A,H,-,A,A,0,Y,,,,Y,,D,22,0,1,0,0,1,0,0,0,0,"- ","- ",,,"SAN MATEO",MILLBRAE,-122.40506744384766,37.593978881835938
8553872,2018,2018-02-21,4117,2018-02-09,1315,04JL03,08AF,5,5,5,4117,0,0,0,,0,001,"LINDEN AV","1ST LN",0.00,,Y,A,-,N,,,,,,,,,,N,3,0,2,2,A,-,08,22107,,N,C,C,A,A,H,-,A,D,0,,,,,Y,,A,08,0,2,0,0,0,0,0,0,0,"- ","- ",,,"SAN MATEO","SOUTH SAN FRANCISCO",-122.41094970703125,37.65277099609375
8554220,2018,2018-08-08,4104,2018-02-03,1614,0243,11,6,5,4,4104,0,0,0,,0,00B,"EL CAMINO REAL","HILLSIDE DR",0.00,,Y,A,-,Y,SM,4,82,-,-,14.800,I,5,N,N,3,0,1,2,A,-,09,21801,A,N,D,C,A,A,H,-,A,A,0,,,,,Y,,A,01,0,1,0,0,0,0,0,0,0,"- ","- ",37.587501525878906,-122.37190246582031,"SAN MATEO",BURLINGAME,-122.37192535400391,37.587501525878906
8554476,2018,2018-08-08,4109,2018-01-22,0951,14485,26,1,5,4,4109,0,0,0,,0,001,"RT 82","PARTRIDGE AV",120.00,N,N,B,-,Y,SM,4,82,-,-,0.260,H,-,S,N,4,0,1,3,A,-,03,22350,,N,C,C,A,B,H,-,A,D,0,,,,,Y,,A,01,0,0,1,0,0,0,0,0,0,"- ","- ",37.448921203613281,-122.17539978027344,"SAN MATEO","MENLO PARK",-122.17540740966797,37.449298858642578
8555425,2017,2018-02-20,4111,2017-12-23,1033,P5137,P16,6,5,4,4111,0,0,0,,0,0P3,"ODDSTAD BL","TOLEDO CT",42.00,E,N,A,-,N,,,,,,,,,,N,4,0,1,2,A,-,10,21950,A,N,G,B,B,-,H,-,A,A,0,Y,,,,Y,,A,01,0,0,1,0,1,0,0,0,0,"- ","- ",,,"SAN MATEO",PACIFICA,-122.47579936,37.58129589
8555429,2017,2018-06-08,4111,2017-12-17,1809,P5145,P18,7,5,4,4111,0,0,0,,0,0P3,"LINDA MAR BL","RT 1",295.00,E,N,A,-,N,,,,,,,,,,N,2,0,1,2,A,-,10,21950,A,N,G,B,D,A,H,-,C,A,0,Y,,,,Y,Y,A,07,1,0,0,0,1,0,0,0,0,"- ","- ",,,"SAN MATEO",PACIFICA,-122.50302047,37.595495049999997
8555546,2018,2018-03-09,4109,2018-01-26,2120,145812,,5,5,4,4109,0,0,0,,0,001,"SAND HILL","SAGA LN",275.00,E,N,A,-,N,,,,,,,,,,Y,3,0,1,3,A,-,03,22350,A,N,C,C,A,A,H,-,D,A,0,,,,,Y,,A,01,0,1,0,0,0,0,0,0,0,"- ","- ",37.421390533447266,-122.20414733886719,"SAN MATEO","MENLO PARK",-122.20328521728516,37.421463012695312
8556852,2017,2018-06-15,4113,2017-12-27,0130,394,4,3,5,5,4113,0,0,0,,0,004,"RT 101","MARSH RD",8448.00,N,N,A,-,Y,SM,4,101,-,-,5.610,H,-,S,N,3,0,1,2,A,-,21,22106,,N,G,B,E,A,G,-,D,D,0,Y,,,,Y,,J,48,0,1,0,0,1,0,0,0,0,"- ","- ",37.489710000000002,-122.21598,"SAN MATEO","REDWOOD CITY",-122.21648887000001,37.490144260000001
8557519,2018,2018-04-02,4113,2018-02-06,1336,434,5,2,5,5,4113,0,0,0,,0,005,"WOODSIDE RD","WOODSIDE RD 950",0.00,,N,A,-,N,,,84,,,,,,,N,3,0,1,2,A,-,09,21804,A,N,D,G,A,A,H,-,A,D,0,,Y,,,Y,,A,01,0,1,0,0,0,0,1,0,0,"- ","- ",37.464141845703125,-122.22530364990234,"SAN MATEO","REDWOOD CITY",-122.22476959228516,37.464019775390625