CASE_ID,ACCIDENT_YEAR,PROC_DATE,JURIS,COLLISION_DATE,COLLISION_TIME,OFFICER_ID,REPORTING_DISTRICT,DAY_OF_WEEK,CHP_SHIFT,POPULATION,CNTY_CITY_LOC,SPECIAL_COND,BEAT_TYPE,CHP_BEAT_TYPE,CITY_DIVISION_LAPD,CHP_BEAT_CLASS,BEAT_NUMBER,PRIMARY_RD,SECONDARY_RD,DISTANCE,DIRECTION,INTERSECTION,WEATHER_1,WEATHER_2,STATE_HWY_IND,CALTRANS_COUNTY,CALTRANS_DISTRICT,STATE_ROUTE,ROUTE_SUFFIX,POSTMILE_PREFIX,POSTMILE,LOCATION_TYPE,RAMP_INTERSECTION,SIDE_OF_HWY,TOW_AWAY,COLLISION_SEVERITY,NUMBER_KILLED,NUMBER_INJURED,PARTY_COUNT,PRIMARY_COLL_FACTOR,PCF_CODE_OF_VIOL,PCF_VIOL_CATEGORY,PCF_VIOLATION,PCF_VIOL_SUBSECTION,HIT_AND_RUN,TYPE_OF_COLLISION,MVIW,PED_ACTION,ROAD_SURFACE,ROAD_COND_1,ROAD_COND_2,LIGHTING,CONTROL_DEVICE,CHP_ROAD_TYPE,PEDESTRIAN_ACCIDENT,BICYCLE_ACCIDENT,MOTORCYCLE_ACCIDENT,TRUCK_ACCIDENT,NOT_PRIVATE_PROPERTY,ALCOHOL_INVOLVED,STWD_VEHTYPE_AT_FAULT,CHP_VEHTYPE_AT_FAULT,COUNT_SEVERE_INJ,COUNT_VISIBLE_INJ,COUNT_COMPLAINT_PAIN,COUNT_PED_KILLED,COUNT_PED_INJURED,COUNT_BICYCLIST_KILLED,COUNT_BICYCLIST_INJURED,COUNT_MC_KILLED,COUNT_MC_INJURED,PRIMARY_RAMP,SECONDARY_RAMP,LATITUDE,LONGITUDE,COUNTY,CITY,POINT_X,POINT_Y
90150923,2016,2016-04-05,9330,2016-03-28,1200,016534,,1,1,5,4116,0,1,2,,2,038,"US-101 S/B","THIRD AVENUE O/C",1584.00,N,N,A,-,Y,,,,,,,,,,Y,4,0,1,1,A,-,08,22107,,N,H,I,A,A,H,-,A,A,0,,,,,Y,,A,01,0,0,1,0,0,0,0,0,0,"- ","- ",,,"SAN MATEO","SAN MATEO",-122.31763254000001,37.574063940000002
90150972,2016,2016-04-05,9330,2016-03-25,1945,019047,,5,2,5,4116,0,1,2,,2,038,"US-101 N/B","PENINSULA AVE",528.00,S,N,A,-,Y,,,,,,,,,,Y,4,0,1,2,A,-,03,22350,,N,C,C,A,A,H,-,C,D,0,,,,,Y,,A,01,0,0,1,0,0,0,0,0,0,"- ","- ",,,"SAN MATEO","SAN MATEO",-122.32734976,37.583281450000001
9015376,2019,2020-02-19,4100,2019-12-16,1225,25144,4100,1,5,4,4115,0,0,0,,0,052,"OLD COUNTY RD","TERMINAL WY",0.00,,Y,A,-,N,,,,,,,,,,Y,3,0,2,2,A,-,09,21801,,N,D,C,A,A,H,-,A,D,0,,,,,Y,Y,A,07,0,2,0,0,0,0,0,0,0,"- ","- ",,,"SAN MATEO","SAN CARLOS",-122.25731658935547,37.505771636962891
90153801,2016,2016-04-08,9330,2016-04-02,1600,020013,,6,2,2,4118,0,1,3,,1,021,"SR-84 W/B","HILDEBRAND ROAD",1056.00,E,N,A,-,Y,,,,,,,,,,N,3,0,1,1,A,-,08,22107,,N,F,A,A,A,H,-,A,D,0,,,Y,,Y,,C,02,0,1,0,0,0,0,0,0,1,"- ","- ",37.336970000000001,-122.26896000000001,"SAN MATEO",WOODSIDE,,
90154667,2016,2016-04-11,9330,2016-04-09,2218,019047,,6,3,5,4116,0,1,3,,2,031,"SR-92 E/B","SR-82 (EL CAMINO REAL)",30.00,E,N,B,-,Y,,,,,,,,,,Y,4,0,1,1,A,-,08,22107,,N,E,I,A,B,H,-,C,D,0,,,,,Y,,A,01,0,0,1,0,0,0,0,0,0,"- ","- ",,,"SAN MATEO","SAN MATEO",,
9015490,2019,2020-03-03,4100,2019-12-10,0713,25163,SNC,2,5,4,4115,0,0,0,,0,052,"OLD COUNTY RD","TAYLOR WY",0.00,,Y,A,-,N,,,,,,,,,,Y,2,0,1,3,A,-,09,21804,,N,B,C,A,A,H,-,A,D,0,,,,Y,Y,,F,76,1,0,0,0,0,0,0,0,0,"- ","- ",,,"SAN MATEO","SAN CARLOS",-122.26538848876953,37.512760162353516
90155078,2016,2016-04-11,9335,2016-03-31,1140,021145,,4,1,6,4106,0,1,1,,2,021,"I-280 S/B","THE KING DRIVE UNDERCROSSING",50.00,S,N,A,-,Y,,,280,,,,,,S,Y,4,0,2,5,A,-,03,22350,,N,C,C,A,A,H,-,A,D,0,,,,,Y,,A,01,0,0,2,0,0,0,0,0,0,"- ","- ",37.651800000000001,-122.45407,"SAN MATEO","DALY CITY",-122.45401921,37.651849579999997
90156619,2016,2016-04-13,9330,2016-04-08,0840,020646,,5,1,5,4116,0,1,2,,2,038,"US 101 S/B","3RD AVE",20.00,N,N,B,C,Y,,,,,,,,,,Y,4,0,1,2,A,-,03,22350,,N,C,C,A,B,H,-,A,D,0,,,,,Y,,A,01,0,0,1,0,0,0,0,0,0,"- ","- ",37.570799999999998,-122.3141,"SAN MATEO","SAN MATEO",,
90157103,2016,2016-04-13,9330,2016-04-10,1240,020554,,7,1,9,4100,0,2,4,,1,051,"MIDDLEFIELD RD.","DUMBARTON AVE.",0.00,,Y,B,-,N,,,,,,,,,,N,4,0,1,2,A,-,09,21802,A,N,D,C,A,A,H,-,A,A,0,,,,,Y,,A,01,0,0,1,0,0,0,0,0,0,"- ","- ",37.475149999999999,-122.20912,"SAN MATEO",UNINCORPORATED,-122.20910992,37.475159949999998
90159054,2016,2016-04-18,9335,2016-04-10,1425,020132,,7,2,5,4117,0,1,2,,2,012,"US-101 N/B","SOUTH AIRPORT BLVD.",700.00,N,N,B,-,Y,,,101,,,,,,N,Y,4,0,1,1,A,-,08,22107,,N,E,I,A,A,H,-,A,D,0,,,,,Y,,A,01,0,0,1,0,0,0,0,0,0,"- ","- ",37.652419999999999,-122.40682,"SAN MATEO","SOUTH SAN FRANCISCO",-122.40689153,37.6524134
90160422,2016,2016-04-19,9335,2016-04-05,1820,020666,,2,2,5,4117,0,1,1,,2,020,"I-280 N/B FROM WESTBOROUGH BLVD W/B","I-280 NB",122.00,S,N,A,-,Y,,,280,,,,R,,N,Y,4,0,2,3,A,-,03,22350,,N,C,C,A,A,H,-,A,A,0,,,,,Y,,D,22,0,0,2,0,0,0,0,0,0,"- ","- ",37.649709999999999,-122.45173,"SAN MATEO","SOUTH SAN FRANCISCO",-122.45173,37.649709999999999
90160604,2016,2016-04-19,9330,2016-04-10,2337,019047,,7,3,4,4115,0,1,2,,2,048,"US-101 S/B","HOLLY ST",200.00,N,N,B,-,Y,,,,,,,,,,Y,3,0,1,1,A,-,08,22107,,N,E,I,A,A,H,-,C,D,0,,,,,Y,,A,07,0,1,0,0,0,0,0,0,0,"- ","- ",,,"SAN MATEO","SAN CARLOS",-122.25667482999999,37.514268430000001
90161511,2016,2016-04-20,9330,2016-04-15,0745,021019,,5,1,5,4113,0,1,2,,2,048,"US-101 N/B","SR 84 (WOODSIDE ROAD)",150.00,N,N,A,-,Y,,,101,,,,,,N,Y,4,0,1,2,A,-,03,22350,,N,C,C,A,A,H,-,A,D,0,,,,,Y,,D,22,0,0,1,0,0,0,0,0,0,"- ","- ",37.489089999999997,-122.21355,"SAN MATEO","REDWOOD CITY",-122.21350855999999,37.489225699999999
90164307,2016,2016-04-25,9335,2016-04-14,2300,016108,,4,3,9,4100,0,3,5,,2,001,"WESTBOROUGH BOULEVARD EASTBOUND","WEST EDGE PROLONGATION OF CAMARITAS AVE",257.00,W,N,A,-,Y,,,,,,,,,,Y,3,0,1,1,A,-,01,23152,A,M,E,I,A,A,H,-,C,D,0,,,,,Y,Y,A,01,0,1,0,0,0,0,0,0,0,"- ","- ",37.654319999999998,-122.43616,"SAN MATEO",UNINCORPORATED,,
90164834,2016,2016-04-25,9330,2016-04-10,0415,021204,,7,3,4,4109,0,1,2,,2,058,"N/B US-101 N/O UNIVERSITY AVE.","UNIVERSITY AVE",1320.00,N,N,C,-,Y,,,101,,,,,,,Y,3,0,1,2,A,-,01,23152,A,N,B,C,A,B,H,-,C,D,0,,,,,Y,Y,A,01,0,1,0,0,0,0,0,0,0,"- ","- ",37.46387,-122.14653,"SAN MATEO","MENLO PARK",-122.14652369,37.463880770000003
90165367,2016,2016-04-26,9330,2016-04-12,1510,016184,,2,2,9,4100,0,3,5,,2,004,"EDGEWOOD RD.","CANADA RD.",0.00,,Y,B,-,N,,,,,,,,,,Y,3,0,1,2,A,-,09,21802,A,N,D,C,A,A,H,-,A,A,0,,,,,Y,,A,01,0,1,0,0,0,0,0,0,0,"- ","- ",37.463799999999999,-122.29796,"SAN MATEO",UNINCORPORATED,-122.29796987,37.463779979999998
90165373,2016,2016-04-26,9330,2016-04-16,0800,019478,,6,1,9,4100,0,1,1,,2,034,"I-280 NB","TROUSDALE DR",528.00,S,N,A,-,Y,,,,,,,,,,Y,4,0,1,1,A,-,08,22107,,N,E,I,A,A,H,-,A,A,0,,,,,Y,,A,01,0,0,1,0,0,0,0,0,0,"- ","- ",,,"SAN MATEO",UNINCORPORATED,-122.40257867,37.579648429999999
90167460,2016,2016-04-28,9335,2016-04-20,1620,021125,,3,2,5,4117,0,1,2,,2,012,"US-101 N/B","OYSTER POINT BLVD. OVER-CROSSING",350.00,S,N,A,-,Y,,,101,,,,,,N,N,4,0,1,2,A,-,03,22350,,N,C,C,A,A,H,-,A,D,0,,,,,Y,,A,01,0,0,1,0,0,0,0,0,0,"- ","- ",37.662999999999997,-122.40003,"SAN MATEO","SOUTH SAN FRANCISCO",-122.40005429,37.66303439
90167462,2016,2016-04-28,9330,2016-04-13,2100,021193,,3,2,9,4100,0,1,3,,1,011,"SR-92 W/B","SR-35 (SKYLINE)",2640.00,E,N,A,-,Y,,,92,,,,,,W,Y,4,0,1,2,A,-,05,21460,A,N,A,C,A,A,H,-,C,D,0,,,,,Y,,D,22,0,0,1,0,0,0,0,0,0,"- ","- ",37.497,-122.36237,"SAN MATEO",UNINCORPORATED,-122.36238538000001,37.496911679999997
90167867,2016,2016-04-28,9335,2016-04-21,1312,020132,,4,1,5,4117,0,1,2,,2,012,"US-101 N/B","OYSTER POINT BLVD OVER-CROSSING",1795.00,N,N,B,-,Y,,,101,,,,,,N,Y,4,0,2,2,A,-,08,22107,,N,E,I,A,A,H,-,A,D,0,,,,,Y,,A,01,0,0,2,0,0,0,0,0,0,"- ","- ",37.667569999999998,-122.39473,"SAN MATEO","SOUTH SAN FRANCISCO",-122.39475363,37.66759244
90170361,2016,2016-05-02,9330,2016-04-23,2110,019047,,6,2,4,4104,0,1,2,,2,038,"US-101 N/B","BROADWAY AVENUE",200.00,S,N,B,-,Y,,,,,,,,,,Y,3,0,1,1,A,-,08,22107,,N,E,I,A,A,H,-,C,D,0,,,,,Y,,A,01,0,1,0,0,0,0,0,0,0,"- ","- ",,,"SAN MATEO",BURLINGAME,-122.36106054,37.590037049999999
90170518,2016,2016-05-02,9335,2016-04-22,1410,020132,,5,2,4,4114,0,1,1,,2,020,"I-280 S/B","AVALON DRIVE UNDER-CROSSING",1320.00,S,N,A,B,Y,,,280,,,,,,S,Y,4,0,2,3,A,-,03,22350,,N,C,C,A,A,H,-,A,D,0,,,,,Y,,A,01,0,0,2,0,0,0,0,0,0,"- ","- ",37.636279999999999,-122.43974,"SAN MATEO","SAN BRUNO",-122.43967214,37.636311710000001
90170650,2016,2016-05-02,9335,2016-04-22,1735,020132,,5,2,4,4114,0,1,1,,2,020,"I-280 N/B","JENEVEIN AVENUE UNDER-CROSSING",500.00,N,N,A,B,Y,,,280,,,,,,N,Y,3,0,3,2,A,-,04,21703,,N,C,C,A,A,H,-,A,D,0,,,,,Y,,A,07,0,2,1,0,0,0,0,0,0,"- ","- ",37.619,-122.42492,"SAN MATEO","SAN BRUNO",-122.42486196999999,37.619033039999998
90171109,2016,2016-05-03,9335,2016-04-20,0513,016118,,3,3,6,4106,0,1,1,,2,021,"I-280 S/B","KING DRIVE U/C",100.00,S,N,B,-,Y,,,,,,,,,,Y,3,0,2,3,A,-,03,22350,,N,C,C,A,A,H,-,D,D,0,,,,,Y,,A,01,0,2,0,0,0,0,0,0,0,"- ","- ",,,"SAN MATEO","DALY CITY",-122.45393496,37.65180496
90173477,2016,2016-05-05,9330,2016-05-03,1425,016534,,2,2,5,4116,0,1,2,,2,038,"US-101 S/B","SR-92 O/C",528.00,N,N,A,-,Y,,,,,,,,,,Y,3,0,1,2,A,-,08,22107,,N,B,C,A,A,H,-,A,A,0,,,Y,,Y,,A,01,0,1,0,0,0,0,0,0,1,"- ","- ",,,"SAN MATEO","SAN MATEO",-122.29598,37.553400000000003
90174206,2016,2016-05-06,9330,2016-04-16,1445,021019,,6,2,9,4100,0,1,3,,2,042,SR-35,SR-92,7920.00,S,N,A,-,Y,,,35,,,,,,,N,3,0,1,2,A,-,03,22350,,N,C,C,A,A,H,-,A,D,0,,,Y,,Y,,C,02,0,1,0,0,0,0,0,0,1,"- ","- ",37.482680000000002,-122.35899999999999,"SAN MATEO",UNINCORPORATED,-122.35899048,37.482673900000002
90174370,2016,2016-05-06,9335,2016-04-24,1225,021145,,7,1,6,4106,0,1,1,,2,021,"19TH AVE. OFF-RAMP","THEJOHN DALY BLVD. OVERCROSSING",1056.00,S,N,A,-,Y,,,,,,,,,,Y,3,0,1,2,A,-,03,22350,,N,C,C,A,A,H,-,A,D,0,,,,,Y,,A,01,0,1,0,0,0,0,0,0,0,"- ","- ",37.701740000000001,-122.47143,"SAN MATEO","DALY CITY",,
90174958,2016,2016-05-09,9335,2016-04-29,1615,021145,,5,2,4,4114,0,1,1,,2,020,"I-280 N/B","SAN BRUNO AVE.",500.00,S,N,A,-,Y,,,280,,,,,,N,Y,4,0,1,2,A,-,03,22350,,N,C,C,A,A,H,-,A,D,0,,,,,Y,,A,01,0,0,1,0,0,0,0,0,0,"- ","- ",37.623130000000003,-122.4276,"SAN MATEO","SAN BRUNO",-122.42756665,37.623151409999998
90175258,2016,2016-05-09,9335,2016-04-30,0540,019581,,6,3,2,4103,0,1,2,,2,012,"US-101 N/B","ALANA RD",250.00,S,N,A,-,Y,,,101,,,,,,N,Y,2,0,1,2,A,-,01,23152,A,N,C,C,A,A,H,-,B,D,0,,,,,Y,Y,A,07,1,0,0,0,0,0,0,0,0,"- ","- ",37.708159999999999,-122.3947,"SAN MATEO",BRISBANE,-122.39480571,37.708136369999998
9017841,2019,2020-01-17,4116,2019-10-10,1422,27730,24,4,5,5,4116,0,0,0,,0,00A,"604 9TH AV","9TH AV 604",0.00,,N,A,-,N,,,,,,,,,,N,3,0,1,2,A,-,05,21650,,N,H,G,A,A,H,-,A,D,0,,Y,,,Y,,L,04,0,1,0,0,0,0,1,0,0,"- ","- ",37.559120178222656,-122.32180786132812,"SAN MATEO","SAN MATEO",-122.31538,37.563377000000003
90179638,2016,2016-05-16,9330,2016-04-18,1850,016184,,1,2,4,4120,0,1,3,,1,035,"SR-92 EASTBOUND","SAN MATEO COUNTY LINE",1056.00,W,N,A,-,Y,,,,,,,,,,N,4,0,1,2,A,-,03,22350,,F,F,A,A,A,H,-,A,D,0,,,Y,,Y,,C,02,0,0,1,0,0,0,0,0,1,"- ","- ",,,"SAN MATEO","FOSTER CITY",,
90179824,2016,2016-05-16,9335,2016-05-06,1745,020509,,5,2,9,4100,0,1,2,,2,011,"US-101 S/B FROM SAN BRUNO AVE","SAN BRUNO AVE",1795.00,S,N,B,-,Y,,,101,,,,R,,S,Y,4,0,1,2,A,-,03,22350,,N,B,C,A,A,H,-,A,D,0,,,,,Y,Y,A,01,0,0,1,0,0,0,0,0,0,"- ","- ",37.626049999999999,-122.40235,"SAN MATEO",UNINCORPORATED,-122.40235,37.626049999999999
90180100,2016,2016-05-16,9335,2016-05-07,1505,019581,,6,2,6,4106,0,1,3,,2,041,"SR-1 S/B","SOUTHGATE AVE",500.00,S,N,B,-,Y,,,1,,,,,,S,Y,3,0,2,2,A,-,08,22107,,N,C,C,A,A,H,-,A,D,0,,,,,Y,,A,01,0,1,1,0,0,0,0,0,0,"- ","- ",37.674549999999996,-122.47386,"SAN MATEO","DALY CITY",-122.47373392999999,37.674471009999998
90180410,2016,2016-05-16,9330,2016-04-25,0905,020106,,1,1,5,4116,0,1,2,,2,048,"US-101 S/B","HILLSDALE BLVD.",500.00,S,N,A,-,Y,,,,,,,,,,Y,4,0,1,2,A,-,03,22350,,N,C,A,A,A,H,-,A,D,0,,,,,Y,,A,01,0,0,1,0,0,0,0,0,0,"- ","- ",,,"SAN MATEO","SAN MATEO",-122.28797,37.544449999999998
90182925,2016,2016-05-19,9335,2016-05-13,0030,016108,,5,3,4,4114,0,1,1,,2,020,"I-280 NORTHBOUND","SNEATH LANE OVER-CROSSING",100.00,S,N,B,-,Y,,,,,,,,,,N,4,0,1,2,A,-,07,21658,,N,C,C,A,A,H,-,D,D,0,,,,,Y,,A,01,0,0,1,0,0,0,0,0,0,"- ","- ",,,"SAN MATEO","SAN BRUNO",,
9018350,2020,2020-03-11,4100,2020-01-01,0418,25056,5A,3,5,3,4107,0,0,0,,0,075,"S CABRILLO HWY","DOLORES AV",250.00,N,N,B,-,N,,,,,,,,,,N,2,0,1,1,A,-,01,23152,,N,E,I,A,A,H,-,D,D,0,,,,,Y,Y,A,01,1,0,0,0,0,0,0,0,0,"- ","- ",,,"SAN MATEO","HALF MOON BAY",-122.42819976806641,37.443370819091797
90184586,2016,2016-05-23,9330,2016-05-11,0840,016534,,3,1,9,4100,0,3,5,,2,004,"CANADA ROAD","I-280 O/C",1056.00,S,N,B,-,Y,,,,,,,,,,Y,4,0,1,2,A,-,08,22107,,N,A,C,A,A,H,-,A,A,0,,,,,Y,,A,01,0,0,1,0,0,0,0,0,0,"- ","- ",,,"SAN MATEO",UNINCORPORATED,-122.28813896,37.458188180000001
90185303,2016,2016-05-23,9330,2016-05-12,1815,020041,,4,2,9,4100,0,1,1,,2,044,"I-280 N/B","EDGEWOOD ROAD",20.00,N,N,A,-,Y,,,280,,,,,,N,Y,3,0,1,1,A,-,08,22107,,N,E,I,A,A,H,-,A,D,0,,,,,Y,,A,07,0,1,0,0,0,0,0,0,0,"- ","- ",37.468730000000001,-122.29225,"SAN MATEO",UNINCORPORATED,-122.29230284,37.468694259999999
9018654,2019,2020-02-18,4127,2019-09-22,0642,2233,4127,7,5,4,4127,0,0,0,,0,002,"COOLEY AV","WEEKS ST",184.00,E,N,A,-,N,,,,,,,,,,Y,3,0,1,2,A,-,08,22107,,N,B,E,A,A,H,-,A,D,0,,,,,Y,,A,01,0,1,0,0,0,0,0,0,0,"- ","- ",,,"SAN MATEO","EAST PALO ALTO",-122.13945007324219,37.470100402832031
90186692,2016,2016-05-25,9330,2016-05-15,1530,020580,,7,2,9,4100,0,1,3,,1,010,"3RD ST.","FARALLONE AVE.",129.00,W,N,B,-,N,,,,,,,,,,Y,3,0,1,2,A,-,01,23152,A,N,B,E,A,A,H,-,A,D,0,,,,,Y,Y,A,08,0,1,0,0,0,0,0,0,0,"- ","- ",37.544280000000001,-122.5129,"SAN MATEO",UNINCORPORATED,-122.51280298,37.544196399999997
90187909,2016,2016-05-26,9330,2016-05-19,0730,021204,,4,1,5,4113,0,1,2,,2,058,"US-101 N/B","WOODSIDE ROAD",0.00,,Y,A,-,Y,,,101,,,,,,N,N,3,0,1,3,A,-,03,22350,,N,C,C,A,A,H,-,A,D,0,,,,,Y,,A,01,0,1,0,0,0,0,0,0,0,"- ","- ",37.489319999999999,-122.21348,"SAN MATEO","REDWOOD CITY",-122.21350878,37.489225769999997
90188199,2016,2016-05-26,9330,2016-05-19,0240,016993,,4,3,9,4100,0,1,1,,2,054,"I-280 N/B","SR 84 (WOODSIDE ROAD)",20.00,S,N,A,-,Y,,,,,,,,,,Y,4,0,1,1,C,-,18,,,N,E,J,A,A,H,-,C,D,0,,,,,Y,,-,"- ",0,0,1,0,0,0,0,0,0,"- ","- ",37.435200000000002,-122.2428,"SAN MATEO",UNINCORPORATED,,
9018838,2020,2020-03-17,4111,2020-01-02,1057,P5104,P06,4,5,4,4111,0,0,0,,0,0P1,"OCEANA BL","AVALON DR",290.00,N,N,A,-,N,,,,,,,,,,N,4,0,1,2,A,-,21,22106,,N,B,C,A,A,H,-,A,D,0,,,Y,,Y,,A,01,0,0,1,0,0,0,0,0,1,"- ","- ",,,"SAN MATEO",PACIFICA,-122.49081420898438,37.647960662841797
90190312,2016,2016-05-31,9330,2016-05-18,0005,020041,,3,3,9,4100,0,1,3,,1,010,SR-1,"CORONADO STREET",500.00,S,N,A,-,Y,,,1,,,,,,,Y,4,0,2,1,A,-,01,23152,A,N,E,I,A,A,H,-,C,D,0,,,,,Y,Y,A,01,0,0,2,0,0,0,0,0,0,"- ","- ",37.498869999999997,-122.46510000000001,"SAN MATEO",UNINCORPORATED,-122.4650967,37.498878529999999
90190775,2016,2016-05-31,9335,2016-05-13,0017,021147,,5,3,4,4114,0,1,1,,2,038,"I-380 W/B TO I-280 N/B","PICCADILLY PL",6.00,W,N,A,-,Y,,,380,,,,R,,W,N,3,0,1,1,A,-,01,23152,A,N,E,I,A,A,H,-,C,D,0,,,,,Y,Y,A,01,0,1,0,0,0,0,0,0,0,"- ","- ",37.629249999999999,-122.43225,"SAN MATEO","SAN BRUNO",-122.43225,37.629249999999999
90190782,2016,2016-05-31,9330,2016-05-07,1255,021204,,6,1,5,4113,0,1,2,,2,048,"US-101 N/B","WHIPPLE AVENUE",0.00,,Y,B,C,Y,,,101,,,,,,N,Y,3,0,4,3,A,-,03,22350,,N,B,C,A,B,H,-,A,D,0,,,,,Y,,A,01,0,1,3,0,0,0,0,0,0,"- ","- ",37.496600000000001,-122.23323000000001,"SAN MATEO","REDWOOD CITY",-122.23327086,37.496458869999998
90190811,2016,2016-05-31,9330,2016-05-17,2100,019691,,2,2,9,4100,0,1,3,,1,020,"SR-1 S/B",PESCADERO,5280.00,S,N,A,-,Y,,,,,,,,,,Y,4,0,1,2,A,-,03,22350,,N,C,C,A,A,H,-,D,D,0,,,Y,,Y,,C,02,0,0,1,0,0,0,0,0,1,"- ","- ",,,"SAN MATEO",UNINCORPORATED,,
90191488,2016,2016-05-31,9330,2016-05-23,1520,021193,,1,2,5,4113,0,1,2,,2,048,"US-101 SOUTHBOUND","MAPLE ST O/C",1564.00,N,N,A,-,Y,,,101,,,,,,S,Y,3,0,4,7,A,-,03,22350,,N,C,C,A,A,H,-,A,D,0,,,,Y,Y,,F,26,0,1,3,0,0,0,0,0,0,"- ","- ",37.493450000000003,-122.22416,"SAN MATEO","REDWOOD CITY",-122.22412868000001,37.49352657
90191919,2016,2016-06-01,9330,2016-05-25,1705,020207,,3,2,3,4110,0,1,2,,2,038,"US-101 S/B","MILLBRAE AVE",1000.00,N,N,A,-,Y,,,,,,,,,,N,4,0,1,3,A,-,03,22350,,N,C,C,A,A,H,-,A,D,0,,,,,Y,,A,07,0,0,1,0,0,0,0,0,0,"- ","- ",,,"SAN MATEO",MILLBRAE,-122.38315753000001,37.604224690000002
9019269,2019,2020-01-23,4127,2019-10-15,2242,2243,27,2,5,4,4127,0,0,0,,0,,"DONOHOE ST","COOLEY AV",6.00,E,N,A,-,N,,,,,,,,,,N,4,0,1,2,A,-,21,22106,,M,H,C,A,A,H,-,C,A,0,,,,,Y,,A,01,0,0,1,0,0,0,0,0,0,"- ","- ",,,"SAN MATEO","EAST PALO ALTO",-122.13922882080078,37.462528228759766
90193419,2016,2016-06-02,9335,2016-05-20,1104,021293,,5,1,5,4117,0,1,2,,2,012,"US 101 SOUTHBOUND","SOUTH AIRPORT BLVD U/C",120.00,S,N,A,-,Y,,,,,,,,,,Y,4,0,1,2,A,-,17,23114,A,N,C,C,A,A,H,-,A,D,0,,,,,Y,,I,11,0,0,1,0,0,0,0,0,0,"- ","- ",37.385860000000001,-122.24245999999999,"SAN MATEO","SOUTH SAN FRANCISCO",-122.40683189000001,37.649681090000001
90196001,2016,2016-06-07,9330,2016-05-29,0124,019047,,7,3,5,4116,0,1,2,,2,038,"US-101 S/B","PENINSULA AVE",1056.00,N,N,A,-,Y,,,,,,,,,,Y,4,0,3,2,C,-,18,,,N,A,C,A,A,H,-,C,D,0,,,,,Y,,-,"- ",0,0,3,0,0,0,0,0,0,"- ","- ",,,"SAN MATEO","SAN MATEO",-122.33145905000001,37.58612445
90196112,2016,2016-06-07,9330,2016-05-28,2140,020662,,6,2,9,4100,0,3,5,,2,505,"CALVIN AVE.","BERKSHIRE AVE",100.00,N,N,A,-,N,,,,,,,,,,N,3,0,1,2,A,-,03,22350,,F,G,B,D,A,H,-,C,D,0,Y,,,,Y,,-,99,0,1,0,0,1,0,0,0,0,"- ","- ",37.472880000000004,-122.20974,"SAN MATEO",UNINCORPORATED,-122.20967276,37.472837810000001
90196830,2016,2016-06-08,9330,2016-05-31,1940,021197,,2,2,9,4100,0,1,3,,1,021,"SR-84 (WOODSIDE RD.) WESTBOUND","SR-35 (SKYLINE RD.)",100.00,W,N,A,-,Y,,,,,,,,,,Y,4,0,1,1,A,-,08,22107,,N,E,I,A,A,H,-,A,D,0,,,,,Y,,A,01,0,0,1,0,0,0,0,0,0,"- ","- ",37.386099999999999,-122.26553,"SAN MATEO",UNINCORPORATED,,
90201352,2016,2016-06-14,9330,2016-06-04,1410,020465,,6,2,5,4116,0,1,3,,2,031,"SR-92 W/B TO EL CAMINO REAL N/B","EL CAMINO REAL",409.00,E,N,A,-,Y,,,92,,,,R,,W,Y,4,0,1,3,A,-,03,22350,,N,C,C,A,A,H,-,A,D,0,,,,,Y,,D,22,0,0,1,0,0,0,0,0,0,"- ","- ",37.551160000000003,-122.31115,"SAN MATEO","SAN MATEO",-122.31115,37.551160000000003
90202342,2016,2016-06-15,9330,2016-06-08,0200,020272,,3,3,4,4104,0,1,2,,2,038,"US-101 S/B","BROADWAY AVE",1056.00,S,N,A,-,Y,,,101,,,,,,S,N,4,0,1,1,C,-,18,,,N,E,J,A,A,H,-,C,D,0,,,,,Y,,-,"- ",0,0,1,0,0,0,0,0,0,"- ","- ",37.58717,-122.35442,"SAN MATEO",BURLINGAME,-122.3544072,37.587255640000002
90205575,2016,2016-06-20,9330,2016-06-09,0710,016534,,4,1,5,4116,0,1,2,,2,038,"US-101 S/B","SR-92 O/C",528.00,N,N,B,-,Y,,,,,,,,,,N,4,0,1,2,A,-,03,22350,,N,C,C,A,A,H,-,A,A,0,,,,,Y,,D,22,0,0,1,0,0,0,0,0,0,"- ","- ",,,"SAN MATEO","SAN MATEO",-122.29598,37.553400000000003
9020646,2019,2020-03-11,4117,2019-12-18,0930,5RR05,21AL,3,5,5,4117,0,0,0,,0,003,"RT 82","HICKEY BL",30.00,S,N,B,-,Y,SM,4,82,-,-,21.900,H,-,S,Y,2,0,1,2,A,-,08,22107,,N,H,A,A,B,H,-,A,D,0,,,Y,,Y,,A,07,1,0,0,0,0,0,0,0,1,"- ","- ",37.666259765625,-122.45095062255859,"SAN MATEO","SOUTH SAN FRANCISCO",-122.45117950439453,37.666316986083984
9020696,2019,2020-06-30,4114,2019-11-10,2116,0032,SNB36,7,5,4,4114,0,0,0,,0,003,"SKYLINE BL","SHARP PARK RD",0.00,,Y,E,-,Y,SM,4,35,-,-,26.234,I,5,N,Y,4,0,1,2,A,-,12,21453,A,N,D,C,A,A,H,-,C,A,0,,,,,Y,,A,01,0,0,1,0,0,0,0,0,0,"- ","- ",,,"SAN MATEO","SAN BRUNO",-122.464111328125,37.638916015625
90208205,2016,2016-06-23,9330,2016-06-22,1700,021204,,3,2,5,4113,0,1,2,,2,058,"US-101 S/B","MAPLE ST O/C",20.00,S,N,A,-,Y,,,101,,,,,,S,N,4,0,1,2,A,-,03,22350,,N,C,C,A,A,H,-,A,D,0,,,,,Y,,A,01,0,0,1,0,0,0,0,0,0,"- ","- ",37.49183,-122.22033999999999,"SAN MATEO","REDWOOD CITY",-122.22033374999999,37.491843830000001