CASE_ID,ACCIDENT_YEAR,PROC_DATE,JURIS,COLLISION_DATE,COLLISION_TIME,OFFICER_ID,REPORTING_DISTRICT,DAY_OF_WEEK,CHP_SHIFT,POPULATION,CNTY_CITY_LOC,SPECIAL_COND,BEAT_TYPE,CHP_BEAT_TYPE,CITY_DIVISION_LAPD,CHP_BEAT_CLASS,BEAT_NUMBER,PRIMARY_RD,SECONDARY_RD,DISTANCE,DIRECTION,INTERSECTION,WEATHER_1,WEATHER_2,STATE_HWY_IND,CALTRANS_COUNTY,CALTRANS_DISTRICT,STATE_ROUTE,ROUTE_SUFFIX,POSTMILE_PREFIX,POSTMILE,LOCATION_TYPE,RAMP_INTERSECTION,SIDE_OF_HWY,TOW_AWAY,COLLISION_SEVERITY,NUMBER_KILLED,NUMBER_INJURED,PARTY_COUNT,PRIMARY_COLL_FACTOR,PCF_CODE_OF_VIOL,PCF_VIOL_CATEGORY,PCF_VIOLATION,PCF_VIOL_SUBSECTION,HIT_AND_RUN,TYPE_OF_COLLISION,MVIW,PED_ACTION,ROAD_SURFACE,ROAD_COND_1,ROAD_COND_2,LIGHTING,CONTROL_DEVICE,CHP_ROAD_TYPE,PEDESTRIAN_ACCIDENT,BICYCLE_ACCIDENT,MOTORCYCLE_ACCIDENT,TRUCK_ACCIDENT,NOT_PRIVATE_PROPERTY,ALCOHOL_INVOLVED,STWD_VEHTYPE_AT_FAULT,CHP_VEHTYPE_AT_FAULT,COUNT_SEVERE_INJ,COUNT_VISIBLE_INJ,COUNT_COMPLAINT_PAIN,COUNT_PED_KILLED,COUNT_PED_INJURED,COUNT_BICYCLIST_KILLED,COUNT_BICYCLIST_INJURED,COUNT_MC_KILLED,COUNT_MC_INJURED,PRIMARY_RAMP,SECONDARY_RAMP,LATITUDE,LONGITUDE,COUNTY,CITY,POINT_X,POINT_Y
9032193,2019,2020-02-04,4113,2019-12-18,1449,351,5,3,5,5,4113,0,0,0,,0,005,"EL CAMINO REAL","CHARTER AVE",0.00,,Y,B,C,N,,,82,,,,,,,Y,2,0,1,2,A,-,10,21950,A,N,A,B,B,B,H,-,A,A,0,Y,,,,Y,,A,01,1,0,0,0,1,0,0,0,0,"- ","- ",37.474639892578125,-122.21941375732422,"SAN MATEO","REDWOOD CITY",-122.21937561035156,37.474689483642578
90322063,2016,2016-11-17,9330,2016-07-29,2025,020894,,5,2,5,4113,0,1,2,,2,048,"US-101 SOUTHBOUND","WHIPPLE AVE",1886.00,N,N,A,-,Y,,,101,,,,,,S,Y,1,1,2,2,A,-,07,21658,A,N,B,C,A,A,H,-,B,D,0,,,,,Y,,A,01,0,2,0,0,0,0,0,0,0,"- ","- ",37.498489999999997,-122.23873,"SAN MATEO","REDWOOD CITY",-122.23870143000001,37.49853049
9032248,2019,2020-11-05,4113,2019-11-21,1546,384,5,4,5,5,4113,0,0,0,,0,005,"WOODSIDE RD","ATHERWOOD AV",99.00,E,N,A,-,N,,,84,,,,,,,N,3,0,1,3,A,-,08,22107,,N,B,G,A,A,H,-,A,A,0,,Y,,,Y,,A,01,0,1,0,0,0,0,1,0,0,"- ","- ",37.46112060546875,-122.22535705566406,"SAN MATEO","REDWOOD CITY",-122.22544097900391,37.461143493652344
90325234,2016,2016-11-21,9330,2016-11-03,1340,021204,,4,1,9,4100,0,1,3,,2,031,"SR-92 W/B",I-280,2112.00,E,N,A,-,Y,,,92,,,,,,W,Y,4,0,1,1,A,-,01,23152,A,N,E,I,A,A,H,-,A,D,0,,,,,Y,Y,A,01,0,0,1,0,0,0,0,0,0,"- ","- ",37.511000000000003,-122.33199999999999,"SAN MATEO",UNINCORPORATED,-122.33204393,37.5110533
90326843,2016,2016-11-22,9330,2016-09-14,1944,015311,,3,2,9,4100,0,1,3,,1,010,"AVENIDA ALHAMBRA","CAPISTRANO AVE",0.00,,Y,A,-,N,,,,,,,,,,N,3,0,1,2,A,-,12,22450,A,N,A,G,A,A,H,-,D,A,0,,Y,,,Y,Y,L,04,0,1,0,0,0,0,1,0,0,"- ","- ",37.505659999999999,-122.48056,"SAN MATEO",UNINCORPORATED,-122.48078992000001,37.505729930000001
90327988,2016,2016-11-22,9335,2016-11-10,1740,016118,,4,2,4,4114,0,1,1,,2,020,"I-280 N/B","SAN BRUNO AVENUE OFF-RAMP",200.00,S,N,B,-,Y,,,,,,,,,,Y,3,0,1,2,A,-,07,21658,A,N,C,C,A,A,H,-,D,D,0,,,,,Y,,A,08,0,1,0,0,0,0,0,0,0,"- ","- ",,,"SAN MATEO","SAN BRUNO",,
90329881,2016,2016-12-05,9335,2016-11-11,0345,020658,,5,3,9,4100,0,1,2,,2,011,"US-101 N/B","NORTH ACCESS ROAD OVER-CROSSING",344.00,S,N,A,-,Y,,,101,,,,,,N,Y,3,0,1,2,A,-,01,23152,A,N,C,C,A,A,H,-,C,D,0,,,,,Y,Y,A,01,0,1,0,0,0,0,0,0,0,"- ","- ",37.634749999999997,-122.40312,"SAN MATEO",UNINCORPORATED,-122.40314872,37.634741339999998
90330285,2016,2016-11-28,9330,2016-11-13,1440,020580,,7,2,9,4100,0,1,1,,2,054,"I-280 N/B","SAND HILL RD.",3975.00,N,N,A,-,Y,,,280,,,,,,N,Y,4,0,1,1,A,-,08,22107,,N,F,A,A,A,H,-,A,D,0,,,,,Y,,A,07,0,0,1,0,0,0,0,0,0,"- ","- ",37.425910000000002,-122.23103999999999,"SAN MATEO",UNINCORPORATED,-122.23096046000001,37.426001040000003
90331047,2016,2016-11-28,9335,2016-11-16,1040,019987,,3,1,5,4117,0,1,2,,2,012,"US-101 N/B","GRAND AVENUE OFF-RAMP",300.00,N,N,A,-,Y,,,101,,,,,,N,Y,3,0,1,3,A,-,03,22350,,N,C,C,A,A,H,-,A,D,0,,,,,Y,,A,01,0,1,0,0,0,0,0,0,0,"- ","- ",37.652500000000003,-122.4067,"SAN MATEO","SOUTH SAN FRANCISCO",-122.40689783000001,37.652481739999999
90331400,2016,2016-11-29,9335,2016-11-19,1147,020384,,6,1,4,4114,0,1,1,,2,038,"I-380 E/B TO N/B US-101",US-101,0.00,,N,B,C,Y,,,380,,,,R,,E,Y,4,0,1,3,A,-,03,22350,,N,C,C,A,B,H,-,A,D,0,,,,,Y,,A,01,0,0,1,0,0,0,0,0,0,"- ","- ",37.634079999999997,-122.40662,"SAN MATEO","SAN BRUNO",-122.40662,37.634079999999997
90332049,2016,2016-11-29,9330,2016-11-05,1625,021319,,6,2,9,4100,0,1,3,,2,042,SR-35,SR-92,1800.00,S,N,A,-,Y,,,35,,,,,,,Y,4,0,1,2,A,-,08,22107,,N,E,C,A,A,H,-,A,D,0,,,Y,,Y,,C,02,0,0,1,0,0,0,0,0,1,"- ","- ",37.491889999999998,-122.36454000000001,"SAN MATEO",UNINCORPORATED,-122.36451819,37.491899289999999
90332744,2016,2016-11-30,9335,2016-11-20,1130,020435,,7,1,4,4111,0,1,3,,2,041,"SR-1 S/B","MANOR DR OFF-RAMP",2640.00,N,N,A,-,Y,,,1,,,,,,S,Y,4,0,1,1,A,-,08,22107,,N,E,I,A,B,H,-,A,D,0,,,,,Y,,A,01,0,0,1,0,0,0,0,0,0,"- ","- ",37.657910000000001,-122.48573,"SAN MATEO",PACIFICA,-122.48574016000001,37.65795688
90332813,2016,2016-11-30,9330,2016-11-17,1215,021204,,4,1,5,4113,0,1,2,,2,048,"US-101 N/B","WOODSIDE RD",528.00,N,N,A,-,Y,,,101,,,,,,N,Y,4,0,1,2,A,-,07,21658,A,N,B,C,A,A,H,-,A,D,0,,,,,Y,,A,01,0,0,1,0,0,0,0,0,0,"- ","- ",37.491100000000003,-122.2182,"SAN MATEO","REDWOOD CITY",-122.21820193000001,37.491095549999997
90333111,2016,2016-11-30,9330,2016-11-16,1801,021337,,3,2,5,4116,0,1,2,,2,048,"US-101 S/B","HILLSDALE BLVD.",2112.00,N,N,B,-,Y,,,101,,,,,,S,Y,4,0,1,2,A,-,03,22350,,N,C,C,A,A,H,-,D,D,0,,,,,Y,Y,A,01,0,0,1,0,0,0,0,0,0,"- ","- ",37.549370000000003,-122.29257,"SAN MATEO","SAN MATEO",-122.29256133,37.549378140000002
90334233,2016,2016-12-01,9330,2016-11-20,1120,020580,,7,1,9,4100,0,1,1,,2,044,"I-280 S/B","EDGEWOOD RD.",8448.00,S,N,C,-,Y,,,280,,,,,,S,Y,3,0,1,1,A,-,03,22350,,N,E,I,A,B,H,-,A,D,0,,,,,Y,,A,01,0,1,0,0,0,0,0,0,0,"- ","- ",37.494929999999997,-122.30803,"SAN MATEO",UNINCORPORATED,-122.30801412,37.494997050000002
90334367,2016,2016-12-01,9330,2016-11-29,1645,020319,,2,2,4,4115,0,1,2,,2,048,"US-101 SB","WHIPPLE AVE",1500.00,N,N,A,-,Y,,,101,,,,,,S,Y,2,0,1,2,A,-,07,21658,A,F,B,C,A,A,H,-,D,D,0,,,Y,,Y,,A,01,1,0,0,0,0,0,0,0,1,"- ","- ",37.50197,-122.24275,"SAN MATEO","SAN CARLOS",-122.24274914999999,37.50197094
90334818,2016,2016-12-01,9330,2016-11-26,1530,021204,,6,2,9,4100,0,1,1,,2,044,"I-280 N/B","VISTA 3",2640.00,N,N,B,C,Y,,,,,,,,,,Y,4,0,1,1,A,-,03,22350,,N,E,I,A,B,H,-,A,D,0,,,,,Y,,A,01,0,0,1,0,0,0,0,0,0,"- ","- ",37.493099999999998,-122.3212,"SAN MATEO",UNINCORPORATED,,
90335652,2016,2016-12-02,9330,2016-11-23,2330,020322,,3,3,4,4109,0,1,2,,2,058,"US-101 N/B","SR-84 (WOODSIDE ROAD)",1200.00,S,N,A,-,Y,,,,,,,,,,Y,4,0,1,1,A,-,08,22107,,N,F,I,A,A,H,-,D,D,0,,,,,Y,,A,01,0,0,1,0,0,0,0,0,0,"- ","- ",37.48695,-122.19962,"SAN MATEO","MENLO PARK",,
90337366,2016,2016-12-06,9330,2016-10-20,1800,021315,,4,2,9,4100,0,1,1,,2,054,"I-280 S/B","FARM HILL RD.",528.00,S,N,A,-,Y,,,,,,,,,,Y,3,0,1,3,A,-,03,22350,,N,C,C,A,A,H,-,B,D,0,,,,,Y,,D,22,0,1,0,0,0,0,0,0,0,"- ","- ",37.443600000000004,-122.2634,"SAN MATEO",UNINCORPORATED,-122.26387,37.443570000000001
90337413,2016,2016-12-06,9330,2016-12-01,1000,021319,,4,1,3,4110,0,1,1,,2,034,"I-280 S/B","TROUSDALE AVE",50.00,S,N,A,-,Y,,,280,,,,,,S,Y,4,0,2,2,A,-,03,22350,,N,C,C,A,A,H,-,A,D,0,,,,,Y,,A,01,0,0,2,0,0,0,0,0,0,"- ","- ",37.579770000000003,-122.40358999999999,"SAN MATEO",MILLBRAE,-122.40357126000001,37.579780270000001
90339662,2016,2016-12-07,9335,2016-11-27,0610,020201,,7,1,6,4106,0,1,3,,2,041,"SR-1 NORTHBOUND","SKYLINE BLVD. OVER-CROSSING",1000.00,S,N,B,-,Y,,,1,,,,,,N,Y,4,0,1,1,A,-,03,22350,,N,E,I,A,B,H,-,A,D,0,,,,,Y,,D,22,0,0,1,0,0,0,0,0,0,"- ","- ",37.66572,-122.48555,"SAN MATEO","DALY CITY",-122.48548778999999,37.66570918
90341875,2016,2016-12-12,9335,2016-11-30,1802,015042,,3,2,9,4100,0,1,2,,2,011,"U.S.101 N/B","SAN BRUNO AVENUE OFF RAMP",200.00,S,N,A,-,Y,,,,,,,,,,Y,4,0,1,2,A,-,03,22350,,N,C,C,A,A,H,-,C,D,0,,,,,Y,,A,01,0,0,1,0,0,0,0,0,0,"- ","- ",,,"SAN MATEO",UNINCORPORATED,,
90342798,2016,2016-12-12,9335,2016-11-23,1600,016118,,3,2,6,4106,0,1,1,,2,021,"I-280 N/B","WASHINGTON ST ON-RAMP",100.00,N,N,A,-,Y,,,,,,,,,,Y,3,0,2,3,A,-,01,23152,A,N,C,C,A,A,H,-,A,D,0,,,,,Y,Y,A,01,0,1,1,0,0,0,0,0,0,"- ","- ",,,"SAN MATEO","DALY CITY",,
90343316,2016,2016-12-13,9330,2016-11-28,1555,020056,,1,2,5,4116,0,1,3,,2,031,"SR-92 W/B","ALAMEDA DE LAS PULGAS",1000.00,E,N,A,-,Y,,,92,,,,,,W,Y,4,0,2,2,A,-,08,22107,,N,C,C,A,A,H,-,A,D,0,,,,,Y,,A,01,0,0,2,0,0,0,0,0,0,"- ","- ",37.547829999999998,-122.31986999999999,"SAN MATEO","SAN MATEO",-122.31984552999999,37.547727979999998
9034437,2019,2020-05-28,4106,2019-05-25,1740,2035,,6,5,6,4106,0,0,0,,0,004,"SKYLINE BL","WESTRIDGE AV",0.00,,Y,A,-,Y,SM,4,35,-,-,30.290,H,-,S,N,3,0,1,1,C,-,18,,,N,H,A,A,A,H,-,A,D,0,,,,,Y,,-,"- ",0,1,0,0,0,0,0,0,0,"- ","- ",,,"SAN MATEO","DALY CITY",-122.49307250976562,37.690708160400391
9034452,2019,2020-07-13,4100,2019-12-18,2128,17300,5D,3,5,3,4107,0,0,0,,0,075,"SAN MATEO RD","MAIN ST",2112.00,E,N,B,-,Y,SM,4,92,-,-,0.600,H,-,E,Y,3,0,2,2,A,-,05,21460,,N,B,C,A,B,H,-,D,D,0,,,,,Y,,A,07,0,2,0,0,0,0,0,0,0,"- ","- ",,,"SAN MATEO","HALF MOON BAY",-122.42334747314453,37.469890594482422
90344710,2016,2016-12-14,9330,2016-12-10,0940,021265,,6,1,4,4109,0,1,2,,2,058,"US-101 SOUTHBOUND","WILLOW RD",300.00,S,N,C,-,Y,,,,,,,,,,Y,4,0,3,3,A,-,00,2230,,N,D,C,A,B,H,-,A,D,0,,,,,Y,,A,01,0,0,3,0,0,0,0,0,0,"- ","- ",,,"SAN MATEO","MENLO PARK",-122.15447846000001,37.468330379999998
9035033,2020,2020-10-20,4116,2020-01-13,1700,28187,13,1,5,5,4116,0,0,0,,0,0DT,"SOUTH EL CAMINO REAL","2ND AV",20.00,E,N,A,-,Y,SM,4,82,-,-,11.781,I,5,S,N,3,0,1,2,A,-,10,21950,A,N,G,B,B,A,H,-,C,A,0,Y,,,,Y,,-,,0,1,0,0,1,0,0,0,0,"- ","- ",37.563690185546875,-122.32673645019531,"SAN MATEO","SAN MATEO",-122.32676696777344,37.563720703125
9035095,2019,2020-07-09,4114,2019-12-11,2159,0036,SNB10,3,5,4,4114,0,0,0,,0,001,"EL CAMINO REAL","COMMODORE DR",0.00,,Y,C,-,Y,SM,4,82,-,-,19.130,H,-,S,N,2,0,1,2,A,-,17,21451,A,N,G,B,B,B,H,-,C,A,0,Y,,,,Y,,A,01,1,0,0,0,1,0,0,0,0,"- ","- ",,,"SAN MATEO","SAN BRUNO",-122.42066192626953,37.635631561279297
9035438,2020,2020-12-15,4114,2020-05-26,1807,0048,SNB8,2,5,4,4114,0,0,0,,0,002,"SAN DIEGO AVE","EL CAMINO REAL",6.00,E,N,A,-,Y,SM,4,82,-,-,17.268,I,6,N,N,4,0,1,2,A,-,05,21650,,N,H,G,A,A,H,-,A,D,0,,Y,,,Y,,L,04,0,0,1,0,0,0,1,0,0,"- ","- ",,,"SAN MATEO","SAN BRUNO",-122.40370941162109,37.612606048583984
90354552,2016,2016-12-27,9330,2016-12-10,1200,021276,,6,1,9,4100,0,1,3,,1,021,"SR-84 E/B",SR-1,10560.00,E,N,C,-,Y,,,,,,,,,,Y,4,0,1,1,A,-,08,22107,,N,E,I,A,B,H,-,A,D,0,,,,,Y,,A,01,0,0,1,0,0,0,0,0,0,"- ","- ",,,"SAN MATEO",UNINCORPORATED,,
90355123,2016,2016-12-27,9335,2016-12-15,1450,021455,,4,2,4,4114,0,1,1,,2,020,"I-280 N/B","JENEVEIN AVE",1200.00,S,N,B,C,Y,,,280,,,,,,N,Y,4,0,1,2,A,-,07,21658,A,N,C,C,A,B,H,-,A,D,0,,,,,Y,,A,01,0,0,1,0,0,0,0,0,0,"- ","- ",37.6143,-122.42431999999999,"SAN MATEO","SAN BRUNO",-122.42442891,37.614336790000003
90355688,2016,2016-12-28,9330,2016-12-12,0320,020900,,1,3,4,4109,0,1,2,,2,058,"US-101 SB","WILLOW RD",0.00,,N,B,-,Y,,,101,,,,,,S,Y,3,0,2,1,A,-,01,23152,A,N,E,I,A,A,H,-,C,D,0,,,,,Y,Y,A,08,0,2,0,0,0,0,0,0,0,"- ","- ",37.468989999999998,-122.15628,"SAN MATEO","MENLO PARK",-122.15610459,37.469295969999997
90359616,2016,2017-01-03,9330,2016-12-15,1500,021319,,4,2,3,4110,0,1,1,,2,034,"I-180 N/B",SR-35,100.00,S,N,C,-,Y,,,,,,,,,,Y,3,0,2,1,A,-,03,22350,,N,F,I,A,B,H,-,A,D,0,,,,,Y,,A,07,0,2,0,0,0,0,0,0,0,"- ","- ",37.599330000000002,-122.42294,"SAN MATEO",MILLBRAE,,
90360432,2016,2017-02-13,9335,2016-12-21,1622,021469,,3,2,5,4117,0,1,2,,2,012,"US 101 N/B","GRAND AVENUE OFF RAMP",600.00,S,N,A,-,Y,,,,,,,,,,N,4,0,1,2,A,-,03,22350,,N,C,C,A,A,H,-,B,D,0,,,,Y,Y,,G,25,0,0,1,0,0,0,0,0,0,"- ","- ",37.650190000000002,-122.40665,"SAN MATEO","SOUTH SAN FRANCISCO",,
9036194,2020,2020-03-19,4117,2020-01-18,1206,18VM09,08AM,6,5,5,4117,0,0,0,,0,001,"AIRPORT BL","BADEN AV",0.00,,Y,A,-,N,,,,,,,,,,Y,3,0,1,2,A,-,01,23153,A,N,D,C,A,A,H,-,A,A,0,,,,,Y,Y,A,01,0,1,0,0,0,0,0,0,0,"- ","- ",37.653690338134766,-122.40821075439453,"SAN MATEO","SOUTH SAN FRANCISCO",-122.40837097167969,37.653739929199219
90364075,2016,2017-01-09,9330,2016-12-28,1410,020770,,3,2,9,4100,0,2,4,,1,051,"MIDDLEFIELD ROAD","NORTHSIDE AVENUE",0.00,,Y,A,-,N,,,,,,,,,,Y,4,0,1,2,A,-,09,21801,A,N,A,C,A,A,H,-,A,D,0,,,,,Y,,A,01,0,0,1,0,0,0,0,0,0,"- ","- ",37.476599999999998,-122.21129999999999,"SAN MATEO",UNINCORPORATED,-122.21132,37.476639980000002
90365043,2016,2017-01-10,9330,2016-12-02,1800,021019,,5,2,9,4100,0,2,4,,1,051,"MIDDLEFIELD ROAD","6TH AVE",0.00,,Y,A,-,N,,,,,,,,,,Y,2,0,1,2,A,-,09,21802,A,N,D,C,A,A,H,-,C,A,0,,,Y,,Y,,A,07,1,0,0,0,0,0,0,0,1,"- ","- ",37.471550000000001,-122.20368999999999,"SAN MATEO",UNINCORPORATED,-122.20367988,37.47154991
90366364,2017,2017-01-11,9335,2017-01-01,2145,020991,,7,2,4,4114,0,1,1,,2,038,"I-380 E/B","SAN MATEO AVE.",300.00,W,N,B,C,Y,,,,,,,,,,Y,3,0,1,1,A,-,03,22350,,N,E,I,A,B,H,-,C,D,0,,,,,Y,,A,01,0,1,0,0,0,0,0,0,0,"- ","- ",37.389000000000003,-122.2452,"SAN MATEO","SAN BRUNO",-122.41247242999999,37.634092979999998
90367114,2016,2017-11-30,9330,2016-09-07,1226,019960,,3,1,9,4100,0,1,3,,1,021,"SR-84 (LA HONDA RD.)","SR-35 (SKYLINE BLVD.)",5280.00,W,N,A,-,Y,,,84,,,,,,,Y,1,1,0,1,A,-,08,22107,,N,E,I,A,A,H,-,A,D,0,,,,,Y,,A,01,0,0,0,0,0,0,0,0,0,"- ","- ",37.379719999999999,-122.26491,"SAN MATEO",UNINCORPORATED,-122.26479098999999,37.379770800000003
90367432,2017,2017-01-11,9335,2017-01-04,1600,019987,,3,2,9,4100,0,1,2,,2,011,"US-101 N/B","SAN BRUNO AVE",3696.00,S,N,B,C,Y,,,101,,,,,,N,Y,4,0,3,4,A,-,03,22350,,N,C,C,A,B,H,-,A,D,0,,,,,Y,,A,01,0,0,3,0,0,0,0,0,0,"- ","- ",37.621499999999997,-122.3999,"SAN MATEO",UNINCORPORATED,-122.39996299000001,37.621478680000003
90367474,2017,2017-01-11,9330,2017-01-07,1537,021445,,6,2,9,4100,0,3,5,,2,105,"AIRPORT STREET","CYPRESS AVENUE.",0.00,,Y,B,C,N,,,,,,,,,,Y,3,0,1,1,A,-,01,23152,A,N,E,I,A,B,H,-,A,D,0,,,,,Y,Y,D,22,0,1,0,0,0,0,0,0,0,"- ","- ",37.521259999999998,-122.51260000000001,"SAN MATEO",UNINCORPORATED,-122.51249998999999,37.521249939999997
9036792,2019,2020-01-29,4109,2019-12-08,0930,145882,,7,5,4,4109,0,0,0,,0,004,"HAMILTON AV","WILLOW RD",0.00,,Y,B,-,N,,,,,,,,,,N,3,0,1,1,A,-,03,22350,,N,E,I,A,B,G,-,A,D,0,,Y,,,Y,,L,04,0,1,0,0,0,0,1,0,0,"- ","- ",37.479808807373047,-122.15210723876953,"SAN MATEO","MENLO PARK",-122.15186309814453,37.479591369628906
90367924,2016,2017-01-12,9330,2016-12-31,1715,021442,,6,2,3,4107,0,1,3,,1,010,"SR-1 N/B","CORONADO STREET",302.00,N,N,A,-,Y,,,,,,,,,,N,3,0,1,2,A,-,08,22107,,N,C,E,A,A,H,-,D,D,0,,,,,Y,,D,22,0,1,0,0,0,0,0,0,0,"- ","- ",37.30133,-122.28775,"SAN MATEO","HALF MOON BAY",-122.46832516000001,37.500115049999998
9036796,2019,2020-01-29,4109,2019-12-12,1707,146333,,4,5,4,4109,0,0,0,,0,004,"BAYFRONT EXPWY",CHRYSLER,0.00,,Y,B,-,N,,,,,,,,,,Y,3,0,1,2,A,-,03,22350,,N,C,C,A,B,G,-,C,D,0,,,,,Y,,A,01,0,1,0,0,0,0,0,0,0,"- ","- ",37.483081817626953,-122.17516326904297,"SAN MATEO","MENLO PARK",-122.17407989501953,37.485240936279297
9036800,2019,2020-01-29,4109,2019-12-25,0940,145879,,3,5,4,4109,0,0,0,,0,004,"ADAMS DR","ADAMS CT",202.00,E,N,A,-,N,,,,,,,,,,N,3,0,1,2,A,-,05,21650,,N,A,C,A,A,H,-,A,D,0,,,,,Y,,A,01,0,1,0,0,0,0,0,0,0,"- ","- ",37.478599548339844,-122.14341735839844,"SAN MATEO","MENLO PARK",-122.14302825927734,37.479015350341797
90368303,2016,2017-01-12,9330,2016-12-17,2020,021350,,6,2,9,4100,0,1,3,,2,052,"SR-35 (SKYLINE BOULEVARD)","CLOUDS REST ROAD",2640.00,S,N,A,-,Y,,,35,,,,,,,Y,4,0,1,1,A,-,08,22107,,N,E,I,A,C,H,-,D,D,0,,,,,Y,,A,01,0,0,1,0,0,0,0,0,0,"- ","- ",37.320599999999999,-122.19755000000001,"SAN MATEO",UNINCORPORATED,-122.19758831999999,37.320532180000001
90368714,2016,2017-01-13,9330,2016-12-29,1710,021523,,4,2,4,4104,0,1,2,,2,038,"US-101 S/B","POPLAR AVE",2112.00,N,N,B,-,Y,,,101,,,,,,S,N,4,0,2,2,A,-,03,22350,,N,C,C,A,A,H,-,B,D,0,,,,,Y,,A,08,0,0,2,0,0,0,0,0,0,"- ","- ",37.586599999999997,-122.33459999999999,"SAN MATEO",BURLINGAME,-122.33459879999999,37.586646569999999
9037037,2019,2020-02-04,4109,2019-11-18,0956,145601,,1,5,4,4109,0,0,0,,0,001,"SAND HILL RD","SANTA CRUZ AV",168.00,W,N,A,-,N,,,,,,,,,,N,3,0,1,1,A,-,03,22350,A,N,H,A,A,A,H,-,A,D,0,,Y,,,Y,,L,04,0,1,0,0,0,0,1,0,0,"- ","- ",37.425800323486328,-122.19228363037109,"SAN MATEO","MENLO PARK",-122.19290924072266,37.425559997558594
90371104,2017,2017-01-17,9335,2017-01-08,1842,021312,,7,2,6,4106,0,1,1,,2,021,"I-280 N/B","SERRAMONTE BLVD U/C",295.00,S,N,B,C,Y,,,280,,,,,,N,Y,3,0,1,1,A,-,08,22107,,N,E,I,A,B,H,-,D,D,0,,,,,Y,,A,01,0,1,0,0,0,0,0,0,0,"- ","- ",37.668880000000001,-122.46575,"SAN MATEO","DALY CITY",-122.46577222000001,37.668876109999999
90371228,2017,2017-01-18,9335,2017-01-09,0027,021145,,1,3,5,4117,0,1,2,,2,012,"US-101 N/B","OYSTER POINT BLVD. O/C",242.00,S,N,B,C,Y,,,101,,,,,,N,Y,4,0,1,2,A,-,03,22350,,N,C,C,A,B,F,-,D,D,0,,,,,Y,,A,01,0,0,1,0,0,0,0,0,0,"- ","- ",37.663290000000003,-122.39977,"SAN MATEO","SOUTH SAN FRANCISCO",-122.39974788000001,37.663263409999999
90371327,2017,2017-01-18,9330,2017-01-07,1502,021265,,6,2,9,4100,0,1,3,,1,021,"NORTHBOUND SR-35","SKYLINE RIDGE PARK",528.00,N,N,C,G,Y,,,,,,,,,,Y,3,0,2,1,A,-,03,22350,,N,E,I,A,B,H,-,A,D,0,,,,,Y,,A,01,0,1,1,0,0,0,0,0,0,"- ","- ",,,"SAN MATEO",UNINCORPORATED,,
90373074,2017,2017-02-27,9330,2017-01-11,0226,021537,,3,3,4,4104,0,1,2,,2,038,"US-101 N/B","MILLBRAE AVE",1500.00,S,N,B,-,Y,,,101,,,,,,N,N,4,0,2,2,A,-,03,22350,,N,B,C,A,B,H,-,D,D,0,,,,,Y,,A,01,0,0,2,0,0,0,0,0,0,"- ","- ",37.600299999999997,-122.3767,"SAN MATEO",BURLINGAME,-122.37671949999999,37.600269429999997
90373098,2017,2017-01-19,9335,2017-01-07,0010,021284,,6,3,9,4100,0,1,2,,2,011,"US-101 N/B","BART O/C",1267.00,N,N,B,C,Y,,,101,,,,,,N,Y,2,0,1,1,A,-,08,22107,,N,E,I,A,B,H,-,D,D,0,,,,,Y,,A,01,1,0,0,0,0,0,0,0,0,"- ","- ",37.618960000000001,-122.39928,"SAN MATEO",UNINCORPORATED,-122.39912903,37.619011520000001
90373262,2017,2017-01-19,9335,2017-01-12,0855,021390,,4,1,4,4114,0,1,1,,2,020,"I-280 N/B TO I-380 E/B","SAN BRUNO AVE W",267.00,N,N,B,-,Y,,,280,,,,R,,N,N,4,0,2,3,A,-,03,22350,,N,C,C,A,B,H,-,A,D,0,,,,,Y,,A,01,0,0,2,0,0,0,0,0,0,"- ","- ",37.62547,-122.4288,"SAN MATEO","SAN BRUNO",-122.4288,37.62547
90373401,2017,2017-01-20,9335,2017-01-10,2055,016108,,2,2,4,4114,0,1,1,,2,038,"I-380 WESTBOUND","CHERRY AVENUE UNDER-CROSSING",50.00,E,N,B,-,Y,,,380,,,,,,W,Y,4,0,1,1,A,-,03,22350,,N,E,I,A,B,H,-,D,D,0,,,,,Y,,D,22,0,0,1,0,0,0,0,0,0,"- ","- ",37.629980000000003,-122.42626,"SAN MATEO","SAN BRUNO",-122.42629225,37.630062979999998
90374212,2017,2017-02-16,9335,2017-01-09,0210,021284,,1,3,4,4114,0,1,1,,2,038,"I-280 S/B TO I-380 E/B","I-380 W/B CONNECTOR TO 1-280 S/B",32.00,N,N,B,C,Y,,,280,,,,R,,S,Y,3,0,1,1,A,-,01,23152,A,M,E,I,A,B,H,-,C,D,0,,,,,Y,Y,A,01,0,1,0,0,0,0,0,0,0,"- ","- ",37.627540000000003,-122.43214,"SAN MATEO","SAN BRUNO",-122.43214,37.627540000000003
90374907,2016,2017-01-23,9330,2016-12-15,1335,021511,,4,1,3,4110,0,1,1,,2,034,"I-280 N/B","LARKSPUR DR",0.00,,N,C,-,Y,,,280,,,,,,N,Y,3,0,1,1,A,-,03,22350,,N,E,I,A,B,H,-,A,D,0,,,,,Y,,A,01,0,1,0,0,0,0,0,0,0,"- ","- ",37.59722,-122.42043,"SAN MATEO",MILLBRAE,-122.42044411000001,37.597203129999997