CASE_ID,ACCIDENT_YEAR,PROC_DATE,JURIS,COLLISION_DATE,COLLISION_TIME,OFFICER_ID,REPORTING_DISTRICT,DAY_OF_WEEK,CHP_SHIFT,POPULATION,CNTY_CITY_LOC,SPECIAL_COND,BEAT_TYPE,CHP_BEAT_TYPE,CITY_DIVISION_LAPD,CHP_BEAT_CLASS,BEAT_NUMBER,PRIMARY_RD,SECONDARY_RD,DISTANCE,DIRECTION,INTERSECTION,WEATHER_1,WEATHER_2,STATE_HWY_IND,CALTRANS_COUNTY,CALTRANS_DISTRICT,STATE_ROUTE,ROUTE_SUFFIX,POSTMILE_PREFIX,POSTMILE,LOCATION_TYPE,RAMP_INTERSECTION,SIDE_OF_HWY,TOW_AWAY,COLLISION_SEVERITY,NUMBER_KILLED,NUMBER_INJURED,PARTY_COUNT,PRIMARY_COLL_FACTOR,PCF_CODE_OF_VIOL,PCF_VIOL_CATEGORY,PCF_VIOLATION,PCF_VIOL_SUBSECTION,HIT_AND_RUN,TYPE_OF_COLLISION,MVIW,PED_ACTION,ROAD_SURFACE,ROAD_COND_1,ROAD_COND_2,LIGHTING,CONTROL_DEVICE,CHP_ROAD_TYPE,PEDESTRIAN_ACCIDENT,BICYCLE_ACCIDENT,MOTORCYCLE_ACCIDENT,TRUCK_ACCIDENT,NOT_PRIVATE_PROPERTY,ALCOHOL_INVOLVED,STWD_VEHTYPE_AT_FAULT,CHP_VEHTYPE_AT_FAULT,COUNT_SEVERE_INJ,COUNT_VISIBLE_INJ,COUNT_COMPLAINT_PAIN,COUNT_PED_KILLED,COUNT_PED_INJURED,COUNT_BICYCLIST_KILLED,COUNT_BICYCLIST_INJURED,COUNT_MC_KILLED,COUNT_MC_INJURED,PRIMARY_RAMP,SECONDARY_RAMP,LATITUDE,LONGITUDE,COUNTY,CITY,POINT_X,POINT_Y
90376342,2016,2017-02-01,9335,2016-09-24,2250,016118,,6,3,9,4100,0,1,3,,2,040,SR-1,"1ST STREET",4225.00,N,N,F,-,Y,,,1,,,,,,,N,1,1,0,1,A,-,01,23152,A,N,E,I,A,A,H,-,D,D,0,,,,,Y,Y,A,07,0,0,0,0,0,0,0,0,0,"- ","- ",37.557670000000002,-122.51424,"SAN MATEO",UNINCORPORATED,-122.51422937,37.557682810000003
90376766,2017,2017-01-25,9335,2017-01-18,1313,016118,,3,1,4,4114,0,1,1,,2,020,"I-280 N/B","I-380 E/B TRANS ROAD",100.00,S,N,B,C,Y,,,280,,,,,,N,Y,4,0,1,1,A,-,03,22350,,N,E,I,A,B,H,-,A,D,0,,,,,Y,,A,01,0,0,1,0,0,0,0,0,0,"- ","- ",37.624830000000003,-122.42856,"SAN MATEO","SAN BRUNO",-122.42862438,37.624784630000001
90377898,2017,2017-01-26,9330,2017-01-16,1244,021510,,1,1,5,4116,0,1,2,,2,048,"US-101 S/B","HILLSDALE BLVD.",1500.00,S,N,A,-,Y,,,101,,,,,,S,Y,4,0,2,2,A,-,03,22350,,N,C,C,A,A,H,-,A,D,0,,,,,Y,,A,01,0,0,2,0,0,0,0,0,0,"- ","- ",37.54121,-122.28506,"SAN MATEO","SAN MATEO",-122.28505143,37.541217899999999
90377966,2017,2017-01-26,9330,2017-01-08,1425,021414,,7,2,3,4110,0,1,2,,2,038,"I-280 SOUTHBOUND","MILLBRAE AVE",4752.00,N,N,C,-,Y,,,280,,,,,,S,Y,4,0,1,1,C,-,18,,,N,E,J,A,B,C,-,A,D,0,,,,,Y,,-,"- ",0,0,1,0,0,0,0,0,0,"- ","- ",37.598730000000003,-122.42261999999999,"SAN MATEO",MILLBRAE,-122.42264028,37.598704939999998
90378539,2017,2017-01-26,9330,2017-01-19,1017,021337,,4,1,4,4104,0,1,2,,2,048,"US-101 S/B","HILLSDALE BLVD",633.00,N,N,C,-,Y,,,,,,,,,,N,4,0,1,3,A,-,03,22350,,M,D,C,A,B,H,-,A,D,0,,,,,Y,,-,99,0,0,1,0,0,0,0,0,0,"- ","- ",37.54665,-122.29006,"SAN MATEO",BURLINGAME,-122.28935969,37.545925480000001
90380321,2017,2017-01-27,9335,2017-01-20,1125,021390,,5,1,4,4111,0,1,3,,2,041,"SR-1 N/B","MONTEREY RD",977.00,N,N,B,-,Y,,,1,,,,,,N,Y,4,0,1,1,A,-,08,22107,,N,E,I,A,B,H,-,A,D,0,,,,,Y,,D,22,0,0,1,0,0,0,0,0,0,"- ","- ",37.654580000000003,-122.49079,"SAN MATEO",PACIFICA,-122.4907315,37.654617440000003
90380690,2017,2017-02-17,9335,2017-01-20,0150,020666,,5,3,6,4106,0,1,1,,2,021,"I-280 N/B","SERRAMONTE BLVD",580.00,S,N,B,C,Y,,,280,,,,,,N,Y,4,0,1,3,A,-,03,22350,,F,B,C,A,B,H,-,D,D,0,,,,,Y,,A,07,0,0,1,0,0,0,0,0,0,"- ","- ",37.668089999999999,-122.46563999999999,"SAN MATEO","DALY CITY",-122.4656213,37.668091699999998
90381540,2017,2017-01-30,9330,2017-01-16,0635,021521,,1,1,4,4120,0,1,3,,1,035,"SR-92 E/B","THE WEST EDGE OF SECOND PULL-OUT",10.00,W,N,A,-,Y,,,92,,,,,,E,Y,3,0,1,2,A,-,01,23152,F,N,C,C,A,A,H,-,A,D,0,,,,Y,Y,Y,A,01,0,1,0,0,0,0,0,0,0,"- ","- ",37.593040000000002,-122.23518,"SAN MATEO","FOSTER CITY",-122.23518953999999,37.593071199999997
90383816,2016,2017-02-01,9330,2016-12-22,1544,021378,,4,2,9,4100,0,3,5,,2,505,"SPRING STREET","FLORENCE STREET",50.00,W,N,A,-,N,,,,,,,,,,N,4,0,1,2,A,-,21,22106,,F,B,B,E,A,H,-,A,D,0,Y,,,,Y,,-,99,0,0,1,0,1,0,0,0,0,"- ","- ",37.478319999999997,-122.19007999999999,"SAN MATEO",UNINCORPORATED,-122.19007999999999,37.478319999999997
90384196,2017,2017-02-02,9330,2017-01-30,2329,020023,,1,3,9,4100,0,1,1,,2,044,"I-280 S/B TO EDGEWOOD RD.","EDGEWOOD RD.",550.00,N,N,A,-,Y,,,280,,,,R,,S,Y,3,0,3,1,A,-,01,23152,E,N,F,A,A,A,H,-,D,D,0,,,,,Y,,A,01,0,1,2,0,0,0,0,0,0,"- ","- ",37.46866,-122.29428,"SAN MATEO",UNINCORPORATED,-122.29428,37.46866
90385710,2017,2017-02-03,9330,2017-01-24,0805,015709,,2,1,9,4100,0,1,1,,2,054,"I-280 N/B TO SAND HILL ROAD","SAND HILL ROAD O/C",1485.00,S,N,A,-,Y,,,,,,,,,,Y,4,0,1,1,A,-,08,22107,,N,E,I,A,B,H,-,A,D,0,,,,,Y,,A,01,0,0,1,0,0,0,0,0,0,"- ","- ",,,"SAN MATEO",UNINCORPORATED,-122.21863999999999,37.418990000000001
90386001,2017,2017-02-06,9330,2017-01-15,2100,021550,,7,2,9,4100,0,1,3,,1,011,SR-92,"SR-35 (SKYLINE BLVD.)",1000.00,E,N,A,-,Y,,,92,,,,,,,Y,3,0,1,1,A,-,01,23152,A,N,F,J,A,A,H,-,D,D,0,,,,,Y,Y,A,07,0,1,0,0,0,0,0,0,0,"- ","- ",37.512140000000002,-122.34844,"SAN MATEO",UNINCORPORATED,-122.34844133,37.512148570000001
90388783,2017,2017-02-08,9335,2017-01-30,0900,019213,,1,1,5,4117,0,1,1,,2,020,"I-280 S/B","WESTBOROUGH BLVD",200.00,S,N,A,-,Y,,,280,,,,,,S,N,4,0,1,2,A,-,03,22350,,N,F,A,A,A,H,-,A,D,0,,,Y,,Y,,C,02,0,0,1,0,0,0,0,0,1,"- ","- ",37.643320000000003,-122.4465,"SAN MATEO","SOUTH SAN FRANCISCO",-122.44653432,37.643255629999999
90390012,2017,2017-02-09,9335,2017-02-02,1800,021436,,4,2,2,4103,0,1,2,,2,012,"US-101 S/B","SIERRA PT PKWY U/C",1267.00,N,N,B,-,Y,,,101,,,,,,S,Y,4,0,1,2,A,-,03,22350,,N,C,C,A,A,H,-,B,D,0,,,,,Y,,A,01,0,0,1,0,0,0,0,0,0,"- ","- ",37.678559999999997,-122.38856,"SAN MATEO",BRISBANE,-122.38850336,37.678561729999998
90390710,2017,2017-02-10,9335,2017-02-02,0645,021474,,4,1,9,4100,0,1,2,,2,011,"US-101 S/B","SFO DOMESTIC ON-RAMP O/C",690.00,S,N,B,C,Y,,,101,,,,,,S,Y,4,0,1,2,A,-,03,22350,,N,C,C,A,B,H,-,A,D,0,,,,,Y,,A,01,0,0,1,0,0,0,0,0,0,"- ","- ",37.611870000000003,-122.3948,"SAN MATEO",UNINCORPORATED,-122.39485139,37.611801730000003
90391292,2017,2017-02-13,9330,2017-01-22,1415,021350,,7,2,9,4100,0,3,5,,2,505,"DUMBARTON AVENUE","WESTSIDE AVENUE",0.00,,Y,C,-,N,,,,,,,,,,N,3,0,1,2,A,-,03,22350,,F,D,G,A,B,H,-,A,D,0,,Y,,,Y,,-,99,0,1,0,0,0,0,1,0,0,"- ","- ",37.473179999999999,-122.21116000000001,"SAN MATEO",UNINCORPORATED,-122.21106917,37.473249510000002
90391298,2017,2017-02-13,9330,2017-02-01,2340,021356,,3,3,9,4100,0,1,3,,1,011,SR-92,"PILARCITOS CREEK",1000.00,W,N,C,-,Y,,,92,,,,,,,N,4,0,1,2,A,-,03,22350,,M,C,C,A,B,H,-,D,D,0,,,,,Y,,A,01,0,0,1,0,0,0,0,0,0,"- ","- ",37.491669999999999,-122.37645000000001,"SAN MATEO",UNINCORPORATED,-122.37644778000001,37.491672780000002
9039287,2020,2020-02-26,4113,2020-01-23,1733,309,3,4,5,5,4113,0,0,0,,0,003,"VETERANS BL","WOODSIDE RD",188.00,N,N,A,-,N,,,,,,,,,,Y,3,0,3,5,C,-,18,,,N,A,C,A,A,H,-,C,D,0,,,,,Y,,-,"- ",0,3,0,0,0,0,0,0,0,"- ","- ",37.488250732421875,-122.21357727050781,"SAN MATEO","REDWOOD CITY",-122.21421051025391,37.4886474609375
9039291,2020,2020-02-26,4113,2020-01-27,1548,380,4,1,5,5,4113,0,0,0,,0,004,"EAST BAYSHORE RD","BAYSHORE RD",20.00,W,N,A,-,N,,,,,,,,,,Y,4,0,1,2,A,-,03,22350,,N,C,C,A,A,H,-,A,D,0,,,,,Y,,D,22,0,0,1,0,0,0,0,0,0,"- ","- ",37.486919403076172,-122.19644927978516,"SAN MATEO","REDWOOD CITY",-122.23258972167969,37.497409820556641
90393026,2017,2017-02-14,9335,2017-02-07,0455,020084,,2,3,4,4114,0,1,1,,2,038,"I-380 E/B","EL CAMINO REAL",890.00,W,N,B,C,Y,,,380,,,,,,E,Y,4,0,1,1,A,-,08,22107,,N,E,I,A,B,H,-,D,D,0,,,,,Y,,D,22,0,0,1,0,0,0,0,0,0,"- ","- ",37.631480000000003,-122.42183,"SAN MATEO","SAN BRUNO",-122.42186015,37.631543700000002
90394348,2017,2017-04-05,9330,2017-01-07,0321,021442,,6,3,4,4104,0,1,2,,2,038,"US-101 SB","BROADWAY AVE. OVERCROSSING",1580.00,S,N,C,-,Y,,,,,,,,,,Y,4,0,1,2,A,-,07,21658,A,F,C,C,A,B,H,-,D,D,0,,,,,Y,Y,A,01,0,0,1,0,0,0,0,0,0,"- ","- ",37.351619999999997,-122.21249,"SAN MATEO",BURLINGAME,-122.36062,37.589530000000003
90394620,2017,2017-02-16,9330,2017-02-07,1200,018415,,2,1,9,4100,0,1,1,,2,044,"I-280 SOUTHBOUND",SR-92,1056.00,S,N,B,C,Y,,,,,,,,,,Y,3,0,1,1,A,-,08,22107,,N,F,I,A,B,H,-,A,D,0,,,,,Y,,A,01,0,1,0,0,0,0,0,0,0,"- ","- ",,,"SAN MATEO",UNINCORPORATED,-122.33882,37.50694
90395385,2017,2017-02-17,9330,2017-02-07,0616,021510,,2,1,9,4100,0,1,1,,2,044,"I-280 N/B","FARM HILL BLVD.",2904.00,S,N,B,C,Y,,,,,,,,,,Y,4,0,1,1,A,-,03,22350,,N,E,I,A,B,H,-,B,D,0,,,,,Y,,D,22,0,0,1,0,0,0,0,0,0,"- ","- ",37.442480000000003,-122.25216,"SAN MATEO",UNINCORPORATED,-122.26345000000001,37.443899999999999
9039566,2020,2020-03-10,4100,2020-01-16,1821,25839,SNC,4,5,4,4115,0,0,0,,0,050,"CHERRY ST","WALNUT ST",0.00,,Y,C,-,N,,,,,,,,,,N,3,0,1,2,A,-,10,21950,A,N,G,B,B,B,H,-,D,D,0,Y,,,,Y,,A,01,0,1,0,0,1,0,0,0,0,"- ","- ",,,"SAN MATEO","SAN CARLOS",-122.26058197021484,37.504539489746094
9039611,2020,2020-09-24,4109,2020-01-03,1806,14771,,5,5,4,4109,0,0,0,,0,004,"RT 84","CHILCO ST",15.00,N,N,A,-,Y,SM,4,84,-,R,26.710,H,-,S,N,3,0,1,2,A,-,03,22350,,N,C,C,A,A,H,-,C,A,0,,,,,Y,Y,A,01,0,1,0,0,0,0,0,0,0,"- ","- ",37.479801177978516,-122.16417694091797,"SAN MATEO","MENLO PARK",-122.16728973388672,37.483310699462891
90396219,2017,2017-02-20,9330,2017-02-06,0948,021510,,1,1,9,4100,0,1,3,,1,011,"SR-92 E/B","SR-35 (SKYLINE BLVD)",3696.00,W,N,C,-,Y,,,92,,,,,,E,Y,3,0,1,1,A,-,03,22350,,N,E,I,A,B,H,-,A,D,0,,,,,Y,,A,01,0,1,0,0,0,0,0,0,0,"- ","- ",37.485619999999997,-122.37126000000001,"SAN MATEO",UNINCORPORATED,-122.37127005000001,37.485702420000003
9039632,2019,2020-05-15,4108,2019-09-14,1231,1585,,6,5,3,4108,0,0,0,,0,0NW,"SKYLINE BL","GOLF COURSE",0.00,,Y,A,-,N,,,,,,,,,,Y,3,0,2,2,A,-,09,21800,A,N,D,C,A,A,H,-,A,A,0,,,,,Y,,-,"- ",0,2,0,0,0,0,0,0,0,"- ","- ",37.548500061035156,-122.3707275390625,"SAN MATEO",HILLSBOROUGH,-122.37342071533203,37.546699523925781
90396876,2017,2017-02-21,9330,2017-02-13,1640,021276,,1,2,4,4120,0,1,3,,1,035,"SR-92 W/B","SUBSTATION 4",1056.00,W,N,A,-,Y,,,,,,,,,,Y,4,0,2,1,A,-,08,22107,,N,E,I,A,A,H,-,A,D,0,,,,,Y,,D,22,0,0,2,0,0,0,0,0,0,"- ","- ",,,"SAN MATEO","FOSTER CITY",,
90399230,2017,2017-02-23,9330,2017-02-12,1120,021378,,7,1,9,4100,0,3,5,,2,007,"JUNIPERO SERRA BLVD","ALPINE RD.",200.00,S,N,A,-,N,,,,,,,,,,N,3,0,1,2,A,-,03,22350,,N,C,G,A,A,H,-,A,D,0,,Y,,,Y,,L,04,0,1,0,0,0,0,1,0,0,"- ","- ",37.423920000000003,-122.18921,"SAN MATEO",UNINCORPORATED,-122.19112,37.424430000000001
90399809,2017,2017-02-24,9335,2017-02-15,1250,021436,,3,1,4,4114,0,1,1,,2,038,"I-380 E/B TO US-101 S/B","SAN BRUNO AVE O/C",557.00,E,N,A,-,Y,,,,,,,,,,N,3,0,1,1,C,-,18,,,N,E,J,A,A,H,-,A,D,0,,,,Y,Y,,-,"- ",0,1,0,0,0,0,0,0,0,"- ","- ",37.629539999999999,-122.40285,"SAN MATEO","SAN BRUNO",,
90400194,2017,2017-02-27,9335,2017-02-17,0934,021328,,5,1,4,4111,0,1,3,,2,041,"SR-1 S/B","ARCADIA COURT",700.00,S,N,C,-,Y,,,1,,,,,,S,Y,3,0,1,1,A,-,03,22350,,N,E,I,A,B,H,-,A,D,0,,,,,Y,,A,01,0,1,0,0,0,0,0,0,0,"- ","- ",37.658140000000003,-122.48517,"SAN MATEO",PACIFICA,-122.48519520000001,37.658187869999999
90403551,2017,2017-03-01,9330,2017-02-24,1820,021019,,5,2,9,4100,0,1,3,,1,021,"SR-84 (LA HONDA ROAD)","SYLVAN WAY",700.00,E,N,A,-,Y,,,84,,,,,,,N,4,0,1,1,A,-,08,22107,,N,F,A,A,D,H,-,D,D,0,,,Y,,Y,,C,02,0,0,1,0,0,0,0,0,1,"- ","- ",37.314619999999998,-122.29376000000001,"SAN MATEO",UNINCORPORATED,-122.29376198999999,37.31461152
9040582,2020,2020-02-26,4100,2020-01-02,1322,25194,SNC,4,5,4,4115,0,0,0,,0,051,"EL CAMINO REAL","SPRING ST",110.00,S,N,A,-,N,,,,,,,,,,N,3,0,1,2,A,-,05,21651,B,F,D,G,A,A,H,-,A,D,0,,Y,,,Y,,L,04,0,1,0,0,0,0,1,0,0,"- ","- ",,,"SAN MATEO","SAN CARLOS",-122.26737213134766,37.512691497802734
9040594,2020,2020-02-26,4101,2020-01-29,1655,94DM01,,3,5,2,4101,0,0,0,,0,004,"ALAMEDA DE LAS PULGAS","CAMINO AL LAGO",0.00,,Y,A,-,N,,,,,,,,,,N,3,0,1,2,A,-,12,22450,A,N,H,G,A,A,H,-,A,A,0,,Y,,,Y,,A,07,0,1,0,0,0,0,1,0,0,"- ","- ",,,"SAN MATEO",ATHERTON,-122.21215057373047,37.436920166015625
90407739,2017,2017-03-07,9335,2017-02-25,1800,021341,,6,2,6,4106,0,1,3,,2,035,"SR-35 N/B","WESTMOOR AVE",1795.00,S,N,A,-,Y,,,35,,,,,,N,Y,4,0,2,2,A,-,08,22107,,N,D,C,A,A,G,-,D,D,0,,,,,Y,,A,01,0,0,2,0,0,0,0,0,0,"- ","- ",37.678449999999998,-122.49009,"SAN MATEO","DALY CITY",-122.49008786,37.67845003
90409708,2017,2017-03-10,9335,2017-02-27,0725,021390,,1,1,6,4106,0,1,1,,2,021,"I-280 S/B","SR-1 N/B",791.00,N,N,A,-,Y,,,280,,,,,,S,Y,4,0,1,3,A,-,07,21658,A,N,B,C,A,A,H,-,A,D,0,,,Y,,Y,,A,07,0,0,1,0,0,0,0,0,1,"- ","- ",37.679949999999998,-122.47178,"SAN MATEO","DALY CITY",-122.47177277,37.679949669999999
9041021,2020,2020-03-09,4116,2020-01-20,1245,28187,14,1,5,5,4116,0,0,0,,0,00A,"EAST SANTA INEZ AV","NORTH ELLSWORTH AV",130.00,W,N,A,-,N,,,,,,,,,,N,3,0,2,2,A,-,21,22106,,N,H,G,A,A,H,-,A,D,0,,Y,,,Y,,A,01,0,2,0,0,0,0,1,0,0,"- ","- ",37.571361541748047,-122.330810546875,"SAN MATEO","SAN MATEO",-122.33025360107422,37.571464538574219
90412235,2017,2017-03-14,9330,2017-03-05,0950,021319,,7,1,9,4100,0,1,3,,1,020,SR-1,"BEAN HOLLOW STATE BEACH",1000.00,S,N,B,-,Y,,,1,,,,,,,Y,4,0,1,1,A,-,03,22350,,N,F,I,A,B,H,-,A,D,0,,,,,Y,,A,01,0,0,1,0,0,0,0,0,0,"- ","- ",37.223840000000003,-122.40683,"SAN MATEO",UNINCORPORATED,-122.40689032,37.223803140000001
90412506,2017,2017-03-15,9330,2017-03-05,0630,021378,,7,1,5,4116,0,1,2,,2,038,"US-101 S/B","3RD AVE",50.00,S,N,C,-,Y,,,101,,,,,,S,Y,4,0,1,1,A,-,03,22350,,N,E,I,A,B,F,-,A,D,0,,,,,Y,,A,01,0,0,1,0,0,0,0,0,0,"- ","- ",37.57011,-122.31347,"SAN MATEO","SAN MATEO",-122.31339767999999,37.570189040000002
90414219,2017,2017-03-17,9330,2017-03-08,1752,021537,,3,2,5,4113,0,1,2,,2,048,"US-101 S/B","WHIPPLE AVE OVER CROSSING",500.00,S,N,A,-,Y,,,101,,,,,,S,Y,4,0,1,3,A,-,03,22350,,F,C,C,A,A,H,-,A,D,0,,,,,Y,,A,01,0,0,1,0,0,0,0,0,0,"- ","- ",37.496600000000001,-122.23350000000001,"SAN MATEO","REDWOOD CITY",-122.23356010000001,37.496390750000003
90414305,2017,2017-03-17,9335,2017-03-08,1830,015042,,3,2,6,4106,0,1,1,,2,021,"I-280 S/B","HICKEY ON RAMP",200.00,S,N,A,-,Y,,,280,,,,,,S,Y,4,0,2,2,A,-,03,22350,,N,C,C,A,A,H,-,C,D,0,,,,,Y,,A,01,0,0,2,0,0,0,0,0,0,"- ","- ",37.660029999999999,-122.46441,"SAN MATEO","DALY CITY",-122.46436408,37.660072319999998
90414912,2017,2017-03-20,9335,2017-03-08,0115,020889,,3,3,5,4117,0,1,2,,2,012,"US-101 N/B","S. AIRPORT BLVD UNDER CROSSING",1584.00,S,N,A,-,Y,,,101,,,,,,N,N,4,0,1,2,A,-,11,21950,B,N,G,B,E,A,H,-,D,D,0,Y,,,,Y,,N,60,0,0,1,0,1,0,0,0,0,"- ","- ",37.645530000000001,-122.40619,"SAN MATEO","SOUTH SAN FRANCISCO",-122.40622507,37.645527149999999
90415037,2017,2017-03-20,9335,2017-03-11,1859,021341,,6,2,2,4103,0,1,2,,2,012,"US-101 N/B TO CANDLESTICK OFF RAMP","ALANA WAY",1372.00,S,N,A,-,Y,,,101,,,,R,,N,Y,3,0,1,1,A,-,08,22107,,N,F,A,A,A,H,-,D,D,0,,,,,Y,,A,07,0,1,0,0,0,0,0,0,0,"- ","- ",37.705359999999999,-122.39297999999999,"SAN MATEO",BRISBANE,-122.39297999999999,37.705359999999999
90416883,2017,2017-03-22,9330,2017-03-15,0625,016534,,3,1,4,4104,0,1,2,,2,038,"US-101 N/B","PENINSULA AVENUE O/C",528.00,N,N,A,-,Y,,,,,,,,,,Y,4,0,1,2,A,-,03,22350,,N,C,C,A,A,H,-,D,A,0,,,Y,,Y,,C,02,0,0,1,0,0,0,0,0,1,"- ","- ",,,"SAN MATEO",BURLINGAME,-122.32977743000001,37.58544285
90417520,2017,2017-03-22,9330,2017-03-21,0655,021628,,2,1,5,4113,0,1,2,,2,048,"US-101 S/B","WHIPPLE AVE",2200.00,N,N,C,-,Y,,,101,,,,,,S,Y,4,0,1,2,A,-,03,22350,,N,C,C,A,B,H,-,A,D,0,,,,,Y,,A,07,0,0,1,0,0,0,0,0,0,"- ","- ",37.49933,-122.23965,"SAN MATEO","REDWOOD CITY",-122.23968576,37.499288440000001
90417842,2017,2017-03-22,9330,2017-03-16,0630,016534,,4,1,5,4116,0,1,3,,2,031,"SR-92 W/B","US-101 U/C",50.00,W,N,B,-,Y,,,,,,,,,,N,4,0,1,2,A,-,07,21658,A,N,B,C,A,A,H,-,C,A,0,,,,,Y,,A,07,0,0,1,0,0,0,0,0,0,"- ","- ",,,"SAN MATEO","SAN MATEO",-122.29640544,37.553334839999998
90418294,2017,2017-03-23,9330,2017-03-20,1510,016534,,1,2,5,4116,0,1,2,,2,038,"US-101 S/B","THIRD AVENUE O/C",1584.00,S,N,B,C,Y,,,,,,,,,,Y,4,0,1,3,A,-,03,22350,,N,C,C,A,B,H,-,A,A,0,,,,,Y,,A,01,0,0,1,0,0,0,0,0,0,"- ","- ",,,"SAN MATEO","SAN MATEO",-122.31048869999999,37.567475260000002
90420621,2017,2017-03-27,9330,2017-02-26,1550,021350,,7,2,4,4109,0,3,5,,2,505,"PALMER LANE","MIDDLEFIELD ROAD",1584.00,E,N,A,-,N,,,,,,,,,,Y,3,0,1,1,A,-,01,23152,A,N,E,I,A,A,H,-,A,D,0,,,,,Y,Y,A,01,0,1,0,0,0,0,0,0,0,"- ","- ",37.472250000000003,-122.19365000000001,"SAN MATEO","MENLO PARK",-122.19456,37.469749999999998
9042168,2019,2020-02-18,4103,2019-12-11,1055,VA100,1,3,5,2,4103,0,0,0,,0,,"BAYSHORE BL","RODGERS RD",28.00,E,N,C,-,N,,,,,,,,,,Y,3,0,3,4,A,-,03,22350,,N,C,C,A,B,H,-,A,A,0,,,,Y,Y,,F,26,0,2,1,0,0,0,0,0,0,"- ","- ",37.679130554199219,-122.39289855957031,"SAN MATEO",BRISBANE,-122.39453125,37.680961608886719
90422552,2017,2017-03-28,9330,2017-03-20,1735,021630,,1,2,9,4100,0,1,1,,2,034,"I-280 N/B","DORAN BRIDGE",528.00,S,N,B,-,Y,,,,,,,,,,Y,4,0,1,2,A,-,04,21703,,N,C,C,A,B,H,-,A,D,0,,,,,Y,,A,01,0,0,1,0,0,0,0,0,0,"- ","- ",,,"SAN MATEO",UNINCORPORATED,,
9042259,2020,2020-03-17,4106,2020-01-23,1459,1181,,4,5,6,4106,0,0,0,,0,003,"SCHOOL ST","MISSION ST",35.00,W,N,A,-,N,,,,,,,,,,N,4,0,2,2,A,-,03,22350,,N,C,C,A,A,H,-,A,A,0,,,,,Y,,A,01,0,0,2,0,0,0,0,0,0,"- ","- ",,,"SAN MATEO","DALY CITY",-122.46521759033203,37.693374633789062
90423603,2017,2017-03-29,9330,2017-03-24,1450,017991,,5,2,9,4100,0,1,1,,2,034,"I-280 S/B",SR-92,1056.00,N,N,B,C,Y,,,,,,,,,,Y,4,0,1,1,A,-,08,22107,,N,F,I,A,B,H,-,A,D,0,,,,,Y,,D,22,0,0,1,0,0,0,0,0,0,"- ","- ",,,"SAN MATEO",UNINCORPORATED,-122.34003,37.507660000000001
90423947,2017,2017-03-30,9330,2017-03-24,1845,021609,,5,2,4,4115,0,1,2,,2,048,"US-101 SOUTHBOUND","HOLLY STREET",600.00,S,N,B,-,Y,,,101,,,,,,S,Y,2,0,1,1,A,-,03,22350,,N,F,A,A,B,H,-,A,D,0,,,Y,,Y,,C,02,1,0,0,0,0,0,0,0,1,"- ","- ",37.512529999999998,-122.25471,"SAN MATEO","SAN CARLOS",-122.25468957,37.512553199999999
90424107,2017,2017-03-30,9330,2017-03-28,0600,015268,,2,1,9,4100,0,1,1,,2,034,"I-280 SOUTHBOUND",SR-92,3696.00,N,N,A,-,Y,,,280,,,,,,S,Y,2,0,1,1,C,-,18,,,N,E,H,A,A,H,-,D,D,0,,,Y,,Y,,-,"- ",1,0,0,0,0,0,0,0,1,"- ","- ",37.513649999999998,-122.34832,"SAN MATEO",UNINCORPORATED,-122.34837450000001,37.513591470000001
90424133,2016,2017-03-30,9330,2016-09-17,1555,021253,,6,2,9,4100,0,1,3,,1,020,"STATE ROUTE 1 (CABRILLO HIGHWAY)","PIGEON POINT ROAD",0.00,,Y,B,-,Y,,,1,,,,,,,Y,1,2,0,2,A,-,12,22450,A,N,D,C,A,A,H,-,A,A,0,,,,,Y,,A,01,0,0,0,0,0,0,0,0,0,"- ","- ",37.184579999999997,-122.39042999999999,"SAN MATEO",UNINCORPORATED,-122.39042907,37.184582399999996
90424550,2017,2017-03-30,9330,2017-03-28,1600,018415,,2,2,5,4113,0,1,2,,2,048,"US-101 SOUTHBOUND","MAPLE ST.",300.00,N,N,A,-,Y,,,,,,,,,,Y,4,0,1,2,A,-,03,22350,,N,C,C,A,A,H,-,A,D,0,,,,,Y,,A,01,0,0,1,0,0,0,0,0,0,"- ","- ",,,"SAN MATEO","REDWOOD CITY",-122.22163254,37.492427730000003
9042482,2020,2020-02-14,4116,2020-01-17,0656,25043,4100,5,5,5,4116,0,0,0,,0,TRANS,"DELAWARE ST","2ND AV",0.00,,Y,A,-,N,,,,,,,,,,N,3,0,1,2,A,-,03,22350,,N,C,C,A,A,H,-,B,A,0,,,,,Y,,I,20,0,1,0,0,0,0,0,0,0,"- ","- ",,,"SAN MATEO","SAN MATEO",-122.32089233398438,37.567890167236328
9042679,2020,2020-02-25,4113,2020-01-26,1911,416,7,7,5,5,4113,0,0,0,,0,007,"HOPKINS AV","HUDSON ST",0.00,,Y,A,-,N,,,,,,,,,,Y,3,0,2,2,A,-,09,21802,,N,D,C,A,A,H,-,C,D,0,,,,,Y,,A,01,0,2,0,0,0,0,0,0,0,"- ","- ",37.483860015869141,-122.24434661865234,"SAN MATEO","REDWOOD CITY",-122.24433135986328,37.483848571777344
90426879,2017,2018-06-01,9330,2017-03-12,1410,021276,,7,2,9,4100,0,1,3,,1,020,"SR-1 N/B","HILL RD",3696.00,S,N,A,-,Y,,,1,,,,,,N,Y,2,0,2,2,A,-,03,22350,,N,C,C,A,A,H,-,A,D,0,,,Y,,Y,,C,02,2,0,0,0,0,0,0,0,2,"- ","- ",37.236499999999999,-122.41538,"SAN MATEO",UNINCORPORATED,-122.41539395,37.236497829999998