CASE_ID,ACCIDENT_YEAR,PROC_DATE,JURIS,COLLISION_DATE,COLLISION_TIME,OFFICER_ID,REPORTING_DISTRICT,DAY_OF_WEEK,CHP_SHIFT,POPULATION,CNTY_CITY_LOC,SPECIAL_COND,BEAT_TYPE,CHP_BEAT_TYPE,CITY_DIVISION_LAPD,CHP_BEAT_CLASS,BEAT_NUMBER,PRIMARY_RD,SECONDARY_RD,DISTANCE,DIRECTION,INTERSECTION,WEATHER_1,WEATHER_2,STATE_HWY_IND,CALTRANS_COUNTY,CALTRANS_DISTRICT,STATE_ROUTE,ROUTE_SUFFIX,POSTMILE_PREFIX,POSTMILE,LOCATION_TYPE,RAMP_INTERSECTION,SIDE_OF_HWY,TOW_AWAY,COLLISION_SEVERITY,NUMBER_KILLED,NUMBER_INJURED,PARTY_COUNT,PRIMARY_COLL_FACTOR,PCF_CODE_OF_VIOL,PCF_VIOL_CATEGORY,PCF_VIOLATION,PCF_VIOL_SUBSECTION,HIT_AND_RUN,TYPE_OF_COLLISION,MVIW,PED_ACTION,ROAD_SURFACE,ROAD_COND_1,ROAD_COND_2,LIGHTING,CONTROL_DEVICE,CHP_ROAD_TYPE,PEDESTRIAN_ACCIDENT,BICYCLE_ACCIDENT,MOTORCYCLE_ACCIDENT,TRUCK_ACCIDENT,NOT_PRIVATE_PROPERTY,ALCOHOL_INVOLVED,STWD_VEHTYPE_AT_FAULT,CHP_VEHTYPE_AT_FAULT,COUNT_SEVERE_INJ,COUNT_VISIBLE_INJ,COUNT_COMPLAINT_PAIN,COUNT_PED_KILLED,COUNT_PED_INJURED,COUNT_BICYCLIST_KILLED,COUNT_BICYCLIST_INJURED,COUNT_MC_KILLED,COUNT_MC_INJURED,PRIMARY_RAMP,SECONDARY_RAMP,LATITUDE,LONGITUDE,COUNTY,CITY,POINT_X,POINT_Y
90729092,2018,2018-05-18,9330,2018-05-12,1518,021510,,6,2,4,4104,0,1,2,,2,038,"US-101 NB","BROADWAY AVE",2000.00,S,N,A,-,Y,,,101,,,,,,N,Y,4,0,3,2,A,-,07,21658,A,N,B,C,A,A,H,-,A,D,0,,,,,Y,,A,01,0,0,3,0,0,0,0,0,0,"- ","- ",37.59906005859375,-122.3748779296875,"SAN MATEO",BURLINGAME,-122.37487030029297,37.599075317382812
9072937,2020,2020-09-02,4117,2020-03-12,0818,17KP02,13AE,4,5,5,4117,0,0,0,,0,004,"MILLER AVE","ELM ST",0.00,,Y,A,-,N,,,,,,,,,,N,3,0,2,3,A,-,10,21950,A,N,G,B,B,A,H,-,A,D,0,Y,,,,Y,,A,01,0,1,1,0,2,0,0,0,0,"- ","- ",37.659271240234375,-122.42386627197266,"SAN MATEO","SOUTH SAN FRANCISCO",-122.41752624511719,37.657871246337891
90729713,2018,2018-05-21,9335,2018-05-05,0345,021770,,6,3,6,4106,0,1,3,,2,040,"SR-1 S/B","SOUTHGATE AVE.",120.00,N,N,A,-,Y,,,1,,,,,,S,Y,3,0,1,1,A,-,01,23152,A,N,E,I,A,A,H,-,D,D,0,,,,,Y,Y,A,01,0,1,0,0,0,0,0,0,0,"- ","- ",37.676200866699219,-122.47261810302734,"SAN MATEO","DALY CITY",-122.47273254394531,37.676246643066406
90730639,2018,2018-05-21,9335,2018-05-11,2142,021277,,5,2,5,4117,0,1,2,,2,012,"US-101 N/B","I-380 E/B TO N.ACCESS RD O/C",1260.00,N,N,A,-,Y,,,,,,,,,,Y,4,0,2,3,A,-,03,22350,,N,C,C,A,A,H,-,D,D,0,,,,,Y,,A,01,0,0,2,0,0,0,0,0,0,"- ","- ",37.399219512939453,-122.40521240234375,"SAN MATEO","SOUTH SAN FRANCISCO",,
90731065,2018,2018-05-22,9335,2018-05-11,2251,016108,,5,3,9,4100,0,1,2,,2,010,"US-101 N/B (SFO VIADUCT) TO I-380 W/B","I-380 W/B,US-101 N/B SPLIT PYSCL GORE PT",2957.00,S,N,A,-,Y,,,101,,,,R,,N,Y,3,0,3,2,A,-,03,22350,,N,C,C,A,A,H,-,D,D,0,,,,,Y,,A,08,0,1,2,0,0,0,0,0,0,"- ","- ",37.620941162109375,-122.39949035644531,"SAN MATEO",UNINCORPORATED,-122.39949035644531,37.620941162109375
90731106,2018,2018-05-22,9335,2018-05-11,2250,021916,,5,3,9,4100,0,1,2,,2,010,"US-101 N/B (SFO VIADUCT) TO I-380 W/B","I-380 W/B AND US-101 N/B PHYSCL GORE PT",2640.00,S,N,A,-,Y,,,101,,,,R,,N,Y,4,0,5,3,A,-,03,22350,,N,C,C,A,A,H,-,D,D,0,,,,,Y,,A,01,0,0,5,0,0,0,0,0,0,"- ","- ",37.621768951416016,-122.39981079101562,"SAN MATEO",UNINCORPORATED,-122.39981079101562,37.621768951416016
90731579,2018,2018-05-22,9335,2018-05-13,1700,022048,,7,2,5,4117,0,1,2,,2,012,"US-101 S/B","SECOND OYSTER POINT BLVD OVERCROSSING",425.00,S,N,A,-,Y,,,101,,,,,,S,Y,4,0,1,4,A,-,03,22350,,N,C,C,A,A,H,-,A,D,0,,,,,Y,,A,07,0,0,1,0,0,0,0,0,0,"- ","- ",37.663070678710938,-122.40032958984375,"SAN MATEO","SOUTH SAN FRANCISCO",-122.40033721923828,37.663078308105469
90732078,2018,2018-05-23,9330,2018-01-29,0148,020770,,1,3,5,4113,0,1,2,,2,048,"US-101 N/B","WHIPPLE AVE",3696.00,S,N,A,-,Y,,,101,,,,,,N,Y,1,1,0,4,A,-,01,23152,A,N,B,C,A,A,H,-,C,D,0,,,Y,,Y,Y,C,02,0,0,0,0,0,0,0,1,0,"- ","- ",37.492519378662109,-122.22142028808594,"SAN MATEO","REDWOOD CITY",-122.22141265869141,37.492534637451172
90732139,2018,2018-05-23,9330,2018-05-22,1645,021243,,2,2,9,4100,0,3,5,,2,503,"MONTGOMERY AVENUE","SAN CARLOS AVENUE",0.00,,Y,A,-,N,,,,,,,,,,N,4,0,1,2,A,-,09,21802,A,N,D,C,A,A,H,-,A,D,0,,,,,Y,,A,01,0,0,1,0,0,0,0,0,0,"- ","- ",37.456340789794922,-122.22589874267578,"SAN MATEO",UNINCORPORATED,-122.22583770751953,37.456329345703125
90733010,2018,2018-06-28,9330,2018-05-16,0830,022101,,3,1,5,4116,0,1,2,,2,038,"US-101 S/B",SR-92,4224.00,N,N,A,-,Y,,,101,,,,,,S,Y,2,0,1,2,A,-,07,21658,A,N,B,C,A,A,H,-,A,D,0,,,Y,,Y,,A,07,1,0,0,0,0,0,0,0,1,"- ","- ",37.557331085205078,-122.300048828125,"SAN MATEO","SAN MATEO",-122.30002593994141,37.557350158691406
90733162,2018,2018-05-24,9330,2018-05-23,1020,015268,,3,1,9,4100,0,1,1,,2,034,"I-280 N/B FROM LARKSPUR DR W/B","LARKSPUR DR",528.00,N,N,B,-,Y,,,280,,,,R,,N,Y,3,0,1,1,A,-,03,22350,,N,E,I,A,B,H,-,A,D,0,,,,,Y,,D,22,0,1,0,0,0,0,0,0,0,"- ","- ",37.596858978271484,-122.41937255859375,"SAN MATEO",UNINCORPORATED,-122.41937255859375,37.596858978271484
90734876,2018,2018-05-25,9335,2018-05-13,0030,021916,,7,3,9,4100,0,1,2,,2,011,"US-101 S/B","SAN BRUNO AVE",3326.00,S,N,A,-,Y,,,101,,,,,,S,Y,4,0,2,2,A,-,21,22106,,F,F,A,A,A,H,-,D,D,0,,,,,Y,,-,99,0,0,2,0,0,0,0,0,0,"- ","- ",37.622249603271484,-122.40072631835938,"SAN MATEO",UNINCORPORATED,-122.40058898925781,37.622299194335938
90735456,2018,2018-05-28,9335,2018-05-17,0830,022007,,4,1,9,4100,0,1,3,,2,040,"SR-1 N/B","1ST STREEET",3960.00,N,N,B,-,Y,,,1,,,,,,N,Y,4,0,1,1,A,-,08,22107,,N,E,I,A,A,H,-,A,D,0,,,,,Y,,A,01,0,0,1,0,0,0,0,0,0,"- ","- ",37.557090759277344,-122.51338958740234,"SAN MATEO",UNINCORPORATED,-122.513427734375,37.557056427001953
90735737,2018,2018-05-29,9335,2018-05-16,1650,021780,,3,2,5,4117,0,1,2,,2,012,"US-101 S/B","OYSTER POINT BLVD",566.00,N,N,A,-,Y,,,101,,,,,,S,Y,4,0,1,2,A,-,03,22350,,N,C,C,A,A,H,-,A,D,0,,,,,Y,,D,22,0,0,1,0,0,0,0,0,0,"- ","- ",37.665199279785156,-122.39747619628906,"SAN MATEO","SOUTH SAN FRANCISCO",-122.39743804931641,37.665149688720703
90737900,2018,2018-05-31,9335,2018-05-08,2355,021700,,2,3,3,4110,0,1,2,,2,011,"US-101 S/B","MILBRAE AVE",2112.00,N,N,A,-,Y,,,101,,,,,,S,Y,4,0,1,2,A,-,03,22350,,M,C,C,A,A,H,-,C,D,0,,,,,Y,,A,01,0,0,1,0,0,0,0,0,0,"- ","- ",37.606178283691406,-122.38619995117188,"SAN MATEO",MILLBRAE,-122.38619232177734,37.606193542480469
90738567,2018,2018-05-31,9330,2018-05-20,1655,022053,,7,2,9,4100,0,3,5,,2,109,SR-1,"CORONADO STREET",1056.00,N,N,A,-,Y,,,1,,,,,,,Y,3,0,1,1,C,-,18,,,N,E,I,A,A,H,-,A,D,0,,,,,Y,,-,"- ",0,1,0,0,0,0,0,0,0,"- ","- ",37.501529693603516,-122.4703369140625,"SAN MATEO",UNINCORPORATED,-122.47054290771484,37.501003265380859
90738681,2018,2018-05-31,9335,2018-05-19,1645,021997,,6,2,9,4100,0,1,2,,2,011,"US 101 S/B","SAN BRUNO O/C",98.00,S,N,B,-,Y,,,,,,,,,,Y,3,0,1,2,A,-,03,22350,,N,C,C,A,A,H,-,A,D,0,,,,,Y,Y,D,22,0,1,0,0,0,0,0,0,0,"- ","- ",37.630908966064453,-122.40276336669922,"SAN MATEO",UNINCORPORATED,-122.40283203125,37.630992889404297
90738880,2018,2018-06-01,9330,2018-05-27,0306,021661,,7,3,4,4109,0,1,2,,2,058,"US-101 S/B TO MARSH RD","MARSH RD",300.00,N,N,A,-,Y,,,101,,,,R,,S,Y,3,0,2,1,A,-,03,22350,,N,E,I,A,A,H,-,C,D,0,,,,,Y,,A,01,0,1,1,0,0,0,0,0,0,"- ","- ",37.482719421386719,-122.18192291259766,"SAN MATEO","MENLO PARK",-122.18192291259766,37.482719421386719
90739733,2018,2018-06-04,9330,2018-05-26,1850,021204,,6,2,9,4100,0,1,3,,2,052,SR-35,"WINDY HILL REST STOP",860.00,N,N,E,-,Y,,,35,,,,,,,Y,4,0,1,1,A,-,08,22107,,N,E,I,A,A,H,-,A,D,0,,,,,Y,,A,01,0,0,1,0,0,0,0,0,0,"- ","- ",37.364109039306641,-122.24742126464844,"SAN MATEO",UNINCORPORATED,-122.24742126464844,37.364109039306641
90740600,2018,2018-06-04,9330,2018-05-27,1700,022053,,7,2,9,4100,0,1,3,,1,011,SR-92,"OLD CANADA ROAD",631.00,W,N,A,-,Y,,,,,,,,,,Y,2,0,1,1,A,-,03,22350,,N,F,A,A,A,H,-,A,D,0,,,Y,,Y,,C,02,1,0,0,0,0,0,0,0,1,"- ","- ",37.301651000976562,-122.21298980712891,"SAN MATEO",UNINCORPORATED,-122.34297943115234,37.507465362548828
90740993,2018,2018-06-05,9330,2018-05-29,1445,016534,,2,2,5,4116,0,1,2,,2,038,"US-101 S/B","SR-92 O/C",2112.00,N,N,A,-,Y,,,101,,,,,,S,Y,4,0,1,2,A,-,03,22350,,N,C,C,A,A,H,-,A,A,0,,,,,Y,,A,01,0,0,1,0,0,0,0,0,0,"- ","- ",37.559520721435547,-122.30146026611328,"SAN MATEO","SAN MATEO",-122.30172729492188,37.559284210205078
90743529,2018,2018-06-07,9330,2018-06-05,1600,016795,,2,2,4,4127,0,1,2,,2,058,"US-101 S/B (BAYSHORE FREEWAY)","UNIVERSITY AVENUE",2158.00,S,N,A,-,Y,,,101,,,,,,S,N,3,0,1,3,A,-,03,22350,,N,C,C,A,A,H,-,A,D,0,,,,,Y,,A,01,0,1,0,0,0,0,0,0,0,"- ","- ",37.456718444824219,-122.13469696044922,"SAN MATEO","EAST PALO ALTO",-122.13470458984375,37.456714630126953
90744563,2018,2018-06-11,9335,2018-05-31,0153,021649,,4,3,2,4103,0,1,2,,2,012,"US-101 S/B","ALANA WAY U/C",4226.00,S,N,A,-,Y,,,101,,,,,,S,Y,3,0,1,1,A,-,01,23152,A,N,E,I,A,A,H,-,C,D,0,,,,,Y,Y,A,07,0,1,0,0,0,0,0,0,0,"- ","- ",37.697288513183594,-122.39280700683594,"SAN MATEO",BRISBANE,-122.39263916015625,37.697330474853516
90744618,2018,2018-06-11,9330,2018-06-03,0141,020770,,7,3,4,4104,0,1,2,,2,038,"US-101 S/B","POPLAR AVE",5808.00,N,N,A,-,Y,,,101,,,,,,S,Y,2,0,2,2,A,-,03,22350,,N,D,C,A,A,H,-,C,D,0,,,,,Y,Y,A,01,1,0,1,0,0,0,0,0,0,"- ","- ",37.586849212646484,-122.34120178222656,"SAN MATEO",BURLINGAME,-122.34120178222656,37.586818695068359
90746621,2018,2018-06-12,9330,2018-06-03,0225,021550,,7,3,3,4108,0,1,1,,2,034,"I-280 S/B","TROUSDALE DRIVE",6864.00,S,N,A,-,Y,,,280,,,,,,S,Y,3,0,1,1,A,-,01,23152,A,N,E,I,A,A,H,-,D,D,0,,,,,Y,Y,A,07,0,1,0,0,0,0,0,0,0,"- ","- ",37.565849304199219,-122.38939666748047,"SAN MATEO",HILLSBOROUGH,-122.38947296142578,37.565677642822266
90749455,2018,2018-06-18,9330,2018-06-10,1310,016795,,7,1,9,4100,0,1,3,,2,052,"SR-35 (SKYLINE BOULEVARD)","WINDY HILL OPEN SPACE",3168.00,S,N,A,-,Y,,,35,,,,,,,Y,3,0,1,2,A,-,03,22350,,N,C,C,A,A,H,-,A,D,0,,,Y,,Y,,C,02,0,1,0,0,0,0,0,0,1,"- ","- ",37.354881286621094,-122.24298095703125,"SAN MATEO",UNINCORPORATED,-122.24298095703125,37.354881286621094
90749476,2018,2018-06-18,9335,2018-06-07,1430,021626,,4,2,6,4106,0,1,1,,2,021,"I-280 S/B","KING DR U/C",265.00,S,N,A,-,Y,,,280,,,,,,S,N,4,0,1,2,A,-,07,21658,A,N,B,C,A,A,H,-,A,D,0,,,,,Y,,A,08,0,0,1,0,0,0,0,0,0,"- ","- ",37.651401519775391,-122.45352935791016,"SAN MATEO","DALY CITY",-122.45356750488281,37.651371002197266
90749492,2018,2018-06-18,9335,2018-06-08,1440,021339,,5,2,4,4114,0,1,1,,2,038,"I-280 N/B TO I-380 E/B","SAN BRUNO AVE",1200.00,N,N,A,-,Y,,,,,,,,,,N,3,0,1,3,A,-,03,22350,,N,C,C,A,A,H,-,A,D,0,,,,,Y,,A,07,0,1,0,0,0,0,0,0,0,"- ","- ",37.628501892089844,-122.42800140380859,"SAN MATEO","SAN BRUNO",-122.43083953857422,37.627239227294922
90750589,2018,2018-06-19,9330,2018-06-09,1950,022072,,6,2,5,4116,0,1,2,,2,038,"US-101 SOUTHBOUND","3RD AVENUE",1584.00,N,N,A,-,Y,,,101,,,,,,S,Y,3,0,1,2,A,-,07,21658,A,N,B,C,A,A,H,-,B,D,0,,,,,Y,,A,01,0,1,0,0,0,0,0,0,0,"- ","- ",37.574600219726562,-122.31829833984375,"SAN MATEO","SAN MATEO",-122.31824493408203,37.574657440185547
90750604,2018,2018-06-19,9330,2018-06-12,0545,020646,,2,3,5,4116,0,1,3,,1,035,"SR 92 W/B","VINTAGE PKWY",250.00,W,N,A,-,Y,,,92,,,,,,W,Y,4,0,1,3,A,-,03,22350,,N,C,C,A,A,H,-,A,D,0,,,,Y,Y,,D,22,0,0,1,0,0,0,0,0,0,"- ","- ",37.560199737548828,-122.279296875,"SAN MATEO","SAN MATEO",-122.27922821044922,37.560092926025391
90750703,2018,2018-06-19,9330,2018-06-10,1435,021843,,7,2,9,4100,0,1,3,,1,020,SR-1,"NEW YEARS CREEK ROAD",1890.00,S,N,A,-,Y,,,1,,,,,,,Y,3,0,2,2,A,-,09,21804,A,N,A,C,A,A,H,-,A,D,0,,,,,Y,,A,07,0,2,0,0,0,0,0,0,0,"- ","- ",37.119991302490234,-122.30536651611328,"SAN MATEO",UNINCORPORATED,-122.30538177490234,37.119983673095703
90750767,2018,2018-06-19,9330,2018-06-01,1105,022072,,5,1,9,4100,0,3,5,,2,405,"LOMA COURT","PALOMAR DR",156.00,N,N,A,-,Y,,,,,,,,,,Y,4,0,1,1,C,-,18,,,N,E,I,A,A,H,-,A,D,0,,,,,Y,,-,"- ",0,0,1,0,0,0,0,0,0,"- ","- ",37.481098175048828,-122.27120208740234,"SAN MATEO",UNINCORPORATED,-122.27115631103516,37.480998992919922
90751017,2018,2018-06-19,9335,2018-06-10,0720,022096,,7,1,9,4100,0,1,2,,2,011,"US-101 S/B","MILLBRAE AVE",2640.00,N,N,A,-,Y,,,101,,,,,,S,Y,4,0,1,2,A,-,07,21658,A,N,C,C,A,A,H,-,A,D,0,,,,,Y,,A,07,0,0,1,0,0,0,0,0,0,"- ","- ",37.607139587402344,-122.38780975341797,"SAN MATEO",UNINCORPORATED,-122.38776397705078,37.607204437255859
90751026,2018,2018-06-19,9330,2018-06-03,1148,022053,,7,1,9,4100,0,1,3,,1,011,SR-92,"OLD CANADA ROAD",990.00,E,N,A,-,Y,,,,,,,,,,Y,4,0,2,2,A,-,01,23152,A,F,B,C,A,A,H,-,A,D,0,,,,,Y,Y,A,07,0,0,2,0,0,0,0,0,0,"- ","- ",37.302848815917969,-122.21176910400391,"SAN MATEO",UNINCORPORATED,-122.34040832519531,37.506858825683594
90751585,2018,2018-06-20,9330,2018-06-18,0850,020646,,1,1,5,4116,0,1,3,,1,035,"SR 92 W/B","FOSTER CITY BLVD",7600.00,E,N,B,-,Y,,,,,,,,,,N,4,0,1,2,A,-,03,22350,,N,C,C,A,A,H,-,A,D,0,,,,,Y,,A,01,0,0,1,0,0,0,0,0,0,"- ","- ",37.579700469970703,-122.25569915771484,"SAN MATEO","SAN MATEO",-122.27323913574219,37.563949584960938
90752545,2018,2018-06-21,9330,2018-06-20,1430,020646,,3,2,5,4116,0,1,3,,1,035,"SR 92 W/B","FOSTER CITY BLVD",1800.00,E,N,A,-,Y,,,,,,,,,,Y,4,0,2,3,A,-,03,22350,,N,C,C,A,A,H,-,A,D,0,,,,,Y,,D,22,0,0,2,0,0,0,0,0,0,"- ","- ",37.567699432373047,-122.26909637451172,"SAN MATEO","SAN MATEO",-122.27323913574219,37.563949584960938
90752618,2018,2018-06-21,9335,2018-06-11,1525,018701,,1,2,5,4117,0,1,1,,2,020,"I-280 N/B","AVALON DR",1320.00,N,N,A,-,Y,,,280,,,,,,N,Y,4,0,1,2,A,-,07,21658,A,N,C,C,A,A,H,-,A,D,0,,,,Y,Y,,A,01,0,0,1,0,0,0,0,0,0,"- ","- ",37.643009185791016,-122.44416809082031,"SAN MATEO","SOUTH SAN FRANCISCO",-122.44459533691406,37.642490386962891
90756591,2018,2018-06-27,9330,2018-06-26,1730,021243,,2,2,5,4116,0,1,3,,2,031,"SR-92 WESTBOUND",I-280,1000.00,E,N,A,-,Y,,,,,,,,,,N,4,0,2,3,A,-,03,22350,,N,C,C,A,A,H,-,A,D,0,,,,,Y,,A,01,0,0,2,0,0,0,0,0,0,"- ","- ",37.509769439697266,-122.33364105224609,"SAN MATEO","SAN MATEO",-122.338623046875,37.507160186767578
90760314,2018,2018-07-02,9335,2018-06-22,1905,021754,,5,2,6,4106,0,1,1,,2,021,"I-280 N/B TO 19TH AVENUE","JOHN DALY BLVD",380.00,N,N,A,-,Y,,,280,,,,R,,N,Y,2,0,1,2,A,-,07,21658,A,N,B,C,A,A,H,-,A,D,0,,,Y,,Y,,A,07,1,0,0,0,0,0,0,0,1,"- ","- ",37.706180572509766,-122.47128295898438,"SAN MATEO","DALY CITY",-122.47128295898438,37.706180572509766
90760479,2018,2018-07-02,9330,2018-06-20,1250,022101,,3,1,5,4113,0,2,4,,1,051,"MIDDLEFIELD ROAD S/B","DUMBARTON AVENUE",10.00,N,N,A,-,N,,,,,,,,,,N,4,0,1,2,A,-,03,22350,,N,C,C,A,A,H,-,A,A,0,,,,,Y,,A,01,0,0,1,0,0,0,0,0,0,"- ","- ",37.475120544433594,-122.20897674560547,"SAN MATEO","REDWOOD CITY",-122.20913696289062,37.475177764892578
90760589,2018,2018-07-02,9330,2018-06-22,1705,022053,,5,2,4,4115,0,1,2,,2,048,"US-101 N/B","HOLLY STREET OVERCROSSING",1056.00,S,N,A,-,Y,,,,,,,,,,Y,2,0,1,2,A,-,03,22350,,N,B,C,A,A,H,-,A,D,0,,,Y,,Y,,C,02,1,0,0,0,0,0,0,0,1,"- ","- ",37.304489135742188,-122.15144348144531,"SAN MATEO","SAN CARLOS",-122.25364685058594,37.511848449707031
90760657,2018,2018-07-02,9330,2018-06-21,1517,022035,,4,2,5,4116,0,1,2,,2,048,"US-101 N/B","E. HILLSDALE BLVD",23.00,N,N,A,-,Y,,,101,,,,,,N,Y,3,0,2,3,A,-,03,22350,,N,C,C,A,A,H,-,A,D,0,,,,Y,Y,,F,26,0,1,1,0,0,0,0,0,0,"- ","- ",37.544589996337891,-122.28784942626953,"SAN MATEO","SAN MATEO",-122.28776550292969,37.544666290283203
90760982,2018,2018-07-02,9330,2018-06-23,0404,022053,,6,3,4,4104,0,1,2,,2,038,"US-101 N/B","3RD AVENUE",1056.00,S,N,A,-,Y,,,,,,,,,,Y,4,0,1,2,A,-,03,22350,,N,C,C,A,A,H,-,D,D,0,,,,,Y,,A,01,0,0,1,0,0,0,0,0,0,"- ","- ",37.347888946533203,-122.18425750732422,"SAN MATEO",BURLINGAME,,
90762462,2018,2018-07-04,9330,2018-06-25,0040,021616,,1,3,5,4116,0,1,2,,2,038,"US-101 N/B","PENINSULA AVE",2112.00,N,N,A,-,Y,,,,,,,,,,Y,4,0,1,2,A,-,01,23152,A,N,B,C,A,A,A,-,C,D,0,,,,Y,Y,Y,A,08,0,0,1,0,0,0,0,0,0,"- ","- ",37.286701202392578,-122.33380126953125,"SAN MATEO","SAN MATEO",-122.33481597900391,37.586849212646484
90762581,2018,2018-07-04,9330,2018-06-25,1015,019764,,1,1,4,4115,0,1,2,,2,048,"US-101 S/B","HOLLY ST",200.00,N,N,A,-,Y,,,101,,,,,,S,Y,3,0,2,5,A,-,03,22350,,N,C,C,A,A,H,-,A,D,0,,,,,Y,,A,07,0,1,1,0,0,0,0,0,0,"- ","- ",37.514381408691406,-122.25679016113281,"SAN MATEO","SAN CARLOS",-122.25677490234375,37.514396667480469
90762824,2018,2018-07-05,9330,2018-06-26,1555,022035,,2,2,5,4116,0,1,2,,2,048,"US-101 S/B","E. HILLSDALE BLVD",1500.00,N,N,A,-,Y,,,101,,,,,,S,N,4,0,1,2,A,-,03,22350,,N,C,C,A,A,H,-,A,D,0,,,,,Y,,A,01,0,0,1,0,0,0,0,0,0,"- ","- ",37.548328399658203,-122.29148864746094,"SAN MATEO","SAN MATEO",-122.29155731201172,37.548271179199219
90762899,2018,2018-08-13,9335,2018-06-23,2140,021916,,6,2,9,4100,0,1,2,,2,011,"US-101 N/B","BART SFO OVERCROSSING",600.00,N,N,A,-,Y,,,101,,,,,,N,Y,4,0,1,4,A,-,03,22350,,N,C,C,A,A,H,-,D,D,0,,,,,Y,,A,07,0,0,1,0,0,0,0,0,0,"- ","- ",37.61724853515625,-122.39856719970703,"SAN MATEO",UNINCORPORATED,-122.39852142333984,37.617267608642578
90763542,2018,2018-07-05,9330,2018-06-29,1710,021598,,5,2,5,4116,0,1,3,,2,031,"SR-92 E/B","FOSTER CITY BLVD",1056.00,W,N,A,-,Y,,,92,,,,,,E,Y,3,0,2,2,A,-,03,22350,,N,C,C,A,A,H,-,A,D,0,,,,,Y,,A,07,0,1,1,0,0,0,0,0,0,"- ","- ",37.55889892578125,-122.28070068359375,"SAN MATEO","SAN MATEO",-122.28069305419922,37.558891296386719
90764013,2018,2018-07-06,9330,2018-06-28,0730,021510,,4,1,9,4100,0,1,3,,1,011,"SR-92 EB","DIGGES CANYON ROAD",280.00,E,N,A,-,Y,,,92,,,,,,E,Y,4,0,1,3,A,-,03,22350,,N,C,C,A,A,H,-,A,D,0,,,,,Y,,D,22,0,0,1,0,0,0,0,0,0,"- ","- ",37.478370666503906,-122.41259765625,"SAN MATEO",UNINCORPORATED,-122.41259765625,37.478374481201172
90765956,2018,2018-07-10,9330,2018-07-02,1330,021521,,1,1,9,4100,0,1,3,,2,072,"SR -35 (SKYLINE BLVD)","PAGE MILL RD",3696.00,S,N,A,-,Y,,,35,,,,,,,Y,2,0,3,1,A,-,08,22107,,N,E,I,A,A,H,-,A,D,0,,,,,Y,,A,01,2,1,0,0,0,0,0,0,0,"- ","- ",37.312801361083984,-122.17710113525391,"SAN MATEO",UNINCORPORATED,-122.17710876464844,37.312938690185547
90766902,2018,2018-07-11,9330,2018-07-05,0900,016534,,4,1,4,4104,0,1,2,,2,038,"US-101 S/B","BROADWAY AVENUE O/C",2640.00,N,N,A,-,Y,,,101,,,,,,S,Y,4,0,2,2,A,-,03,22350,,N,C,C,A,A,H,-,A,A,0,,,,,Y,,A,01,0,0,2,0,0,0,0,0,0,"- ","- ",37.595340728759766,-122.36930084228516,"SAN MATEO",BURLINGAME,-122.36936950683594,37.595233917236328
90767458,2018,2018-07-12,9330,2018-07-04,2257,022072,,3,3,4,4120,0,1,3,,2,031,"SR-92 W/B","EDGEWATER BLVD",300.00,E,N,A,-,Y,,,,,,,,,,Y,4,0,2,3,A,-,03,22350,,N,C,C,A,A,H,-,D,D,0,,,,,Y,,A,07,0,0,2,0,0,0,0,0,0,"- ","- ",37.557598114013672,-122.28309631347656,"SAN MATEO","FOSTER CITY",,
90767472,2018,2018-07-12,9335,2018-06-29,1300,022024,,5,1,4,4114,0,1,2,,2,011,"US-101 S/B","SFO BART OVERCROSSING",1000.00,N,N,A,-,Y,,,,,,,,,,Y,4,0,1,2,A,-,03,22350,,N,C,C,A,A,H,-,A,D,0,,,,,Y,,A,01,0,0,1,0,0,0,0,0,0,"- ","- ",37.618240356445312,-122.39911651611328,"SAN MATEO","SAN BRUNO",,
90767997,2018,2018-07-12,9330,2018-07-07,1745,021337,,6,2,4,4102,0,1,2,,2,048,"US-101 S/B","BRITTAN AVE",200.00,S,N,A,-,Y,,,101,,,,,,S,Y,4,0,2,2,A,-,03,22350,,N,C,C,A,A,H,-,A,D,0,,,,,Y,,A,07,0,0,2,0,0,0,0,0,0,"- ","- ",37.521831512451172,-122.26519012451172,"SAN MATEO",BELMONT,-122.26518249511719,37.521835327148438
90770569,2018,2018-07-17,9330,2018-07-09,1300,022101,,1,1,5,4113,0,1,2,,2,048,"US-101 S/B","SR 84 (WOODSIDE ROAD)",50.00,N,N,A,-,Y,,,,,,,,,,N,4,0,1,2,A,-,03,22350,,N,C,C,A,A,H,-,A,A,0,,,,,Y,,A,07,0,0,1,0,0,0,0,0,0,"- ","- ",37.485099792480469,-122.24472045898438,"SAN MATEO","REDWOOD CITY",,