CASE_ID,ACCIDENT_YEAR,PROC_DATE,JURIS,COLLISION_DATE,COLLISION_TIME,OFFICER_ID,REPORTING_DISTRICT,DAY_OF_WEEK,CHP_SHIFT,POPULATION,CNTY_CITY_LOC,SPECIAL_COND,BEAT_TYPE,CHP_BEAT_TYPE,CITY_DIVISION_LAPD,CHP_BEAT_CLASS,BEAT_NUMBER,PRIMARY_RD,SECONDARY_RD,DISTANCE,DIRECTION,INTERSECTION,WEATHER_1,WEATHER_2,STATE_HWY_IND,CALTRANS_COUNTY,CALTRANS_DISTRICT,STATE_ROUTE,ROUTE_SUFFIX,POSTMILE_PREFIX,POSTMILE,LOCATION_TYPE,RAMP_INTERSECTION,SIDE_OF_HWY,TOW_AWAY,COLLISION_SEVERITY,NUMBER_KILLED,NUMBER_INJURED,PARTY_COUNT,PRIMARY_COLL_FACTOR,PCF_CODE_OF_VIOL,PCF_VIOL_CATEGORY,PCF_VIOLATION,PCF_VIOL_SUBSECTION,HIT_AND_RUN,TYPE_OF_COLLISION,MVIW,PED_ACTION,ROAD_SURFACE,ROAD_COND_1,ROAD_COND_2,LIGHTING,CONTROL_DEVICE,CHP_ROAD_TYPE,PEDESTRIAN_ACCIDENT,BICYCLE_ACCIDENT,MOTORCYCLE_ACCIDENT,TRUCK_ACCIDENT,NOT_PRIVATE_PROPERTY,ALCOHOL_INVOLVED,STWD_VEHTYPE_AT_FAULT,CHP_VEHTYPE_AT_FAULT,COUNT_SEVERE_INJ,COUNT_VISIBLE_INJ,COUNT_COMPLAINT_PAIN,COUNT_PED_KILLED,COUNT_PED_INJURED,COUNT_BICYCLIST_KILLED,COUNT_BICYCLIST_INJURED,COUNT_MC_KILLED,COUNT_MC_INJURED,PRIMARY_RAMP,SECONDARY_RAMP,LATITUDE,LONGITUDE,COUNTY,CITY,POINT_X,POINT_Y
91707754,2022,2022-02-24,9330,2022-02-13,1340,022436,,7,1,9,4100,0,1,3,,1,020,SR-1,"SR-84 (LA HONDA ROAD)",0.00,,Y,A,-,Y,SM,,1,,,18.185,H,,R,N,2,0,1,1,A,-,08,22107,,N,F,A,A,A,H,-,A,D,0,,Y,,,Y,,L,04,1,0,0,0,0,0,1,0,0,"- ","- ",37.324451446533203,-122.39981079101562,"SAN MATEO",UNINCORPORATED,-122.39991760253906,37.324497222900391
91710007,2022,2022-02-25,9335,2022-02-12,1510,021916,,6,2,5,4117,0,1,1,,2,020,"I-280 N/B","AVALON DRIVE UNDERCROSSING",392.00,N,N,A,-,Y,SM,,280,,R,22.140,H,,R,Y,3,0,2,2,A,-,03,22350,,N,C,C,A,A,H,-,A,D,0,,,Y,,Y,,C,02,0,1,1,0,0,0,0,0,1,"- ","- ",37.640640258789062,-122.44275665283203,"SAN MATEO","SOUTH SAN FRANCISCO",-122.44275665283203,37.640640258789062
91710416,2022,2022-02-28,9335,2022-02-18,1905,021916,,5,2,9,4100,0,1,2,,2,011,"US-101 S/B","MILLBRAE AVENUE OVERCROSSING",4277.00,N,N,A,-,Y,SM,,101,,,18.756,H,,L,Y,4,0,1,2,A,-,03,22350,,N,C,C,A,A,H,-,D,D,0,,,,,Y,,A,01,0,0,1,0,0,0,0,0,0,"- ","- ",37.609928131103516,-122.39214324951172,"SAN MATEO",UNINCORPORATED,-122.39208221435547,37.6099853515625
91710705,2022,2022-02-28,9330,2022-02-15,1535,021662,,2,2,4,4127,0,1,2,,2,058,"US-101 N/B TO WILLOW ROAD","WILLOW ROAD",15.00,S,N,A,-,Y,SM,,114,,,5.048,H,,R,N,4,0,2,2,A,-,21,22106,,N,C,C,A,A,H,-,A,D,0,,,,,Y,,A,07,0,0,2,0,0,0,0,0,0,"- ","- ",37.469589233398438,-122.15473937988281,"SAN MATEO","EAST PALO ALTO",-122.15504455566406,37.469631195068359
91710787,2022,2022-02-28,9330,2022-01-22,1750,021957,,6,2,4,4114,0,1,S,,2,904,"I-280 NB TO SR-35 NB","SAN BRUNO AVE. W. PROLONGATION",4429.00,S,N,A,-,Y,SM,,35,,T,23.435,H,,R,Y,2,0,2,1,A,-,08,22107,,N,E,I,A,A,H,-,A,D,0,,,,,Y,,D,22,1,1,0,0,0,0,0,0,0,"- ","- ",37.608638763427734,-122.4326171875,"SAN MATEO","SAN BRUNO",-122.43267059326172,37.608608245849609
91711853,2022,2022-03-01,9330,2022-02-16,1748,016184,,3,2,5,4116,0,1,2,,2,038,"US-101 S/B","PENINSULA AVENUE",3696.00,N,N,A,-,Y,SM,,101,,,15.404,H,,L,Y,4,0,1,2,A,-,03,22350,,N,C,C,A,A,H,-,D,D,0,,,,,Y,,A,01,0,0,1,0,0,0,0,0,0,"- ","- ",37.586719512939453,-122.34072875976562,"SAN MATEO","SAN MATEO",-122.34072875976562,37.586807250976562
91713140,2022,2022-03-02,9335,2022-02-23,1532,018688,,3,2,6,4106,0,1,1,,2,021,"I-280 S/B","JUNIPERO SERRA BLVD. (NORTHERN OVERPASS)",1000.00,N,N,A,-,Y,SM,,280,,R,26.702,H,,L,Y,4,0,2,3,A,-,08,22107,,N,E,8,A,A,H,-,A,D,0,,,,,Y,,A,01,0,0,2,0,0,0,0,0,0,"- ","- ",37.698341369628906,-122.47147369384766,"SAN MATEO","DALY CITY",-122.47158050537109,37.698333740234375
91713152,2022,2022-03-02,9330,2022-02-17,1800,022344,,4,2,4,4102,0,1,2,,2,048,"US-101 N/B FROM RALSTON AVE E/B","RALSTON AVE",220.00,S,N,A,-,Y,SM,,101,,,9.503,H,,R,N,4,0,1,2,A,-,03,22350,,N,C,C,A,A,D,-,D,A,0,,,,,Y,,A,07,0,0,1,0,0,0,0,0,0,"- ","- ",37.526008605957031,-122.26923370361328,"SAN MATEO",BELMONT,-122.26947784423828,37.525840759277344
91713294,2022,2022-03-02,9335,2022-02-21,1602,022823,,1,2,9,4100,0,1,3,,2,040,"SR-1 N/B","LINDA MAR BLVD",1320.00,S,N,A,-,Y,SM,,1,,,40.677,H,,R,N,4,0,1,2,A,-,03,22350,,N,C,C,A,A,H,-,A,D,0,,,,,Y,,A,01,0,0,1,0,0,0,0,0,0,"- ","- ",37.592548370361328,-122.50546264648438,"SAN MATEO",UNINCORPORATED,-122.50544738769531,37.592559814453125
91715931,2022,2022-03-07,9330,2022-01-30,1520,022394,,7,2,4,4120,0,1,3,,1,035,"SR-92 E/B","FOSTER CITY BOULEVARD",3168.00,E,N,A,-,Y,SM,,92,,R,14.214,H,,R,N,3,0,1,2,A,-,03,22350,,N,C,C,A,A,H,-,A,D,0,,,Y,,Y,,C,02,0,1,0,0,0,0,0,0,1,"- ","- ",37.570369720458984,-122.26583862304688,"SAN MATEO","FOSTER CITY",-122.26585388183594,37.570377349853516
91715941,2022,2022-03-07,9335,2022-02-26,1140,022667,,6,1,6,4106,0,1,1,,2,021,"I-280 S/B","SOUTHGATE AVE UNDERCROSSING",150.00,S,N,B,-,Y,SM,,280,,R,25.020,H,,L,Y,4,0,3,3,A,-,03,22350,,N,C,C,A,A,H,-,A,D,0,,,,,Y,,A,07,0,0,3,0,0,0,0,0,0,"- ","- ",37.674709320068359,-122.46939086914062,"SAN MATEO","DALY CITY",-122.46941375732422,37.674697875976562
91715951,2022,2022-03-07,9330,2022-02-10,0730,021979,,4,1,5,4113,0,1,2,,2,048,"US-101 SB","MAPLE STREET O/C",200.00,S,N,A,-,Y,SM,,101,,,5.854,H,,L,Y,4,0,3,4,D,-,00,,,N,B,C,A,A,H,-,A,D,0,,,,,Y,,-,"- ",0,0,3,0,0,0,0,0,0,"- ","- ",37.491809844970703,-122.22026062011719,"SAN MATEO","REDWOOD CITY",-122.22026062011719,37.491809844970703
91716438,2022,2022-03-07,9330,2022-02-13,0542,022200,,7,3,5,4116,0,1,2,,2,038,"US-101 N/B","THIRD AVENUE",528.00,S,N,A,-,Y,SM,,101,,,13.254,H,,R,Y,2,0,2,2,A,-,03,22350,,N,C,C,A,A,H,-,C,D,0,,,,,Y,,A,01,2,0,0,0,0,0,0,0,0,"- ","- ",37.568729400634766,-122.31153106689453,"SAN MATEO","SAN MATEO",-122.31153869628906,37.5687255859375
91716480,2022,2022-03-07,9330,2022-02-17,1450,022381,,4,2,5,4113,0,1,2,,2,048,"US-101 S/B","MAPLE STREET",1.00,N,N,A,-,Y,SM,,101,,,5.892,H,,L,Y,4,0,2,2,A,-,08,22107,,N,C,C,A,A,H,-,A,D,0,,,,,Y,,A,01,0,0,2,0,0,0,0,0,0,"- ","- ",37.492050170898438,-122.22087860107422,"SAN MATEO","REDWOOD CITY",-122.22086334228516,37.492080688476562
9171965,2020,2020-11-17,4116,2020-10-27,1417,27872,23,2,5,5,4116,0,0,0,,0,00A,"SOUTH EL CAMINO REAL","17TH AV",296.00,N,N,A,-,N,,,,,,,,,,Y,3,0,1,2,A,-,05,21651,,N,D,C,A,A,H,-,A,D,0,,,,,Y,,A,01,0,1,0,0,0,0,0,0,0,"- ","- ",37.553348541259766,-122.31353759765625,"SAN MATEO","SAN MATEO",-122.31475830078125,37.55279541015625
9172009,2020,2021-01-11,4114,2020-10-14,1316,0048,SNB22,3,5,4,4114,0,0,0,,0,003,"OAKMONT DR","OLYMPIC DR",0.00,,Y,A,-,N,,,,,,,,,,N,3,0,1,2,A,-,05,21460,A,N,H,G,A,A,H,-,A,D,0,,Y,,,Y,,L,04,0,1,0,0,0,0,1,0,0,"- ","- ",,,"SAN MATEO","SAN BRUNO",-122.45574951171875,37.637008666992188
9172107,2020,2020-12-02,4100,2020-10-04,1450,25172,HMB,7,5,3,4107,0,0,0,,0,007,"RT 1","KELLY AV",598.00,N,N,A,-,Y,SM,4,1,-,-,28.860,H,-,N,N,3,0,1,2,A,-,07,21658,A,N,B,C,A,A,H,-,A,D,0,,,Y,,Y,,A,01,0,1,0,0,0,0,0,0,1,"- ","- ",,,"SAN MATEO","HALF MOON BAY",-122.43389129638672,37.465614318847656
91721655,2022,2022-03-14,9330,2022-03-02,0915,020554,,3,1,9,4100,0,3,5,,2,305,"RALSTON AVENUE","SR-92 E/B TO RALSTON AVENUE",0.00,,Y,A,-,Y,,,,,,,,,,N,4,0,1,2,C,-,18,,,N,D,C,A,A,H,-,A,A,0,,,,,Y,,-,"- ",0,0,1,0,0,0,0,0,0,"- ","- ",37.512199401855469,-122.32877349853516,"SAN MATEO",UNINCORPORATED,-122.36872863769531,37.5596923828125
9172264,2020,2020-12-07,4104,2020-08-23,2053,0247,11,7,5,4,4104,0,0,0,,0,00B,"RT 82","ROSEDALE AV",0.00,,Y,A,-,Y,SM,4,82,-,-,15.190,H,-,N,N,3,0,1,2,A,-,03,22350,,N,C,C,A,A,H,-,A,A,0,,,,,Y,,A,01,0,1,0,0,0,0,0,0,0,"- ","- ",37.590900421142578,-122.37787628173828,"SAN MATEO",BURLINGAME,-122.37772369384766,37.590816497802734
91722778,2022,2022-03-15,9330,2022-03-03,0824,022212,,4,1,4,4109,0,1,2,,2,058,"US-101 S/B","WILLOW RD",6336.00,N,N,B,-,Y,SM,,101,,,3.160,H,,L,Y,4,0,1,4,A,-,03,22350,,N,C,C,A,A,H,-,A,D,0,,,,,Y,,D,22,0,0,1,0,0,0,0,0,0,"- ","- ",37.480018615722656,-122.17430877685547,"SAN MATEO","MENLO PARK",-122.17438507080078,37.479938507080078
91724317,2022,2022-03-16,9335,2022-03-08,1530,022823,,2,2,4,4114,0,1,1,,2,020,"I-280 NB","SAN BRUNO AVE UNDERCROSSING",240.00,S,N,A,-,Y,SM,,280,,R,20.706,H,,R,Y,3,0,1,1,A,-,08,22107,,N,E,I,A,A,H,-,A,D,0,,,,,Y,,A,01,0,1,0,0,0,0,0,0,0,"- ","- ",37.623771667480469,-122.42804718017578,"SAN MATEO","SAN BRUNO",-122.42794036865234,37.623813629150391
91729809,2022,2022-03-23,9330,2022-03-11,1600,022575,,5,2,5,4113,0,1,2,,2,048,"US-101 NORTHBOUND","WHIPPLE AVENUE",1700.00,S,N,A,-,Y,SM,,101,,,6.293,H,,R,N,2,0,1,2,A,-,03,22350,,N,C,C,A,A,D,-,A,D,0,,,Y,,Y,,C,02,1,0,0,0,0,0,0,0,1,"- ","- ",37.494800567626953,-122.22731018066406,"SAN MATEO","REDWOOD CITY",-122.22732543945312,37.494762420654297
9173078,2020,2020-12-26,4113,2020-10-10,1309,363,3,6,5,5,4113,0,0,0,,0,003,"HANSEN WY","VETERANS BL",0.00,,Y,A,-,N,,,,,,,,,,Y,3,0,1,1,A,-,08,22107,,N,E,I,A,A,H,-,A,D,0,,,,,Y,,A,07,0,1,0,0,0,0,0,0,0,"- ","- ",37.489120483398438,-122.21894836425781,"SAN MATEO","REDWOOD CITY",-122.21894073486328,37.488971710205078
9173079,2020,2020-12-26,4113,2020-10-08,0948,462,11,4,5,5,4113,0,0,0,,0,023,"MAIN ST","STAMBAUGH ST",63.00,E,N,A,-,N,,,,,,,,,,N,4,0,1,1,A,-,08,22107,,N,E,I,A,A,G,-,A,A,0,,,,,Y,,A,07,0,0,1,0,0,0,0,0,0,"- ","- ",37.493320465087891,-122.22074127197266,"SAN MATEO","REDWOOD CITY",-122.22621917724609,37.485149383544922
9173413,2020,2020-11-14,4104,2020-09-23,0814,0252,6,3,5,4,4104,0,0,0,,0,00A,"CAROLAN AV","LARKSPUR AV",170.00,N,N,B,-,N,,,,,,,,,,Y,3,0,1,2,A,-,01,23152,A,N,C,C,A,A,H,-,A,D,0,,,,,Y,Y,A,01,0,1,0,0,0,0,0,0,0,"- ","- ",37.585529327392578,-122.35645294189453,"SAN MATEO",BURLINGAME,-122.35646057128906,37.585296630859375
91734310,2022,2022-03-28,9330,2022-03-23,0030,022042,,3,3,5,4116,0,1,2,,2,038,"US-101 S/B","POPLAR AVENUE",300.00,N,N,A,-,Y,SM,,101,,,14.430,H,,L,N,4,0,1,2,A,-,03,22350,,N,C,C,A,A,D,-,C,D,0,,,,,Y,,A,01,0,0,1,0,0,0,0,0,0,"- ","- ",37.5814208984375,-122.32566833496094,"SAN MATEO","SAN MATEO",-122.32563781738281,37.581439971923828
91734439,2022,2022-03-28,9335,2022-03-18,1251,019581,,5,1,5,4117,0,1,2,,2,012,"US-101 N/B","S.AIRPORT BLVD.",100.00,N,N,A,-,Y,SM,,101,,,21.723,H,,R,Y,3,0,3,3,A,-,03,22350,,N,C,C,A,A,H,-,A,D,0,,,,,Y,,A,07,0,2,1,0,0,0,0,0,0,"- ","- ",37.650291442871094,-122.40659332275391,"SAN MATEO","SOUTH SAN FRANCISCO",-122.40664672851562,37.650287628173828
91734790,2022,2022-03-28,9330,2022-03-02,1545,022754,,3,2,5,4116,0,1,2,,2,038,"US-101 S/B TO SR-92",SR-92,2112.00,N,N,A,-,Y,SM,,101,,,12.328,H,,L,N,4,0,1,2,A,-,07,21658,A,N,C,C,A,A,H,-,A,D,0,,,,,Y,,-,"- ",0,0,1,0,0,0,0,0,0,"- ","- ",37.558368682861328,-122.30113220214844,"SAN MATEO","SAN MATEO",-122.30099487304688,37.558444976806641
91735838,2022,2022-03-29,9330,2022-03-16,0010,022072,,3,3,4,4120,0,1,3,,1,035,"SR-92 E/B","SUB STATION 4",2112.00,E,N,B,G,Y,SM,,92,,R,17.847,H,,R,Y,2,0,1,2,A,-,03,22350,,M,C,C,A,A,H,-,C,D,0,,,,,Y,,D,22,1,0,0,0,0,0,0,0,0,"- ","- ",37.599529266357422,-122.21356964111328,"SAN MATEO","FOSTER CITY",-122.21356964111328,37.599529266357422
91736895,2022,2022-03-30,9330,2022-03-20,1119,022212,,7,1,9,4100,0,1,3,,1,020,"SR-1 N/B","BEAN HOLLOW RD",1056.00,N,N,A,-,Y,SM,,1,,,11.038,H,,R,Y,3,0,2,2,A,-,21,22106,,N,B,C,A,A,H,-,A,D,0,,,,,Y,,A,01,0,1,1,0,0,0,0,0,0,"- ","- ",37.225910186767578,-122.40853118896484,"SAN MATEO",UNINCORPORATED,-122.40856170654297,37.225894927978516
91738174,2022,2022-03-31,9330,2022-03-21,0800,022774,,1,1,5,4113,0,1,2,,2,058,"US-101 N/B","SR-84 (WOODSIDE ROAD)",5280.00,S,N,A,-,Y,SM,,101,,,4.415,H,,R,Y,3,0,3,3,A,-,03,22350,,N,C,C,A,A,H,-,A,D,0,,,,Y,Y,,F,26,0,1,2,0,0,0,0,0,0,"- ","- ",37.486328125,-122.19538116455078,"SAN MATEO","REDWOOD CITY",-122.19538116455078,37.486324310302734
91738274,2022,2022-03-31,9335,2022-03-20,0040,022186,,7,3,2,4103,0,1,2,,2,012,"US-101 N/B","ALANA WAY U/C",5565.00,S,N,B,-,Y,SM,,101,,,25.057,H,,R,Y,4,0,3,2,A,-,08,22107,,N,B,C,A,A,H,-,C,D,0,,,,,Y,,A,01,0,0,3,0,0,0,0,0,0,"- ","- ",37.693729400634766,-122.39157104492188,"SAN MATEO",BRISBANE,-122.39156341552734,37.693729400634766
91738917,2022,2022-04-01,9330,2022-02-13,0543,022200,,7,3,5,4116,0,1,2,,2,038,US-101,"THIRD AVENUE",408.00,S,N,A,-,Y,SM,,101,,,13.259,H,,R,Y,2,0,1,3,A,-,03,22350,,N,A,C,A,A,C,-,C,D,0,,,,,Y,,A,07,1,0,0,0,0,0,0,0,0,"- ","- ",37.568771362304688,-122.31160736083984,"SAN MATEO","SAN MATEO",-122.31159210205078,37.568778991699219
91738997,2022,2022-04-01,9335,2022-03-23,0740,021099,,3,1,9,4100,0,1,2,,2,011,"US-101 S/B","SAN FRANCISCO INTERNATIONAL AIRPORT BART OVER-CROS",575.00,N,N,B,-,Y,SM,,101,,,19.387,H,,L,N,3,0,1,3,A,-,03,22350,,N,C,C,A,A,H,-,A,D,0,,,,,Y,,D,22,0,1,0,0,0,0,0,0,0,"- ","- ",37.617179870605469,-122.39875030517578,"SAN MATEO",UNINCORPORATED,-122.39885711669922,37.617160797119141
91739198,2022,2022-04-01,9335,2022-03-23,1855,021474,,3,2,5,4117,0,1,1,,2,021,"I-280 S/B","WESTBOROUGH BLVD. U/C",75.00,S,N,A,-,Y,SM,,280,,R,22.609,H,,L,Y,3,0,1,2,A,-,07,21658,A,N,C,C,A,A,H,-,A,D,0,,,,,Y,,A,01,0,1,0,0,0,0,0,0,0,"- ","- ",37.644920349121094,-122.44927978515625,"SAN MATEO","SOUTH SAN FRANCISCO",-122.44925689697266,37.644935607910156
91739804,2022,2022-04-04,9330,2022-03-08,1600,022849,,2,2,4,4120,0,1,3,,1,035,"SR-92 E/B","FOSTER CITY BLVD",4752.00,E,N,A,-,Y,SM,,92,,R,14.525,H,,R,N,3,0,2,3,A,-,03,22350,,N,C,C,A,A,H,-,A,D,0,,,,,Y,,A,08,0,2,0,0,0,0,0,0,0,"- ","- ",37.573829650878906,-122.26216125488281,"SAN MATEO","FOSTER CITY",-122.26213836669922,37.573814392089844
9173987,2020,2021-01-30,4100,2020-11-05,1134,25189,25,4,5,4,4115,0,0,0,,0,052,"HOLLY ST","SHOREWAY RD",0.00,,N,A,-,N,,,,,,,,,,Y,3,0,2,3,A,-,03,22350,,N,C,C,A,A,H,-,A,A,0,,,,Y,Y,Y,A,01,0,2,0,0,0,0,0,0,0,"- ","- ",,,"SAN MATEO","SAN CARLOS",-122.253998,37.517054000000002
91739881,2022,2022-04-04,9330,2022-03-20,2301,022589,,7,3,4,4104,0,1,2,,2,038,"US-101 SOUTHBOUND",BROADWAY,2112.00,S,N,A,-,Y,SM,,101,,,16.180,H,,L,N,3,0,2,2,A,-,03,22350,,N,C,C,A,A,D,-,C,D,0,,,,,Y,,A,01,0,1,1,0,0,0,0,0,0,"- ","- ",37.58734130859375,-122.35481262207031,"SAN MATEO",BURLINGAME,-122.35482025146484,37.587318420410156
9174131,2020,2021-02-03,4119,2020-11-28,1741,2004,,6,5,2,4119,0,0,0,,0,001,"PARK PLAZA DR","87TH ST",0.00,,Y,A,-,N,,,,,,,,,,N,3,0,2,2,A,-,03,22350,,N,B,C,A,A,H,-,C,A,0,,,,,Y,,A,01,0,2,0,0,0,0,0,0,0,"- ","- ",,,"SAN MATEO",BROADMOOR,-122.48027038574219,37.693210601806641
91742702,2022,2022-04-07,9335,2022-03-30,0308,021301,,3,3,2,4103,0,1,2,,2,012,"US -101 S/B","SIERRA POINT PKY",1584.00,N,N,A,-,Y,SM,,101,,,23.940,H,,L,Y,4,0,2,2,C,-,18,,,N,A,C,A,A,H,-,D,D,0,,,,,Y,,-,"- ",0,0,2,0,0,0,0,0,0,"- ","- ",37.678600311279297,-122.38839721679688,"SAN MATEO",BRISBANE,-122.38850402832031,37.678596496582031
91743192,2021,2022-05-23,9330,2021-05-25,0400,022524,,2,3,5,4113,0,1,2,,2,058,"US-101 N/B","MARSH ROAD",3696.00,N,N,A,-,Y,,,101,,,,,,N,Y,1,1,1,3,C,-,18,,,N,C,2,E,A,H,-,D,D,0,Y,,,,Y,,-,"- ",1,0,0,1,0,0,0,0,0,"- ","- ",37.486019134521484,-122.19303131103516,"SAN MATEO","REDWOOD CITY",-122.19303131103516,37.486034393310547
91743241,2022,2022-04-07,9330,2022-02-15,0950,021145,,2,1,4,4104,0,1,2,,2,038,"US-101 N/B",BROADWAY,528.00,N,N,A,-,Y,SM,,101,,,16.658,H,,R,Y,4,0,1,2,A,-,07,21658,A,N,B,C,A,A,H,-,A,D,0,,,Y,,Y,,A,07,0,0,1,0,0,0,0,0,1,"- ","- ",37.59088134765625,-122.36222076416016,"SAN MATEO",BURLINGAME,-122.36225891113281,37.590839385986328
91746299,2022,2022-04-12,9330,2022-02-23,1800,022849,,3,2,5,4116,0,1,2,,2,048,"US 101 N/B TO SR-92","SR-92 OVERCROSSING",1475.00,S,N,A,-,Y,SM,,101,,,11.605,H,,R,Y,4,0,2,3,A,-,03,22350,,N,C,C,A,A,D,-,B,D,0,,,,,Y,,A,01,0,0,2,0,0,0,0,0,0,"- ","- ",37.550090789794922,-122.29261016845703,"SAN MATEO","SAN MATEO",-122.29281616210938,37.549968719482422
91746393,2022,2022-04-12,9330,2022-04-01,0120,021630,,5,3,4,4102,0,1,2,,2,048,"US-101 S/B","RALSTON AVENUE",528.00,S,N,A,-,Y,SM,,101,,,11.007,H,,L,Y,3,0,1,2,A,-,01,23152,A,N,C,C,A,A,D,-,C,D,0,,,,Y,Y,Y,A,01,0,1,0,0,0,0,0,0,0,"- ","- ",37.542839050292969,-122.28659057617188,"SAN MATEO",BELMONT,-122.28653717041016,37.542869567871094
91748996,2022,2022-04-15,9330,2022-02-23,1802,022754,,3,2,9,4100,0,3,5,,2,509,"ALAMEDA DE LAS PULGAS","CAMINOS A LOS CERROS",0.00,,Y,A,-,N,,,,,,,,,,N,4,0,1,2,A,-,09,21802,A,N,D,C,A,A,H,-,D,A,0,,,,,Y,Y,A,01,0,0,1,0,0,0,0,0,0,"- ","- ",37.436080932617188,-122.2103271484375,"SAN MATEO",UNINCORPORATED,-122.21033477783203,37.436103820800781
91749807,2022,2022-05-06,9330,2022-03-29,1600,022849,,2,2,9,4100,0,1,2,,2,078,"US-101 S/B","EMBARCADERO ROAD",480.00,N,N,A,-,Y,SCL,,101,,,52.266,H,,L,N,4,0,1,2,A,-,03,22350,,M,C,C,A,A,H,-,A,D,0,,,,,Y,,D,22,0,0,1,0,0,0,0,0,0,"- ","- ",37.449920654296875,-122.12422943115234,"SAN MATEO",UNINCORPORATED,-122.12427520751953,37.449893951416016
91750492,2022,2022-04-18,9335,2022-04-10,1725,021957,,7,2,4,4111,0,1,3,,2,041,"SR-1 NB","SR-35 O/C",340.00,N,N,A,G,Y,SM,,1,,R,46.805,H,,R,N,2,0,1,2,A,-,03,22350,,N,C,C,A,A,H,-,A,D,0,,,Y,,Y,,C,02,1,0,0,0,0,0,0,0,1,"- ","- ",37.669380187988281,-122.48415374755859,"SAN MATEO",PACIFICA,-122.48414611816406,37.669380187988281
91750570,2022,2022-04-18,9335,2022-04-11,0900,020658,,1,1,5,4117,0,3,5,,2,001,"WESTBOROUGH BLVD","W ORANGE AVENUE",440.00,W,N,C,-,N,,,,,,,,,,Y,4,0,1,2,A,-,03,22350,,N,C,C,A,B,H,-,A,D,0,,,,,Y,,A,07,0,0,1,0,0,0,0,0,0,"- ","- ",37.653999328613281,-122.43778228759766,"SAN MATEO","SOUTH SAN FRANCISCO",-122.43758392333984,37.654026031494141
91752451,2022,2022-04-20,9330,2022-04-08,1602,022279,,5,2,9,4100,0,1,1,,2,044,"I-280 N/B",SR-92,4752.00,S,N,A,-,Y,SM,,280,,,9.993,H,,R,N,4,0,2,2,A,-,03,22350,,N,C,C,A,A,H,-,A,D,0,,,,,Y,,A,01,0,0,2,0,0,0,0,0,0,"- ","- ",37.5010986328125,-122.32575988769531,"SAN MATEO",UNINCORPORATED,-122.32576751708984,37.50103759765625
91753284,2022,2022-04-21,9335,2022-04-14,1130,019581,,4,1,5,4117,0,1,2,,2,012,"US-101 N/B FROM GRAND AVE. ON-RAMP","GRAND AVE.",285.00,N,N,B,C,Y,SM,,101,,,22.116,H,,R,N,4,0,1,1,A,-,08,22107,,N,F,A,A,B,H,-,A,D,0,,,Y,,Y,,C,02,0,0,1,0,0,0,0,0,1,"- ","- ",37.655708312988281,-122.40641021728516,"SAN MATEO","SOUTH SAN FRANCISCO",-122.4066162109375,37.655738830566406
91754553,2022,2022-04-22,9330,2022-04-12,1250,020646,,2,1,5,4116,0,1,3,,2,031,"SR-92 E/B","SR-82 (EL CAMINIO REAL)",125.00,E,N,A,-,Y,SM,,92,,R,11.241,H,,R,N,3,0,1,2,A,-,08,22107,,N,B,C,A,A,H,-,A,D,0,,,,,Y,,A,01,0,1,0,0,0,0,0,0,0,"- ","- ",37.550521850585938,-122.31143188476562,"SAN MATEO","SAN MATEO",-122.31145477294922,37.550548553466797
91755251,2021,2022-04-25,9330,2021-10-27,1340,020954,,3,1,9,4100,0,1,3,,2,042,"SR-35 (SKYLINE BOULEVARD)","MOUNTAIN MEADOW ROAD",528.00,S,N,A,-,Y,,,35,,,,,,,Y,4,0,1,1,A,-,08,22107,,N,E,8,A,A,B,-,A,D,0,,,,,Y,,A,01,0,0,1,0,0,0,0,0,0,"- ","- ",37.398788452148438,-122.29315948486328,"SAN MATEO",UNINCORPORATED,-122.29313659667969,37.398796081542969
91756396,2022,2022-04-26,9330,2022-04-14,1650,016184,,4,2,9,4100,0,1,1,,2,044,"I-280 N/B","FARM HILL BLVD.",3168.00,N,N,B,C,Y,SM,,280,,R,5.662,H,,R,N,4,0,1,2,A,-,07,21658,A,N,B,C,A,B,H,-,A,D,0,,,,,Y,,A,01,0,0,1,0,0,0,0,0,0,"- ","- ",37.450489044189453,-122.27855682373047,"SAN MATEO",UNINCORPORATED,-122.27862548828125,37.450424194335938
91756731,2022,2022-04-26,9330,2022-04-14,2145,022575,,4,2,9,4100,0,1,1,,2,044,"I-280 N/B","EDGEWOOD ROAD",3600.00,N,N,B,C,Y,SM,,280,,,7.359,H,,R,Y,4,0,1,3,A,-,03,22350,,N,C,C,A,B,H,-,D,D,0,,,,,Y,,A,01,0,0,1,0,0,0,0,0,0,"- ","- ",37.476951599121094,-122.29889678955078,"SAN MATEO",UNINCORPORATED,-122.29896545410156,37.476940155029297