CASE_ID,ACCIDENT_YEAR,PROC_DATE,JURIS,COLLISION_DATE,COLLISION_TIME,OFFICER_ID,REPORTING_DISTRICT,DAY_OF_WEEK,CHP_SHIFT,POPULATION,CNTY_CITY_LOC,SPECIAL_COND,BEAT_TYPE,CHP_BEAT_TYPE,CITY_DIVISION_LAPD,CHP_BEAT_CLASS,BEAT_NUMBER,PRIMARY_RD,SECONDARY_RD,DISTANCE,DIRECTION,INTERSECTION,WEATHER_1,WEATHER_2,STATE_HWY_IND,CALTRANS_COUNTY,CALTRANS_DISTRICT,STATE_ROUTE,ROUTE_SUFFIX,POSTMILE_PREFIX,POSTMILE,LOCATION_TYPE,RAMP_INTERSECTION,SIDE_OF_HWY,TOW_AWAY,COLLISION_SEVERITY,NUMBER_KILLED,NUMBER_INJURED,PARTY_COUNT,PRIMARY_COLL_FACTOR,PCF_CODE_OF_VIOL,PCF_VIOL_CATEGORY,PCF_VIOLATION,PCF_VIOL_SUBSECTION,HIT_AND_RUN,TYPE_OF_COLLISION,MVIW,PED_ACTION,ROAD_SURFACE,ROAD_COND_1,ROAD_COND_2,LIGHTING,CONTROL_DEVICE,CHP_ROAD_TYPE,PEDESTRIAN_ACCIDENT,BICYCLE_ACCIDENT,MOTORCYCLE_ACCIDENT,TRUCK_ACCIDENT,NOT_PRIVATE_PROPERTY,ALCOHOL_INVOLVED,STWD_VEHTYPE_AT_FAULT,CHP_VEHTYPE_AT_FAULT,COUNT_SEVERE_INJ,COUNT_VISIBLE_INJ,COUNT_COMPLAINT_PAIN,COUNT_PED_KILLED,COUNT_PED_INJURED,COUNT_BICYCLIST_KILLED,COUNT_BICYCLIST_INJURED,COUNT_MC_KILLED,COUNT_MC_INJURED,PRIMARY_RAMP,SECONDARY_RAMP,LATITUDE,LONGITUDE,COUNTY,CITY,POINT_X,POINT_Y
91838760,2022,2022-08-12,9330,2022-06-15,0300,022785,,3,3,9,4100,0,1,A,,2,747,"CRYSTAL SPRINGS REST AREA","CRYSTAL SPRING REST AREA PARKING LOT SOUTH EDGE PR",65.00,N,N,A,-,N,,,,,,,,,,N,4,0,1,2,A,-,08,22107,,N,B,E,A,A,H,-,C,D,0,,,,Y,Y,,F,25,0,0,1,0,0,0,0,0,0,"- ","- ",37.539131164550781,-122.364501953125,"SAN MATEO",UNINCORPORATED,,
9184067,2020,2021-02-03,4116,2020-11-09,1302,27872,12,1,5,5,4116,0,0,0,,0,00A,"HUMBOLDT ST",INDIAN,0.00,,Y,A,-,N,,,,,,,,,,Y,3,0,2,2,A,-,00,21081,,N,A,C,A,A,H,-,A,D,0,,,,,Y,,A,07,0,2,0,0,0,0,0,0,0,"- ","- ",37.578029632568359,-122.32491302490234,"SAN MATEO","SAN MATEO",-122.32492065429688,37.577541351318359
91841142,2022,2022-08-16,9335,2022-08-07,1530,022241,,7,2,6,4106,0,1,3,,2,035,"SR-35 S/B","WESTMOOR AVENUE",3253.00,N,N,A,-,Y,SM,,35,,,29.066,H,,L,Y,3,0,1,1,A,-,08,22107,,N,F,I,A,A,H,-,A,D,0,,,,,Y,,A,07,0,1,0,0,0,0,0,0,0,"- ","- ",37.674358367919922,-122.48925018310547,"SAN MATEO","DALY CITY",-122.48917388916016,37.674385070800781
91842225,2022,2022-08-17,9330,2022-08-05,1415,022807,,5,2,4,4120,0,1,3,,1,035,"SR-92 W/B","FOSTER CITY BOULEVARD",14784.00,E,N,A,-,Y,,,,,,,,,,Y,3,0,1,2,A,-,03,22350,,N,C,C,A,A,H,-,A,D,0,,,,,Y,,A,01,0,1,0,0,0,0,0,0,0,"- ","- ",37.590301513671875,-122.23568725585938,"SAN MATEO","FOSTER CITY",-122.2379150390625,37.592361450195312
91843745,2022,2022-11-29,9330,2022-08-06,2148,022975,,6,2,5,4116,0,1,2,,2,038,"US-101 S/B","3RD AVENUE",100.00,N,N,A,-,Y,SM,,101,,,13.463,H,,L,N,4,0,1,4,A,-,03,22350,,M,C,C,A,A,D,-,D,D,0,,,,,Y,,D,22,0,0,1,0,0,0,0,0,0,"- ","- ",37.570911407470703,-122.31394195556641,"SAN MATEO","SAN MATEO",-122.31407928466797,37.570812225341797
91844195,2022,2022-08-19,9330,2022-08-09,1513,022933,,2,2,5,4113,0,1,2,,2,048,"US-101 SOUTHBOUND","MAPLE STREET",46.00,S,N,A,-,Y,SM,,101,,,5.872,H,,L,Y,3,0,1,4,A,-,03,22350,,N,B,C,A,A,H,-,A,D,0,,,,,Y,,A,08,0,1,0,0,0,0,0,0,0,"- ","- ",37.491901397705078,-122.22057342529297,"SAN MATEO","REDWOOD CITY",-122.22054290771484,37.491939544677734
9184427,2020,2021-02-03,4106,2020-11-09,1615,2173,12,1,5,6,4106,0,0,0,,0,005,"SOUTHGATE AV","SAINT FRANCIS BL",0.00,,Y,B,-,N,,,,,,,,,,Y,3,0,2,2,A,-,12,21453,A,N,D,C,A,A,H,-,A,A,0,,,,,Y,,A,01,0,2,0,0,0,0,0,0,0,"- ","- ",,,"SAN MATEO","DALY CITY",-122.47958374023438,37.675849914550781
91844427,2022,2022-08-19,9330,2022-08-02,1740,022914,,2,2,4,4127,0,1,2,,2,058,"US-101 N/B","UNIVERSITY AVENUE",250.00,N,N,A,-,Y,SM,,101,,,0.956,H,,R,N,3,0,1,3,A,-,03,22350,,F,C,C,A,A,H,-,A,D,0,,,,,Y,,-,"- ",0,1,0,0,0,0,0,0,0,"- ","- ",37.46099853515625,-122.14211273193359,"SAN MATEO","EAST PALO ALTO",-122.14191436767578,37.461204528808594
91846389,2022,2022-08-23,9330,2022-08-10,1624,022590,,3,2,9,4100,0,1,3,,1,010,SR-1,"CAPISTRANO ROAD",2112.00,N,N,A,-,Y,SM,,1,,,33.557,H,,R,Y,2,0,3,2,A,-,01,23152,A,N,A,C,A,A,H,-,A,D,0,,,,,Y,Y,A,07,3,0,0,0,0,0,0,0,0,"- ","- ",37.511749267578125,-122.49072265625,"SAN MATEO",UNINCORPORATED,-122.49068450927734,37.51177978515625
91847271,2022,2022-08-24,9330,2022-08-16,1400,022053,,2,2,9,4100,0,1,3,,2,052,"ALPINE ROAD","SR-35 (SKYLINE BOULEVARD)",3696.00,W,N,A,-,N,,,,,,,,,,Y,3,0,1,1,A,-,08,22107,,N,E,I,A,A,H,-,A,D,0,,,,,Y,,A,01,0,1,0,0,0,0,0,0,0,"- ","- ",37.314861297607422,-122.19642639160156,"SAN MATEO",UNINCORPORATED,-122.19692230224609,37.315803527832031
91847398,2022,2022-08-24,9330,2022-08-13,0845,022768,,6,1,9,4100,0,1,1,,2,054,"SANDHILL ROAD","PORTOLA  ROAD",0.00,,Y,A,-,N,,,,,,,,,,N,4,0,1,2,A,-,08,22107,,N,D,G,A,A,H,-,A,D,0,,Y,,,Y,,A,07,0,0,1,0,0,0,1,0,0,"- ","- ",37.402488708496094,-122.24504089355469,"SAN MATEO",UNINCORPORATED,-122.24507141113281,37.402397155761719
91847824,2022,2022-08-24,9330,2022-08-14,1330,022754,,7,1,5,4113,0,2,4,,1,051,"MIDDLEFIELD ROAD","FIRST AVENUE",15.00,S,N,A,-,N,,,,,,,,,,Y,3,0,1,1,A,-,01,23152,A,N,E,J,A,A,D,-,A,A,0,,,,,Y,,A,01,0,1,0,0,0,0,0,0,0,"- ","- ",37.474250793457031,-122.20767211914062,"SAN MATEO","REDWOOD CITY",-122.20768737792969,37.474224090576172
91851522,2021,2022-08-29,9330,2021-12-28,0347,021648,,2,3,4,4109,0,1,2,,2,058,"US-101 SOUTHBOUND","RINGWOOD PEDESTRIAN OVERCROSSING",251.00,S,N,A,-,Y,,,101,,,,,,S,Y,4,0,1,1,A,-,08,22107,,N,E,I,A,A,H,-,D,D,0,,,,,Y,,A,01,0,0,1,0,0,0,0,0,0,"- ","- ",37.474960327148438,-122.16596221923828,"SAN MATEO","MENLO PARK",-122.16593170166016,37.475006103515625
91851631,2022,2022-08-29,9330,2022-07-18,1055,022785,,1,1,9,4100,0,1,3,,1,010,SR-1,"CORONADO STREET",500.00,S,N,A,-,Y,SM,,1,,,31.921,H,,R,N,4,0,1,3,A,-,03,22350,,F,C,C,A,A,H,-,A,D,0,,,,Y,Y,,F,26,0,0,1,0,0,0,0,0,0,"- ","- ",37.499160766601562,-122.46581268310547,"SAN MATEO",UNINCORPORATED,-122.46581268310547,37.499156951904297
91855424,2022,2022-09-01,9330,2022-08-21,1235,022792,,7,1,9,4100,0,1,3,,1,020,SR-1,"FINNEY CREEK",1056.00,N,N,A,-,Y,SM,,1,,,0.761,H,,R,Y,4,0,2,2,A,-,09,21801,A,N,D,C,A,A,H,-,A,D,0,,,,,Y,,A,01,0,0,2,0,0,0,0,0,0,"- ","- ",37.116401672363281,-122.30351257324219,"SAN MATEO",UNINCORPORATED,-122.30350494384766,37.116401672363281
91855959,2022,2022-09-02,9330,2022-08-22,1030,022929,,1,1,5,4116,0,1,2,,2,038,"US-101 NORTHBOUND","PENINSULA AVENUE",1584.00,S,N,A,-,Y,SM,,101,,,14.384,H,,R,Y,3,0,1,2,A,-,03,22350,,F,C,C,A,A,H,-,A,D,0,,,Y,,Y,,C,02,0,1,0,0,0,0,0,0,1,"- ","- ",37.581039428710938,-122.32492828369141,"SAN MATEO","SAN MATEO",-122.32493591308594,37.581035614013672
91855987,2022,2022-09-02,9330,2022-08-24,1703,023062,,3,2,4,4104,0,1,2,,2,038,"US-101 S/B",BROADWAY,270.00,S,N,A,-,Y,SM,,101,,,16.679,H,,L,Y,4,0,1,2,A,-,03,22350,,N,C,C,A,A,H,-,A,D,0,,,,,Y,,D,22,0,0,1,0,0,0,0,0,0,"- ","- ",37.590831756591797,-122.36263275146484,"SAN MATEO",BURLINGAME,-122.36262512207031,37.590835571289062
91857831,2022,2022-09-06,9330,2022-08-28,0300,022185,,7,3,5,4113,0,1,2,,2,058,"US-101 S/B","WOODSIDE ROAD",5280.00,S,N,A,-,Y,SM,,101,,,4.980,H,,L,Y,4,0,1,1,A,-,08,22107,,N,E,I,A,A,H,-,C,D,0,,,,,Y,,D,22,0,0,1,0,0,0,0,0,0,"- ","- ",37.487461090087891,-122.20578002929688,"SAN MATEO","REDWOOD CITY",-122.20578002929688,37.487453460693359
91858643,2022,2022-09-07,9330,2022-07-07,2034,022975,,4,2,9,4100,0,1,1,,2,034,"I-280 N/B","BUNKER HILL DRIVE",370.00,N,N,A,-,Y,SM,,280,,R,12.406,H,,R,Y,3,0,1,1,A,-,08,22107,,M,E,I,A,A,H,-,B,D,0,,,,,Y,,A,01,0,1,0,0,0,0,0,0,0,"- ","- ",37.524311065673828,-122.35643005371094,"SAN MATEO",UNINCORPORATED,-122.35659790039062,37.524219512939453
91862983,2022,2022-09-13,9330,2022-08-31,0815,023039,,3,1,4,4120,0,1,3,,1,035,"SR-92 WESTBOUND","FOSTER CITY BOULEVARD",373.00,E,N,A,-,Y,SM,,92,,R,13.688,H,,L,N,4,0,1,2,A,-,07,21658,A,M,C,C,A,A,H,-,A,D,0,,,,,Y,,A,01,0,0,1,0,0,0,0,0,0,"- ","- ",37.564769744873047,-122.27236938476562,"SAN MATEO","FOSTER CITY",-122.27234649658203,37.564754486083984
9186401,2020,2021-01-06,4100,2020-10-28,0800,25234,4100,3,5,4,4115,0,0,0,,0,052,"BRITTAN AV","EL CAMINO REAL",33.00,S,N,A,-,N,,,,,,,,,,N,3,0,1,2,A,-,12,21453,A,N,B,C,A,A,H,-,A,A,0,,,,,Y,,A,01,0,1,0,0,0,0,0,0,0,"- ","- ",,,"SAN MATEO","SAN CARLOS",-122.25260162353516,37.500617980957031
91867542,2022,2022-09-19,9330,2022-09-07,1646,023011,,3,2,5,4116,0,1,2,,2,038,"US-101 SOUTHBOUND","PENINSULA AVENUE",2112.00,N,N,A,-,Y,SM,,101,,,15.095,H,,L,Y,3,0,2,3,A,-,03,22350,,F,C,C,A,A,H,-,A,D,0,,,,,Y,,A,01,0,1,1,0,0,0,0,0,0,"- ","- ",37.586650848388672,-122.33511352539062,"SAN MATEO","SAN MATEO",-122.33510589599609,37.586658477783203
91869634,2022,2022-09-21,9330,2022-09-09,1100,022837,,5,1,3,4110,0,1,2,,2,038,"US-101 S/B TO MILLBRAE AVE","MILLBRAE AVE",900.00,N,N,A,-,Y,SM,,101,,,18.125,H,,L,N,4,0,1,2,A,-,03,22350,,N,C,C,A,A,H,-,A,D,0,,,,,Y,,A,07,0,0,1,0,0,0,0,0,0,"- ","- ",37.604099273681641,-122.38323211669922,"SAN MATEO",MILLBRAE,-122.38311767578125,37.604213714599609
91870592,2022,2022-12-29,9330,2022-09-13,1130,022876,,2,1,4,4109,0,1,2,,2,058,"US-101 SOUTHBOUND","WILLOW ROAD",2217.00,N,N,A,-,Y,SM,,101,,,2.269,H,,L,N,4,0,1,2,A,-,07,21658,A,N,B,C,A,A,H,-,A,D,0,,,,,Y,,D,22,0,0,1,0,0,0,0,0,0,"- ","- ",37.472579956054688,-122.16166687011719,"SAN MATEO","MENLO PARK",-122.16172027587891,37.472522735595703
91871845,2022,2022-09-23,9335,2022-09-18,2300,022703,,7,3,4,4114,0,1,1,,2,038,"I-380 WESTBOUND","THE EL CAMINO REAL UNDERCROSSING",50.00,E,N,B,-,Y,SM,,380,,,5.490,H,,L,Y,4,0,1,2,A,-,03,22350,,N,B,C,A,B,H,-,D,D,0,,,,,Y,,A,01,0,0,1,0,0,0,0,0,0,"- ","- ",37.633319854736328,-122.41880035400391,"SAN MATEO","SAN BRUNO",-122.41876220703125,37.633266448974609
91872142,2022,2022-09-23,9330,2022-09-06,1330,019432,,2,1,9,4100,0,1,1,,2,074,"ALPINE ROAD","PIERS LANE",512.00,E,N,A,-,N,,,,,,,,,,Y,2,0,2,2,A,-,08,22107,,N,A,C,A,A,H,-,A,D,0,,,,,Y,,A,01,1,0,1,0,0,0,0,0,0,"- ","- ",37.414939880371094,-122.19040679931641,"SAN MATEO",UNINCORPORATED,-122.19140625,37.414508819580078
9187294,2020,2021-02-05,4116,2020-11-22,1439,27476,23,7,5,5,4116,0,0,0,,0,00A,"5TH AVE","LAUREL AVE",0.00,,Y,A,-,N,,,,,,,,,,Y,3,0,2,6,A,-,04,21703,,N,C,C,A,A,H,-,A,A,0,,,,,Y,,A,07,0,2,0,0,0,0,0,0,0,"- ","- ",37.563320159912109,-122.32206726074219,"SAN MATEO","SAN MATEO",-122.32206726074219,37.563308715820312
9187296,2020,2021-02-05,4116,2020-11-17,1759,28071,33,2,5,5,4116,0,0,0,,0,00C,"LAURIE MEADOWS DR","PACIFIC BLVD",15.00,E,N,B,-,N,,,,,,,,,,N,4,0,1,2,A,-,01,23152,A,N,D,C,A,B,H,-,C,A,0,,,,,Y,Y,A,01,0,0,1,0,0,0,0,0,0,"- ","- ",37.5306396484375,-122.28768920898438,"SAN MATEO","SAN MATEO",-122.28754425048828,37.530170440673828
91873161,2022,2022-09-26,9330,2022-09-14,1010,023032,,3,1,4,4109,0,1,2,,2,058,"US-101 S/B","WILLOW RD",2640.00,N,N,A,-,Y,SM,,101,,,2.361,H,,L,Y,4,0,1,2,A,-,03,22350,,N,C,C,A,A,H,-,A,D,0,,,,,Y,,A,01,0,0,1,0,0,0,0,0,0,"- ","- ",37.47344970703125,-122.16314697265625,"SAN MATEO","MENLO PARK",-122.16320037841797,37.473396301269531
91874665,2022,2023-04-13,9330,2022-09-15,2325,022914,,4,3,9,4100,0,1,1,,2,034,"I-280 S/B","BLACK MOUNTAIN ROAD",6336.00,S,N,A,-,Y,SM,,280,,R,13.082,H,,L,Y,2,0,2,2,A,-,03,22350,,N,C,2,A,A,H,-,D,D,0,,,,,Y,Y,A,07,1,0,1,0,0,0,0,0,0,"- ","- ",37.533050537109375,-122.36180877685547,"SAN MATEO",UNINCORPORATED,-122.36181640625,37.533050537109375
91878769,2022,2022-09-30,9330,2022-09-19,1500,022244,,1,2,9,4100,0,1,1,,2,044,"I-280 NORTHBOUND","FARM HILL BOULEVARD",1584.00,N,N,C,-,Y,SM,,280,,R,5.017,H,,R,Y,3,0,1,2,A,-,08,22107,,N,E,J,A,A,H,-,A,D,0,,,,,Y,,A,07,0,1,0,0,0,0,0,0,0,"- ","- ",37.44464111328125,-122.26963806152344,"SAN MATEO",UNINCORPORATED,-122.26960754394531,37.444698333740234
91882119,2022,2022-10-04,9335,2022-09-30,1455,021424,,5,2,6,4106,0,1,1,,2,021,"I-280 N/B","SCHOOL STREET",500.00,N,N,B,-,Y,SM,,280,,R,26.442,H,,R,Y,4,0,2,3,A,-,03,22350,,N,C,C,A,A,H,-,A,D,0,,,,,Y,,A,01,0,0,2,0,0,0,0,0,0,"- ","- ",37.694808959960938,-122.47036743164062,"SAN MATEO","DALY CITY",-122.47032928466797,37.694812774658203
91882897,2022,2022-10-05,9330,2022-09-24,1725,022754,,6,2,5,4116,0,1,2,,2,038,"US-101 NORTHBOUND","3RD AVE",1584.00,S,N,A,-,Y,SM,,101,,,13.139,H,,R,N,3,0,1,1,A,-,08,22107,,N,H,J,A,A,H,-,A,D,0,,,Y,,Y,,C,02,0,1,0,0,0,0,0,0,1,"- ","- ",37.567531585693359,-122.31017303466797,"SAN MATEO","SAN MATEO",-122.31021881103516,37.567497253417969
91883180,2022,2022-10-05,9330,2022-09-26,1115,022960,,1,1,3,4108,0,1,1,,2,034,"I-280 SOUTHBOUND","TROUSDALE DR",3168.00,S,N,A,-,Y,SM,,280,,R,16.611,H,,L,Y,3,0,2,2,A,-,08,22107,,N,B,C,A,A,H,-,A,D,0,,,,,Y,Y,A,01,0,1,1,0,0,0,0,0,0,"- ","- ",37.573249816894531,-122.39981079101562,"SAN MATEO",HILLSBOROUGH,-122.39974975585938,37.573276519775391
91883694,2022,2022-10-06,9330,2022-09-26,1650,023060,,1,2,4,4120,0,1,3,,1,035,"SR-92 EASTBOUND","TURNOUT #1",260.00,W,N,A,-,Y,SM,,92,,R,16.248,H,,R,N,4,0,1,2,A,-,03,22350,,N,C,C,A,A,H,-,A,D,0,,,,,Y,,A,01,0,0,1,0,0,0,0,0,0,"- ","- ",37.591720581054688,-122.23983001708984,"SAN MATEO","FOSTER CITY",-122.23981475830078,37.591682434082031
91884192,2022,2022-12-09,9330,2022-09-25,1930,022837,,7,2,5,4116,0,1,2,,2,048,"US-101 NORTHBOUND","EAST HILLSDALE BOULEVARD",780.00,N,N,A,-,Y,SM,,101,,,11.297,H,,R,N,4,0,1,2,A,-,03,22350,,N,C,C,A,A,H,-,C,D,0,,,,,Y,,A,01,0,0,1,0,0,0,0,0,0,"- ","- ",37.546398162841797,-122.28945159912109,"SAN MATEO","SAN MATEO",-122.28948974609375,37.546375274658203
9188436,2020,2020-12-07,4100,2020-10-24,1122,25274,SDS,6,5,2,4118,0,0,0,,0,030,"RT 84","PORTOLA RD",410.00,S,N,A,-,Y,SM,4,84,-,-,17.580,H,-,S,Y,3,0,1,1,A,-,03,22350,,N,F,A,A,A,H,-,A,D,0,,,Y,,Y,,C,02,0,1,0,0,0,0,0,0,1,"- ","- ",,,"SAN MATEO",WOODSIDE,-122.26081085205078,37.398548126220703
9188626,2020,2020-12-07,4113,2020-10-30,1832,480,7,5,5,5,4113,0,0,0,,0,007,"KING ST","WHIPPLE AV",0.00,,Y,A,-,N,,,,,,,,,,N,3,0,4,2,A,-,03,22350,,F,C,C,A,A,H,-,D,A,0,,,,,Y,,-,,0,3,1,0,0,0,0,0,0,"- ","- ",37.483478546142578,-122.24854278564453,"SAN MATEO","REDWOOD CITY",-122.24857330322266,37.483478546142578
91889783,2022,2022-10-13,9335,2022-10-10,1500,021424,,1,2,4,4114,0,1,1,,2,020,"I-280 S/B","AVALON DR",1500.00,S,N,A,-,Y,SM,,280,,R,21.760,H,,L,N,4,0,1,3,A,-,03,22350,,N,C,C,A,A,H,-,A,D,0,,,,,Y,,D,22,0,0,1,0,0,0,0,0,0,"- ","- ",37.635799407958984,-122.43948364257812,"SAN MATEO","SAN BRUNO",-122.43943786621094,37.635810852050781
91890236,2022,2022-10-14,9330,2022-10-02,0200,022754,,7,3,9,4100,0,3,5,,2,505,"BAY ROAD","ELEVENTH AVENUE",50.00,S,N,A,-,N,,,,,,,,,,Y,4,0,1,2,A,-,08,22107,,N,B,C,A,A,H,-,C,D,0,,,,,Y,,A,07,0,0,1,0,0,0,0,0,0,"- ","- ",37.479511260986328,-122.19313049316406,"SAN MATEO",UNINCORPORATED,-122.19339752197266,37.479640960693359
91890244,2022,2022-10-14,9335,2022-10-02,2343,022703,,7,3,2,4103,0,1,2,,2,012,"US-101 NORTHBOUND","THE ALANA WAY UNDERCROSSING.",650.00,S,N,A,-,Y,SM,,101,,,26.015,H,,R,Y,3,0,2,3,A,-,03,22350,,N,C,C,A,A,H,-,D,D,0,,,,,Y,,A,01,0,1,1,0,0,0,0,0,0,"- ","- ",37.70697021484375,-122.39459991455078,"SAN MATEO",BRISBANE,-122.39455413818359,37.706977844238281
91890285,2022,2022-10-14,9330,2022-10-04,1710,022960,,2,2,5,4116,0,3,5,,2,305,"RALSTON AVE W/B (BLOCK 100)","CHRISTIAN DRIVE",158.00,W,N,A,-,Y,,,,,,,,,,N,4,0,1,2,A,-,03,22350,,N,C,C,A,A,H,-,A,D,0,,,,,Y,,A,07,0,0,1,0,0,0,0,0,0,"- ","- ",37.511871337890625,-122.32714080810547,"SAN MATEO","SAN MATEO",-122.32709503173828,37.511737823486328
91894989,2022,2022-10-20,9330,2022-10-08,1320,022824,,6,1,5,4116,0,1,2,,2,048,"US-101 N/B",SR-92,2276.00,S,N,A,-,Y,SM,,101,,,11.431,H,,R,Y,4,0,1,3,A,-,08,22107,,N,C,C,A,A,D,-,A,D,0,,,,,Y,,A,01,0,0,1,0,0,0,0,0,0,"- ","- ",37.547939300537109,-122.29093933105469,"SAN MATEO","SAN MATEO",-122.29093933105469,37.547939300537109
91895407,2022,2022-10-20,9330,2022-10-08,1355,022807,,6,1,4,4120,0,1,3,,1,035,"SR-92 E/B","FOSTER CITY BOULEVARD",7932.00,E,N,A,-,Y,SM,,92,,R,15.026,H,,R,Y,4,0,1,2,A,-,03,22350,,N,C,C,A,A,H,-,A,D,0,,,,,Y,,A,07,0,0,1,0,0,0,0,0,0,"- ","- ",37.579368591308594,-122.25595092773438,"SAN MATEO","FOSTER CITY",-122.25616455078125,37.579513549804688
91896274,2022,2022-10-21,9330,2022-10-03,0414,023060,,1,3,5,4113,0,1,2,,2,048,"US-101 SOUTHBOUND","WHIPPLE AVENUE",1056.00,S,N,A,-,Y,SM,,101,,,6.409,H,,L,N,4,0,1,2,A,-,03,22350,,M,C,C,A,A,H,-,B,D,0,,,,,Y,,-,99,0,0,1,0,0,0,0,0,0,"- ","- ",37.495189666748047,-122.22943878173828,"SAN MATEO","REDWOOD CITY",-122.22943115234375,37.495204925537109
91897820,2022,2022-10-24,9330,2022-10-14,1910,022960,,5,2,5,4116,0,1,2,,2,038,"US-101 N/B","3RD AVE",1584.00,N,N,A,-,Y,SM,,101,,,13.853,H,,R,N,4,0,1,2,D,-,00,,,N,B,C,A,A,H,-,C,D,0,,,Y,,Y,,-,"- ",0,0,1,0,0,0,0,0,1,"- ","- ",37.575210571289062,-122.31864929199219,"SAN MATEO","SAN MATEO",-122.31862640380859,37.575229644775391
91897835,2022,2022-10-24,9330,2022-10-13,1905,022929,,4,2,5,4116,0,1,3,,2,031,"SR-92 E/B","EL CAMINO REAL",410.00,E,N,A,-,Y,SM,,92,,R,11.287,H,,R,Y,4,0,1,2,A,-,03,22350,,N,C,C,A,A,H,-,D,D,0,,,,,Y,,A,01,0,0,1,0,0,0,0,0,0,"- ","- ",37.550968170166016,-122.31070709228516,"SAN MATEO","SAN MATEO",-122.31072998046875,37.550994873046875
91899166,2022,2022-10-25,9335,2022-10-24,1330,021424,,1,1,6,4106,0,1,1,,2,021,"I-280 S/B","SERRAMONTE BLVD",500.00,S,N,A,-,Y,SM,,280,,R,24.533,H,,L,N,4,0,1,2,A,-,03,22350,,N,C,C,A,A,H,-,A,D,0,,,,,Y,,A,07,0,0,1,0,0,0,0,0,0,"- ","- ",37.668201446533203,-122.46602630615234,"SAN MATEO","DALY CITY",-122.46593475341797,37.668201446533203
9190316,2020,2021-02-01,4113,2020-11-15,2353,480,8,7,5,5,4113,0,0,0,,0,008,"ALAMEDA DE LAS PULGAS",CHESTERTON,138.00,N,N,A,-,N,,,,,,,,,,Y,3,0,1,2,A,-,01,23152,A,M,C,E,A,A,H,-,A,D,0,,,,,Y,Y,A,07,0,1,0,0,0,0,0,0,0,"- ","- ",37.464038848876953,-122.24672698974609,"SAN MATEO","REDWOOD CITY",-122.24575042724609,37.463573455810547
91904511,2022,2022-10-28,9330,2022-10-19,0925,022975,,3,1,4,4109,0,1,2,,2,058,"US-101 S/B","MARSH ROAD",2375.00,S,N,A,-,Y,SM,,101,,,3.110,H,,L,Y,4,0,2,3,A,-,03,22350,,N,C,C,A,A,H,-,A,D,0,,,,,Y,,A,01,0,0,2,0,0,0,0,0,0,"- ","- ",37.479541778564453,-122.17365264892578,"SAN MATEO","MENLO PARK",-122.17366790771484,37.479522705078125
9190551,2020,2020-12-14,4116,2020-11-29,1301,28484,34,7,5,5,4116,0,0,0,,0,00C,"SOUTH EL CAMINO REAL","36TH AV",0.00,,Y,A,-,Y,SM,4,82,-,-,9.163,I,5,S,Y,3,0,2,2,A,-,09,21802,A,N,D,C,A,A,H,-,A,A,0,,,,,Y,,A,01,0,2,0,0,0,0,0,0,0,"- ","- ",37.535099029541016,-122.2957763671875,"SAN MATEO","SAN MATEO",-122.29532623291016,37.535087585449219
91905891,2022,2022-10-31,9335,2022-01-01,1615,021957,,6,2,9,4100,0,3,5,,2,001,"GUADALUPE CANYON PKY WESTBOUND","RADIO RD. UNDERCROSSING",2455.00,W,N,A,-,N,,,,,,,,,,Y,1,1,2,2,A,-,05,21651,B,N,A,C,A,A,H,-,A,D,0,,,,,Y,,A,07,2,0,0,0,0,0,0,0,0,"- ","- ",37.698879241943359,-122.44065856933594,"SAN MATEO",UNINCORPORATED,-122.44219970703125,37.699466705322266
91909654,2022,2022-11-04,9335,2022-05-13,1920,021916,,5,2,5,4117,0,1,1,,2,038,"I-380 W/B FROM NORTH ACCESS ROAD","SOUTH AIRPORT BLVD. UNDERCROSSING",585.00,E,N,A,-,Y,SM,,380,,,6.714,H,,L,Y,1,1,0,2,A,-,08,22107,,N,D,C,A,A,H,-,A,D,0,,,,Y,Y,,A,01,0,0,0,0,0,0,0,0,0,"- ","- ",37.638660430908203,-122.39866638183594,"SAN MATEO","SOUTH SAN FRANCISCO",-122.39866638183594,37.638641357421875
91909896,2022,2022-11-04,9335,2022-11-01,1655,022920,,2,2,5,4117,0,1,1,,2,020,"I-280 N/B FROM THE WESTBOROUGH BLVD WESTBOUND","WESTBOROUGH BLVD WESTBOUND",1563.00,N,N,A,-,Y,SM,,280,,R,22.960,H,,R,Y,4,0,1,3,A,-,03,22350,,N,C,C,A,A,H,-,A,A,0,,,,,Y,,A,01,0,0,1,0,0,0,0,0,0,"- ","- ",37.649700164794922,-122.45173645019531,"SAN MATEO","SOUTH SAN FRANCISCO",-122.45199584960938,37.649600982666016
91909905,2022,2022-11-04,9335,2022-11-02,1140,021099,,3,1,6,4106,0,1,1,,2,021,"I-280 S/B","SAN PEDRO ROAD OVER-CROSSING",50.00,S,N,A,-,Y,SM,,280,,R,25.757,H,,L,Y,3,0,2,2,A,-,03,22350,,N,D,C,A,B,H,-,A,D,0,,,,,Y,,A,01,0,2,0,0,0,0,0,0,0,"- ","- ",37.684761047363281,-122.47161865234375,"SAN MATEO","DALY CITY",-122.47159576416016,37.684761047363281