CASE_ID,ACCIDENT_YEAR,PROC_DATE,JURIS,COLLISION_DATE,COLLISION_TIME,OFFICER_ID,REPORTING_DISTRICT,DAY_OF_WEEK,CHP_SHIFT,POPULATION,CNTY_CITY_LOC,SPECIAL_COND,BEAT_TYPE,CHP_BEAT_TYPE,CITY_DIVISION_LAPD,CHP_BEAT_CLASS,BEAT_NUMBER,PRIMARY_RD,SECONDARY_RD,DISTANCE,DIRECTION,INTERSECTION,WEATHER_1,WEATHER_2,STATE_HWY_IND,CALTRANS_COUNTY,CALTRANS_DISTRICT,STATE_ROUTE,ROUTE_SUFFIX,POSTMILE_PREFIX,POSTMILE,LOCATION_TYPE,RAMP_INTERSECTION,SIDE_OF_HWY,TOW_AWAY,COLLISION_SEVERITY,NUMBER_KILLED,NUMBER_INJURED,PARTY_COUNT,PRIMARY_COLL_FACTOR,PCF_CODE_OF_VIOL,PCF_VIOL_CATEGORY,PCF_VIOLATION,PCF_VIOL_SUBSECTION,HIT_AND_RUN,TYPE_OF_COLLISION,MVIW,PED_ACTION,ROAD_SURFACE,ROAD_COND_1,ROAD_COND_2,LIGHTING,CONTROL_DEVICE,CHP_ROAD_TYPE,PEDESTRIAN_ACCIDENT,BICYCLE_ACCIDENT,MOTORCYCLE_ACCIDENT,TRUCK_ACCIDENT,NOT_PRIVATE_PROPERTY,ALCOHOL_INVOLVED,STWD_VEHTYPE_AT_FAULT,CHP_VEHTYPE_AT_FAULT,COUNT_SEVERE_INJ,COUNT_VISIBLE_INJ,COUNT_COMPLAINT_PAIN,COUNT_PED_KILLED,COUNT_PED_INJURED,COUNT_BICYCLIST_KILLED,COUNT_BICYCLIST_INJURED,COUNT_MC_KILLED,COUNT_MC_INJURED,PRIMARY_RAMP,SECONDARY_RAMP,LATITUDE,LONGITUDE,COUNTY,CITY,POINT_X,POINT_Y
91918088,2022,2022-11-15,9335,2022-11-09,0825,020610,,3,1,6,4106,0,1,1,,2,021,"I-280 S/B","HICKEY BOULEVARD",605.00,N,N,A,-,Y,SM,,280,,R,24.349,H,,L,Y,2,0,1,4,A,-,03,22350,,N,C,C,A,A,H,-,A,D,0,,,,,Y,,A,01,1,0,0,0,0,0,0,0,0,"- ","- ",37.66558837890625,-122.4658203125,"SAN MATEO","DALY CITY",-122.46585845947266,37.66558837890625
9191849,2020,2021-02-01,4114,2020-11-11,1349,0048,SNB33,3,5,4,4114,0,0,0,,0,003,"SKYLINE BL","SAN BRUNO AV",0.00,,N,B,-,Y,SM,4,35,-,-,24.600,H,-,N,N,2,0,1,2,A,-,08,22107,,N,H,G,A,A,H,-,A,D,0,,Y,,,Y,,D,22,1,0,0,0,0,0,1,0,0,"- ","- ",,,"SAN MATEO","SAN BRUNO",-122.44483184814453,37.621295928955078
91918905,2022,2022-11-16,9330,2022-11-03,0645,023011,,4,1,4,4115,0,1,2,,2,048,"US-101 SOUTHBOUND","HOLLY STREET",100.00,N,N,A,-,Y,SM,,101,,,8.426,H,,L,N,4,0,2,5,A,-,03,22350,,N,C,C,A,A,H,-,B,D,0,,,,,Y,,A,01,0,0,2,0,0,0,0,0,0,"- ","- ",37.51416015625,-122.25649261474609,"SAN MATEO","SAN CARLOS",-122.25650024414062,37.514152526855469
91920370,2022,2022-11-17,9335,2022-11-12,0722,020384,,6,1,4,4111,0,1,3,,2,041,"SR-1 S/B","MANOR DRIVE",4066.00,N,N,B,-,Y,SM,,1,,,45.862,H,,L,Y,4,0,1,1,A,-,08,22107,,N,E,I,A,B,H,-,A,D,0,,,,,Y,,D,22,0,0,1,0,0,0,0,0,0,"- ","- ",37.657848358154297,-122.48661804199219,"SAN MATEO",PACIFICA,-122.48661804199219,37.657825469970703
9192054,2020,2021-01-07,4104,2020-11-19,1302,645,17,4,5,4,4104,0,0,0,,0,00B,"RT 35","TROUSDALE DR",0.00,,Y,A,-,Y,SM,4,280,-,R,17.354,R,4,N,Y,3,0,1,2,A,-,12,22450,,N,D,C,A,A,H,-,A,A,0,,,,,Y,,A,07,0,1,0,0,0,0,0,0,0,"- ","- ",37.581020355224609,-122.40305328369141,"SAN MATEO",BURLINGAME,-122.40535736083984,37.583187103271484
91921153,2022,2022-11-18,9335,2022-11-05,1525,022186,,6,2,2,4103,0,1,2,,2,012,"US-101 S/B","ALANA WAY U/C",4910.00,S,N,B,-,Y,SM,,101,,,25.171,H,,L,Y,4,0,4,4,A,-,08,22107,,N,H,C,A,A,H,-,A,D,0,,,,,Y,,A,01,0,0,4,0,0,0,0,0,0,"- ","- ",37.695461273193359,-122.39218902587891,"SAN MATEO",BRISBANE,-122.39220428466797,37.695457458496094
91922834,2022,2022-11-21,9330,2022-11-04,1555,022960,,5,2,9,4100,0,1,3,,1,021,SR-84,"PEEK A BOO LANE",528.00,W,N,A,-,Y,SM,,84,,,6.025,H,,R,Y,4,0,2,1,A,-,08,22107,,N,E,I,A,A,H,-,A,D,0,,,,,Y,,A,01,0,0,2,0,0,0,0,0,0,"- ","- ",37.316291809082031,-122.30516052246094,"SAN MATEO",UNINCORPORATED,-122.30515289306641,37.3162841796875
91922843,2022,2022-11-21,9345,2022-11-15,1310,022811,,2,1,4,4109,0,1,3,,2,084,"SR-84 N/B","UNIVERSITY AVE",118.00,N,N,A,-,Y,SM,,84,,R,28.221,H,,R,Y,4,0,1,1,A,-,08,22107,,N,B,I,A,A,H,-,A,A,0,,,,,Y,,A,01,0,0,1,0,0,0,0,0,0,"- ","- ",37.486698150634766,-122.14231109619141,"SAN MATEO","MENLO PARK",-122.14228820800781,37.486682891845703
91923142,2022,2022-11-21,9330,2022-11-09,1139,020646,,3,1,5,4116,0,1,3,,1,035,SR-92,"FOSTER CITY BLVD",5280.00,E,N,B,-,Y,SM,,92,,R,14.626,H,,R,N,2,0,1,1,A,-,08,22107,,N,E,I,A,A,H,-,A,D,0,,,,,Y,,A,01,1,0,0,0,0,0,0,0,0,"- ","- ",37.575000762939453,-122.26096343994141,"SAN MATEO","SAN MATEO",-122.26090240478516,37.574958801269531
91924078,2022,2022-11-22,9330,2022-11-09,0849,023011,,3,1,5,4113,0,1,2,,2,048,"US-101 S/B","WOODSIDE ROAD",2112.00,N,N,A,-,Y,SM,,101,,,5.814,H,,L,Y,4,0,1,3,A,-,03,22350,,N,C,C,A,A,H,-,A,D,0,,,,,Y,,D,22,0,0,1,0,0,0,0,0,0,"- ","- ",37.491569519042969,-122.21959686279297,"SAN MATEO","REDWOOD CITY",-122.21963500976562,37.491527557373047
91924121,2022,2022-11-22,9330,2022-10-22,0715,022785,,6,1,9,4100,0,1,3,,1,011,"SR-92 W/B","PILARCITOS QUARRY ROAD",1056.00,W,N,A,-,Y,SM,,92,,,2.623,H,,L,N,4,0,3,2,A,-,08,22107,,N,A,C,A,A,H,-,A,D,0,,,,,Y,,B,01,0,0,3,0,0,0,0,0,0,"- ","- ",37.487270355224609,-122.39568328857422,"SAN MATEO",UNINCORPORATED,-122.39568328857422,37.487270355224609
91925157,2022,2022-11-23,9335,2022-11-15,0150,023067,,2,3,2,4103,0,1,2,,2,012,"US-101 N/B","ALANA WAY",3550.00,S,N,A,-,Y,SM,,101,,,25.455,H,,R,Y,2,0,2,2,A,-,03,22350,,N,C,2,A,A,H,-,D,D,0,,,,,Y,,A,01,1,0,1,0,0,0,0,0,0,"- ","- ",37.699241638183594,-122.392822265625,"SAN MATEO",BRISBANE,-122.39280700683594,37.699241638183594
91925304,2022,2022-11-23,9330,2022-11-10,0810,023011,,4,1,4,4127,0,1,2,,2,058,"US-101 SOUTHBOUND","MARSH ROAD",4224.00,S,N,A,-,Y,SM,,101,,,2.714,H,,L,Y,4,0,1,4,A,-,03,22350,,N,C,C,A,A,H,-,A,D,0,,,,,Y,,A,01,0,0,1,0,0,0,0,0,0,"- ","- ",37.476310729980469,-122.16802215576172,"SAN MATEO","EAST PALO ALTO",-122.16806793212891,37.476261138916016
91925489,2022,2022-11-23,9335,2022-11-16,0050,023082,,3,3,2,4103,0,1,2,,2,012,"US-101 NORTHBOUND","SIERRA POINT PARKWAY UNDERCROSSING",20.00,N,N,A,-,Y,SM,,101,,,23.716,H,,R,Y,3,0,1,2,A,-,03,22350,,N,B,C,A,A,H,-,C,D,0,,,,,Y,,A,01,0,1,0,0,0,0,0,0,0,"- ","- ",37.675258636474609,-122.38926696777344,"SAN MATEO",BRISBANE,-122.38898468017578,37.675186157226562
91926587,2022,2022-11-25,9330,2022-11-23,1755,022960,,3,2,5,4116,0,1,2,,2,048,"US-101 N/B",SR-92,2112.00,S,N,A,-,Y,SM,,101,,,11.491,H,,R,Y,4,0,1,2,A,-,03,22350,,N,C,C,A,A,H,-,C,D,0,,,,,Y,,A,01,0,0,1,0,0,0,0,0,0,"- ","- ",37.548660278320312,-122.29154968261719,"SAN MATEO","SAN MATEO",-122.29158782958984,37.548641204833984
91927858,2022,2022-11-28,9335,2022-07-31,1010,022802,,7,1,6,4106,0,1,1,,2,021,"I-280 S/B","THE SAN PEDRO RD O/C",125.00,S,N,A,-,Y,SM,,280,,R,25.742,H,,L,Y,4,0,1,4,C,-,18,,,F,E,J,A,A,H,-,A,D,0,,,,,Y,,-,"- ",0,0,1,0,0,0,0,0,0,"- ","- ",37.684551239013672,-122.47161865234375,"SAN MATEO","DALY CITY",-122.47161102294922,37.684551239013672
91927865,2022,2022-11-28,9335,2022-11-21,0030,021754,,1,3,6,4106,0,1,1,,2,021,"I-280 N/B","HICKEY BOULEVARD U/C",1056.00,S,N,A,-,Y,SM,,280,,R,24.036,H,,R,Y,4,0,1,1,A,-,08,22107,,N,F,J,A,A,H,-,D,D,0,,,,,Y,,A,07,0,0,1,0,0,0,0,0,0,"- ","- ",37.661098480224609,-122.46488952636719,"SAN MATEO","DALY CITY",-122.46478271484375,37.661151885986328
91928818,2022,2022-11-29,9330,2022-11-15,1554,022394,,2,2,4,4127,0,1,2,,2,078,"US-101 N/B","UNIVERSITY AVENUE",1056.00,S,N,C,-,Y,SM,,101,,,0.123,H,,R,Y,4,0,1,3,A,-,03,22350,,N,C,C,A,A,H,-,A,D,0,,,,,Y,,A,01,0,0,1,0,0,0,0,0,0,"- ","- ",37.453948974609375,-122.12960052490234,"SAN MATEO","EAST PALO ALTO",-122.12962341308594,37.453926086425781
91929163,2022,2022-11-29,9335,2022-11-21,0115,022179,,1,3,3,4110,0,1,2,,2,011,"US-101 S/B","MILLBRAE AVENUE OVERCROSSING",1467.00,N,N,A,-,Y,SM,,101,,,18.224,H,,L,N,3,0,1,1,A,-,01,23152,A,N,E,I,A,A,H,-,C,D,0,,,,,Y,Y,A,01,0,1,0,0,0,0,0,0,0,"- ","- ",37.605018615722656,-122.38462829589844,"SAN MATEO",MILLBRAE,-122.38452911376953,37.605117797851562
91934375,2022,2022-12-05,9330,2022-11-22,1828,023032,,2,2,4,4120,0,1,3,,1,035,"SR-92 W/B","FOSTER CITY BLVD",15840.00,E,N,A,-,Y,SM,,92,,R,16.698,H,,L,Y,4,0,1,2,A,-,03,22350,,M,C,C,A,A,H,-,C,D,0,,,,,Y,,D,22,0,0,1,0,0,0,0,0,0,"- ","- ",37.594070434570312,-122.23256683349609,"SAN MATEO","FOSTER CITY",-122.23255920410156,37.594043731689453
91935491,2022,2022-12-06,9335,2022-11-29,1227,017995,,2,1,2,4103,0,1,2,,2,012,US-101,"LAGOON ROAD",500.00,N,N,A,-,Y,SM,,101,,,24.870,H,,R,Y,4,0,2,2,A,-,03,22350,,N,C,C,A,A,H,-,A,D,0,,,,,Y,,D,22,0,0,2,0,0,0,0,0,0,"- ","- ",37.691131591796875,-122.39105987548828,"SAN MATEO",BRISBANE,-122.39098358154297,37.691139221191406
91935891,2022,2022-12-07,9330,2022-08-28,1315,023042,,7,1,9,4100,0,1,3,,2,042,"SR-35 S/B","MORSE LANE",2640.00,N,N,A,-,N,,,,,,,,,,N,2,0,2,1,C,-,18,,,N,F,I,A,A,H,-,A,D,0,,Y,,,Y,,-,"- ",1,1,0,0,0,0,2,0,0,"- ","- ",37.389171600341797,-122.27942657470703,"SAN MATEO",UNINCORPORATED,-122.27943420410156,37.389190673828125
91936305,2022,2022-12-07,9335,2022-12-01,0643,022920,,4,1,6,4106,0,1,1,,2,020,"I-280 S/B","THE SNEATH LANE OVERCROSSING",1840.00,N,N,B,C,Y,SM,,280,,R,21.665,H,,L,N,4,0,1,2,A,-,03,22350,,N,C,C,A,B,F,-,B,D,0,,,,,Y,,A,01,0,0,1,0,0,0,0,0,0,"- ","- ",37.634510040283203,-122.43888854980469,"SAN MATEO","DALY CITY",-122.43885803222656,37.634521484375
91937187,2022,2022-12-08,9335,2022-12-03,0315,023044,,6,3,9,4100,0,1,2,,2,012,"US-101 SOUTHBOUND","MILLBRAE AVE",4934.00,N,N,A,-,Y,SM,,101,,,18.884,H,,L,N,4,0,2,2,A,-,01,23152,A,N,C,2,A,B,H,-,C,D,0,,,,,Y,Y,A,01,0,0,2,0,0,0,0,0,0,"- ","- ",37.611141204833984,-122.39392852783203,"SAN MATEO",UNINCORPORATED,-122.39391326904297,37.611152648925781
91938349,2022,2022-12-09,9335,2022-12-07,1725,021424,,3,2,9,4100,0,1,2,,2,011,"US-101 N/B","SAN BRUNO AVE",5280.00,S,N,A,-,Y,SM,,101,,,19.376,H,,R,Y,4,0,1,2,A,-,03,22350,,N,C,C,A,A,H,-,C,D,0,,,,,Y,,A,07,0,0,1,0,0,0,0,0,0,"- ","- ",37.617141723632812,-122.39848327636719,"SAN MATEO",UNINCORPORATED,-122.39848327636719,37.617137908935547
91938818,2022,2023-01-03,9330,2022-11-26,2125,022754,,6,2,9,4100,0,1,1,,2,034,"I-280 S/B","BLACK MOUNTAIN ROAD",1584.00,N,N,A,-,Y,SM,,280,,R,14.724,H,,L,Y,4,0,1,1,C,-,18,,,N,E,J,A,A,H,-,D,D,0,,,,,Y,,-,"- ",0,0,1,0,0,0,0,0,0,"- ","- ",37.552959442138672,-122.37789154052734,"SAN MATEO",UNINCORPORATED,-122.37785339355469,37.552974700927734
91939191,2022,2022-12-12,9330,2022-11-18,0041,023062,,5,3,4,4104,0,1,2,,2,038,"US-101 S/B","MILLBRAE AVE",1637.00,S,N,A,-,Y,SM,,101,,,17.573,H,,L,Y,3,0,1,2,A,-,01,23152,A,N,B,C,A,A,H,-,B,D,0,,,,,Y,Y,A,01,0,1,0,0,0,0,0,0,0,"- ","- ",37.599071502685547,-122.37519836425781,"SAN MATEO",BURLINGAME,-122.37521362304688,37.59906005859375
91939225,2022,2022-12-12,9330,2022-10-22,2000,022849,,6,2,9,4100,0,1,3,,1,010,SR-1,"CAPISTRANO ROAD",50.00,N,N,A,-,Y,SM,,1,,,33.380,H,,R,N,4,0,3,2,A,-,03,22350,,N,C,C,A,A,H,-,D,D,0,,,,,Y,,A,07,0,0,3,0,0,0,0,0,0,"- ","- ",37.510089874267578,-122.48835754394531,"SAN MATEO",UNINCORPORATED,-122.48835754394531,37.510089874267578
91939708,2022,2022-12-12,9335,2022-12-07,0145,022860,,3,3,2,4103,0,1,2,,2,012,"US-101 S/B","BLANKEN AVE UNDERCROSSING",2040.00,S,N,A,-,Y,SM,,101,,,25.896,H,,L,N,4,0,2,2,A,-,01,23152,A,N,C,C,A,A,H,-,C,D,0,,,,,Y,Y,A,01,0,0,2,0,0,0,0,0,0,"- ","- ",37.705371856689453,-122.39450073242188,"SAN MATEO",BRISBANE,-122.39446258544922,37.705375671386719
9193981,2020,2021-02-06,4116,2020-11-28,1118,27872,13A,6,5,5,4116,0,0,0,,0,00A,"4TH AV",HUMBOLDT,84.00,E,N,A,-,N,,,,,,,,,,N,3,0,1,1,A,-,03,22350,,N,A,J,A,A,G,-,A,D,0,,Y,,,Y,,L,04,0,1,0,0,0,0,1,0,0,"- ","- ",37.569229125976562,-122.31553649902344,"SAN MATEO","SAN MATEO",-122.31533050537109,37.569068908691406
91940029,2022,2022-12-12,9335,2022-12-10,1655,022525,,6,2,5,4117,0,1,2,,2,012,"US-101 NB","OYSTER POINT BLVD.",1478.00,N,N,B,C,Y,SM,,101,,,23.016,H,,R,N,4,0,1,2,A,-,03,22350,,N,C,C,A,B,H,-,B,D,0,,,,,Y,,A,07,0,0,1,0,0,0,0,0,0,"- ","- ",37.666950225830078,-122.39543914794922,"SAN MATEO","SOUTH SAN FRANCISCO",-122.39539337158203,37.666923522949219
9194137,2020,2021-02-10,4113,2020-12-11,1255,484,7,5,5,5,4113,0,0,0,,0,007,HOPKINS,"HUDSON ST",5.00,E,N,A,-,N,,,,,,,,,,Y,3,0,1,2,A,-,09,21802,A,N,B,C,A,A,H,-,A,A,0,,,,,Y,,A,01,0,1,0,0,0,0,0,0,0,"- ","- ",37.483860015869141,-122.24434661865234,"SAN MATEO","REDWOOD CITY",-122.24431610107422,37.483860015869141
9194139,2020,2021-02-10,4113,2020-12-04,2159,474,3,5,5,5,4113,0,0,0,,0,003,CHESTNUT,"BROADWAY AV",0.00,,Y,A,-,N,,,,,,,,,,N,3,0,1,2,A,-,08,22107,,N,A,B,A,A,D,-,C,A,0,,,,,Y,,A,01,0,1,0,0,0,0,0,0,0,"- ","- ",37.486991882324219,-122.21833801269531,"SAN MATEO","REDWOOD CITY",-122.21826171875,37.48699951171875
91942455,2022,2022-12-14,9335,2022-12-10,0920,022920,,6,1,6,4106,0,1,1,,2,021,"I-280 N/B","THE SOUTHGATE AVENUE UNDERCROSSING",438.00,S,N,B,C,Y,SM,,280,,R,24.963,H,,R,Y,4,0,1,1,A,-,03,22350,,N,E,I,A,B,H,-,A,D,0,,,,,Y,,A,07,0,0,1,0,0,0,0,0,0,"- ","- ",37.674030303955078,-122.46855926513672,"SAN MATEO","DALY CITY",-122.46856689453125,37.674026489257812
91943380,2022,2022-12-15,9335,2022-12-11,1501,023082,,7,2,6,4106,0,1,1,,2,021,"I-280 NORTHBOUND","SERRAMONTE BOULEVARD UNDERCROSSING",1200.00,S,N,C,-,Y,SM,,280,,R,24.542,H,,R,Y,4,0,1,1,A,-,08,22107,,N,E,I,A,B,H,-,A,D,0,,,,,Y,,A,07,0,0,1,0,0,0,0,0,0,"- ","- ",37.668430328369141,-122.46575164794922,"SAN MATEO","DALY CITY",-122.46559906005859,37.668434143066406
91943792,2022,2022-12-15,9330,2022-12-12,1135,023011,,1,1,5,4116,0,1,2,,2,038,"US-101 N/B",SR-92,1584.00,N,N,A,-,Y,SM,,101,,,12.232,H,,R,Y,4,0,1,2,A,-,03,22350,,N,B,2,A,A,H,-,A,D,0,,,,,Y,,A,01,0,0,1,0,0,0,0,0,0,"- ","- ",37.557300567626953,-122.29979705810547,"SAN MATEO","SAN MATEO",-122.29969024658203,37.557365417480469
91944287,2022,2022-12-28,9330,2022-12-15,2240,022849,,4,3,5,4116,0,1,2,,2,038,"US-101 NORTHBOUND","PENINSULA AVENUE",2112.00,N,N,B,-,Y,SM,,101,,,15.105,H,,R,Y,1,1,4,4,A,-,03,22350,,N,C,C,A,A,D,-,D,D,0,,,,,Y,Y,A,01,0,0,4,0,0,0,0,0,0,"- ","- ",37.586818695068359,-122.33511352539062,"SAN MATEO","SAN MATEO",-122.33510589599609,37.58685302734375
91944361,2022,2022-12-16,9330,2022-09-16,0720,022785,,5,1,5,4116,0,1,3,,2,031,"SR-92 W/B",US-101,528.00,E,N,A,-,Y,SM,,92,,R,12.292,H,,L,N,3,0,2,4,A,-,03,22350,,N,C,C,A,A,H,-,A,D,0,,,,,Y,,A,01,0,1,1,0,0,0,0,0,0,"- ","- ",37.553779602050781,-122.29383087158203,"SAN MATEO","SAN MATEO",-122.29381561279297,37.553714752197266
91945243,2022,2022-12-19,9330,2022-12-14,0545,022768,,3,3,5,4113,0,1,2,,2,048,"US-101 NORTHBOUND TO WHIPPLE AVE","WHIPPLE AVE",300.00,S,N,A,-,Y,,,,,,,,,,Y,4,0,1,1,A,-,08,22107,,N,A,I,A,A,H,-,C,D,0,,,,,Y,,A,07,0,0,1,0,0,0,0,0,0,"- ","- ",37.496570587158203,-122.23175811767578,"SAN MATEO","REDWOOD CITY",-122.23175811767578,37.496570587158203
91946013,2022,2022-12-19,9335,2022-12-11,0908,022920,,7,1,4,4114,0,1,1,,2,020,"I-280 N/B","THE CRESTMOOR DRIVE OVERCROSSING",1795.00,N,N,B,-,Y,SM,,280,,R,19.698,H,,R,Y,3,0,1,1,C,-,18,,,N,E,8,A,A,H,-,A,D,0,,,,,Y,,-,"- ",0,1,0,0,0,0,0,0,0,"- ","- ",37.610210418701172,-122.42704010009766,"SAN MATEO","SAN BRUNO",-122.42698669433594,37.610195159912109
91947833,2022,2022-12-21,9330,2022-12-20,0915,023011,,2,1,4,4127,0,1,2,,2,058,"US-101 S/B TO UNIVERSITY AVE","UNIVERSITY AVE",10.00,S,N,A,-,Y,,,,,,,,,,N,4,0,1,2,A,-,03,22350,,N,C,C,A,A,H,-,A,A,0,,,,,Y,,A,01,0,0,1,0,0,0,0,0,0,"- ","- ",37.459098815917969,-122.14073944091797,"SAN MATEO","EAST PALO ALTO",-122.14073944091797,37.459098815917969
9194941,2020,2021-01-14,4113,2020-11-16,0945,351,2,1,5,5,4113,0,0,0,,0,002,"VETERANS BL","WHIPPLE AV",20.00,N,N,A,-,N,,,,,,,,,,N,3,0,2,2,A,-,21,22106,,N,C,C,A,A,H,-,A,A,0,,,,,Y,,A,01,0,1,1,0,0,0,0,0,0,"- ","- ",37.494678497314453,-122.23441314697266,"SAN MATEO","REDWOOD CITY",-122.23456573486328,37.494590759277344
91951105,2022,2022-12-23,9335,2022-12-14,1724,023044,,3,2,5,4117,0,1,2,,2,012,"US-101 SOUTHBOUND","SOUTH AIRPORT BOULEVARD",940.00,S,N,A,-,Y,SM,,101,,,21.505,H,,L,N,4,0,5,4,A,-,03,22350,,N,C,C,A,A,H,-,C,D,0,,,,,Y,,A,01,0,0,5,0,0,0,0,0,0,"- ","- ",37.647201538085938,-122.40667724609375,"SAN MATEO","SOUTH SAN FRANCISCO",-122.40660858154297,37.647205352783203
91952659,2022,2022-12-27,9330,2022-07-19,1655,022929,,2,2,5,4113,0,1,2,,2,048,"US-101 NORTHBOUND","WHIPPLE AVENUE",1056.00,S,N,A,-,Y,SM,,101,,,6.392,H,,R,Y,4,0,1,3,A,-,03,22350,,M,C,C,A,A,H,-,A,D,0,,,,,Y,,A,01,0,0,1,0,0,0,0,0,0,"- ","- ",37.495281219482422,-122.22904205322266,"SAN MATEO","REDWOOD CITY",-122.22904968261719,37.495262145996094
91953163,2022,2022-12-27,9330,2022-12-02,1405,022960,,5,2,9,4100,0,3,5,,2,505,SR-82,"BERKSHIRE AVE",0.00,,Y,A,-,Y,SM,,82,,,2.692,H,,R,Y,3,0,1,3,C,-,18,,,N,C,C,A,A,H,-,A,D,0,,,,,Y,,-,"- ",0,1,0,0,0,0,0,0,0,"- ","- ",37.46929931640625,-122.21182250976562,"SAN MATEO",UNINCORPORATED,-122.21181488037109,37.469303131103516
91953295,2022,2022-12-27,9330,2022-08-27,0817,022792,,6,1,5,4116,0,1,2,,2,038,"US-101 N/B FROM THIRD AVE","THIRD AVENUE",155.00,S,N,A,-,Y,SM,,101,,,13.426,H,,R,N,4,0,1,2,A,-,03,22350,,N,G,B,B,A,A,-,A,D,0,Y,,,,Y,,D,22,0,0,1,0,1,0,0,0,0,"- ","- ",37.570720672607422,-122.31327056884766,"SAN MATEO","SAN MATEO",-122.31350708007812,37.570556640625
91955179,2022,2022-12-29,9330,2022-12-17,0554,022774,,6,3,4,4127,0,1,2,,2,058,"US-101 NORTHBOUND TO DONOHOE STREET","DONOHOE STREET",22.00,W,N,A,-,Y,,,,,,,,,,Y,4,0,1,3,A,-,03,22350,,M,C,C,A,A,H,-,C,A,0,,,,,Y,,A,07,0,0,1,0,0,0,0,0,0,"- ","- ",37.462398529052734,-122.14048767089844,"SAN MATEO","EAST PALO ALTO",-122.14048767089844,37.462398529052734
91956404,2022,2022-12-30,9330,2022-12-10,2245,022849,,6,3,4,4109,0,3,5,,2,509,"ALAMEDA DE LAS PULGAS","VALPARAISO AVENUE",50.00,N,N,B,C,N,,,,,,,,,,N,4,0,2,3,A,-,08,22107,,N,C,E,A,B,H,-,C,D,0,,,,,Y,,A,01,0,0,2,0,0,0,0,0,0,"- ","- ",37.434188842773438,-122.20597076416016,"SAN MATEO","MENLO PARK",-122.20599365234375,37.434127807617188
91956596,2022,2022-12-30,9330,2022-09-02,0730,022792,,5,1,4,4109,0,1,2,,2,078,"US-101 S/B","RENGSTORFF AVENUE",5280.00,N,N,A,-,Y,SCL,,101,,,49.687,H,,L,Y,4,0,1,4,A,-,07,21658,A,N,B,C,A,A,H,-,A,D,0,,,,,Y,,A,01,0,0,1,0,0,0,0,0,0,"- ","- ",37.421680450439453,-122.09352874755859,"SAN MATEO","MENLO PARK",-122.09354400634766,37.421665191650391
91958623,2022,2023-01-03,9330,2022-12-20,1115,023011,,2,1,9,4100,0,3,5,,2,505,"MIDDLEFIELD ROAD","HURLINGAME AVENUE",0.00,,Y,A,-,N,,,,,,,,,,N,4,0,1,2,A,-,09,21802,A,N,D,G,A,A,D,-,A,A,0,,Y,,,Y,,A,01,0,0,1,0,0,0,1,0,0,"- ","- ",37.476741790771484,-122.21151733398438,"SAN MATEO",UNINCORPORATED,-122.21150207519531,37.47674560546875
91959654,2022,2023-01-04,9330,2022-10-19,2150,023039,,3,2,4,4104,0,1,2,,2,038,"US 101 S/B",BROADWAY,1557.00,S,N,A,-,Y,SM,,101,,,16.306,H,,L,Y,3,0,3,4,A,-,03,22350,,N,C,D,A,A,D,-,C,D,0,,,,,Y,,A,01,0,3,0,0,0,0,0,0,0,"- ","- ",37.587799072265625,-122.35701751708984,"SAN MATEO",BURLINGAME,-122.35700225830078,37.587837219238281
91960607,2022,2023-01-05,9330,2022-12-21,0258,022595,,3,3,9,4100,0,1,3,,1,011,SR-92,"OLD CANADA RD.",528.00,E,N,A,-,Y,SM,,92,,,6.797,H,,R,Y,3,0,1,1,A,-,01,23152,A,N,E,I,A,A,H,-,C,D,0,,,,,Y,Y,A,01,0,1,0,0,0,0,0,0,0,"- ","- ",37.508010864257812,-122.35507965087891,"SAN MATEO",UNINCORPORATED,-122.35508728027344,37.507961273193359
91961893,2022,2023-01-06,9335,2022-12-26,0230,022096,,1,3,4,4114,0,1,1,,2,038,"I-380 W/B","CHERRY AVENUE",32.00,W,N,B,-,Y,SM,,380,,T,4.984,H,,L,Y,3,0,1,1,A,-,03,22350,,F,E,I,A,A,H,-,D,D,0,,,,,Y,,A,01,0,1,0,0,0,0,0,0,0,"- ","- ",37.62969970703125,-122.42691802978516,"SAN MATEO","SAN BRUNO",-122.42698669433594,37.629863739013672
91962134,2022,2023-01-06,9330,2022-12-23,1818,022933,,5,2,5,4113,0,1,2,,2,048,"US-101 S/B","MAPLE STREET",295.00,S,N,A,-,Y,SM,,101,,,5.823,H,,L,Y,3,0,2,2,A,-,03,22350,,N,C,C,A,A,H,-,C,D,0,,,,,Y,,A,01,0,1,1,0,0,0,0,0,0,"- ","- ",37.491539001464844,-122.21981048583984,"SAN MATEO","REDWOOD CITY",-122.21977233886719,37.491592407226562