CASE_ID,ACCIDENT_YEAR,PROC_DATE,JURIS,COLLISION_DATE,COLLISION_TIME,OFFICER_ID,REPORTING_DISTRICT,DAY_OF_WEEK,CHP_SHIFT,POPULATION,CNTY_CITY_LOC,SPECIAL_COND,BEAT_TYPE,CHP_BEAT_TYPE,CITY_DIVISION_LAPD,CHP_BEAT_CLASS,BEAT_NUMBER,PRIMARY_RD,SECONDARY_RD,DISTANCE,DIRECTION,INTERSECTION,WEATHER_1,WEATHER_2,STATE_HWY_IND,CALTRANS_COUNTY,CALTRANS_DISTRICT,STATE_ROUTE,ROUTE_SUFFIX,POSTMILE_PREFIX,POSTMILE,LOCATION_TYPE,RAMP_INTERSECTION,SIDE_OF_HWY,TOW_AWAY,COLLISION_SEVERITY,NUMBER_KILLED,NUMBER_INJURED,PARTY_COUNT,PRIMARY_COLL_FACTOR,PCF_CODE_OF_VIOL,PCF_VIOL_CATEGORY,PCF_VIOLATION,PCF_VIOL_SUBSECTION,HIT_AND_RUN,TYPE_OF_COLLISION,MVIW,PED_ACTION,ROAD_SURFACE,ROAD_COND_1,ROAD_COND_2,LIGHTING,CONTROL_DEVICE,CHP_ROAD_TYPE,PEDESTRIAN_ACCIDENT,BICYCLE_ACCIDENT,MOTORCYCLE_ACCIDENT,TRUCK_ACCIDENT,NOT_PRIVATE_PROPERTY,ALCOHOL_INVOLVED,STWD_VEHTYPE_AT_FAULT,CHP_VEHTYPE_AT_FAULT,COUNT_SEVERE_INJ,COUNT_VISIBLE_INJ,COUNT_COMPLAINT_PAIN,COUNT_PED_KILLED,COUNT_PED_INJURED,COUNT_BICYCLIST_KILLED,COUNT_BICYCLIST_INJURED,COUNT_MC_KILLED,COUNT_MC_INJURED,PRIMARY_RAMP,SECONDARY_RAMP,LATITUDE,LONGITUDE,COUNTY,CITY,POINT_X,POINT_Y
92323061,2024,2024-02-26,9330,2024-02-15,"722 ",023587,,4,1,4,4127,0,1,2,,2,058,"US-101 S/B","UNIVERSITY AVE",2112.00,N,N,A,-,Y,SM,,101," "," ",1.304,H,,L,Y,3,0,1,3,A,-,03,22350,,N,C,C,A,A,H,-,B,D,0,,,,,Y,,A,01,0,1,0,0,0,0,0,0,0,"- ","- ",37.463909149169922,-122.14692687988281,"SAN MATEO","EAST PALO ALTO",-122.14694213867188,37.463901519775391
92324032,2024,2024-02-27,9335,2024-02-25,1210,022187,,7,1,4,4114,0,1,1,,2,038,"I-380 E/B","CHERRY AVENUE UNDER-CROSSING",88.00,E,N,A,-,Y,SM,,380," ",T,5.019,H,,R,N,4,0,1,2,A,-,07,21658,A,N,B,C,A,A,H,-,A,D,0,,,,,Y,,A,07,0,0,1,0,0,0,0,0,0,"- ","- ",37.629600524902344,-122.42607879638672,"SAN MATEO","SAN BRUNO",-122.42609405517578,37.629619598388672
92325416,2024,2024-02-28,9330,2024-02-17,2055,023281,,6,2,5,4113,0,3,5,,2,505,"MIDDLEFIELD ROAD","BERKSHIRE AVE",103.00,N,N,A,-,N,,,,,,,,,,Y,4,0,1,3,A,-,01,23152,A,N,B,4,A,B,H,-,C,D,0,,,,,Y,Y,A,01,0,0,1,0,0,0,0,0,0,"- ","- ",37.474769592285156,-122.20835113525391,"SAN MATEO","REDWOOD CITY",-122.2083740234375,37.474674224853516
92325646,2024,2024-02-28,9330,2024-02-18,1715,022960,,7,2,5,4116,0,1,2,,2,048,"US-101 N/B TO SR-92 E/B",SR-92,180.00,S,N,C,-,Y,,,,,,,,,,Y,4,0,1,1,A,-,08,22107,,N,E,I,A,B,H,-,A,D,0,,,,,Y,,A,01,0,0,1,0,0,0,0,0,0,"- ","- ",37.552780151367188,-122.29360198974609,"SAN MATEO","SAN MATEO",-122.29360198974609,37.552780151367188
9232597,2021,2021-04-08,4106,2021-02-01,0837,25109,,1,5,6,4106,0,0,0,,0,,"JOHN DALY BL","NIANTIC AV",0.00,,Y,A,-,N,,,,,,,,,,Y,3,0,1,2,A,-,12,21453,A,N,D,C,A,A,H,-,A,A,0,,,,,Y,,A,08,0,1,0,0,0,0,0,0,0,"- ","- ",37.705268859863281,-122.46916198730469,"SAN MATEO","DALY CITY",-122.46958160400391,37.705013275146484
92326165,2024,2024-02-29,9330,2024-02-22,"725 ",022929,,4,1,9,4100,0,1,3,,1,011,"SR-92 W/B","CANADA RD",0.50,E,N,A,-,Y,SM,,92," ",T,7.175,H,,L,Y,3,0,1,2,A,-,03,22350,,N,C,C,A,B,H,-,A,A,0,,,,,Y,,D,22,0,1,0,0,0,0,0,0,0,"- ","- ",37.507099151611328,-122.3411865234375,"SAN MATEO",UNINCORPORATED,-122.3411865234375,37.507083892822266
92328796,2024,2024-03-04,9330,2024-01-23,"825 ",023566,,2,1,4,4115,0,1,2,,2,048,"US-101 N/B TO HOLLY STREET","HOLLY STREET",165.00,S,N,B,-,Y,,,,,,,,,,N,3,0,1,1,A,-,03,22350,,N,F,A,A,B,H,-,A,D,0,,,,Y,Y,,F,26,0,1,0,0,0,0,0,0,0,"- ","- ",37.514610290527344,-122.25472259521484,"SAN MATEO","SAN CARLOS",-122.25472259521484,37.514610290527344
92330650,2024,2024-03-06,9330,2024-02-19,1918,023486,,1,2,5,4113,0,1,2,,2,048,"US-101 N/B FROM WHIPPLE AVENUE E/B","WHIPPLE AVENUE",50.00,S,N,C,-,Y,,,,,,,,,,N,3,0,1,2,A,-,03,22350,,N,D,C,A,C,H,-,C,D,0,,,,,Y,,A,01,0,1,0,0,0,0,0,0,0,"- ","- ",37.496849060058594,-122.23191833496094,"SAN MATEO","REDWOOD CITY",-122.23191833496094,37.496849060058594
92331140,2024,2024-03-06,9330,2024-03-03,1630,023011,,7,2,9,4100,0,1,3,,1,020,SR-1,"POMPONIO STATE BEACH",4752.00,S,N,B,C,Y,SM,,1," "," ",15.548,H,,R,Y,4,0,1,1,A,-,03,22350,,N,E,I,A,B,H,-,A,D,0,,,,,Y,,A,01,0,0,1,0,0,0,0,0,0,"- ","- ",37.287010192871094,-122.40480041503906,"SAN MATEO",UNINCORPORATED,-122.40476226806641,37.287006378173828
92331299,2024,2024-03-06,9330,2024-02-23,1600,023640,,5,2,4,4120,0,1,3,,1,035,"SR-92 E/B","FOSTER CITY BOULEVARD",13728.00,E,N,A,-,Y,SM,,92," ",R,16.228,H,,R,N,4,0,1,2,A,-,03,22350,,N,C,C,A,A,H,-,A,D,0,,,,,Y,,A,07,0,0,1,0,0,0,0,0,0,"- ","- ",37.591579437255859,-122.24015808105469,"SAN MATEO","FOSTER CITY",-122.24016571044922,37.591587066650391
92332592,2024,2024-03-07,9330,2024-03-02,1540,023011,,6,2,9,4100,0,1,1,,2,044,"I-280 N/B",SR-92,6864.00,S,N,B,C,Y,SM,,280," "," ",9.476,H,,R,Y,3,0,1,2,A,-,03,22350,,N,E,8,A,B,H,-,A,D,0,,,,,Y,,A,01,0,1,0,0,0,0,0,0,0,"- ","- ",37.499080657958984,-122.31700134277344,"SAN MATEO",UNINCORPORATED,-122.31694030761719,37.499149322509766
9233406,2021,2021-04-10,4106,2021-02-06,0430,2154,3,6,5,6,4106,0,0,0,,0,002,"TEMPLETON AV","HANOVER ST",118.00,S,N,A,-,N,,,,,,,,,,Y,4,0,1,2,A,-,"- ",,,M,B,E,A,A,H,-,C,D,0,,,,,Y,,A,01,0,0,1,0,0,0,0,0,0,"- ","- ",,,"SAN MATEO","DALY CITY",-122.45221710205078,37.705677032470703
9233407,2021,2021-04-10,4106,2021-02-13,1959,2131,14,6,5,6,4106,0,0,0,,0,006,"GELLERT BL","DERBY ST",0.00,,Y,A,-,N,,,,,,,,,,Y,3,0,2,2,A,-,04,21703,,N,C,C,A,A,H,-,C,A,0,,,,,Y,,A,01,0,1,1,0,0,0,0,0,0,"- ","- ",,,"SAN MATEO","DALY CITY",-122.46562194824219,37.657169342041016
9233688,2021,2021-04-12,4106,2021-02-06,1550,2154,14,6,5,6,4106,0,0,0,,0,006,"KING DR","VERDUCCI DR",21.00,W,N,A,-,N,,,,,,,,,,Y,4,0,1,2,A,-,08,22107,,N,C,E,A,A,H,-,A,D,0,,,,,Y,,A,07,0,0,1,0,0,0,0,0,0,"- ","- ",,,"SAN MATEO","DALY CITY",-122.46300506591797,37.650222778320312
92337562,2024,2024-03-13,9330,2024-03-01,1715,023693,,5,2,5,4116,0,1,3,,2,031,"SR-92 W/B","DE ANZA BOULEVARD",1584.00,E,N,C,-,Y,SM,,92," ",R,8.987,H,,L,Y,3,0,2,1,A,-,08,22107,,N,E,I,A,B,H,-,A,D,0,,,,,Y,,A,01,0,2,0,0,0,0,0,0,0,"- ","- ",37.526958465576172,-122.33167266845703,"SAN MATEO","SAN MATEO",-122.33171844482422,37.526969909667969
92337986,2024,2024-03-14,9330,2024-03-02,1530,023492,,6,2,9,4100,0,1,1,,2,034,"I-280 S/B","TROUSDALE DR.",1742.00,S,N,C,-,Y,SM,,280," ",R,16.640,H,,L,Y,4,0,1,1,A,-,08,22107,,N,E,I,A,B,H,-,A,D,0,,,,,Y,,A,01,0,0,1,0,0,0,0,0,0,"- ","- ",37.573619842529297,-122.40004730224609,"SAN MATEO",UNINCORPORATED,-122.4000244140625,37.573635101318359
9233857,2021,2021-04-05,4113,2021-02-05,0941,351,11,5,5,5,4113,0,0,0,,0,"2 3","WINSLOW ST","BREWSTER AV",0.00,,Y,A,-,N,,,,,,,,,,Y,3,0,1,2,A,-,12,21453,A,N,D,C,A,A,H,-,A,A,0,,,,,Y,,D,22,0,1,0,0,0,0,0,0,0,"- ","- ",37.490310668945312,-122.23175811767578,"SAN MATEO","REDWOOD CITY",-122.23175048828125,37.490310668945312
92339326,2023,2024-03-15,9330,2023-07-12,"530 ",022409,,3,3,3,4108,0,1,1,,2,034,"I-280 S/B","HAYNE ROAD",2640.00,S,N,B,-,Y,,,,,,,,,,Y,1,1,0,1,A,-,08,22107,,N,E,8,A,A,H,-,A,D,0,,,,,Y,,A,01,0,0,0,0,0,0,0,0,0,"- ","- ",37.541419982910156,-122.36685180664062,"SAN MATEO",HILLSBOROUGH,,
92339553,2024,2024-03-15,9330,2024-03-10,2320,023494,,7,3,4,4109,0,1,2,,2,058,"US-101 N/B",SR-84,4435.00,S,N,C,-,Y,SM,,101," "," ",4.540,H,,R,Y,4,0,1,1,A,-,08,22107,,N,E,I,A,B,H,-,C,D,0,,,,,Y,,A,01,0,0,1,0,0,0,0,0,0,"- ","- ",37.486541748046875,-122.19767761230469,"SAN MATEO","MENLO PARK",-122.19766235351562,37.486618041992188
9234020,2021,2021-03-25,4113,2021-01-28,1112,462,4,4,5,5,4113,0,0,0,,0,004,"BAY RD","9TH AV",40.00,S,N,C,-,N,,,,,,,,,,N,3,0,1,2,A,-,03,22350,,N,C,C,A,B,H,-,A,D,0,,,,,Y,,D,22,0,1,0,0,0,0,0,0,0,"- ","- ",37.47998046875,-122.19394683837891,"SAN MATEO","REDWOOD CITY",-122.19512176513672,37.480274200439453
92342714,2024,2024-03-20,9335,2024-02-19,1020,023474,,1,1,4,4114,0,1,1,,2,020,"I-280 S/B","WESTBOROUGH BLVD.",1300.00,N,N,B,-,Y,SM,,280," ",R,23.419,H,,L,N,4,0,1,3,A,-,03,22350,,N,C,C,A,B,H,-,A,D,0,,,,,Y,,A,01,0,0,1,0,0,0,0,0,0,"- ","- ",37.654571533203125,-122.45748901367188,"SAN MATEO","SAN BRUNO",-122.45744323730469,37.654605865478516
92343691,2024,2024-03-21,9330,2024-03-11,1100,023566,,1,1,4,4109,0,1,2,,2,058,"US-101 S/B","MARSH ROAD",1373.00,S,N,A,-,Y,SM,,101," "," ",3.315,H,,L,Y,3,0,1,2,A,-,08,22107,,N,B,2,A,A,H,-,A,D,0,,,,,Y,,A,07,0,1,0,0,0,0,0,0,0,"- ","- ",37.481250762939453,-122.17655944824219,"SAN MATEO","MENLO PARK",-122.17658233642578,37.481224060058594
92344641,2024,2024-03-22,9330,2024-03-12,"815 ",020646,,2,1,5,4116,0,1,3,,2,031,"SR-92 E/B","ALAMEDA DE LAS PULGAS",1000.00,W,N,B,C,Y,SM,,92," ",R,10.382,H,,R,N,3,0,2,3,A,-,03,22350,,N,C,C,A,B,H,-,A,D,0,,,,,Y,,A,07,0,1,1,0,0,0,0,0,0,"- ","- ",37.545680999755859,-122.32569885253906,"SAN MATEO","SAN MATEO",-122.32569122314453,37.545673370361328
92344645,2024,2024-03-22,9330,2024-03-15,1220,022929,,5,1,9,4100,0,1,1,,2,034,"I-280 SOUTHBOUND","TROUSDALE DRIVE",3696.00,S,N,A,-,Y,SM,,280," ",R,16.457,H,,L,Y,3,0,1,1,C,-,18,,,N,H,H,A,A,H,-,A,D,0,,,,,Y,,-,"- ",0,1,0,0,0,0,0,0,0,"- ","- ",37.571498870849609,-122.3980712890625,"SAN MATEO",UNINCORPORATED,-122.39804077148438,37.571517944335938
92345669,2024,2024-03-25,9330,2024-03-22,1955,023011,,5,2,9,4100,0,1,1,,2,044,"I-280 N/B",SR-92,6600.00,S,N,B,C,Y,SM,,280," "," ",9.507,H,,R,Y,4,0,1,1,A,-,03,22350,,N,E,I,A,B,H,-,D,D,0,,,,,Y,,A,07,0,0,1,0,0,0,0,0,0,"- ","- ",37.49932861328125,-122.31745910644531,"SAN MATEO",UNINCORPORATED,-122.31739807128906,37.499401092529297
92346367,2024,2024-03-25,9330,2024-03-06,"210 ",022595,,3,3,9,4100,0,1,3,,1,011,"SR-92 W/B","SKYLINE QUARRY RD.",1584.00,W,N,B,-,N,,,,,,,,,,Y,4,0,1,1,A,-,08,22107,,N,E,I,A,B,H,-,D,D,0,,,,,Y,,A,01,0,0,1,0,0,0,0,0,0,"- ","- ",37.499778747558594,-122.36012268066406,"SAN MATEO",UNINCORPORATED,-122.36005401611328,37.499767303466797
92348869,2024,2024-03-27,9330,2024-03-19,"820 ",023570,,2,1,4,4120,0,1,3,,1,035,"SR-92 E/B","PIER 1",450.00,E,N,B,-,Y,SM,,92," ",R,14.547,H,,R,Y,4,0,1,1,C,-,18,,,N,E,I,A,A,H,-,A,D,0,,,,,Y,,-,"- ",0,0,1,0,0,0,0,0,0,"- ","- ",37.574108123779297,-122.26193237304688,"SAN MATEO","FOSTER CITY",-122.26186370849609,37.574066162109375
92349420,2024,2024-03-28,9330,2024-03-18,1605,023693,,1,2,4,4120,0,1,3,,1,035,"SR-92 E/B","FIRST EASTBOUND TURNOUT",2112.00,W,N,A,-,Y,SM,,92," ",R,15.938,H,,R,Y,3,0,3,3,A,-,03,22350,,N,C,2,A,A,H,-,A,D,0,,,,,Y,,A,07,0,2,1,0,0,0,0,0,0,"- ","- ",37.589611053466797,-122.24490356445312,"SAN MATEO","FOSTER CITY",-122.24489593505859,37.589607238769531
92349432,2024,2024-03-28,9330,2024-03-09,1600,022960,,6,2,9,4100,0,1,3,,2,072,SR-35,"SKYLINE RIDGE",0.00,,Y,A,-,Y,SM,,35," "," ",2.390,H,,R,Y,2,0,1,1,A,-,08,22107,,N,F,A,A,A,H,-,A,D,0,,,Y,,Y,,-,"- ",1,0,0,0,0,0,0,0,1,"- ","- ",37.311668395996094,-122.17344665527344,"SAN MATEO",UNINCORPORATED,-122.17345428466797,37.311664581298828
92349534,2024,2024-03-28,9330,2024-02-01,"900 ",023253,,4,1,5,4113,0,1,2,,2,048,"US-101 SOUTHBOUND","WOODSIDE ROAD",3168.00,N,N,A,-,Y,SM,,101," "," ",6.099,H,,L,Y,4,0,1,3,A,-,03,22350,,N,C,C,A,B,H,-,A,D,0,,,,,Y,,A,07,0,0,1,0,0,0,0,0,0,"- ","- ",37.493450164794922,-122.22421264648438,"SAN MATEO","REDWOOD CITY",-122.22415161132812,37.493537902832031
92349546,2024,2024-03-28,9330,2024-03-20,1500,023587,,3,2,3,4110,0,1,2,,2,038,"US-101 S/B","MILLBRAE AVENUE",25.00,N,N,A,-,Y,SM,,101," "," ",17.960,H,,L,Y,3,0,1,2,A,-,03,22350,,N,C,C,A,A,H,-,A,D,0,,,,,Y,,A,07,0,1,0,0,0,0,0,0,0,"- ","- ",37.602649688720703,-122.38065338134766,"SAN MATEO",MILLBRAE,-122.38066864013672,37.602630615234375
92349791,2024,2024-03-28,9330,2024-03-20,1830,022975,,3,2,9,4100,0,3,5,,2,505,"MIDDLEFIELD RD N/B","DUMBARTON AVE W/B",0.00,,Y,A,-,N,,,,,,,,,,N,4,0,1,2,A,-,09,21802,A,M,D,C,A,A,H,-,A,A,0,,,,,Y,,-,99,0,0,1,0,0,0,0,0,0,"- ","- ",37.475231170654297,-122.20908355712891,"SAN MATEO",UNINCORPORATED,-122.2091064453125,37.475162506103516
92349823,2024,2024-03-28,9330,2024-03-20,1225,020646,,3,1,3,4110,0,1,1,,2,034,"I-280 N/B","LARKSPUR DR",1700.00,S,N,B,-,Y,SM,,280," ",R,18.200,H,,R,N,4,0,1,1,A,-,08,22107,,N,E,I,A,B,H,-,A,D,0,,,,,Y,,A,01,0,0,1,0,0,0,0,0,0,"- ","- ",37.59246826171875,-122.41538238525391,"SAN MATEO",MILLBRAE,-122.41546630859375,37.592414855957031
92350559,2024,2024-03-29,9330,2024-03-03,"903 ",023254,,7,1,9,4100,0,1,1,,2,044,"I-280 S/B","VISTA 3",1584.00,S,N,B,-,Y,SM,,280," "," ",9.112,H,,L,N,3,0,1,1,A,-,08,22107,,N,E,I,A,B,H,-,A,D,0,,,,,Y,,A,01,0,1,0,0,0,0,0,0,0,"- ","- ",37.496131896972656,-122.31141662597656,"SAN MATEO",UNINCORPORATED,-122.31143951416016,37.496097564697266
92351185,2023,2024-04-01,9335,2023-10-30,"805 ",023357,,1,1,5,4117,0,1,2,,2,012,"US-101 S/B","SOUTH AIRPORT BOULEVARD",2376.00,S,N,A,-,Y,SM,,101," "," ",21.243,H,,L,Y,4,0,1,3,A,-,07,21658,A,N,C,C,A,A,H,-,A,D,0,,,,,Y,,A,01,0,0,1,0,0,0,0,0,0,"- ","- ",37.643390655517578,-122.40625762939453,"SAN MATEO","SOUTH SAN FRANCISCO",-122.40629577636719,37.643386840820312
9235135,2021,2021-03-29,4100,2021-02-28,2332,25839,,7,5,4,4115,0,0,0,,0,,"HOLLY ST","OLD COUNTY RD",253.00,E,N,A,-,N,,,,,,,,,,Y,3,0,2,4,A,-,01,23152,A,N,E,I,F,A,H,-,C,D,0,Y,,,,Y,Y,A,01,0,2,0,0,1,0,0,0,0,"- ","- ",,,"SAN MATEO","SAN CARLOS",-122.26054382324219,37.509578704833984
92351378,2024,2024-04-01,9335,2024-03-01,1200,020658,,5,1,6,4106,0,1,1,,2,021,"I-280 S/B","SCHOOL STREET",560.00,N,N,C,-,Y,SM,,280," ",R,26.463,H,,L,Y,4,0,1,1,A,-,08,22107,,N,E,I,A,B,H,-,A,D,0,,,,,Y,,-,"- ",0,0,1,0,0,0,0,0,0,"- ","- ",37.694908142089844,-122.47084808349609,"SAN MATEO","DALY CITY",-122.47068023681641,37.694931030273438
92352724,2024,2024-04-02,9330,2024-03-21,1740,023693,,4,2,4,4120,0,1,3,,2,031,"SR-92 E/B","MARINERS ISLAND BOULEVARD",70.00,E,N,A,-,Y,SM,,92," ",R,12.794,H,,R,N,2,0,1,2,A,-,07,21658,A,N,B,C,A,A,H,-,A,D,0,,,Y,,Y,,A,08,1,0,0,0,0,0,0,0,1,"- ","- ",37.556510925292969,-122.28482818603516,"SAN MATEO","FOSTER CITY",-122.28483581542969,37.556514739990234
92352726,2024,2024-04-02,9330,2024-01-14,"405 ",023339,,7,3,4,4109,0,1,2,,2,058,"US-101 N/B","WILLOW RD",3180.00,N,N,C,-,Y,SM,,101," "," ",2.443,H,,R,Y,3,0,1,2,A,-,01,23152,A,N,C,C,A,B,H,-,D,D,0,,,,,Y,Y,A,01,0,1,0,0,0,0,0,0,0,"- ","- ",37.474430084228516,-122.164306640625,"SAN MATEO","MENLO PARK",-122.16436767578125,37.474365234375
92353177,2024,2024-04-03,9330,2024-03-28,2345,023664,,4,3,4,4109,0,1,2,,2,058,"US-101 N/B TO WILLOW ROAD","WILLOW ROAD",230.00,N,N,A,-,Y,,,,,,,,,,Y,4,0,1,1,A,-,03,22350,,N,E,I,A,A,H,-,D,A,0,,,,,Y,,A,01,0,0,1,0,0,0,0,0,0,"- ","- ",37.469318389892578,-122.15419769287109,"SAN MATEO","MENLO PARK",-122.15419769287109,37.469318389892578
9235797,2021,2021-04-16,4102,2021-03-02,0958,48800,6C1,2,5,4,4102,0,0,0,,0,002,"RALSTON AV","CIPRIANI BL",22.00,E,N,A,-,N,,,,,,,,,,Y,3,0,1,1,A,-,08,22107,,N,E,I,A,A,H,-,A,D,0,,,,,Y,,A,01,0,1,0,0,0,0,0,0,0,"- ","- ",37.512248992919922,-122.30412292480469,"SAN MATEO",BELMONT,-122.30403137207031,37.512336730957031
92361291,2024,2024-04-10,9330,2024-04-03,"812 ",022768,,3,1,4,4104,0,1,2,,2,038,"US-101 SB","BROADWAY AVE",200.00,N,N,B,-,Y,SM,,101," "," ",16.658,H,,L,Y,4,0,1,4,A,-,03,22350,,N,C,C,A,A,H,-,A,D,0,,,,,Y,,A,07,0,0,1,0,0,0,0,0,0,"- ","- ",37.590660095214844,-122.36231994628906,"SAN MATEO",BURLINGAME,-122.36233520507812,37.590648651123047
92367573,2024,2024-04-18,9335,2024-04-06,2355,023167,,6,3,4,4111,0,1,3,,2,041,"SR-1 S/B","MANOR DR",3650.00,N,N,A,-,Y,SM,,1," "," ",45.736,H,,L,Y,3,0,1,1,A,-,08,22107,,N,E,8,A,A,H,-,D,D,0,,,,,Y,,A,01,0,1,0,0,0,0,0,0,0,"- ","- ",37.658149719238281,-122.48892211914062,"SAN MATEO",PACIFICA,-122.48891448974609,37.6580810546875
92369162,2024,2024-04-19,9335,2024-04-12,"738 ",019581,,5,1,5,4117,0,1,2,,2,012,"US-101 N/B","I-380 E/B TO US-101 N/B CONNECTOR",2400.00,N,N,A,-,Y,SM,,101," "," ",21.194,H,,R,Y,3,0,1,3,A,-,07,21658,A,N,B,C,A,A,H,-,A,D,0,,,Y,,Y,,A,01,0,1,0,0,0,0,0,0,1,"- ","- ",37.642719268798828,-122.40602111816406,"SAN MATEO","SOUTH SAN FRANCISCO",-122.40599822998047,37.642723083496094
92372832,2024,2024-04-23,9335,2024-04-08,"300 ",023373,,1,3,6,4106,0,1,1,,2,021,"I-280 S/B","SOUTHGATE AVE",1901.00,N,N,A,-,Y,SM,,280," ",R,25.465,H,,L,Y,3,0,2,2,A,-,08,22107,,N,C,C,A,A,H,-,D,D,0,,,,,Y,Y,A,01,0,2,0,0,0,0,0,0,0,"- ","- ",37.680591583251953,-122.47177124023438,"SAN MATEO","DALY CITY",-122.47174072265625,37.680587768554688
92372836,2024,2024-04-23,9335,2024-04-08,1655,023504,,1,2,9,4100,0,1,2,,2,011,"US-101 NB","SAN BRUNO AVE",3220.00,S,N,A,-,Y,SM,,101," "," ",19.765,H,,R,Y,4,0,2,5,A,-,03,22350,,F,C,C,A,A,H,-,A,D,0,,,,,Y,,-,99,0,0,2,0,0,0,0,0,0,"- ","- ",37.622581481933594,-122.40032196044922,"SAN MATEO",UNINCORPORATED,-122.40033721923828,37.622577667236328
9237348,2021,2021-03-26,4106,2021-01-17,2311,2174,3,7,5,6,4106,0,0,0,,0,002,"BELLEVUE AV","EVERGREEN AV",165.00,E,N,A,-,N,,,,,,,,,,N,4,0,1,2,A,-,03,22350,,N,C,E,A,A,H,-,C,D,0,,,,,Y,,A,01,0,0,1,0,0,0,0,0,0,"- ","- ",,,"SAN MATEO","DALY CITY",-122.45408630371094,37.703678131103516
9237399,2021,2021-03-23,4106,2021-01-11,1708,2146,3,1,5,6,4106,0,0,0,,0,002,"BRUNSWICK ST","TEMPLETON AV",0.00,,Y,A,-,N,,,,,,,,,,N,3,0,1,3,A,-,03,22350,,N,C,E,A,A,H,-,B,D,0,,,,,Y,,A,01,0,1,0,0,0,0,0,0,0,"- ","- ",,,"SAN MATEO","DALY CITY",-122.45378112792969,37.706958770751953
9237409,2021,2021-03-17,4100,2021-01-13,1728,25294,4100,3,5,4,4115,0,0,0,,0,053,"BRITTAN AV","RODGERS AV",176.00,W,N,A,-,N,,,,,,,,,,Y,3,0,1,1,A,-,08,22107,,N,E,I,A,A,H,-,D,D,0,,,,,Y,,A,07,0,1,0,0,0,0,0,0,0,"- ","- ",,,"SAN MATEO","SAN CARLOS",-122.26668548583984,37.490329742431641
9237816,2021,2021-04-07,4102,2021-03-02,1943,55960,2,2,5,4,4102,0,0,0,,0,001,"RALSTON AV","FURLONG ST",0.00,,Y,A,-,N,,,,,,,,,,Y,3,0,1,2,A,-,09,21801,A,N,D,C,A,A,H,-,C,D,0,,,,,Y,,A,01,0,1,0,0,0,0,0,0,0,"- ","- ",37.522300720214844,-122.27353668212891,"SAN MATEO",BELMONT,-122.27381134033203,37.522342681884766
9237851,2021,2021-04-15,4114,2021-02-18,1742,0048,SNB12,4,5,4,4114,0,0,0,,0,002,"LINDEN AV","ELM AV",166.00,E,N,A,-,N,,,,,,,,,,N,2,0,1,1,A,-,21,22106,,N,E,I,A,A,H,-,A,D,0,,,,,Y,,D,22,1,0,0,0,0,0,0,0,0,"- ","- ",,,"SAN MATEO","SAN BRUNO",-122.41802978515625,37.627426147460938
92378883,2023,2024-04-30,9330,2023-09-01,1710,023060,,5,2,9,4100,0,1,3,,1,021,SR-84,"PEEK-A-BOO LANE",6336.00,E,N,B,-,Y,SM,,84," "," ",7.338,H,,R,Y,1,2,3,2,A,-,05,21651,B,N,A,C,A,B,H,-,A,D,0,,,,,Y,,A,01,0,3,0,0,0,0,0,0,0,"- ","- ",37.31243896484375,-122.28864288330078,"SAN MATEO",UNINCORPORATED,-122.28865051269531,37.312458038330078
92379834,2024,2024-05-01,9330,2024-04-21,1655,022960,,7,2,9,4100,0,3,5,,2,002,SR-35,"SKYLINE RIDGE TRAIL",1584.00,S,N,A,-,Y,SCL,,35," ",D,2.093,H,,R,N,4,0,1,1,A,-,08,22107,,N,F,A,A,A,H,-,A,D,0,,,Y,,Y,,C,02,0,0,1,0,0,0,0,0,1,"- ","- ",37.309379577636719,-122.16840362548828,"SAN MATEO",UNINCORPORATED,-122.16841125488281,37.309371948242188
92380730,2024,2024-05-02,9330,2024-04-14,1604,023060,,7,2,9,4100,0,1,3,,1,021,"SR-84 (LA HONDA RD)","WILLIAMS RANCH ROAD",110.00,E,N,B,-,Y,SM,,84," "," ",12.812,H,,R,Y,2,0,2,2,A,-,03,22350,,N,B,2,A,A,H,-,A,D,0,,,Y,,Y,,C,02,1,0,1,0,0,0,0,0,1,"- ","- ",37.362438201904297,-122.26100921630859,"SAN MATEO",UNINCORPORATED,-122.26099395751953,37.362430572509766
92380778,2024,2024-05-02,9330,2024-04-21,1545,023556,,7,2,5,4113,0,3,5,,2,505,"MIDDLEFIELD WAY","SIXTH AVENUE",7.40,S,N,A,-,N,,,,,,,,,,N,2,0,3,3,A,-,10,21950,A,N,G,1,B,A,H,-,A,A,0,Y,,,,Y,,A,07,2,0,1,0,2,0,0,0,0,"- ","- ",37.471481323242188,-122.20359802246094,"SAN MATEO","REDWOOD CITY",-122.20362854003906,37.471515655517578