CASE_ID,ACCIDENT_YEAR,PROC_DATE,JURIS,COLLISION_DATE,COLLISION_TIME,OFFICER_ID,REPORTING_DISTRICT,DAY_OF_WEEK,CHP_SHIFT,POPULATION,CNTY_CITY_LOC,SPECIAL_COND,BEAT_TYPE,CHP_BEAT_TYPE,CITY_DIVISION_LAPD,CHP_BEAT_CLASS,BEAT_NUMBER,PRIMARY_RD,SECONDARY_RD,DISTANCE,DIRECTION,INTERSECTION,WEATHER_1,WEATHER_2,STATE_HWY_IND,CALTRANS_COUNTY,CALTRANS_DISTRICT,STATE_ROUTE,ROUTE_SUFFIX,POSTMILE_PREFIX,POSTMILE,LOCATION_TYPE,RAMP_INTERSECTION,SIDE_OF_HWY,TOW_AWAY,COLLISION_SEVERITY,NUMBER_KILLED,NUMBER_INJURED,PARTY_COUNT,PRIMARY_COLL_FACTOR,PCF_CODE_OF_VIOL,PCF_VIOL_CATEGORY,PCF_VIOLATION,PCF_VIOL_SUBSECTION,HIT_AND_RUN,TYPE_OF_COLLISION,MVIW,PED_ACTION,ROAD_SURFACE,ROAD_COND_1,ROAD_COND_2,LIGHTING,CONTROL_DEVICE,CHP_ROAD_TYPE,PEDESTRIAN_ACCIDENT,BICYCLE_ACCIDENT,MOTORCYCLE_ACCIDENT,TRUCK_ACCIDENT,NOT_PRIVATE_PROPERTY,ALCOHOL_INVOLVED,STWD_VEHTYPE_AT_FAULT,CHP_VEHTYPE_AT_FAULT,COUNT_SEVERE_INJ,COUNT_VISIBLE_INJ,COUNT_COMPLAINT_PAIN,COUNT_PED_KILLED,COUNT_PED_INJURED,COUNT_BICYCLIST_KILLED,COUNT_BICYCLIST_INJURED,COUNT_MC_KILLED,COUNT_MC_INJURED,PRIMARY_RAMP,SECONDARY_RAMP,LATITUDE,LONGITUDE,COUNTY,CITY,POINT_X,POINT_Y
92423003,2024,2024-06-25,9330,2024-06-17,1245,023696,,1,1,4,4109,0,1,2,,2,058,"US-101 S/B TO WILLOW RD","WILLOW ROAD",18.00,N,N,A,-,Y,,,,,,,,,,N,4,0,1,2,A,-,21,22106,,N,C,C,A,A,H,-,A,A,0,,,,,Y,,A,01,0,0,1,0,0,0,0,0,0,"- ","- ",37.4681396484375,-122.1556396484375,"SAN MATEO","MENLO PARK",-122.15525054931641,37.468780517578125
92423047,2024,2024-08-14,9330,2024-04-25,"907 ",023570,,4,1,5,4113,0,1,2,,2,058,"US-101 NB","WOODSIDE ROAD",400.00,S,N,B,-,Y,SM,,101," "," ",4.992,H,,R,Y,3,0,1,4,A,-,03,22350,,N,C,C,A,A,H,-,A,D,0,,,,Y,Y,,G,21,0,1,0,0,0,0,0,0,0,"- ","- ",37.487701416015625,-122.20588684082031,"SAN MATEO","REDWOOD CITY",-122.20590209960938,37.487636566162109
92424405,2024,2024-06-26,9330,2024-05-03,"950 ",022920,,5,1,2,4118,0,3,5,,2,505,"FAIR OAKS AVENUE","DOGLAS AVENUE",0.00,,Y,A,-,Y,,,,,,,,,,N,4,0,1,2,A,-,09,21802,A,N,D,C,A,A,H,-,A,A,0,,,,,Y,,A,01,0,0,1,0,0,0,0,0,0,"- ","- ",37.481708526611328,-122.21005249023438,"SAN MATEO",WOODSIDE,-122.21006011962891,37.481689453125
92424948,2024,2024-06-27,9330,2024-06-20,1730,023693,,4,2,9,4100,0,1,1,,2,054,"I-280 N/B","SAND HILL ROAD O/C",300.00,N,N,A,-,Y,SM,,280," ",R,1.627,H,,R,N,4,0,1,2,A,-,03,22350,,N,C,C,A,A,H,-,A,D,0,,,,,Y,,A,01,0,0,1,0,0,0,0,0,0,"- ","- ",37.419200897216797,-122.21996307373047,"SAN MATEO",UNINCORPORATED,-122.21994781494141,37.419242858886719
92425181,2024,2024-06-27,9330,2024-04-18,"648 ",023570,,4,1,5,4113,0,1,2,,2,058,"US-101 NB","WOODSIDE ROAD",2400.00,S,N,A,-,Y,SM,,101," "," ",3.144,H,,R,Y,4,0,1,3,A,-,03,22350,,N,C,C,A,A,H,-,A,D,0,,,,,Y,,D,22,0,0,1,0,0,0,0,0,0,"- ","- ",37.4798583984375,-122.17375946044922,"SAN MATEO","REDWOOD CITY",-122.17375183105469,37.479866027832031
9242637,2021,2021-04-13,4116,2021-03-01,0933,27872,13,1,5,5,4116,0,0,0,,0,0DT,"S HUMBOLDT ST","EAST 3RD AV",0.00,,Y,A,-,N,,,,,,,,,,N,3,0,1,2,A,-,00,21195,A,N,B,B,B,A,H,-,A,A,0,Y,,,,Y,,D,22,0,1,0,0,1,0,0,0,0,"- ","- ",37.56964111328125,-122.31638336181641,"SAN MATEO","SAN MATEO",-122.31637573242188,37.569671630859375
9242653,2021,2021-04-19,4106,2021-03-04,2012,2148,3,4,5,6,4106,0,0,0,,0,002,"SAN JOSE AVE","BEPLER ST",90.00,N,N,A,-,N,,,,,,,,,,Y,3,0,1,6,A,-,03,22350,,N,C,E,A,A,H,-,C,D,0,,,,,Y,,D,73,0,1,0,0,0,0,0,0,0,"- ","- ",,,"SAN MATEO","DALY CITY",-122.4609375,37.706443786621094
9242661,2021,2021-04-13,4106,2021-02-10,2025,2146,13,3,5,6,4106,0,0,0,,0,006,"CALLAN BL","SERRAMONT CTR",0.00,,Y,A,-,N,,,,,,,,,,N,3,0,1,2,A,-,09,21801,A,N,D,C,A,A,H,-,C,D,0,,,,,Y,,D,22,0,1,0,0,0,0,0,0,0,"- ","- ",,,"SAN MATEO","DALY CITY",-122.47547,37.669400000000003
92428753,2024,2024-07-02,9330,2024-06-25,1000,023728,,2,1,5,4113,0,1,2,,2,058,"US-101 S/B","MARSH ROAD",2714.00,N,N,A,-,Y,,,,,,,,,,Y,3,0,1,1,A,-,08,22107,,N,E,I,A,A,H,-,D,D,0,,,,,Y,,A,01,0,1,0,0,0,0,0,0,0,"- ","- ",37.387229919433594,-122.20346832275391,"SAN MATEO","REDWOOD CITY",-122.18305969238281,37.483898162841797
92428793,2024,2024-07-02,9330,2024-06-25,1510,023640,,2,2,4,4102,0,1,2,,2,048,"US-101 N/B","RALSTON AVE",1848.00,S,N,A,-,Y,SM,,101," "," ",9.194,H,,R,N,4,0,1,2,A,-,03,22350,,N,C,C,A,A,H,-,A,D,0,,,,,Y,,A,01,0,0,1,0,0,0,0,0,0,"- ","- ",37.5224609375,-122.26577758789062,"SAN MATEO",BELMONT,-122.26570892333984,37.522510528564453
92429044,2024,2024-07-02,9335,2024-06-25,"820 ",023832,,2,1,4,4114,0,1,1,,2,020,"I-280 S/B","AVALON DR UNDERCROSSING",270.00,S,N,B,-,Y,SM,,280," ",R,21.996,H,,L,N,4,0,1,2,A,-,03,22350,,N,C,C,A,A,H,-,A,D,0,,,,,Y,,A,01,0,0,1,0,0,0,0,0,0,"- ","- ",37.638778686523438,-122.44148254394531,"SAN MATEO","SAN BRUNO",-122.44143676757812,37.638805389404297
9242963,2021,2021-04-15,4120,2021-03-14,1943,220,6,7,5,4,4120,0,0,0,,0,00Y,"FARRAGUT BL","BEACH PARK BL",15.00,S,N,C,-,N,,,,,,,,,,N,3,0,1,2,A,-,10,21950,A,N,G,B,B,B,H,-,C,A,0,Y,,,,Y,,A,01,0,1,0,0,1,0,0,0,0,"- ","- ",37.546810150146484,-122.26801300048828,"SAN MATEO","FOSTER CITY",-122.26806640625,37.546890258789062
9242964,2021,2021-04-15,4120,2021-03-09,1225,213,6,2,5,4,4120,0,0,0,,0,00Y,"SHELL BL","LIGHT STANDARD #4060A",23.00,W,N,A,-,N,,,,,,,,,,N,2,0,1,2,A,-,07,21658,A,N,H,G,A,A,H,-,A,D,0,,Y,,,Y,,L,04,1,0,0,0,0,0,1,0,0,"- ","- ",37.549808502197266,-122.26393890380859,"SAN MATEO","FOSTER CITY",,
92430871,2024,2024-07-04,9330,2024-06-26,1709,023857,,3,2,5,4116,0,1,3,,2,031,"SR-92 E/B","EDGEWATER RD",2112.00,E,N,A,-,Y,SM,,92," ",R,13.184,H,,R,N,4,0,1,3,A,-,03,22350,,N,C,C,A,A,H,-,A,D,0,,,,Y,Y,,F,55,0,0,1,0,0,0,0,0,0,"- ","- ",37.559848785400391,-122.27918243408203,"SAN MATEO","SAN MATEO",-122.27916717529297,37.559841156005859
9243137,2020,2021-04-09,4127,2020-04-25,1359,2243,4127,6,5,4,4127,0,0,0,,0,001,"WESTMINSTER AV","WESTMINSTER AV 1221",0.00,,N,A,-,N,,,,,,,,,,N,3,0,1,2,A,-,11,21954,A,N,G,B,D,A,H,-,A,D,0,Y,,,,Y,,N,60,0,1,0,0,1,0,0,0,0,"- ","- ",,,"SAN MATEO","EAST PALO ALTO",-122.1525,37.472918999999997
92432054,2024,2024-07-08,9330,2024-07-04,1320,022929,,4,1,9,4100,0,1,1,,2,034,"I-280 N/B","TROUSDALE DR",2640.00,S,N,A,-,Y,SM,,280," ",R,16.562,H,,R,Y,3,0,1,1,A,-,08,22107,,N,E,I,A,A,H,-,A,D,0,,,,,Y,,A,07,0,1,0,0,0,0,0,0,0,"- ","- ",37.573040008544922,-122.3988037109375,"SAN MATEO",UNINCORPORATED,-122.39891052246094,37.572975158691406
92432076,2024,2024-07-08,9330,2024-07-04,1640,023728,,4,2,9,4100,0,3,5,,2,203,"STAGE ROAD","PESCADARO CREEK ROAD",15629.00,N,N,A,-,N,,,,,,,,,,Y,3,0,1,1,C,-,18,,,N,E,I,A,A,B,G,A,D,0,,,Y,,Y,,-,"- ",0,1,0,0,0,0,0,0,1,"- ","- ",37.288639068603516,-122.37857818603516,"SAN MATEO",UNINCORPORATED,-122.38395690917969,37.253448486328125
92432348,2024,2024-07-08,9330,2024-06-29,1012,023253,,6,1,9,4100,0,3,5,,2,205,SR-84,"HILDEBRAND ROAD",1584.00,E,N,A,-,N,,,,,,,,,,N,2,0,1,1,A,-,08,22107,,N,F,A,A,B,H,-,A,D,0,,Y,,,Y,,L,04,1,0,0,0,0,0,1,0,0,"- ","- ",37.32965087890625,-122.26969146728516,"SAN MATEO",UNINCORPORATED,-122.27047729492188,37.329067230224609
92433807,2024,2024-07-09,9330,2024-06-29,1030,023253,,6,1,9,4100,0,3,5,,2,205,SR-84,"HILDEBRAND ROAD",1584.00,E,N,A,-,N,,,,,,,,,,N,3,0,1,1,A,-,08,22107,,N,F,A,A,B,H,-,A,D,0,,Y,,,Y,,L,04,0,1,0,0,0,0,1,0,0,"- ","- ",37.329750061035156,-122.26959228515625,"SAN MATEO",UNINCORPORATED,-122.27047729492188,37.329067230224609
92436136,2024,2024-07-11,9330,2024-07-09,1435,022837,,2,2,5,4113,0,1,2,,2,048,"US-101 S/B","MAPLE STREET",490.00,N,N,A,-,Y,SM,,101," "," ",5.980,H,,L,N,3,0,2,2,A,-,03,22350,,N,C,C,A,A,H,-,A,D,0,,,,,Y,,A,07,0,2,0,0,0,0,0,0,0,"- ","- ",37.492641448974609,-122.22231292724609,"SAN MATEO","REDWOOD CITY",-122.22225189208984,37.492721557617188
92436271,2024,2024-07-11,9330,2024-07-04,2221,023864,,4,3,9,4100,0,1,3,,2,072,SR-35,"CASTANEA RIDGE",200.00,S,N,A,-,Y,SCR,,35," "," ",2.525,H,,R,Y,4,0,1,1,A,-,08,22107,,N,E,I,A,A,H,-,D,D,0,,,,,Y,,A,01,0,0,1,0,0,0,0,0,0,"- ","- ",37.162101745605469,-122.01246643066406,"SAN MATEO",UNINCORPORATED,-122.01245880126953,37.162124633789062
92436583,2024,2024-07-11,9330,2024-05-07,"825 ",022785,,2,1,9,4100,0,3,5,,2,071,"ESCONDIDO RD","STANFORD AVE",106.00,S,N,A,-,Y,,,,,,,,,,N,3,0,1,2,A,-,09,21804,A,N,D,G,A,A,H,-,A,D,0,,Y,,,Y,,A,07,0,1,0,0,0,0,1,0,0,"- ","- ",37.421791076660156,-122.15473937988281,"SAN MATEO",UNINCORPORATED,-122.15431976318359,37.421630859375
92437906,2024,2024-07-12,9330,2024-05-04,"945 ",022975,,6,1,3,4108,0,1,1,,2,034,"I-280 SOUTHBOUND","TROUSDALE DRIVE",3115.00,S,N,B,C,Y,SM,,280," ",R,16.619,H,,L,Y,4,0,1,2,A,-,03,22350,,N,B,2,A,B,H,-,A,D,0,,,,,Y,,A,01,0,0,1,0,0,0,0,0,0,"- ","- ",37.573429107666016,-122.39971160888672,"SAN MATEO",HILLSBOROUGH,-122.39982604980469,37.573375701904297
92438138,2024,2024-07-12,9335,2024-06-25,1735,023845,,2,2,5,4117,0,1,2,,2,012,"US-101 NORTHBOUND TO E. GRAND AVENUE","SOUTH ROADWAY EDGE PROLONGATION OF E. GRAND AVENUE",78.00,S,N,A,-,Y,,,,,,,,,,N,4,0,1,2,A,-,04,21703,,N,C,C,A,A,H,-,A,D,0,,,,,Y,,A,01,0,0,1,0,0,0,0,0,0,"- ","- ",37.654140472412109,-122.40614318847656,"SAN MATEO","SOUTH SAN FRANCISCO",,
92439514,2024,2024-07-15,9330,2024-07-04,1110,023857,,4,1,9,4100,0,1,3,,2,042,SR-35,"OLD LA HONDA RD",2112.00,S,N,A,-,N,,,,,,,,,,Y,2,0,1,1,A,-,08,22107,,N,E,I,A,A,H,-,A,D,0,,,Y,,Y,,C,02,1,0,0,0,0,0,0,0,1,"- ","- ",37.367469787597656,-122.24758148193359,"SAN MATEO",UNINCORPORATED,-122.24776458740234,37.367485046386719
92440699,2024,2024-08-14,9330,2024-07-11,"755 ",023857,,4,1,9,4100,0,1,1,,2,054,"I-280 S/B","WOODSIDE RD",4752.00,N,N,A,-,Y,SM,,280," ",R,4.276,H,,L,Y,4,0,1,2,A,-,08,22107,,N,B,2,A,A,H,-,A,D,0,,,,,Y,,A,01,0,0,1,0,0,0,0,0,0,"- ","- ",37.443870544433594,-122.25630950927734,"SAN MATEO",UNINCORPORATED,-122.25631713867188,37.44384765625
92442759,2024,2024-07-18,9330,2024-07-12,"440 ",023254,,5,3,4,4127,0,1,2,,2,078,"US-101 N/B","UNIVERSITY AVENUE",1056.00,S,N,B,-,Y,SM,,101," "," ",0.645,H,,R,N,4,0,1,3,A,-,03,22350,,N,C,C,A,A,D,-,C,A,0,,,,,Y,,A,01,0,0,1,0,0,0,0,0,0,"- ","- ",37.458438873291016,-122.13739013671875,"SAN MATEO","EAST PALO ALTO",-122.13734436035156,37.458492279052734
92444345,2024,2024-07-22,9330,2024-07-14,2155,023566,,7,2,3,4110,0,1,2,,2,038,"US-101 N/B","MILLBRAE AVE",2640.00,S,N,A,-,Y,SM,,101," "," ",17.402,H,,R,N,4,0,1,2,A,-,08,22107,,N,B,C,A,A,H,-,C,D,0,,,,,Y,,A,01,0,0,1,0,0,0,0,0,0,"- ","- ",37.597640991210938,-122.3726806640625,"SAN MATEO",MILLBRAE,-122.3726806640625,37.597640991210938
9244944,2021,2021-04-01,4120,2021-01-28,1510,217,9,4,5,4,4120,0,0,0,,0,00Y,"EAST HILLSDALE BL","ALTAIR AV",100.00,W,N,B,C,N,,,,,,,,,,N,3,0,1,2,A,-,03,22350,,N,C,C,A,B,H,-,A,A,0,,,,,Y,,A,07,0,1,0,0,0,0,0,0,0,"- ","- ",37.551799774169922,-122.27999877929688,"SAN MATEO","FOSTER CITY",-122.280517578125,37.551830291748047
9245497,2021,2021-04-02,4111,2021-03-02,1326,P5119,P12,2,5,4,4111,0,0,0,,0,0P2,"ROCKAWAY BEACH AV","RT 1",19.00,W,N,A,-,Y,SM,4,1,-,-,42.014,I,5,S,N,3,0,2,2,A,-,21,22106,,N,C,C,A,A,H,-,A,A,0,,,,,Y,,A,01,0,2,0,0,0,0,0,0,0,"- ","- ",,,"SAN MATEO",PACIFICA,-122.49526214599609,37.608806610107422
9246161,2021,2021-04-14,4113,2021-03-03,1040,384,2,3,5,5,4113,0,0,0,,0,002,VETERANS,"WHIPPLE AV",165.00,N,N,A,-,N,,,,,,,,,,Y,3,0,1,3,A,-,08,22107,,N,B,E,A,A,H,-,A,A,0,,,,,Y,,A,01,0,1,0,0,0,0,0,0,0,"- ","- ",37.495410919189453,-122.23489379882812,"SAN MATEO","REDWOOD CITY",-122.23487854003906,37.494899749755859
9247236,2021,2021-04-23,4100,2021-03-30,0853,25906,SNC,2,5,4,4115,0,0,0,,0,053,"RT 82","OAK ST",9.00,S,N,A,-,Y,SM,4,82,-,-,6.760,H,-,N,N,3,0,1,2,A,-,04,21703,,N,C,C,A,A,H,-,A,A,0,,,,,Y,,D,72,0,1,0,0,0,0,0,0,0,"- ","- ",,,"SAN MATEO","SAN CARLOS",-122.26443481445312,37.510585784912109
9247491,2021,2021-04-16,4100,2021-03-07,2308,25037,4100,7,5,4,4115,0,0,0,,0,052,"INDUSTRIAL RD","TANKLAGE RD",0.00,,Y,A,-,N,,,,,,,,,,Y,3,0,1,1,A,-,03,22350,,M,E,I,A,A,H,-,C,A,0,,,,,Y,,A,01,0,1,0,0,0,0,0,0,0,"- ","- ",,,"SAN MATEO","SAN CARLOS",-122.252685546875,37.508365631103516
9247640,2021,2021-04-14,4114,2021-03-12,0956,0828,SNB1,5,5,4,4114,0,0,0,,0,001,"SAN BRUNO AV","6TH AV",0.00,,Y,A,-,N,,,,,,,,,,Y,3,0,1,2,A,-,09,21801,A,N,D,C,A,A,H,-,A,D,0,,,,Y,Y,,F,26,0,1,0,0,0,0,0,0,0,"- ","- ",,,"SAN MATEO","SAN BRUNO",-122.40678405761719,37.630889892578125
9247675,2020,2021-04-19,4113,2020-03-21,0529,475,6,6,5,5,4113,0,0,0,,0,006,"JEFFERSON AV","FULTON ST",0.00,,Y,A,-,N,,,,,,,,,,Y,4,0,1,2,A,-,"- ",,,M,D,E,A,A,H,-,C,D,0,,,,,Y,,A,07,0,0,1,0,0,0,0,0,0,"- ","- ",37.478740692138672,-122.23438262939453,"SAN MATEO","REDWOOD CITY",-122.23504638671875,37.478710174560547
92481393,2024,2024-07-22,9330,2024-07-14,1230,023492,,7,1,9,4100,0,1,1,,2,054,"I-280 S/B","SAND HILL ROAD",2587.00,N,N,A,-,Y,SM,,280," ",R,2.124,H,,L,Y,3,0,1,2,A,-,03,22350,,N,C,C,A,A,H,-,A,D,0,,,,,Y,Y,D,22,0,1,0,0,0,0,0,0,0,"- ","- ",37.423290252685547,-122.22759246826172,"SAN MATEO",UNINCORPORATED,-122.22762298583984,37.423255920410156
92481399,2024,2024-07-22,9330,2024-07-15,"845 ",022200,,1,1,5,4116,0,1,2,,2,038,"US-101 N/B","PENINSULA AVENUE",528.00,S,N,B,-,Y,SM,,101," "," ",14.616,H,,R,Y,4,0,1,3,A,-,03,22350,,N,C,C,A,A,H,-,A,D,0,,,,,Y,,A,01,0,0,1,0,0,0,0,0,0,"- ","- ",37.583560943603516,-122.32772064208984,"SAN MATEO","SAN MATEO",-122.32766723632812,37.583595275878906
9250166,2021,2021-04-30,4113,2021-04-09,1558,363,3,5,5,5,4113,0,0,0,,0,003,"MIDDLEFIELD RD","CEDAR ST",0.00,,Y,A,-,N,,,,,,,,,,N,3,0,2,2,A,-,06,21755,A,N,D,C,A,A,H,-,A,D,0,,,Y,,Y,,C,02,0,1,1,0,0,0,0,0,2,"- ","- ",37.482551574707031,-122.22241973876953,"SAN MATEO","REDWOOD CITY",-122.222412109375,37.482551574707031
9250167,2021,2021-04-30,4113,2021-04-04,1902,482,2,7,5,5,4113,0,0,0,,0,002,"WINSLOW ST","HOPKINS ST",0.00,,Y,A,-,N,,,,,,,,,,N,3,0,1,2,A,-,08,22107,,N,D,C,A,A,H,-,B,D,0,,,Y,,Y,,A,01,0,1,0,0,0,0,0,0,1,"- ","- ",37.492019653320312,-122.23371124267578,"SAN MATEO","REDWOOD CITY",-122.23371887207031,37.492046356201172
9250228,2021,2021-04-23,4102,2021-04-01,2107,90400,1D,4,5,4,4102,0,0,0,,0,001,"MASONIC WY","OLD COUNTY RD",495.00,E,N,A,-,N,,,,,,,,,,N,3,0,1,1,A,-,08,22107,,N,E,I,A,A,H,-,C,D,0,,,,,Y,,A,01,0,1,0,0,0,0,0,0,0,"- ","- ",37.522819519042969,-122.27468109130859,"SAN MATEO",BELMONT,-122.27487945556641,37.522563934326172
9250339,2021,2021-05-03,4116,2021-04-07,1619,28307,16,3,5,5,4116,0,0,0,,0,00A,"SOUTH EL CAMINO REAL","BAYWOOD AV",100.00,S,N,A,-,N,,,,,,,,,,N,3,0,1,2,A,-,08,22107,,N,B,C,A,A,H,-,A,D,0,,,,,Y,,A,01,0,1,0,0,0,0,0,0,0,"- ","- ",37.5654296875,-122.32808685302734,"SAN MATEO","SAN MATEO",-122.32788848876953,37.565151214599609
9250342,2021,2021-04-30,4116,2021-04-13,2232,28669,13,2,5,5,4116,0,0,0,,0,0DT,"SOUTH DELAWARE ST","2ND AV",0.00,,Y,A,-,N,,,,,,,,,,Y,3,0,1,2,A,-,17,21200,,N,D,G,A,A,H,-,C,A,0,,Y,,,Y,,L,04,0,1,0,0,0,0,1,0,0,"- ","- ",37.567558288574219,-122.32095336914062,"SAN MATEO","SAN MATEO",-122.32089233398438,37.567890167236328
9253172,2021,2021-04-29,4102,2021-03-19,1430,09650,10BC,5,5,4,4102,0,0,0,,0,003,"ENCLINE WAY","BELMONT CANYON RD",111.00,N,N,A,-,N,,,,,,,,,,Y,3,0,2,3,A,-,03,22350,,N,H,E,F,A,H,-,A,D,0,Y,,,,Y,,D,22,0,2,0,0,1,0,0,0,0,"- ","- ",37.513080596923828,-122.31813049316406,"SAN MATEO",BELMONT,-122.31827545166016,37.513072967529297
9253708,2021,2021-04-28,4106,2021-03-27,1820,2139,14,6,5,6,4106,0,0,0,,0,006,"HICKEY BL","IMPERIAL WY",40.00,E,N,A,F,N,,,,,,,,,,Y,4,0,3,2,A,-,12,21453,A,N,A,C,A,A,H,-,A,A,0,,,,,Y,,A,01,0,0,3,0,0,0,0,0,0,"- ","- ",,,"SAN MATEO","DALY CITY",-122.46391296386719,37.663295745849609
9253716,2021,2021-04-28,4106,2021-03-28,0000,2142,8,7,5,6,4106,0,0,0,,0,004,"LAKE MERCED BL","GLENWOOD AV",0.00,,Y,A,-,N,,,,,,,,,,N,3,0,1,2,A,-,03,22350,,N,H,A,A,A,H,-,C,D,0,,,Y,,Y,,C,02,0,1,0,0,0,0,0,0,1,"- ","- ",37.701629638671875,-122.48548126220703,"SAN MATEO","DALY CITY",-122.48545074462891,37.702232360839844
9254157,2021,2021-04-30,4106,2021-04-03,2245,2178,9,6,5,6,4106,0,0,0,,0,004,"SOUTH MAYFAIR AV","MONTROSE AV",645.00,N,N,A,-,N,,,,,,,,,,Y,3,0,1,4,A,-,00,21352,,M,B,E,A,A,H,-,C,D,0,,,,,Y,Y,A,01,0,1,0,0,0,0,0,0,0,"- ","- ",,,"SAN MATEO","DALY CITY",-122.49110412597656,37.690006256103516
9254801,2020,2021-05-20,4127,2020-11-26,0850,2257,4127,4,5,4,4127,0,0,0,,0,001,"MENALTO AV","NEWBRIDGE ST",0.00,,Y,A,-,N,,,,,,,,,,Y,2,0,1,3,A,-,08,22107,,F,G,B,A,A,H,-,A,D,0,,,,,Y,,A,01,1,0,0,0,0,0,0,0,0,"- ","- ",,,"SAN MATEO","EAST PALO ALTO",-122.1497802734375,37.471279144287109
9256753,2021,2021-06-14,4120,2021-04-24,1530,211,9,6,5,4,4120,0,0,0,,0,00Y,"EAST HILLSDALE BL","EDGEWATER BL",118.00,W,N,A,-,N,,,,,,,,,,N,3,0,2,2,A,-,08,22107,,N,D,C,A,A,H,-,A,A,0,,,,,Y,,A,71,0,2,0,0,0,0,0,0,0,"- ","- ",37.554119110107422,-122.27781677246094,"SAN MATEO","FOSTER CITY",-122.27789306640625,37.554176330566406
9256972,2021,2021-06-09,4114,2021-04-30,1254,1126,SNB11,5,5,4,4114,0,0,0,,0,001,"EL CAMINO REAL","BAYHILL DR",10.00,S,N,A,-,Y,SM,4,82,-,-,18.730,H,-,N,N,3,0,1,4,A,-,03,22350,,N,C,C,A,A,H,-,A,A,0,,,,,Y,,D,22,0,1,0,0,0,0,0,0,0,"- ","- ",,,"SAN MATEO","SAN BRUNO",-122.41775512695312,37.630638122558594
9257441,2021,2021-04-26,4104,2021-03-15,1945,0259,11,1,5,4,4104,0,0,0,,0,00B,"HILLSIDE DR","BALBOA AV",200.00,E,N,A,-,N,,,,,,,,,,N,4,0,1,2,A,-,09,21804,A,N,D,C,A,A,H,-,C,D,0,,,,,Y,,A,01,0,0,1,0,0,0,0,0,0,"- ","- ",37.587501525878906,-122.37190246582031,"SAN MATEO",BURLINGAME,-122.37220001220703,37.587150573730469
9257442,2021,2021-04-23,4104,2021-03-13,1851,0254,11,6,5,4,4104,0,0,0,,0,00B,"OXFORD RD","HIGHWAY RD",290.00,E,N,A,-,N,,,,,,,,,,Y,3,0,1,2,A,-,01,23152,A,N,C,E,A,A,H,-,C,D,0,,,,,Y,Y,A,01,0,1,0,0,0,0,0,0,0,"- ","- ",37.589931488037109,-122.37473297119141,"SAN MATEO",BURLINGAME,-122.37435150146484,37.589839935302734
9258179,2021,2021-05-05,4116,2021-04-13,1331,28071,13A,2,5,5,4116,0,0,0,,0,00A,"S HUMBOLDT ST","EAST 4TH AV",0.00,,Y,A,-,N,,,,,,,,,,Y,2,0,1,2,A,-,12,21453,A,N,D,C,A,A,H,-,A,A,0,,,Y,,Y,,C,02,1,0,0,0,0,0,0,0,1,"- ","- ",37.569229125976562,-122.31553649902344,"SAN MATEO","SAN MATEO",-122.3155517578125,37.568916320800781
9258259,2021,2021-05-04,4116,2021-04-14,1915,27908,11,3,5,5,4116,0,0,0,,0,00A,"NORTH AMPHLETT BL","STATE ST",277.00,N,N,A,-,N,,,,,,,,,,N,3,0,2,2,A,-,03,22350,,N,C,C,A,A,H,-,C,D,0,,,,,Y,,A,01,0,2,0,0,0,0,0,0,0,"- ","- ",37.583148956298828,-122.32814025878906,"SAN MATEO","SAN MATEO",-122.32774353027344,37.583126068115234
9259357,2021,2021-05-19,4116,2021-04-26,0602,28775,12,1,5,5,4116,0,0,0,,0,00A,"N HUMBOLDT ST","EAST POPLAR AV",0.00,,Y,A,-,N,,,,,,,,,,N,3,0,1,2,A,-,10,21950,A,N,G,B,B,A,H,-,B,A,0,Y,,,,Y,,A,07,0,1,0,0,1,0,0,0,0,"- ","- ",37.578811645507812,-122.32630157470703,"SAN MATEO","SAN MATEO",-122.32632446289062,37.578815460205078
9259522,2021,2021-05-17,4119,2021-03-25,0525,1802,,4,5,2,4119,0,0,0,,0,001,"WASHINGTON AV","90TH ST",71.00,N,N,A,-,N,,,,,,,,,,N,3,0,1,2,A,-,03,22350,,N,D,E,A,A,H,-,D,D,0,,,,,Y,,A,01,0,1,0,0,0,0,0,0,0,"- ","- ",,,"SAN MATEO",BROADMOOR,-122.47688293457031,37.691135406494141
92595627,2024,2024-07-23,9335,2024-07-11,1730,023860,,4,2,9,4100,0,1,1,,2,021,"I-280 S/B","SNEATH LN",2165.00,N,N,A,-,Y,SM,,280," ",R,21.726,H,,L,Y,3,0,1,2,A,-,07,21658,A,N,B,C,A,A,H,-,A,D,0,,,,,Y,,A,01,0,1,0,0,0,0,0,0,0,"- ","- ",37.635330200195312,-122.43927001953125,"SAN MATEO",UNINCORPORATED,-122.43923187255859,37.635341644287109
92596584,2024,2024-07-24,9335,2024-07-07,1620,023379,,7,2,5,4117,0,1,2,,2,012,"US-101 N/B","SAN BRUNO AVE",1954.00,S,N,A,-,Y,SM,,101," "," ",20.010,H,,R,Y,4,0,1,3,A,-,07,21658,A,N,B,C,A,A,H,-,A,D,0,,,,,Y,,A,01,0,0,1,0,0,0,0,0,0,"- ","- ",37.625968933105469,-122.40162658691406,"SAN MATEO","SOUTH SAN FRANCISCO",-122.40151214599609,37.625999450683594