CASE_ID,ACCIDENT_YEAR,PROC_DATE,JURIS,COLLISION_DATE,COLLISION_TIME,OFFICER_ID,REPORTING_DISTRICT,DAY_OF_WEEK,CHP_SHIFT,POPULATION,CNTY_CITY_LOC,SPECIAL_COND,BEAT_TYPE,CHP_BEAT_TYPE,CITY_DIVISION_LAPD,CHP_BEAT_CLASS,BEAT_NUMBER,PRIMARY_RD,SECONDARY_RD,DISTANCE,DIRECTION,INTERSECTION,WEATHER_1,WEATHER_2,STATE_HWY_IND,CALTRANS_COUNTY,CALTRANS_DISTRICT,STATE_ROUTE,ROUTE_SUFFIX,POSTMILE_PREFIX,POSTMILE,LOCATION_TYPE,RAMP_INTERSECTION,SIDE_OF_HWY,TOW_AWAY,COLLISION_SEVERITY,NUMBER_KILLED,NUMBER_INJURED,PARTY_COUNT,PRIMARY_COLL_FACTOR,PCF_CODE_OF_VIOL,PCF_VIOL_CATEGORY,PCF_VIOLATION,PCF_VIOL_SUBSECTION,HIT_AND_RUN,TYPE_OF_COLLISION,MVIW,PED_ACTION,ROAD_SURFACE,ROAD_COND_1,ROAD_COND_2,LIGHTING,CONTROL_DEVICE,CHP_ROAD_TYPE,PEDESTRIAN_ACCIDENT,BICYCLE_ACCIDENT,MOTORCYCLE_ACCIDENT,TRUCK_ACCIDENT,NOT_PRIVATE_PROPERTY,ALCOHOL_INVOLVED,STWD_VEHTYPE_AT_FAULT,CHP_VEHTYPE_AT_FAULT,COUNT_SEVERE_INJ,COUNT_VISIBLE_INJ,COUNT_COMPLAINT_PAIN,COUNT_PED_KILLED,COUNT_PED_INJURED,COUNT_BICYCLIST_KILLED,COUNT_BICYCLIST_INJURED,COUNT_MC_KILLED,COUNT_MC_INJURED,PRIMARY_RAMP,SECONDARY_RAMP,LATITUDE,LONGITUDE,COUNTY,CITY,POINT_X,POINT_Y
9472204,2022,2022-10-25,4106,2022-05-21,0430,2191,8,6,5,6,4106,0,0,0,,0,004,"JOHN DALY BL","LAKE MERCED BL",0.00,,Y,A,-,N,,,,,,,,,,Y,3,0,1,1,A,-,01,23152,A,N,E,I,A,A,H,-,C,A,0,,,,,Y,Y,-,,0,1,0,0,0,0,0,0,0,"- ","- ",37.701450347900391,-122.48497772216797,"SAN MATEO","DALY CITY",-122.48490905761719,37.701442718505859
94725732,2025,2025-06-16,9330,2025-06-12,1002,023857,,4,1,4,4109,0,3,5,,2,509,"ALAMEDA DE LAS PULGAS","SHARON RD",0.00,,Y,A,-,N,,,,,,,,,,Y,3,0,2,2,D,-,00,,,N,D,C,A,A,H,-,A,A,0,,,,,Y,,-,"- ",0,1,1,0,0,0,0,0,0,"- ","- ",37.430450439453125,-122.19905090332031,"SAN MATEO","MENLO PARK",-122.19901275634766,37.430431365966797
94728780,2025,2025-06-17,9330,2025-06-01,2047,024327,,7,2,5,4113,0,1,2,,2,048,"US-101 N/B","WHIPPLE AVENUE",1056.00,S,N,A,-,Y,SM,,101," "," ",6.386,H,,R,N,4,0,1,2,A,-,08,22107,,M,B,C,A,A,H,-,D,D,0,,,,,Y,,-,99,0,0,1,0,0,0,0,0,0,"- ","- ",37.4952392578125,-122.22892761230469,"SAN MATEO","REDWOOD CITY",-122.22893524169922,37.495227813720703
94734822,2025,2025-06-23,9335,2025-06-12,1828,024274,,4,2,6,4106,0,1,1,,2,021,"I-280 NORTHBOUND TO 19TH AVENUE","WESTLAKE AVE",725.00,N,N,A,-,Y,SM,,280," ",M,26.921,H,,R,Y,3,0,1,3,A,-,03,22350,,N,B,C,A,A,H,-,A,D,0,,,Y,,Y,,C,02,0,1,0,0,0,0,0,0,1,"- ","- ",37.701568603515625,-122.47148895263672,"SAN MATEO","DALY CITY",-122.47135162353516,37.701568603515625
94735151,2025,2025-06-23,9330,2025-05-27,1725,024358,,2,2,5,4116,0,1,3,,2,031,"SR-92 W/B","I-280 NORTHBOUND",3038.00,E,N,A,-,Y,SM,,92," ",R,7.938,H,,L,N,3,0,1,2,A,-,08,22107,,N,B,C,A,A,H,-,A,D,0,,,Y,,Y,,A,01,0,1,0,0,0,0,0,0,1,"- ","- ",37.512729644775391,-122.33007049560547,"SAN MATEO","SAN MATEO",-122.33007049560547,37.512729644775391
94737457,2025,2025-06-24,9330,2025-06-14,"741 ",024313,,6,1,4,4127,0,1,2,,2,058,"US-101 N/B","UNIVERSITY AVENUE",3960.00,S,N,A,-,Y,SM,,101," "," ",0.131,H,,R,N,4,0,1,2,A,-,03,22350,,N,C,C,A,A,D,-,A,D,0,,,,,Y,,D,22,0,0,1,0,0,0,0,0,0,"- ","- ",37.454048156738281,-122.12969970703125,"SAN MATEO","EAST PALO ALTO",-122.12974548339844,37.454002380371094
94741319,2025,2025-06-26,9330,2025-06-18,1833,023158,,3,2,5,4113,0,1,2,,2,048,"US-101 N/B","WOODSIDE RD",1584.00,N,N,A,-,Y,SM,,101," "," ",5.712,H,,R,N,4,0,1,2,A,-,03,22350,,N,C,C,A,A,H,-,A,D,0,,,Y,,Y,,C,02,0,0,1,0,0,0,0,0,1,"- ","- ",37.490898132324219,-122.21791839599609,"SAN MATEO","REDWOOD CITY",-122.21788024902344,37.490955352783203
94741918,2025,2025-06-27,9330,2025-06-19,1105,022212,,4,1,5,4116,0,1,2,,2,038,"US-101 N/B","PENINSULA AVE",416.00,S,N,A,-,Y,SM,,101," "," ",14.606,H,,R,Y,3,0,3,3,A,-,03,22350,,N,C,C,A,A,H,-,A,D,0,,,,,Y,,A,01,0,2,1,0,0,0,0,0,0,"- ","- ",37.583450317382812,-122.32759094238281,"SAN MATEO","SAN MATEO",-122.32754516601562,37.583480834960938
94743072,2025,2025-06-30,9330,2025-05-20,1805,016184,,2,2,9,4100,0,1,1,,2,044,"I-280 N/B",SR-92,1584.00,S,N,A,-,Y,SM,,280," "," ",10.486,H,,R,N,4,0,1,2,A,-,03,22350,,M,C,C,A,A,H,-,A,D,0,,,,,Y,,A,01,0,0,1,0,0,0,0,0,0,"- ","- ",37.504070281982422,-122.33361053466797,"SAN MATEO",UNINCORPORATED,-122.33357238769531,37.504112243652344
94743081,2025,2025-06-30,9330,2025-06-17,2144,024224,,2,2,9,4100,0,3,5,,2,505,"BAY ROAD","CHARTER STREET",0.00,,Y,A,-,N,,,,,,,,,,N,4,0,2,2,A,-,12,22450,A,N,D,C,A,A,H,-,C,A,0,,,,,Y,,-,"- ",0,0,2,0,0,0,0,0,0,"- ","- ",37.485038757324219,-122.21222686767578,"SAN MATEO",UNINCORPORATED,-122.21221160888672,37.485008239746094
94744365,2025,2025-06-30,9335,2025-06-28,2355,023845,,6,3,2,4103,0,1,2,,2,012,"US-101 NORTHBOUND","SIERRA POINT PARKWAY UNDERCROSSING",515.00,S,N,A,-,Y,SM,,101," "," ",23.543,H,,R,Y,3,0,2,2,A,-,03,22350,,N,C,C,A,A,H,-,C,D,0,,,,,Y,,A,07,0,1,1,0,0,0,0,0,0,"- ","- ",37.672950744628906,-122.39013671875,"SAN MATEO",BRISBANE,-122.39019012451172,37.672969818115234
94749304,2025,2025-07-07,9330,2025-06-24,2242,024394,,2,3,9,4100,0,1,2,,2,058,"US-101 S/B","MARSH ROAD",1637.00,S,N,A,-,Y,SM,,101," "," ",3.268,H,,L,N,4,0,1,3,A,-,03,22350,,M,C,C,A,A,D,-,D,D,0,,,,,Y,,A,01,0,0,1,0,0,0,0,0,0,"- ","- ",37.480850219726562,-122.1759033203125,"SAN MATEO",UNINCORPORATED,-122.17591094970703,37.4808349609375
9475067,2022,2022-07-13,4127,2022-06-11,1820,2271,4127,6,5,4,4127,0,0,0,,0,003,"RUNNYMEDE ST","UNIVERSITY AV",0.00,,Y,A,-,N,,,,,,,,,,Y,3,0,2,2,A,-,00,21081,,N,A,C,A,A,H,-,A,A,0,,,,,Y,,D,22,0,2,0,0,0,0,0,0,0,"- ","- ",,,"SAN MATEO","EAST PALO ALTO",-122.14134979248047,37.468521118164062
94752187,2025,2025-07-07,9335,2025-06-25,"705 ",024586,,3,1,6,4106,0,1,3,,2,041,"SR-1 NB TO I-280 SB","THE CLARINADA AVE. U/C",2165.00,N,N,B,-,Y,,,,,,,,,,Y,3,0,1,1,A,-,08,22107,,N,E,I,A,B,H,-,A,D,0,,,,,Y,,A,01,0,1,0,0,0,0,0,0,0,"- ","- ",37.676040649414062,-122.47075653076172,"SAN MATEO","DALY CITY",-122.47215270996094,37.676532745361328
9475547,2022,2022-07-14,4127,2022-06-10,2323,2151,4127,5,5,4,4127,0,0,0,,0,001,"GLEN WY","BAY RD",143.00,W,N,A,-,N,,,,,,,,,,Y,4,0,1,1,A,-,01,23152,B,N,E,I,A,A,H,-,C,A,0,,,,,Y,Y,A,01,0,0,1,0,0,0,0,0,0,"- ","- ",,,"SAN MATEO","EAST PALO ALTO",-122.14325714111328,37.470859527587891
94756405,2025,2025-07-10,9335,2025-07-01,"810 ",024598,,2,1,5,4117,0,1,2,,2,012,"US-101 N/B","OYSTER POINT BOULEVARD",804.00,N,N,A,-,Y,SM,,101," "," ",22.877,H,,R,N,3,0,1,2,A,-,03,22350,,N,C,C,A,A,H,-,A,D,0,,,,,Y,,D,22,0,1,0,0,0,0,0,0,0,"- ","- ",37.665370941162109,-122.39682006835938,"SAN MATEO","SOUTH SAN FRANCISCO",-122.39691162109375,37.665431976318359
94757886,2025,2025-07-11,9335,2025-07-06,1055,024211,,7,1,6,4106,0,1,1,,2,021,"STATE ROUTE 1 NORTHBOUND","JOHN DALY BLVD",900.00,N,N,A,-,Y,SM,,1," ",R,48.519,H,,R,N,4,0,2,2,A,-,04,21703,,N,C,C,A,A,H,-,A,D,0,,,,,Y,,A,01,0,0,2,0,0,0,0,0,0,"- ","- ",37.7076416015625,-122.4710693359375,"SAN MATEO","DALY CITY",-122.47109985351562,37.7076416015625
94762813,2025,2025-07-16,9330,2025-06-30,2315,023274,,1,3,5,4116,0,1,3,,1,035,"SR-92 W/B TO US-101 N/B",US-101,1225.00,E,N,A,-,Y,SM,,92," ",R,12.402,H,,L,N,4,0,1,1,C,-,18,,,N,E,J,A,A,H,-,C,D,0,,,,,Y,,-,"- ",0,0,1,0,0,0,0,0,0,"- ","- ",37.55419921875,-122.29170989990234,"SAN MATEO","SAN MATEO",-122.29168701171875,37.554130554199219
94763445,2025,2025-07-16,9330,2025-07-03,1700,024314,,4,2,5,4116,0,1,2,,2,048,"US-101 N/B","E. HILLSDALE BOULEVARD",2198.00,S,N,A,-,Y,SM,,101," "," ",10.722,H,,R,N,4,0,1,3,A,-,03,22350,,N,C,C,A,A,H,-,A,D,0,,,,,Y,,A,01,0,0,1,0,0,0,0,0,0,"- ","- ",37.539649963378906,-122.28327941894531,"SAN MATEO","SAN MATEO",-122.28324890136719,37.539669036865234
94767728,2025,2025-07-18,9330,2025-07-15,2120,023011,,2,2,9,4100,0,1,1,,2,044,"GATE ROAD","I-280 S/B",1320.00,W,N,A,-,Y,,,,,,,,,,N,4,0,1,1,A,-,03,22350,,N,E,8,A,A,H,-,D,D,0,,,,,Y,,A,01,0,0,1,0,0,0,0,0,0,"- ","- ",37.496330261230469,-122.31429290771484,"SAN MATEO",UNINCORPORATED,,
94771938,2025,2025-07-22,9330,2025-06-29,1220,020646,,7,1,9,4100,0,3,5,,2,407,"JEFFERSON AVE","WILMINGTON WAY",0.00,,Y,B,-,N,,,,,,,,,,N,3,0,1,2,A,-,09,21802,A,N,F,J,A,A,H,-,A,A,0,,,Y,,Y,,A,01,0,1,0,0,0,0,0,0,1,"- ","- ",37.457218170166016,-122.26761627197266,"SAN MATEO",UNINCORPORATED,-122.26760101318359,37.457260131835938
94772031,2025,2025-07-22,9335,2025-07-15,"816 ",024449,,2,1,6,4106,0,1,1,,2,021,"I-280 SOUTHBOUND","WASHINGTON STREET OVERCROSSING",610.00,S,N,A,-,Y,SM,,280," ",R,25.845,H,,L,N,3,0,3,2,A,-,07,21658,A,N,B,C,A,A,H,-,A,D,0,,,,Y,Y,,-,"- ",0,3,0,0,0,0,0,0,0,"- ","- ",37.686191558837891,-122.47151947021484,"SAN MATEO","DALY CITY",-122.47154235839844,37.686191558837891
94772787,2025,2025-07-22,9335,2025-07-10,1300,024598,,4,1,9,4100,0,1,2,,2,012,"US-101 S/B","ALANA WAY UNDERCROSSING",1848.00,S,N,A,-,Y,SM,,101," "," ",25.777,H,,L,Y,3,0,1,1,A,-,08,22107,,N,E,I,A,A,H,-,A,D,0,,,,,Y,,A,07,0,1,0,0,0,0,0,0,0,"- ","- ",37.703758239746094,-122.39396667480469,"SAN MATEO",UNINCORPORATED,-122.39410400390625,37.703742980957031
94784819,2025,2025-07-31,9330,2025-07-22,1403,023158,,2,2,9,4100,0,1,3,,2,052,"SR-35 (SKYLINE BLVD) N/B","SPRING RIDGE TRAIL",1109.00,S,N,B,-,Y,SM,,35," "," ",8.411,H,,R,N,4,0,1,1,A,-,03,22350,,N,F,J,A,B,H,-,A,D,0,,,Y,,Y,,C,02,0,0,1,0,0,0,0,0,1,"- ","- ",37.363811492919922,-122.24714660644531,"SAN MATEO",UNINCORPORATED,-122.24717712402344,37.363796234130859
94784885,2025,2025-07-31,9330,2025-07-22,1550,024394,,2,2,5,4116,0,1,2,,2,048,"US-101 N/B","E HILLSDALE BOULEVARD",180.00,S,N,A,-,Y,SM,,101," "," ",11.102,H,,R,N,4,0,1,2,A,-,03,22350,,N,C,C,A,A,H,-,A,D,0,,,,,Y,,A,01,0,0,1,0,0,0,0,0,0,"- ","- ",37.54412841796875,-122.28732299804688,"SAN MATEO","SAN MATEO",-122.28736877441406,37.544101715087891
94785224,2025,2025-08-01,9330,2025-07-30,1805,024402,,3,2,4,4127,0,1,2,,2,058,"US-101 N/B","UNIVERSITY AVENUE",3643.00,S,N,A,-,Y,SM,,101," "," ",0.192,H,,R,N,4,0,1,2,A,-,03,22350,,N,C,C,A,A,H,-,A,B,0,,,,,Y,,D,22,0,0,1,0,0,0,0,0,0,"- ","- ",37.45452880859375,-122.13063812255859,"SAN MATEO","EAST PALO ALTO",-122.13063812255859,37.45452880859375
94790551,2025,2025-08-05,9330,2025-07-24,"805 ",023687,,4,1,5,4113,0,1,2,,2,058,"US-101 S/B","MARSH RD",1539.00,N,N,A,-,Y,SM,,101," "," ",3.884,H,,L,N,4,0,1,2,A,-,03,22350,,M,C,C,A,A,H,-,A,D,0,,,,,Y,,A,01,0,0,1,0,0,0,0,0,0,"- ","- ",37.484809875488281,-122.18585968017578,"SAN MATEO","REDWOOD CITY",-122.18586730957031,37.484790802001953
94790740,2025,2025-08-06,9330,2025-07-28,2130,023458,,1,2,4,4109,0,1,2,,2,058,"US-101 S/B","WILLOW ROAD",1951.00,N,N,A,-,Y,SM,,101," "," ",2.222,H,,L,N,4,0,2,2,A,-,07,21658,A,N,B,C,A,A,D,E,C,D,0,,,,,Y,,A,08,0,0,2,0,0,0,0,0,0,"- ","- ",37.472141265869141,-122.16092681884766,"SAN MATEO","MENLO PARK",-122.16097259521484,37.472095489501953
94791449,2025,2025-08-06,9330,2025-07-29,"902 ",024443,,2,1,4,4127,0,1,2,,2,058,"US 101 S/B","UNIVERSITY AVENUE",4435.00,S,N,A,-,Y,SM,,101," "," ",0.036,H,,L,Y,4,0,1,2,A,-,03,22350,,N,C,C,A,A,H,-,A,D,0,,,Y,,Y,,C,02,0,0,1,0,0,0,0,0,1,"- ","- ",37.453048706054688,-122.12837982177734,"SAN MATEO","EAST PALO ALTO",-122.12842559814453,37.4530029296875
94791623,2025,2025-08-06,9335,2025-07-27,1350,023119,,7,1,9,4100,0,1,2,,2,011,"US-101 S/B","SAN BRUNO AVENUE",4364.00,S,N,A,-,Y,SM,,101," "," ",19.551,H,,L,Y,4,0,1,2,A,-,07,21658,A,N,B,C,A,A,H,-,A,D,0,,,,,Y,,-,"- ",0,0,1,0,0,0,0,0,0,"- ","- ",37.619468688964844,-122.39956665039062,"SAN MATEO",UNINCORPORATED,-122.39962768554688,37.619457244873047
94795203,2025,2025-08-08,9335,2025-08-02,1210,023685,,6,1,6,4106,0,1,1,,2,021,"I-280 N/B","SOUTHGATE AVENUE UNDERCROSSING",425.00,S,N,A,-,Y,SM,,280," ",R,24.967,H,,R,N,4,0,1,2,A,-,03,22350,,M,C,C,A,A,H,-,A,D,0,,,,,Y,,-,99,0,0,1,0,0,0,0,0,0,"- ","- ",37.674148559570312,-122.46842956542969,"SAN MATEO","DALY CITY",-122.46859741210938,37.674060821533203
94795318,2025,2025-08-08,9330,2025-08-05,1440,022975,,2,2,9,4100,0,3,5,,2,203,"ALPINE RD","MINDEGO HILL RD",792.00,N,N,A,-,N,,,,,,,,,,Y,3,0,1,1,A,-,08,22107,,N,E,8,A,A,H,-,A,D,0,,,,,Y,,A,07,0,1,0,0,0,0,0,0,0,"- ","- ",37.295318603515625,-122.24462127685547,"SAN MATEO",UNINCORPORATED,-122.24429321289062,37.294998168945312
94798729,2025,2025-08-12,9330,2025-07-17,1435,024317,,4,2,4,4109,0,3,5,,2,505,"FIFTH AVE",SR-82,419.00,E,N,A,-,N,,,,,,,,,,N,4,0,1,2,A,-,21,22106,,N,D,G,A,A,H,-,A,A,0,,Y,,,Y,,A,01,0,0,1,0,0,0,1,0,0,"- ","- ",37.468040466308594,-122.20803833007812,"SAN MATEO","MENLO PARK",-122.20808410644531,37.468143463134766
94798753,2025,2025-08-12,9330,2025-07-31,1401,022929,,4,2,4,4104,0,1,2,,2,038,"US-101 S/B",BROADWAY,528.00,N,N,A,-,Y,SM,,101," "," ",16.829,H,,L,Y,4,0,1,3,A,-,03,22350,,N,C,C,A,A,H,-,A,D,0,,,,,Y,,A,01,0,0,1,0,0,0,0,0,0,"- ","- ",37.592239379882812,-122.36472320556641,"SAN MATEO",BURLINGAME,-122.36474609375,37.592216491699219
94799059,2025,2025-08-12,9330,2025-08-01,1830,024394,,5,2,5,4116,0,1,2,,2,048,"US-101 N/B",SR-92,739.00,S,N,A,-,Y,SM,,101," "," ",11.718,H,,R,N,4,0,2,2,A,-,03,22350,,N,C,C,A,A,H,-,A,D,0,,,,,Y,,A,07,0,0,2,0,0,0,0,0,0,"- ","- ",37.551250457763672,-122.29405975341797,"SAN MATEO","SAN MATEO",-122.29402923583984,37.55126953125
94800123,2025,2025-08-13,9330,2025-08-02,1636,024313,,6,2,5,4116,0,1,3,,2,031,"SR-92 W/B","FOSTER CITY BOULEVARD",1954.00,W,N,A,-,Y,SM,,92," ",R,13.227,H,,L,N,3,0,1,2,A,-,03,22350,,M,C,C,A,A,H,-,A,D,0,,,,,Y,,A,01,0,1,0,0,0,0,0,0,0,"- ","- ",37.560451507568359,-122.2786865234375,"SAN MATEO","SAN MATEO",-122.27867889404297,37.560443878173828
94801508,2025,2025-08-13,9330,2025-08-01,1730,024443,,5,2,5,4116,0,1,2,,2,038,US-101,"3RD AVENUE",2218.00,S,N,A,-,Y,SM,,101," "," ",13.026,H,,R,Y,4,0,1,1,C,-,18,,,N,E,J,A,A,H,-,A,D,0,,,,,Y,,-,"- ",0,0,1,0,0,0,0,0,0,"- ","- ",37.566299438476562,-122.30892944335938,"SAN MATEO","SAN MATEO",-122.30892944335938,37.566299438476562
94802929,2025,2025-08-14,9330,2025-08-04,"730 ",024358,,1,1,4,4109,0,1,2,,2,058,"US-101 S/B","MARSH ROAD",3168.00,S,N,A,-,Y,SM,,101," "," ",2.951,H,,L,Y,4,0,1,6,A,-,03,22350,,N,C,C,A,A,H,-,A,D,0,,,,,Y,,A,01,0,0,1,0,0,0,0,0,0,"- ","- ",37.478240966796875,-122.17137908935547,"SAN MATEO","MENLO PARK",-122.17141723632812,37.478202819824219
9480313,2022,2022-07-26,4113,2022-05-11,1926,477,3,3,5,5,4113,0,0,0,,0,003,"VETERANS BL","MAPLE ST",0.00,,Y,A,-,N,,,,,,,,,,N,3,0,2,2,A,-,03,22350,,F,B,C,A,A,H,-,B,A,0,,,,,Y,,A,01,0,1,1,0,0,0,0,0,0,"- ","- ",37.489479064941406,-122.22174835205078,"SAN MATEO","REDWOOD CITY",-122.22184753417969,37.489337921142578
94803155,2025,2025-08-14,9330,2025-07-06,"500 ",024224,,7,3,4,4115,0,1,2,,2,048,"US-101 N/B","HOLLY STREET",95.20,S,N,A,-,Y,SM,,101," "," ",8.374,H,,R,N,4,0,1,1,A,-,01,23152,A,N,E,J,A,A,H,-,D,D,0,,,,,Y,Y,A,01,0,0,1,0,0,0,0,0,0,"- ","- ",37.513759613037109,-122.25569152832031,"SAN MATEO","SAN CARLOS",-122.25576019287109,37.513713836669922
94803524,2025,2025-08-15,9335,2025-08-03,"205 ",024307,,7,3,5,4117,0,1,2,,2,012,"US-101 S/B","SOUTH AIRPORT BOULEVARD",2482.00,S,N,A,-,Y,SM,,101," "," ",21.219,H,,L,N,4,0,2,2,A,-,04,21703,,M,C,C,A,A,H,-,D,D,0,,,,,Y,Y,A,01,0,0,2,0,0,0,0,0,0,"- ","- ",37.643039703369141,-122.40641021728516,"SAN MATEO","SOUTH SAN FRANCISCO",-122.40627288818359,37.643047332763672
94810723,2025,2025-08-20,9335,2025-08-12,1240,023111,,2,1,9,4100,0,1,3,,2,040,"SR-1 S/B","TOM LANTOS TUNNEL (SOUTH EDGE)",195.00,S,N,B,-,Y,SM,,1," ",R,38.562,H,,L,N,3,0,1,1,A,-,01,23152,A,N,E,I,A,A,H,-,A,D,0,,,,,Y,Y,A,07,0,1,0,0,0,0,0,0,0,"- ","- ",37.571769714355469,-122.51580047607422,"SAN MATEO",UNINCORPORATED,-122.5157470703125,37.571750640869141
9481149,2022,2022-09-08,4127,2022-07-16,0037,2151,4127,6,5,4,4127,0,0,0,,0,003,"PULGAS AV","OCONNOR ST",390.00,E,N,A,-,N,,,,,,,,,,Y,3,0,3,2,A,-,11,21954,A,N,A,B,D,A,H,-,C,A,0,Y,,Y,,Y,,C,02,0,2,1,0,1,0,0,0,2,"- ","- ",,,"SAN MATEO","EAST PALO ALTO",-122.13005828857422,37.460918426513672
94814657,2025,2025-08-25,9330,2025-08-12,"634 ",023320,,2,1,5,4116,0,1,2,,2,048,"US-101 N/B","RALSTON AVE",2640.00,N,N,A,-,Y,SM,,101," "," ",10.076,H,,R,Y,3,0,1,1,A,-,08,22107,,N,E,J,A,A,H,-,A,D,0,,,,,Y,,A,07,0,1,0,0,0,0,0,0,0,"- ","- ",37.532199859619141,-122.27616119384766,"SAN MATEO","SAN MATEO",-122.27629852294922,37.532119750976562
94815531,2025,2025-08-25,9335,2025-08-15,1150,024598,,5,1,9,4100,0,1,1,,2,020,"I-280 SOUTHBOUND","SNEATH LANE OVERCROSSING",355.00,N,N,A,-,Y,SM,,280," ",R,21.378,H,,L,N,4,0,3,2,A,-,03,22350,,N,C,C,A,A,H,-,A,D,0,,,,,Y,,A,07,0,0,3,0,0,0,0,0,0,"- ","- ",37.631099700927734,-122.43601226806641,"SAN MATEO",UNINCORPORATED,-122.43604278564453,37.631076812744141
9481647,2022,2022-08-11,4106,2022-07-28,2100,2190,7,4,5,6,4106,0,0,0,,0,002,"SYLVAN ST","CHESTER ST",0.00,,Y,C,E,N,,,,,,,,,,Y,3,0,1,2,A,-,01,23153,A,F,B,C,A,B,H,-,C,A,0,,,,,Y,Y,A,01,0,1,0,0,0,0,0,0,0,"- ","- ",37.687370300292969,-122.45871734619141,"SAN MATEO","DALY CITY",-122.45873260498047,37.687347412109375
94816545,2025,2025-08-25,9330,2025-08-13,"915 ",024358,,3,1,5,4113,0,1,2,,2,058,"US-101 S/B","MARSH ROAD",40.00,N,N,A,-,Y,SM,,101," "," ",3.608,H,,L,Y,4,0,1,2,A,-,03,22350,,N,C,C,A,A,H,-,A,D,0,,,,,Y,,A,08,0,0,1,0,0,0,0,0,0,"- ","- ",37.483390808105469,-122.18102264404297,"SAN MATEO","REDWOOD CITY",-122.18102264404297,37.483386993408203
94818969,2025,2025-08-26,9330,2025-08-14,1100,021942,,4,1,9,4100,0,3,5,,2,107,"AIRPORT STREET","LOS BANOS AVENUE",1584.00,S,N,B,-,N,,,,,,,,,,Y,2,0,2,2,A,-,08,22107,,N,B,G,A,A,H,-,A,D,0,,Y,Y,,Y,,C,02,2,0,0,0,0,0,1,0,1,"- ","- ",37.516250610351562,-122.50615692138672,"SAN MATEO",UNINCORPORATED,-122.50659942626953,37.516689300537109
94818991,2025,2025-08-26,9330,2025-08-19,1635,023251,,2,2,5,4113,0,1,2,,2,048,"US-101 S/B","WOODSIDE ROAD",200.00,N,N,A,-,Y,SM,,101," "," ",5.810,H,,L,Y,4,0,1,1,C,-,18,,,N,A,I,A,A,H,-,A,D,0,,,,,Y,,-,"- ",0,0,1,0,0,0,0,0,0,"- ","- ",37.491409301757812,-122.21965026855469,"SAN MATEO","REDWOOD CITY",-122.21958160400391,37.491504669189453
94819111,2025,2025-08-27,9330,2025-08-20,1552,023060,,3,2,3,4110,0,1,2,,2,038,"US-101 S/B","MILLBRAE AVENUE",50.00,S,N,A,-,Y,SM,,101," "," ",17.931,H,,L,N,4,0,4,2,A,-,07,21658,A,N,C,C,A,A,H,-,A,D,0,,,,,Y,,-,"- ",0,0,4,0,0,0,0,0,0,"- ","- ",37.602378845214844,-122.38024139404297,"SAN MATEO",MILLBRAE,-122.38025665283203,37.602363586425781
94820183,2025,2025-08-27,9330,2025-08-15,2010,024313,,5,2,5,4116,0,1,3,,2,031,"SR-92 E/B","MARINERS ISLAND BLVD",1340.00,E,N,A,-,Y,SM,,92," ",R,13.032,H,,R,N,4,0,1,2,A,-,00,22017,,M,B,C,A,A,H,-,B,D,0,,,Y,,Y,,-,99,0,0,1,0,0,0,0,0,1,"- ","- ",37.558601379394531,-122.28143310546875,"SAN MATEO","SAN MATEO",-122.28134155273438,37.558506011962891
9482116,2022,2022-08-26,4106,2022-06-02,1259,2092,8,4,5,6,4106,0,0,0,,0,004,"JOHN DALY BL","SHEFFIELD DR",0.00,,Y,A,-,N,,,,,,,,,,Y,3,0,3,2,A,-,12,21453,A,N,A,C,A,A,H,-,A,A,0,,,,,Y,,A,01,0,1,2,0,0,0,0,0,0,"- ","- ",37.704071044921875,-122.47554016113281,"SAN MATEO","DALY CITY",-122.47559356689453,37.704166412353516
94821466,2025,2025-08-28,9330,2025-08-09,1240,023664,,6,1,9,4100,0,1,3,,1,021,"SR-84 E/B","COYOTE CREEK RD",20.00,W,N,A,-,N,,,,,,,,,,Y,3,0,1,2,A,-,03,22350,,N,C,C,A,A,H,-,A,D,0,,,Y,,Y,,C,02,0,1,0,0,0,0,0,0,1,"- ","- ",37.329128265380859,-122.36569213867188,"SAN MATEO",UNINCORPORATED,,
9482207,2022,2022-08-12,4106,2022-05-15,1450,2184,3,7,5,6,4106,0,0,0,,0,002,TEMPLETON,"PEORIA ST",0.00,,Y,A,-,N,,,,,,,,,,N,3,0,1,2,A,-,12,22450,A,N,B,C,A,A,H,-,A,D,0,,,,,Y,,A,01,0,1,0,0,0,0,0,0,0,"- ","- ",37.705421447753906,-122.45188903808594,"SAN MATEO","DALY CITY",-122.45191192626953,37.705417633056641