CASE_ID,ACCIDENT_YEAR,PROC_DATE,JURIS,COLLISION_DATE,COLLISION_TIME,OFFICER_ID,REPORTING_DISTRICT,DAY_OF_WEEK,CHP_SHIFT,POPULATION,CNTY_CITY_LOC,SPECIAL_COND,BEAT_TYPE,CHP_BEAT_TYPE,CITY_DIVISION_LAPD,CHP_BEAT_CLASS,BEAT_NUMBER,PRIMARY_RD,SECONDARY_RD,DISTANCE,DIRECTION,INTERSECTION,WEATHER_1,WEATHER_2,STATE_HWY_IND,CALTRANS_COUNTY,CALTRANS_DISTRICT,STATE_ROUTE,ROUTE_SUFFIX,POSTMILE_PREFIX,POSTMILE,LOCATION_TYPE,RAMP_INTERSECTION,SIDE_OF_HWY,TOW_AWAY,COLLISION_SEVERITY,NUMBER_KILLED,NUMBER_INJURED,PARTY_COUNT,PRIMARY_COLL_FACTOR,PCF_CODE_OF_VIOL,PCF_VIOL_CATEGORY,PCF_VIOLATION,PCF_VIOL_SUBSECTION,HIT_AND_RUN,TYPE_OF_COLLISION,MVIW,PED_ACTION,ROAD_SURFACE,ROAD_COND_1,ROAD_COND_2,LIGHTING,CONTROL_DEVICE,CHP_ROAD_TYPE,PEDESTRIAN_ACCIDENT,BICYCLE_ACCIDENT,MOTORCYCLE_ACCIDENT,TRUCK_ACCIDENT,NOT_PRIVATE_PROPERTY,ALCOHOL_INVOLVED,STWD_VEHTYPE_AT_FAULT,CHP_VEHTYPE_AT_FAULT,COUNT_SEVERE_INJ,COUNT_VISIBLE_INJ,COUNT_COMPLAINT_PAIN,COUNT_PED_KILLED,COUNT_PED_INJURED,COUNT_BICYCLIST_KILLED,COUNT_BICYCLIST_INJURED,COUNT_MC_KILLED,COUNT_MC_INJURED,PRIMARY_RAMP,SECONDARY_RAMP,LATITUDE,LONGITUDE,COUNTY,CITY,POINT_X,POINT_Y
9642927,2023,2023-12-06,4113,2023-10-09,1916,506,2,1,5,5,4113,0,0,0,,0,002,"VETERANS BL","WHIPPLE AV",0.00,,Y,A,-,N,,,,,,,,,,Y,3,0,1,1,A,-,08,22107,,N,E,I,A,A,H,-,C,D,0,,,,,Y,,A,01,0,1,0,0,0,0,0,0,0,"- ","- ",37.496700286865234,-122.23622131347656,"SAN MATEO","REDWOOD CITY",-122.23451995849609,37.494548797607422
9646885,2024,2024-03-01,4113,2024-01-03,"911 ",428,7,3,5,5,4113,0,0,0,,0,007,"EL CAMINO REAL","FINGER AV",105.00,N,N,A,-,Y,SM,4,82,-,-,5.120,H,-,S,Y,4,0,1,4,A,-,04,21703,,N,C,C,A,B,H,-,A,D,0,,,,,Y,,-,,0,0,1,0,0,0,0,0,0,"- ","- ",37.493118286132812,-122.24373626708984,"SAN MATEO","REDWOOD CITY",-122.24398803710938,37.493270874023438
9647443,2023,2023-12-19,4127,2023-11-24,"836 ",2246,4127,5,5,4,4127,0,0,0,,0,001,"SARATOGA AV","BAY RD",0.00,,Y,A,-,N,,,,,,,,,,Y,3,0,1,2,A,-,08,22107,,F,A,C,A,A,H,-,A,D,0,,,,,Y,,-,99,0,1,0,0,0,0,0,0,0,"- ","- ",,,"SAN MATEO","EAST PALO ALTO",-122.15436200000001,37.469805999999998
9648077,2023,2024-01-23,4113,2023-11-13,1316,501,2,1,5,5,4113,0,0,0,,0,002,"WHIPPLE AV","VETERANS BL",0.00,,Y,A,-,N,,,,,,,,,,N,4,0,1,2,A,-,03,22350,,N,C,C,A,A,H,-,A,A,0,,,,,Y,,A,01,0,0,1,0,0,0,0,0,0,"- ","- ",37.494678497314453,-122.23441314697266,"SAN MATEO","REDWOOD CITY",-122.23451995849609,37.494548797607422
9648362,2023,2024-02-28,4127,2023-12-04,1823,2286,4127,1,5,4,4127,0,0,0,,0,001,"WILLOW RD","NEWBRIDGE ST",63.00,W,N,A,-,N,,,,,,,,,,N,4,0,2,2,A,-,09,21803,A,N,B,C,A,A,H,-,C,A,0,,,,,Y,,A,01,0,0,2,0,0,0,0,0,0,"- ","- ",,,"SAN MATEO","EAST PALO ALTO",-122.15447998046875,37.472640991210938
9648366,2023,2024-03-27,4127,2023-12-07,1836,2289,4127,4,5,4,4127,0,0,0,,0,003,"CAMELLIA DR","WISTERIA DR",14.00,S,N,-,-,N,,,,,,,,,,N,3,0,2,2,A,-,08,22107,A,N,-,-,A,-,-,-,-,-,0,,,,,Y,,A,01,0,2,0,0,0,0,0,0,0,"- ","- ",,,"SAN MATEO","EAST PALO ALTO",-122.125,37.457088470458984
9648988,2023,2024-01-30,4120,2023-12-04,2230,211,11,1,5,4,4120,0,0,0,,0,00X,"CHESS DR","FOSTER CITY BL",0.00,,Y,A,-,N,,,,,,,,,,N,4,0,1,2,A,-,08,22107,,N,B,C,A,A,H,-,C,A,0,,,,,Y,,-,,0,0,1,0,0,0,0,0,0,"- ","- ",37.568050384521484,-122.27615356445312,"SAN MATEO","FOSTER CITY",-122.27607727050781,37.568050384521484
9649086,2023,2023-12-29,4106,2023-10-31,1300,2154,5,2,5,6,4106,0,0,0,,0,003,"PIERCE ST","SULLIVAN AV",155.00,W,N,A,-,N,,,,,,,,,,N,4,0,3,3,A,-,09,21804,A,N,D,C,A,A,H,-,A,D,0,,,,,Y,,A,01,0,0,3,0,0,0,0,0,0,"- ","- ",37.686019897460938,-122.47223663330078,"SAN MATEO","DALY CITY",-122.47275543212891,37.686000823974609
9649171,2023,2024-01-03,4106,2023-11-02,"142 ",2193,3,4,5,6,4106,0,0,0,,0,002,"SAN JOSE AV","FLOURNOY ST",17.00,W,N,A,-,N,,,,,,,,,,Y,3,0,2,2,A,-,09,21801,A,N,D,D,A,A,H,-,C,A,0,,,,,Y,Y,A,01,0,2,0,0,0,0,0,0,0,"- ","- ",37.707328796386719,-122.45993804931641,"SAN MATEO","DALY CITY",-122.46003723144531,37.707332611083984
9650109,2023,2024-02-20,4113,2023-12-24,1130,486,5,7,5,5,4113,0,0,0,,0,005,"WOODSIDE RD","BONITA AV",0.00,,Y,A,-,N,,,,,,,,,,N,3,0,1,2,A,-,10,21950,A,N,G,B,B,A,H,-,A,D,0,Y,,,,Y,,A,01,0,1,0,0,1,0,0,0,0,"- ","- ",37.468120574951172,-122.22374725341797,"SAN MATEO","REDWOOD CITY",-122.22372436523438,37.468276977539062
9652368,2024,2024-03-26,4106,2024-01-02,2359,2069,4,2,5,6,4106,0,0,0,,0,003,"MISSION ST","WELLINGTON AV",0.00,,Y,A,-,N,,,,,,,,,,N,3,0,1,2,A,-,10,21950,A,N,G,B,B,A,H,-,C,D,0,Y,,,,Y,,A,07,0,1,0,0,1,0,0,0,0,"- ","- ",37.705940246582031,-122.46118927001953,"SAN MATEO","DALY CITY",-122.46119689941406,37.705966949462891
9653346,2023,2024-01-17,4113,2023-11-25,2500,503,2,6,5,5,4113,0,0,0,,0,007,"EL CAMINO REAL","FINGER AV",183.00,N,N,A,-,N,,,,,,,,,,N,3,0,4,1,A,-,03,22350,,N,E,I,A,A,H,-,C,D,0,,,,,Y,,A,01,0,4,0,0,0,0,0,0,0,"- ","- ",37.493118286132812,-122.24373626708984,"SAN MATEO","REDWOOD CITY",-122.24372100830078,37.493144989013672
9654714,2023,2024-02-17,4111,2023-12-16,2121,P5136,P03,6,5,4,4111,0,0,0,,0,0P1,"PALMETTO AV","W AVALON DR",7.00,N,N,A,-,N,,,,,,,,,,N,3,0,1,3,C,-,18,,,N,H,A,A,A,H,-,C,A,0,,,,,Y,,-,"- ",0,1,0,0,0,0,0,0,0,"- ","- ",,,"SAN MATEO",PACIFICA,-122.49166107177734,37.64727783203125
9655308,2023,2024-03-01,4106,2023-12-23,2200,2215,8,6,5,6,4106,0,0,0,,0,004,"RT 280","JOHN DALY BL",0.00,,Y,A,-,Y,SM,4,280,-,M,27.052,R,3,S,N,3,0,1,2,A,-,10,21950,,N,G,B,B,A,H,-,C,A,0,Y,,,,Y,,A,71,0,1,0,0,1,0,0,0,0,"- ","- ",37.687919616699219,-122.47020721435547,"SAN MATEO","DALY CITY",-122.47212219238281,37.703464508056641
9656108,2023,2024-01-17,4127,2023-11-13,2006,2242,4127,1,5,4,4127,0,0,0,,0,003,"EAST BAYSHORE RD","DONOHOE ST",221.00,S,N,A,-,N,,,,,,,,,,N,4,0,1,2,A,-,05,21650,,N,D,G,A,A,H,-,B,D,0,,Y,,,Y,,L,04,0,0,1,0,0,0,1,0,0,"- ","- ",,,"SAN MATEO","EAST PALO ALTO",-122.14408111572266,37.462818145751953
9656210,2023,2024-02-16,4102,2023-12-09,"738 ",31,2DG,6,5,4,4102,0,0,0,,0,002,"EL CAMINO REAL","DAVEY GLEN RD",609.00,S,N,A,-,Y,SM,4,82,-,-,8.180,H,-,N,N,3,0,2,2,A,-,09,21801,A,N,D,C,A,A,H,-,A,D,0,,,,,Y,,A,01,0,2,0,0,0,0,0,0,0,"- ","- ",37.525508880615234,-122.28182983398438,"SAN MATEO",BELMONT,-122.28204345703125,37.525669097900391
9656315,2023,2024-02-16,4113,2023-12-13,1717,474,3,3,5,5,4113,0,0,0,,0,003,"EL CAMINO REAL","DILLER ST",0.00,,Y,A,-,Y,SM,4,82,-,-,3.910,H,-,N,N,4,0,1,2,A,-,03,22350,,N,C,C,A,A,H,-,C,D,0,,,,,Y,,A,01,0,0,1,0,0,0,0,0,0,"- ","- ",37.481170654296875,-122.22798156738281,"SAN MATEO","REDWOOD CITY",-122.22818756103516,37.481124877929688
9656415,2023,2024-03-08,4113,2023-12-26,"708 ",428,6,2,5,5,4113,0,0,0,,0,006,"REDWOOD AV","EL CAMINO REAL",0.00,,Y,B,-,Y,SM,4,82,-,-,3.466,I,6,S,N,3,0,1,2,A,-,09,21804,,F,H,G,A,A,H,-,A,D,0,,Y,,,Y,,L,04,0,1,0,0,0,0,1,0,0,"- ","- ",37.476608276367188,-122.22210693359375,"SAN MATEO","REDWOOD CITY",-122.22240447998047,37.476772308349609
9659037,2023,2024-01-31,4111,2023-12-15,1737,P5168,P07,5,5,4,4111,0,0,0,,0,0P2,"OCEANA BL","PALOMA AV",342.00,N,N,A,-,N,,,,,,,,,,Y,3,0,1,2,A,-,09,21803,A,N,D,C,A,A,H,-,C,D,0,,,,,Y,,A,01,0,1,0,0,0,0,0,0,0,"- ","- ",37.636520385742188,-122.48932647705078,"SAN MATEO",PACIFICA,-122.48945617675781,37.637447357177734
9659073,2024,2024-03-26,4113,2024-01-16,1215,492,2,2,5,5,4113,0,0,0,,0,002,"VETERANS BL","JEFFERSON AV",0.00,,Y,A,-,N,,,,,,,,,,Y,3,0,1,2,A,-,12,21453,A,N,D,C,A,A,H,-,A,A,0,,,,,Y,,A,01,0,1,0,0,0,0,0,0,0,"- ","- ",37.490459442138672,-122.2283935546875,"SAN MATEO","REDWOOD CITY",-122.22840881347656,37.490299224853516
9659074,2024,2024-03-26,4113,2024-01-20,2335,497,3,6,5,5,4113,0,0,0,,0,003,"VETERANS BL","WOODSIDE RD",35.00,N,N,C,-,N,,,,,,,,,,Y,3,0,1,2,A,-,12,21453,A,N,D,C,A,B,H,-,C,A,0,,,,,Y,,A,01,0,1,0,0,0,0,0,0,0,"- ","- ",,,"SAN MATEO","REDWOOD CITY",-122.21376037597656,37.488433837890625
9660021,2024,2024-03-14,4127,2024-01-17,1817,2246,4127,3,5,4,4127,0,0,0,,0,002,"BAY RD","FORDHAM ST",0.00,,Y,A,-,N,,,,,,,,,,N,4,0,1,2,A,-,00,21954,,N,G,B,D,A,H,-,C,D,0,Y,,,,Y,,N,60,0,0,1,0,1,0,0,0,0,"- ","- ",,,"SAN MATEO","EAST PALO ALTO",-122.13706970214844,37.471660614013672
9660046,2024,2024-02-21,4111,2024-01-09,1555,P5181,P07,2,5,4,4111,0,0,0,,0,0P2,"FRANCISCO BL","CARMEL AV",0.00,,Y,A,-,N,,,,,,,,,,Y,3,0,1,2,A,-,09,21802,A,N,D,C,A,A,H,-,B,D,0,,,,,Y,,A,01,0,1,0,0,0,0,0,0,0,"- ","- ",,,"SAN MATEO",PACIFICA,-122.49022674560547,37.635875701904297
9660252,2024,2024-03-01,4120,2024-01-16,1843,251,2,2,5,4,4120,0,0,0,,0,00X,"EAST HILLSDALE BL","LIGHT STANDARD #1076",51.00,E,N,B,C,N,,,,,,,,,,Y,3,0,2,2,A,-,09,21804,A,N,D,C,A,B,H,-,C,D,0,,,,,Y,,A,01,0,2,0,0,0,0,0,0,0,"- ","- ",37.566860198974609,-122.26687622070312,"SAN MATEO","FOSTER CITY",,
9660603,2024,2024-07-03,4113,2024-02-08,1055,479,2,4,5,5,4113,0,0,0,,0,002,"STAFFORD ST","B ST",0.00,,Y,A,-,N,,,,,,,,,,N,3,0,1,2,A,-,09,21802,A,N,E,J,A,A,H,-,A,D,0,,,,,Y,,A,01,0,1,0,0,0,0,0,0,0,"- ","- ",37.491001129150391,-122.23999786376953,"SAN MATEO","REDWOOD CITY",-122.24079895019531,37.491920471191406
9661806,2024,2024-04-19,4113,2024-03-19,2500,474,7,2,5,5,4113,0,0,0,,0,007,"EL CAMINO REAL","WHIPPLE AV",0.00,,Y,A,-,Y,SM,4,82,-,-,4.830,H,-,N,N,3,0,1,3,A,-,03,22350,,N,C,C,A,A,H,-,A,D,0,,,,,Y,,A,01,0,1,0,0,0,0,0,0,0,"- ","- ",,,"SAN MATEO","REDWOOD CITY",-122.23990631103516,37.49066162109375
9664748,2023,2024-03-04,4113,2023-12-19,1256,383,11,2,5,5,4113,0,0,0,,0,023,"PERRY ST","BREWSTER AV",30.00,S,N,B,C,N,,,,,,,,,,N,3,0,1,2,A,-,09,21802,A,N,A,C,A,B,H,-,A,A,0,,,,,Y,,A,07,0,1,0,0,0,0,0,0,0,"- ","- ",37.487789154052734,-122.23520660400391,"SAN MATEO","REDWOOD CITY",-122.23512268066406,37.487716674804688
9665142,2024,2024-07-25,4113,2024-02-08,"310 ",509,3,4,5,5,4113,0,0,0,,0,003,"CHESTNUT ST","HELLER ST",365.00,W,N,A,-,N,,,,,,,,,,Y,3,0,1,2,A,-,01,23152,A,N,D,E,A,A,D,-,C,A,0,,,,,Y,Y,A,01,0,1,0,0,0,0,0,0,0,"- ","- ",37.480400085449219,-122.22287750244141,"SAN MATEO","REDWOOD CITY",-122.222900390625,37.480491638183594
9666318,2024,2024-06-21,4113,2024-02-25,1913,497,11,7,5,5,4113,0,0,0,,0,023,"WINSLOW ST","MARSHALL ST",50.00,W,N,A,-,N,,,,,,,,,,N,3,0,1,2,A,-,11,21954,A,N,G,B,D,A,H,-,C,D,0,Y,,,,Y,Y,N,60,0,1,0,0,1,0,0,0,0,"- ","- ",37.48699951171875,-122.23100280761719,"SAN MATEO","REDWOOD CITY",-122.23114776611328,37.487430572509766
9666340,2024,2024-05-23,4103,2024-03-12,1518,LU420,1,2,5,2,4103,0,0,0,,0,00U,"BAYSHORE BL","GUADALUPE CANYON PKWY",683.00,S,N,A,-,N,,,,,,,,,,N,3,0,1,2,A,-,09,21801,A,N,D,C,A,A,H,-,A,D,0,,,Y,,Y,,A,01,0,1,0,0,0,0,0,0,0,"- ","- ",37.692550659179688,-122.40458679199219,"SAN MATEO",BRISBANE,-122.40383148193359,37.690761566162109
9666371,2024,2024-05-17,4113,2024-03-10,2129,503,6,7,5,5,4113,0,0,0,,0,006,"EL CAMINO REAL","ROOSEVELT AV",0.00,,Y,B,-,N,,,,,,,,,,N,3,0,1,2,A,-,12,21453,A,N,A,G,A,A,H,-,C,A,0,,Y,,,Y,Y,L,04,0,1,0,0,0,0,1,0,0,"- ","- ",37.479179382324219,-122.22547912597656,"SAN MATEO","REDWOOD CITY",-122.22557067871094,37.479095458984375
9668617,2024,2024-05-01,4127,2024-02-15,1047,2286,4127,4,5,4,4127,0,0,0,,0,004,"WOODLAND AV","UNIVERSITY AV",0.00,,Y,A,-,N,,,,,,,,,,N,3,0,1,2,A,-,00,21955,B,N,D,G,A,A,H,-,A,A,0,,Y,,,Y,,L,04,0,1,0,0,0,0,1,0,0,"- ","- ",,,"SAN MATEO","EAST PALO ALTO",-122.14173889160156,37.457973480224609
9668796,2024,2024-04-09,4106,2024-01-24,2200,2223,6,3,5,6,4106,0,0,0,,0,002,"HILLSDALE BL","CASTLE ST",0.00,,Y,A,-,N,,,,,,,,,,N,3,0,1,2,A,-,12,22450,A,N,D,E,A,A,H,-,C,A,0,,Y,,,Y,,L,04,0,1,0,0,0,0,1,0,0,"- ","- ",37.691768646240234,-122.46150207519531,"SAN MATEO","DALY CITY",,
9668798,2024,2024-08-02,4106,2024-01-12,"0   ",2184,7,5,5,6,4106,0,0,0,,0,002,"HILLSDALE BL","VALLEY ST",14.00,S,N,A,-,N,,,,,,,,,,N,2,0,1,2,A,-,11,21954,A,N,G,B,D,A,H,-,C,D,0,Y,,,,Y,,N,60,1,0,0,0,1,0,0,0,0,"- ","- ",37.689590454101562,-122.46150970458984,"SAN MATEO","DALY CITY",,
9669631,2024,2024-04-13,4127,2024-01-30,2345,2242,4127,2,5,4,4127,0,0,0,,0,003,"COOLEY AV","RUNNYMEDE ST",189.00,W,N,A,-,N,,,,,,,,,,N,3,0,1,2,A,-,13,22500,A,N,C,E,A,A,H,-,C,D,0,,,,,Y,,A,01,0,1,0,0,0,0,0,0,0,"- ","- ",,,"SAN MATEO","EAST PALO ALTO",-122.13941192626953,37.468471527099609
9669812,2024,2024-05-15,4106,2024-03-06,1851,2188,4,3,5,6,4106,0,0,0,,0,003,"MISSION ST","BETA AV",0.00,,Y,A,-,N,,,,,,,,,,Y,4,0,1,2,A,-,08,22107,,N,A,C,A,A,H,-,C,D,0,,,,,Y,,I,12,0,0,1,0,0,0,0,0,0,"- ","- ",37.700908660888672,-122.46360015869141,"SAN MATEO","DALY CITY",-122.46360015869141,37.700908660888672
9669813,2024,2024-04-26,4106,2024-01-30,1854,2173,12,2,5,6,4106,0,0,0,,0,005,"SOUTHGATE AV","CARLETON AV",0.00,,Y,A,-,N,,,,,,,,,,N,2,0,1,2,A,-,10,21950,,N,G,B,B,A,H,-,C,D,0,Y,,,,Y,,A,01,1,0,0,0,1,0,0,0,0,"- ","- ",,,"SAN MATEO","DALY CITY",-122.48709106445312,37.682369232177734
9671373,2023,2024-03-28,4113,2023-12-08,1551,501,2,5,5,5,4113,0,0,0,,0,002,"VETERANS BL","WHIPPLE AV",1040.00,N,N,A,-,N,,,,,,,,,,Y,3,0,2,2,A,-,07,21658,A,N,B,E,A,A,H,-,A,D,0,,,,,Y,,D,22,0,2,0,0,0,0,0,0,0,"- ","- ",37.495838165283203,-122.2354736328125,"SAN MATEO","REDWOOD CITY",-122.23687744140625,37.496700286865234
9673011,2024,2024-04-09,4102,2024-02-17,1641,31,2C,6,5,4,4102,0,0,0,,0,002,"RALSTON AV","EL CAMINO REAL",171.00,W,N,A,C,N,,,,,,,,,,N,3,0,2,3,A,-,03,22350,,N,C,C,A,D,H,-,A,A,0,,,,,Y,,A,01,0,2,0,0,0,0,0,0,0,"- ","- ",37.519229888916016,-122.27735137939453,"SAN MATEO",BELMONT,-122.27637481689453,37.520046234130859
9673898,2023,2024-03-30,4103,2023-10-03,"340 ",LU420,1,2,5,2,4103,0,0,0,,0,00U,"BAYSHORE BL","GENEVA AV",342.00,S,N,A,-,N,,,,,,,,,,N,2,0,1,2,A,-,11,21950,B,F,G,B,D,A,H,-,C,D,0,Y,,,Y,Y,,N,60,1,0,0,0,1,0,0,0,0,"- ","- ",37.704311370849609,-122.407470703125,"SAN MATEO",BRISBANE,-122.40751647949219,37.703754425048828
9674245,2024,2024-04-18,4113,2024-02-19,1810,511,2,1,5,5,4113,0,0,0,,0,002,"VETERANS BL","JEFFERSON AV",0.00,,Y,A,B,N,,,,,,,,,,Y,3,0,3,2,A,-,01,23153,A,N,D,C,A,B,H,-,C,A,0,,,,,Y,Y,A,01,0,1,2,0,0,0,0,0,0,"- ","- ",37.490459442138672,-122.22837829589844,"SAN MATEO","REDWOOD CITY",-122.22840881347656,37.490299224853516
9674249,2024,2024-07-03,4113,2024-02-13,1639,426,4,2,5,5,4113,0,0,0,,0,004,"ROLISON RD","HOOVER ST",25.00,E,N,A,-,N,,,,,,,,,,N,4,0,1,3,A,-,09,21801,,F,C,E,A,A,H,-,A,D,0,,,,,Y,,A,01,0,0,1,0,0,0,0,0,0,"- ","- ",37.483058929443359,-122.18324279785156,"SAN MATEO","REDWOOD CITY",,
9675765,2023,2024-03-25,4106,2023-06-28,1047,2146,5,3,5,6,4106,0,0,0,,0,003,"87TH ST","SULLIVAN ST",0.00,,Y,A,B,N,,,,,,,,,,N,3,0,1,2,A,-,08,22107,,M,H,G,A,B,H,-,A,A,0,,Y,Y,,Y,,C,02,0,1,0,0,0,0,1,0,0,"- ","- ",37.693260192871094,-122.47223663330078,"SAN MATEO","DALY CITY",-122.47222900390625,37.693260192871094
9676217,2024,2024-03-07,4127,2024-01-06,1212,2289,4127,6,5,4,4127,0,0,0,,0,002,"RUNNYMEDE ST","CLARKE AV",0.00,,Y,A,B,N,,,,,,,,,,N,3,0,1,2,A,-,03,22350,,N,C,C,A,A,H,-,A,D,0,,,,,Y,,A,01,0,1,0,0,0,0,0,0,0,"- ","- ",,,"SAN MATEO","EAST PALO ALTO",-122.13485717773438,37.46856689453125
9677438,2024,2024-07-15,4113,2024-05-02,1010,479,5,4,5,5,4113,0,0,0,,0,005,"HESS RD","GENEVA AV",92.00,S,N,A,-,N,,,,,,,,,,N,3,0,2,2,A,-,09,21804,A,N,H,G,A,A,H,-,A,D,0,,Y,,,Y,,L,04,0,1,1,0,0,0,1,0,0,"- ","- ",37.471981048583984,-122.22505187988281,"SAN MATEO","REDWOOD CITY",-122.22475433349609,37.471897125244141
9677439,2024,2024-08-30,4113,2024-05-02,2335,457,8,4,5,5,4113,0,0,0,,0,008,"JEFFERSON AV","EMERALD HILL RD",0.00,,Y,A,-,N,,,,,,,,,,N,2,0,1,2,A,-,01,23152,A,N,B,E,A,A,H,-,C,D,0,,,,,Y,Y,A,01,1,0,0,0,0,0,0,0,0,"- ","- ",37.460098266601562,-122.25837707519531,"SAN MATEO","REDWOOD CITY",-122.25820159912109,37.459854125976562
9678457,2024,2024-04-12,4106,2024-02-04,"755 ",2188,4,7,5,6,4106,0,0,0,,0,003,"JOHN DALY","MISSION ST",0.00,,Y,C,-,N,,,,,,,,,,N,3,0,1,2,A,-,12,21453,A,N,D,C,A,B,H,-,A,A,0,,,,,Y,,A,01,0,1,0,0,0,0,0,0,0,"- ","- ",37.704940795898438,-122.46243286132812,"SAN MATEO","DALY CITY",-122.46244049072266,37.704933166503906
9678458,2024,2024-04-12,4106,2024-02-14,1853,2092,14,3,5,6,4106,0,0,0,,0,006,"GELLERT BL","DOVER CT",16.00,S,N,B,-,N,,,,,,,,,,N,3,0,2,1,C,-,18,,,N,E,J,A,B,B,-,C,D,0,,,,,Y,,-,"- ",0,2,0,0,0,0,0,0,0,"- ","- ",37.662090301513672,-122.46910858154297,"SAN MATEO","DALY CITY",-122.46923828125,37.662017822265625
9679556,2024,2024-04-12,4113,2024-02-04,"107 ",497,6,7,5,5,4113,0,0,0,,0,006,"EL CAMINO REAL","HARRISON AV",0.00,,-,-,-,Y,SM,4,82,-,-,4.170,H,-,S,Y,4,0,1,2,A,-,08,22107,,N,-,-,A,-,-,-,-,-,0,,,,,Y,,A,01,0,0,1,0,0,0,0,0,0,"- ","- ",37.483318328857422,-122.23143768310547,"SAN MATEO","REDWOOD CITY",-122.23180389404297,37.483570098876953
9681047,2024,2024-04-16,4111,2024-02-29,1523,P5159,P07,4,5,4,4111,0,0,0,,0,0P2,"PALMETTO AV","SAN JOSE AV",0.00,,Y,B,-,N,,,,,,,,,,Y,4,0,2,2,A,-,09,21802,A,N,D,C,A,A,H,-,A,A,0,,,,,Y,,A,01,0,0,2,0,0,0,0,0,0,"- ","- ",,,"SAN MATEO",PACIFICA,-122.49211883544922,37.634002685546875
9682381,2024,2024-06-04,4111,2024-02-21,2212,P5135,P02,3,5,4,4111,0,0,0,,0,0P1,"RT 35",TIMBERHILL,22.00,N,N,A,-,Y,SM,4,35,-,-,27.342,I,5,S,N,3,0,1,1,A,-,08,22107,,N,E,I,A,A,H,-,C,D,0,,,Y,,Y,,C,03,0,1,0,0,0,0,0,0,1,"- ","- ",37.645908355712891,-122.47078704833984,"SAN MATEO",PACIFICA,-122.47126770019531,37.652816772460938
9684230,2024,2024-04-23,4106,2024-02-03,1149,2188,13,6,5,6,4106,0,0,0,,0,006,"SAINT FRANCIS BL","SERRAMONTE BL",0.00,,Y,A,-,N,,,,,,,,,,N,3,0,1,2,A,-,10,21950,A,N,G,B,B,A,H,-,A,A,0,Y,,,,Y,,A,01,0,1,0,0,1,0,0,0,0,"- ","- ",37.66912841796875,-122.48014831542969,"SAN MATEO","DALY CITY",-122.48013305664062,37.6690673828125
9685212,2024,2024-05-09,4127,2024-03-14,1645,2291,4127,4,5,4,4127,0,0,0,,0,003,"EAST BAYSHORE RD","CLARK AV",0.00,S,N,A,-,N,,,,,,,,,,N,3,0,1,2,A,-,08,22107,A,F,B,C,A,A,H,-,A,D,0,,,,,Y,,-,,0,1,0,0,0,0,0,0,0,"- ","- ",,,"SAN MATEO","EAST PALO ALTO",-122.13469696044922,37.457218170166016
9685817,2024,2024-06-11,4111,2024-04-26,1846,P5164,P09,5,5,4,4111,0,0,0,,0,0P2,"SHARP PARK RD","LUNDY WY",475.00,E,N,B,-,N,,,,,,,,,,Y,3,0,2,1,A,-,03,22350,,N,E,I,A,A,H,-,A,D,0,,,Y,,Y,,C,02,0,2,0,0,0,0,0,0,2,"- ","- ",,,"SAN MATEO",PACIFICA,-122.48573303222656,37.626518249511719
9686644,2024,2024-08-06,4102,2024-06-13,1337,12,10BC,4,5,4,4102,0,0,0,,0,003,"RALSTON AV","TAHOE DR",105.00,E,N,A,-,N,,,,,,,,,,Y,4,0,1,2,A,-,03,22350,,N,C,C,A,A,H,-,A,A,0,,,,,Y,,A,01,0,0,1,0,0,0,0,0,0,"- ","- ",37.512248992919922,-122.31411743164062,"SAN MATEO",BELMONT,-122.31377410888672,37.512294769287109
9687422,2024,2024-05-13,4102,2024-03-24,1759,09,6CI,7,5,4,4102,0,0,0,,0,003,"RALSTON AV","LYALL RD",0.00,,Y,A,-,N,,,,,,,,,,N,2,0,1,2,A,-,09,21801,A,N,H,G,A,A,H,-,A,D,0,,Y,,,Y,,A,01,1,0,0,0,0,0,1,0,0,"- ","- ",37.511238098144531,-122.29743194580078,"SAN MATEO",BELMONT,-122.29740905761719,37.511245727539062
9689738,2024,2024-05-31,4106,2024-04-05,1532,2188,5,5,5,6,4106,0,0,0,,0,003,"SAN PEDRO RD","JUNIPERO SERRA BL",0.00,,Y,A,-,N,,,,,,,,,,Y,4,0,1,2,D,-,00,,,N,A,C,A,A,H,-,A,A,0,,,,,Y,,-,"- ",0,0,1,0,0,0,0,0,0,"- ","- ",37.685710906982422,-122.47077941894531,"SAN MATEO","DALY CITY",-122.47075653076172,37.685672760009766
9689872,2024,2024-05-28,4106,2024-03-27,2208,2210,9A,3,5,6,4106,0,0,0,,0,004,"LAKE MERCED BL","BEL MAR AV",61.00,E,N,C,-,N,,,,,,,,,,N,3,0,1,2,A,-,10,21950,A,N,G,B,C,B,H,-,C,D,0,Y,,,,Y,,A,01,0,1,0,0,1,0,0,0,0,"- ","- ",37.699359893798828,-122.48387145996094,"SAN MATEO","DALY CITY",-122.48386383056641,37.699214935302734