CASE_ID,ACCIDENT_YEAR,PROC_DATE,JURIS,COLLISION_DATE,COLLISION_TIME,OFFICER_ID,REPORTING_DISTRICT,DAY_OF_WEEK,CHP_SHIFT,POPULATION,CNTY_CITY_LOC,SPECIAL_COND,BEAT_TYPE,CHP_BEAT_TYPE,CITY_DIVISION_LAPD,CHP_BEAT_CLASS,BEAT_NUMBER,PRIMARY_RD,SECONDARY_RD,DISTANCE,DIRECTION,INTERSECTION,WEATHER_1,WEATHER_2,STATE_HWY_IND,CALTRANS_COUNTY,CALTRANS_DISTRICT,STATE_ROUTE,ROUTE_SUFFIX,POSTMILE_PREFIX,POSTMILE,LOCATION_TYPE,RAMP_INTERSECTION,SIDE_OF_HWY,TOW_AWAY,COLLISION_SEVERITY,NUMBER_KILLED,NUMBER_INJURED,PARTY_COUNT,PRIMARY_COLL_FACTOR,PCF_CODE_OF_VIOL,PCF_VIOL_CATEGORY,PCF_VIOLATION,PCF_VIOL_SUBSECTION,HIT_AND_RUN,TYPE_OF_COLLISION,MVIW,PED_ACTION,ROAD_SURFACE,ROAD_COND_1,ROAD_COND_2,LIGHTING,CONTROL_DEVICE,CHP_ROAD_TYPE,PEDESTRIAN_ACCIDENT,BICYCLE_ACCIDENT,MOTORCYCLE_ACCIDENT,TRUCK_ACCIDENT,NOT_PRIVATE_PROPERTY,ALCOHOL_INVOLVED,STWD_VEHTYPE_AT_FAULT,CHP_VEHTYPE_AT_FAULT,COUNT_SEVERE_INJ,COUNT_VISIBLE_INJ,COUNT_COMPLAINT_PAIN,COUNT_PED_KILLED,COUNT_PED_INJURED,COUNT_BICYCLIST_KILLED,COUNT_BICYCLIST_INJURED,COUNT_MC_KILLED,COUNT_MC_INJURED,PRIMARY_RAMP,SECONDARY_RAMP,LATITUDE,LONGITUDE,COUNTY,CITY,POINT_X,POINT_Y
6801388,2014,2015-02-17,4117,2014-12-24,2332,04CD02,07A4,3,5,5,4117,0,0,0,,0,004,"SPRUCE AV","BEECH AV",828.00,S,N,A,-,N,,,,,,,,,,N,4,0,1,2,A,-,03,22350,,F,G,B,E,A,H,-,C,D,0,Y,,,,Y,,A,01,0,0,1,0,1,0,0,0,0,"- ","- ",37.659289999999999,-122.414,"SAN MATEO","SOUTH SAN FRANCISCO",-122.41234878,37.660034330000002
6803766,2015,2015-03-04,9335,2015-01-29,1430,020072,,4,2,9,4100,0,3,5,,2,001,"GUADALUPE CANYON PKWY","CARTER ST",1056.00,W,N,A,-,N,,,,,,,,,,Y,4,0,1,1,A,-,08,22107,,N,E,I,A,A,H,-,A,D,0,,,,,Y,,D,22,0,0,1,0,0,0,0,0,0,"- ","- ",37.696100000000001,-122.42491,"SAN MATEO",UNINCORPORATED,-122.42321296,37.69682718
6803997,2014,2015-07-08,9335,2014-11-24,0855,019202,,1,1,5,4117,0,1,1,,2,020,"RT 280","WESTBOROUGH BL",840.00,S,N,A,-,Y,,,280,,,,,,,Y,4,0,1,2,A,-,01,23152,A,N,B,C,A,A,H,-,A,D,0,,,,,Y,,A,01,0,0,1,0,0,0,0,0,0,"- ","- ",37.643549999999998,-122.4473,"SAN MATEO","SOUTH SAN FRANCISCO",-122.44725068,37.643639450000002
6804859,2015,2016-09-28,9330,2015-02-04,0820,16324,,3,1,5,4116,0,1,3,,2,031,"RT 92","RT 101",713.00,E,N,B,-,Y,SM,4,92,-,R,12.360,H,-,W,N,4,0,1,2,A,-,03,22350,,N,C,C,A,A,H,-,A,D,1,,,,Y,Y,,F,26,0,0,1,0,0,0,0,0,0,"- ","- ",37.33137,-122.17363,"SAN MATEO","SAN MATEO",-122.29260068000001,37.553925890000002
6804889,2015,2015-03-18,4127,2015-01-12,1431,2151,B4127,1,5,4,4127,0,0,0,,0,001,"WILLOW RD","NEWBRIDGE ST",900.00,W,N,A,-,N,,,,,,,,,,N,3,0,1,2,A,-,17,21208,B,N,H,G,A,A,H,-,A,A,0,,Y,,,Y,,L,04,0,1,0,0,0,0,1,0,0,TO,"- ",,,"SAN MATEO","EAST PALO ALTO",-122.15497454,37.470417930000004
6805243,2015,2016-09-28,9330,2015-01-27,1750,16184,,2,2,5,4116,0,1,3,,2,031,"RT 92","WEST HILLSDALE BL",528.00,E,N,A,-,Y,SM,4,92,-,R,9.500,H,-,E,N,4,0,2,2,A,-,03,22350,,N,C,C,A,A,H,-,B,D,1,,,,,Y,,D,22,0,0,2,0,0,0,0,0,0,"- ","- ",37.536140000000003,-122.32899,"SAN MATEO","SAN MATEO",-122.32909685,37.534508629999998
6805267,2015,2016-10-11,9330,2015-01-30,1457,020580,,5,2,4,4120,0,1,3,,1,035,"92ND ST","FOSTER CITY BL",2112.00,E,N,A,-,Y,SM,4,92,-,R,14.010,H,-,E,Y,3,0,1,5,A,-,03,22350,,N,C,C,A,A,H,-,A,D,4,,,,,Y,,D,22,0,1,0,0,0,0,0,0,0,"- ","- ",37.577350000000003,-122.2581,"SAN MATEO","FOSTER CITY",-122.26801546999999,37.568393069999999
6805360,2015,2015-02-26,4109,2015-01-02,2008,13938,17,5,5,4,4109,0,0,0,,0,003,"WILLOW RD","HAMILTON AV",99.00,W,N,A,-,N,,,,,,,,,,N,3,0,1,2,A,-,01,23153,A,N,C,C,A,A,H,-,C,A,0,,,,,Y,Y,A,01,0,1,0,0,0,0,0,0,0,"- ","- ",,,"SAN MATEO","MENLO PARK",-122.15186,37.479590000000002
6805473,2015,2016-09-12,9330,2015-01-30,2050,020454,,5,2,9,4100,0,1,1,,2,054,"RT 280","RT 84",1584.00,S,N,A,-,Y,SM,4,280,-,R,3.040,H,-,S,Y,4,0,1,1,A,-,08,22107,,N,E,I,A,A,H,-,D,D,1,,,,,Y,,A,08,0,0,1,0,0,0,0,0,0,"- ","- ",,,"SAN MATEO",UNINCORPORATED,-122.23933563999999,37.431913119999997
6805476,2015,2016-09-12,9330,2015-01-29,1900,020467,,4,2,9,4100,0,1,1,,2,054,"RT 280","ALPINE RD",1848.00,N,N,A,-,Y,SM,4,280,-,R,0.410,H,-,N,Y,4,0,1,2,A,-,07,21658,A,M,B,C,A,A,H,-,D,D,1,,,,,Y,,-,99,0,0,1,0,0,0,0,0,0,"- ","- ",37.4116,-122.202,"SAN MATEO",UNINCORPORATED,-122.20077243999999,37.411214409999999
6806460,2015,2016-10-12,9330,2015-01-21,2125,020894,,3,2,4,4120,0,1,3,,1,035,"RT 92","FOSTER CITY BL",2640.00,E,N,A,-,Y,SM,4,92,-,R,14.110,H,-,E,Y,4,0,1,2,A,-,07,21658,A,M,E,I,A,A,D,E,D,D,4,,,,Y,Y,Y,F,26,0,0,1,0,0,0,0,0,0,"- ","- ",37.567779999999999,-122.26876,"SAN MATEO","FOSTER CITY",-122.26675566,37.569546189999997
6808030,2015,2015-02-25,4111,2015-01-09,0622,P5134,P15,5,5,4,4111,0,0,0,,0,0P3,"CRESPI DR","ANDORRA CT",211.00,S,N,A,-,N,,,,,,,,,,Y,4,0,1,2,A,-,04,21703,,N,C,C,A,A,H,-,B,D,0,,,,,Y,,A,01,0,0,1,0,0,0,0,0,0,"- ","- ",,,"SAN MATEO",PACIFICA,-122.48250313,37.597822780000001
6808031,2015,2015-02-25,4120,2015-01-15,0855,97,1,4,5,4,4120,0,0,0,,0,00X,"LURLINE DR","LURLINE DR 935",0.00,,Y,A,-,N,,,,,,,,,,N,4,0,1,2,A,-,21,22106,,N,C,B,F,A,H,-,A,D,0,Y,,,,Y,,A,07,0,0,1,0,1,0,0,0,0,"- ","- ",,,"SAN MATEO","FOSTER CITY",-122.25866585999999,37.556738039999999
6811050,2014,2015-02-13,4114,2014-12-13,1840,0037,SNB2,6,5,4,4114,0,0,0,,0,001,"SAN BRUNO AV E","2ND AV",5.00,E,N,A,-,N,,,,,,,,,,Y,2,0,1,2,A,-,10,21950,A,N,G,B,B,A,H,-,C,D,0,Y,,,,Y,,A,01,1,0,0,0,1,0,0,0,0,"- ","- ",,,"SAN MATEO","SAN BRUNO",-122.41033274,37.630830570000001
6811874,2015,2016-10-10,9330,2015-01-26,0930,20786,,1,1,5,4116,0,1,2,,2,038,"RT 101","3RD AV",750.00,N,N,A,-,Y,SM,4,101,-,-,27.460,H,-,S,Y,2,0,1,2,A,-,07,21658,A,N,B,C,A,A,H,-,A,D,0,,,Y,,Y,,A,01,1,0,0,0,0,0,0,0,1,"- ","- ",37.571129999999997,-122.31438,"SAN MATEO","SAN MATEO",-122.31438,37.571129999999997
6811878,2015,2016-10-06,9330,2015-01-30,1710,20593,,5,2,5,4113,0,1,2,,2,048,"RT 101","WHIPPLE AV",2640.00,S,N,A,-,Y,SM,4,101,-,-,6.120,H,-,N,Y,4,0,1,2,A,-,03,22350,,N,B,C,A,A,H,-,D,D,1,,,Y,,Y,,C,02,0,0,1,0,0,0,0,0,1,"- ","- ",37.494759999999999,-122.22736999999999,"SAN MATEO","REDWOOD CITY",-122.22442242,37.493818169999997
6812659,2014,2015-02-27,4117,2014-01-30,1906,14JP02,08AD,4,5,5,4117,0,0,0,,0,1906,"GRAND AV","MAPLE AV",208.00,E,N,A,-,N,,,,,,,,,,N,4,0,1,2,A,-,10,21950,A,N,G,B,C,A,H,-,C,D,0,Y,,,,Y,,A,01,0,0,1,0,1,0,0,0,0,"- ","- ",,,"SAN MATEO","SOUTH SAN FRANCISCO",-122.41181779999999,37.655546180000002
6812697,2015,2016-10-06,9335,2015-01-27,0554,13397,,2,3,6,4106,0,1,1,,2,021,"RT 280","RT 1",500.00,N,N,A,-,Y,SM,4,280,-,R,25.350,H,-,N,Y,4,0,1,2,A,-,08,22107,,N,E,I,A,A,H,-,C,D,1,,,,,Y,,A,07,0,0,1,0,0,0,0,0,0,"- ",TO,37.679839999999999,-122.47171,"SAN MATEO","DALY CITY",-122.47161036,37.678859889999998
6815628,2015,2016-10-06,9330,2015-02-02,1810,020106,,1,2,5,4113,0,1,2,,2,058,"RT 101","RT 84",75.00,S,N,A,-,Y,SM,4,101,-,-,5.380,H,-,S,N,2,0,1,1,A,-,08,22107,,N,E,I,A,A,H,-,D,D,1,,,,,Y,,D,22,1,0,0,0,0,0,0,0,0,"- ","- ",,,"SAN MATEO","REDWOOD CITY",-122.2128415,37.488867200000001
6815771,2015,2015-02-27,4111,2015-01-22,1220,P5136,P18,4,5,4,4111,0,0,0,,0,0P3,"ADOBE DR","LINDA MAR BL",9.00,S,N,A,-,N,,,,,,,,,,N,4,0,1,2,A,-,10,21950,A,N,G,B,B,A,H,-,A,A,0,Y,,,,Y,,A,01,0,0,1,0,1,0,0,0,0,"- ","- ",37.589019999999998,-122.49466,"SAN MATEO",PACIFICA,-122.49401032999999,37.588394649999998
6815953,2015,2015-03-18,4117,2015-02-01,1105,05RR05,11AQ,7,5,5,4117,0,0,0,,0,004,"WOODS CIR","HERITAGE ST",91.00,E,N,A,-,N,,,,,,,,,,N,3,0,3,2,A,-,21,22106,,N,B,C,A,A,H,-,A,D,0,,,,,Y,,A,01,0,1,2,0,0,0,0,0,0,"- ","- ",,,"SAN MATEO","SOUTH SAN FRANCISCO",-122.40901592,37.668386179999999
6815957,2015,2016-10-19,4117,2015-02-05,1756,04RC07,21AL,4,5,5,4117,0,0,0,,0,003,"RT 82","COSTCO DRIVEWAY",0.00,,Y,A,-,Y,SM,4,82,-,-,21.680,H,-,N,Y,4,0,2,2,A,-,12,21453,A,N,D,C,A,A,H,-,B,A,0,,,,,Y,,A,01,0,0,2,0,0,0,0,0,0,"- ","- ",37.651940000000003,-122.45193999999999,"SAN MATEO","SOUTH SAN FRANCISCO",-122.44850194999999,37.663919929999999
6816438,2015,2016-09-06,4114,2015-02-02,1911,0035,SNB32,1,5,4,4114,0,0,0,,0,003,"RT 35","SNEATH LN",0.00,,Y,A,-,Y,SM,4,35,-,-,24.852,I,5,N,N,3,0,1,2,D,-,00,,,N,D,C,A,A,H,-,C,A,0,,,,,Y,,-,"- ",0,1,0,0,0,0,0,0,0,"- ","- ",37.631740000000001,-122.45309,"SAN MATEO","SAN BRUNO",-122.44728005,37.624384569999997
6816597,2014,2015-03-09,4117,2014-12-31,1633,04JL03,06AC,3,5,5,4117,0,0,0,,0,004,"AIRPORT BL","BUTLER AV",0.00,,Y,A,-,N,,,,,,,,,,N,2,0,1,2,A,-,12,21453,A,N,G,B,B,A,H,-,B,A,0,Y,,,,Y,,I,09,1,0,0,0,1,0,0,0,0,"- ","- ",,,"SAN MATEO","SOUTH SAN FRANCISCO",-122.4010299,37.663109900000002
6818727,2015,2016-09-07,4100,2015-02-05,1858,19730,5A,4,5,3,4107,0,0,0,,0,076,"CABRILLO HWY","VAN NESS AV",0.00,,Y,A,-,Y,SM,4,1,-,-,27.320,H,-,S,Y,4,0,1,3,A,-,03,22350,,N,B,C,A,A,H,-,D,D,0,,,,,Y,,A,01,0,0,1,0,0,0,0,0,0,"- ","- ",,,"SAN MATEO","HALF MOON BAY",-122.42831674,37.444031850000002
6818734,2015,2016-10-10,9330,2015-02-10,1823,020646,,2,2,4,4115,0,1,2,,2,048,"RT 101","WHIPPLE AV",2500.00,N,N,A,-,Y,SM,4,101,-,-,7.090,H,-,N,Y,4,0,1,2,A,-,06,21750,,N,B,C,A,A,H,-,C,D,1,,,Y,,Y,,C,02,0,0,1,0,0,0,0,0,1,"- ","- ",37.396619999999999,-122.23318999999999,"SAN MATEO","SAN CARLOS",-122.2400882,37.499914820000001
6821404,2015,2016-09-26,9330,2015-02-10,1525,012628,,2,2,5,4116,0,1,1,,2,034,"RT 280","GOLF COURSE DR",2112.00,N,N,A,-,Y,SM,4,280,-,R,14.640,R,1,S,Y,4,0,2,2,A,-,03,22350,,N,C,C,A,A,H,-,A,D,1,,,,,Y,,A,07,0,0,2,0,0,0,0,0,0,"- ","- ",37.555540000000001,-122.37989,"SAN MATEO","SAN MATEO",-122.37705973,37.551978249999998
6821429,2015,2016-10-19,4102,2015-02-09,1046,65000,1,1,5,4,4102,0,0,0,,0,001,"RT 82","HARBOR BL",0.00,,Y,B,-,Y,SM,4,82,-,-,7.303,I,5,S,Y,4,0,2,2,A,-,12,21453,A,N,D,C,A,B,H,-,A,A,0,,,,,Y,,A,01,0,0,2,0,0,0,0,0,0,"- ","- ",37.524700000000003,-122.28128,"SAN MATEO",BELMONT,-122.27109316000001,37.516347930000002
6821617,2015,2015-03-10,4127,2015-02-06,1742,2211,4127,5,5,4,4127,0,0,0,,0,002,"ILLINOIS ST","PURDUE AV",308.00,E,N,C,-,N,,,,,,,,,,N,4,0,1,2,A,-,06,21751,,N,D,E,A,B,H,-,C,D,0,,,,,Y,,A,01,0,0,1,0,0,0,0,0,0,"- ","- ",,,"SAN MATEO","EAST PALO ALTO",-122.13488662,37.478405100000003
6822766,2015,2016-10-12,4100,2015-02-04,1714,15420,5D,3,5,3,4107,0,0,0,,0,007,"RT 92","SAN MATEO RD",0.00,,N,A,-,Y,SM,4,92,-,-,0.640,H,-,E,Y,4,0,1,1,A,-,01,23152,A,N,E,I,A,A,H,-,A,D,0,,,,,Y,Y,A,01,0,0,1,0,0,0,0,0,0,"- ","- ",,,"SAN MATEO","HALF MOON BAY",-122.42273898000001,37.470209619999999
6826613,2015,2016-10-19,4101,2015-02-15,1020,95AK01,,7,5,2,4101,0,0,0,,0,001,"EL CAMINO REAL","ALEJANDRA AV",10.00,S,N,A,-,Y,SM,4,82,-,-,1.390,H,-,S,Y,4,0,1,2,D,-,00,,,N,B,C,A,A,H,-,A,A,0,,,,,Y,,-,"- ",0,0,1,0,0,0,0,0,0,"- ","- ",,,"SAN MATEO",ATHERTON,-122.19257227,37.458331479999998
6827132,2015,2016-10-19,4114,2015-01-30,0715,0019,SNB3,5,5,4,4114,0,0,0,,0,001,"RT 82","CITATION AV",190.00,N,N,B,-,Y,SM,4,82,-,-,19.400,H,-,N,Y,4,0,1,1,A,-,03,22350,,N,E,I,A,A,H,-,A,A,0,,,,,Y,,A,01,0,0,1,0,0,0,0,0,0,"- ","- ",,,"SAN MATEO","SAN BRUNO",-122.42285371,37.639397160000001
6827334,2015,2016-04-29,9330,2015-02-02,1425,019960,,1,2,9,4100,0,1,3,,1,021,"OLD LA HONDA RD","RT 35",7920.00,W,N,A,-,N,,,,,,,,,,N,3,0,1,2,D,-,00,,,N,B,G,A,A,H,-,A,D,0,,Y,,,Y,,-,"- ",0,1,0,0,0,0,1,0,0,"- ","- ",,,"SAN MATEO",UNINCORPORATED,-122.2537154,37.359580690000001
6829333,2015,2015-04-16,4100,2015-03-15,0423,17940,MLB,7,5,3,4110,0,0,0,,0,062,"HELEN DR","SANDRA LN",46.00,W,N,A,-,N,,,,,,,,,,N,4,0,1,2,A,-,08,22107,,N,C,E,A,A,H,-,C,D,0,,,,,Y,,A,01,0,0,1,0,0,0,0,0,0,"- ","- ",,,"SAN MATEO",MILLBRAE,-122.40519868,37.601845910000002
6834579,2015,2016-05-06,4106,2015-01-07,1320,2031,5,3,5,6,4106,0,0,0,,0,003,"JUNIPERO SERRA BL","90TH ST",106.00,S,N,A,-,N,,,,,,,,,,Y,4,0,2,3,A,-,03,22350,,N,C,C,A,A,H,-,A,D,0,,,,,Y,,A,01,0,0,2,0,0,0,0,0,0,"- ","- ",,,"SAN MATEO","DALY CITY",-122.47099596,37.690818810000003
6834641,2015,2016-10-10,9330,2015-01-22,1820,20922,,4,2,5,4116,0,1,2,,2,038,"RT 101","PENNSYLVANIA AV",50.00,S,N,A,-,Y,SM,4,101,-,-,14.680,H,-,N,Y,4,0,1,3,A,-,01,23152,A,N,C,C,A,A,H,-,C,D,1,,,,,Y,Y,A,07,0,0,1,0,0,0,0,0,0,"- ","- ",37.583759999999998,-122.32781,"SAN MATEO","SAN MATEO",-122.32840631000001,37.584289230000003
6834730,2014,2016-02-29,4106,2014-12-27,1205,2031,4,6,5,6,4106,0,0,0,,0,003,"JUNIPERO SERRA BL","CITRUS AV",27.00,N,N,A,-,N,,,,,,,,,,Y,4,0,1,2,A,-,04,21703,,N,C,C,A,A,H,-,A,D,0,,,,,Y,,A,01,0,0,1,0,0,0,0,0,0,"- ","- ",,,"SAN MATEO","DALY CITY",-122.47076250000001,37.69768199
6835392,2015,2015-03-13,4127,2015-02-14,0107,2198,4127,6,5,4,4127,0,0,0,,0,003,"VERBENA DR","GARDENIA WY",341.00,E,N,A,-,N,,,,,,,,,,Y,3,0,1,3,A,-,01,23152,B,N,C,C,A,A,H,-,C,D,0,,,,,Y,Y,A,01,0,1,0,0,0,0,0,0,0,"- ","- ",,,"SAN MATEO","EAST PALO ALTO",-122.12904,37.45646
6835691,2015,2016-10-19,4114,2015-02-12,1315,0035,SNB8,4,5,4,4114,0,0,0,,0,002,"RT 82","SANTA LUCIA AV",83.00,S,N,A,-,Y,SM,4,82,-,-,17.510,H,-,S,N,3,0,1,3,A,-,03,22350,,N,C,A,A,A,H,-,A,D,0,,,,,Y,,A,01,0,1,0,0,0,0,0,0,0,"- ","- ",,,"SAN MATEO","SAN BRUNO",-122.40642994,37.615332029999998
6835723,2014,2016-06-24,4106,2014-11-14,1321,2031,4,5,5,6,4106,0,0,0,,0,003,"MISSION ST","HILLSIDE BL",82.00,S,N,B,-,Y,SM,4,82,-,-,24.840,H,-,N,N,4,0,1,2,A,-,03,22350,,N,C,C,A,A,H,-,A,D,0,,,,,Y,,A,01,0,0,1,0,0,0,0,0,0,"- ","- ",,,"SAN MATEO","DALY CITY",-122.46237341,37.704856399999997
6835726,2014,2016-06-24,4106,2014-11-28,2057,2065,4,5,5,6,4106,0,0,0,,0,003,"MISSION ST","HILLCREST DR",0.00,,Y,A,-,Y,SM,4,82,-,-,24.910,I,5,N,N,4,0,1,2,A,-,10,21950,A,F,G,B,B,A,H,-,C,A,0,Y,,,,Y,,-,99,0,0,1,0,1,0,0,0,0,"- ","- ",,,"SAN MATEO","DALY CITY",-122.46162221,37.705713940000003
6835728,2014,2016-06-24,4106,2014-11-14,1320,2031,4,5,5,6,4106,0,0,0,,0,003,"MISSION ST","HILLSIDE BL",67.00,S,N,B,-,Y,SM,4,82,-,-,24.840,H,-,N,Y,4,0,1,2,A,-,03,22350,,N,C,C,A,A,H,-,A,D,0,,,,,Y,,A,01,0,0,1,0,0,0,0,0,0,"- ","- ",,,"SAN MATEO","DALY CITY",-122.46237341,37.704856399999997
6836167,2015,2016-09-12,9330,2015-02-13,1609,019764,,5,2,3,4110,0,1,1,,2,034,"RT 280","MILLBRAE AV",800.00,S,N,A,-,Y,SM,4,280,-,R,17.664,R,2,N,Y,4,0,1,1,A,-,03,22350,,N,E,I,A,A,H,-,A,D,1,,,,,Y,,A,01,0,0,1,0,0,0,0,0,0,TO,"- ",37.5871,-122.40969,"SAN MATEO",MILLBRAE,-122.40915031,37.586442310000002
6836194,2015,2016-09-13,9330,2015-02-06,1105,019478,,5,1,9,4100,0,1,1,,2,044,"RT 280","EDGEWOOD RD",528.00,N,N,C,-,Y,SM,4,280,-,-,6.790,H,-,N,Y,3,0,1,1,A,-,01,23152,A,N,E,I,A,B,H,-,A,A,1,,,,,Y,Y,A,01,0,1,0,0,0,0,0,0,0,"- ","- ",,,"SAN MATEO",UNINCORPORATED,-122.29336573,37.470043410000002
6837257,2015,2016-10-13,4109,2015-02-06,1101,145413,18,5,5,4,4109,0,0,0,,0,003,"BAYFRONT EXPWY","UNIVERSITY AV",10.00,E,N,C,-,Y,SM,4,84,-,R,28.200,H,-,S,N,4,0,1,2,A,-,03,22350,,N,C,C,A,B,H,-,A,A,0,,,,,Y,,D,22,0,0,1,0,0,0,0,0,0,"- ","- ",37.493789999999997,-122.13799,"SAN MATEO","MENLO PARK",-122.14281305,37.486410229999997
6837443,2015,2015-03-19,4109,2015-02-11,1821,14592,30,3,5,4,4109,0,0,0,,0,001,"ALPINE RD","SAND HILL RD",217.00,S,N,A,-,N,,,,,,,,,,N,4,0,1,2,A,-,03,22350,,N,C,C,A,A,H,-,C,A,0,,,,,Y,,A,01,0,0,1,0,0,0,0,0,0,"- ","- ",37.42559,-122.19189,"SAN MATEO","MENLO PARK",,
6837648,2015,2015-03-18,4114,2015-02-17,0605,0036,SNB5,2,5,4,4114,0,0,0,,0,001,"SAN BRUNO AV WEST","HENSLEY AV",0.00,,Y,A,-,N,,,,,,,,,,N,2,0,1,2,A,-,10,21950,A,N,G,B,B,A,H,-,C,D,0,Y,,,,Y,,A,01,1,0,0,0,1,0,0,0,0,"- ","- ",,,"SAN MATEO","SAN BRUNO",-122.41591999000001,37.62907998
6838183,2015,2016-09-23,4117,2015-01-06,1752,14JR10,01AK,2,5,5,4117,0,0,0,,0,001,"SOUTH AIRPORT BL","RT 380",0.00,,Y,A,-,Y,SM,4,380,-,-,6.488,R,4,W,N,4,0,1,2,A,-,10,21954,B,N,G,B,E,A,H,-,C,A,0,Y,,,,Y,,A,01,0,0,1,0,1,0,0,0,0,"- ","- ",,,"SAN MATEO","SOUTH SAN FRANCISCO",-122.40231359000001,37.63740739
6840320,2015,2016-10-06,9330,2015-03-10,1520,20489,,2,2,5,4113,0,1,2,,2,058,"RT 101","MARSH RD",2640.00,N,N,A,-,Y,SM,4,101,-,-,4.090,H,-,N,Y,3,0,1,4,A,-,03,22350,,F,C,C,A,A,H,-,A,D,1,,,,,Y,,A,01,0,1,0,0,0,0,0,0,0,"- ","- ",37.485500000000002,-122.18785,"SAN MATEO","REDWOOD CITY",-122.18942859000001,37.485582970000003
6840604,2015,2015-03-20,4111,2015-02-22,1157,P5124,P18,7,5,4,4111,0,0,0,,0,0P3,"LINDA MAR BL","PERALTA RD",13.00,E,N,A,-,N,,,,,,,,,,N,3,0,1,1,B,-,22,,,N,F,A,A,A,H,-,A,A,0,,,Y,,Y,,-,"- ",0,1,0,0,0,0,0,0,1,"- ","- ",,,"SAN MATEO",PACIFICA,-122.49733576,37.591143969999997
6840739,2015,2015-03-25,4100,2015-02-22,1610,19620,21,7,5,4,4115,0,0,0,,0,005,"HOLLY ST","OLD COUNTY RD",0.00,,Y,A,-,N,,,,,,,,,,Y,4,0,1,2,A,-,12,22450,,N,D,C,A,A,H,-,A,A,0,,,,,Y,,D,22,0,0,1,0,0,0,0,0,0,"- ","- ",,,"SAN MATEO","SAN CARLOS",-122.26114986,37.50907995
6841526,2015,2015-03-23,4100,2015-02-15,1010,13840,4100,7,5,2,4118,0,0,0,,0,030,"CANADA RD","RUNNYMEDE RD",135.00,N,N,A,-,N,,,,,,,,,,Y,3,0,1,1,A,-,06,21750,A,N,H,G,A,A,H,-,A,D,0,,Y,,,Y,,L,04,0,1,0,0,0,0,1,0,0,"- ","- ",,,"SAN MATEO",WOODSIDE,-122.26920330999999,37.444104959999997
6842044,2015,2016-09-12,9335,2015-03-16,0655,018053,,1,1,5,4117,0,1,1,,2,020,"RT 280","WESTBOROUGH BL",792.00,S,N,A,-,Y,SM,4,280,-,R,22.470,H,-,S,Y,4,0,1,3,A,-,03,22350,,M,C,C,A,A,H,-,A,D,1,,,,,Y,,-,99,0,0,1,0,0,0,0,0,0,"- ","- ",37.643279999999997,-122.44665999999999,"SAN MATEO","SOUTH SAN FRANCISCO",-122.44731732,37.643676200000002
6842585,2015,2015-03-26,4100,2015-01-05,0627,18640,27,1,5,4,4115,0,0,0,,0,005,"HOLLY ST","INDUSTRIAL RD",695.00,W,N,A,-,N,,,,,,,,,,Y,4,0,1,2,A,-,05,21460,A,N,A,E,A,A,H,-,C,D,0,,,,,Y,,A,01,0,0,1,0,0,0,0,0,0,"- ","- ",,,"SAN MATEO","SAN CARLOS",-122.25957280999999,37.510656269999998
6842589,2015,2016-09-27,4100,2015-01-18,1804,16330,1F,7,5,2,4118,0,0,0,,0,030,"RT 84","SKYWOOD WY",0.00,,N,A,-,Y,SM,4,84,-,-,15.970,H,-,N,Y,3,0,1,1,A,-,03,22350,,N,E,I,A,A,H,-,D,D,0,,,Y,,Y,,C,02,0,1,0,0,0,0,0,0,1,"- ","- ",37.233499999999999,-122.1538,"SAN MATEO",WOODSIDE,-122.26058641,37.393036770000002
6843434,2015,2015-03-13,4104,2015-02-20,2206,0237,1,5,5,4,4104,0,0,0,,0,00A,"CALIFORNIA DR","HOWARD AV",0.00,,Y,A,-,N,,,,,,,,,,N,4,0,1,2,A,-,09,21801,A,N,D,C,A,A,H,-,C,A,0,,,,,Y,,A,01,0,0,1,0,0,0,0,0,0,"- ","- ",37.578919999999997,-122.34345,"SAN MATEO",BURLINGAME,-122.34345991000001,37.578799920000002
6844138,2015,2016-10-19,9330,2015-02-28,0545,20337,,6,3,9,4100,0,1,3,,1,020,"RT 84","RT 1",0.00,,Y,B,-,Y,SM,4,84,-,-,18.189,I,5,S,Y,3,0,1,1,A,-,03,22350,,N,-,I,A,B,H,-,D,D,0,,,,,Y,,D,22,0,1,0,0,0,0,0,0,0,"- ","- ",37.324480000000001,-122.40002,"SAN MATEO",UNINCORPORATED,-122.25641830000001,37.405147560000003
6844368,2015,2016-09-13,9330,2015-03-01,1649,020761,,7,2,9,4100,0,1,3,,1,021,"RT 84","RT 35",1320.00,W,N,A,-,Y,SM,4,84,-,-,14.700,H,-,S,Y,4,0,2,2,A,-,03,22350,,N,C,C,A,A,H,-,A,D,0,,,Y,,Y,,C,02,0,0,2,0,0,0,0,0,2,"- ","- ",37.38259,-122.26469,"SAN MATEO",UNINCORPORATED,-122.26691207,37.384721450000001
6844718,2015,2016-09-12,9330,2015-02-21,0215,020579,,6,3,9,4100,0,1,1,,2,054,"RT 280","SAND HILL RD",1056.00,N,N,A,-,Y,SM,4,280,-,R,1.810,H,-,N,N,3,0,1,2,A,-,01,23152,A,M,C,C,A,A,H,-,D,D,1,,,,,Y,Y,A,01,0,1,0,0,0,0,0,0,0,"- ","- ",37.427549999999997,-122.23281,"SAN MATEO",UNINCORPORATED,-122.22234089,37.420043319999998
6844763,2015,2016-09-23,9335,2015-02-28,1916,020132,,6,2,4,4114,0,1,1,,2,038,"RT 380","EL CAMINO REAL",50.00,W,N,B,-,Y,SM,4,380,-,-,5.440,H,-,E,Y,4,0,1,2,A,-,08,22107,,N,D,C,A,B,H,-,C,D,1,,,,,Y,,A,08,0,0,1,0,0,0,0,0,0,"- ","- ",37.632730000000002,-122.41932,"SAN MATEO","SAN BRUNO",-122.41940841,37.63269056
6846275,2015,2016-10-14,9335,2015-02-27,1550,20889,,5,2,9,4100,0,1,2,,2,011,"RT 101","MILLBRAE AV",2535.00,N,N,A,-,Y,SM,4,101,-,-,18.470,H,-,S,N,4,0,1,3,A,-,03,22350,,N,C,C,A,A,H,-,A,D,1,,,,,Y,,A,01,0,0,1,0,0,0,0,0,0,"- ","- ",37.608840000000001,-122.39004,"SAN MATEO",UNINCORPORATED,-122.38744857,37.60700112