CASE_ID,ACCIDENT_YEAR,PROC_DATE,JURIS,COLLISION_DATE,COLLISION_TIME,OFFICER_ID,REPORTING_DISTRICT,DAY_OF_WEEK,CHP_SHIFT,POPULATION,CNTY_CITY_LOC,SPECIAL_COND,BEAT_TYPE,CHP_BEAT_TYPE,CITY_DIVISION_LAPD,CHP_BEAT_CLASS,BEAT_NUMBER,PRIMARY_RD,SECONDARY_RD,DISTANCE,DIRECTION,INTERSECTION,WEATHER_1,WEATHER_2,STATE_HWY_IND,CALTRANS_COUNTY,CALTRANS_DISTRICT,STATE_ROUTE,ROUTE_SUFFIX,POSTMILE_PREFIX,POSTMILE,LOCATION_TYPE,RAMP_INTERSECTION,SIDE_OF_HWY,TOW_AWAY,COLLISION_SEVERITY,NUMBER_KILLED,NUMBER_INJURED,PARTY_COUNT,PRIMARY_COLL_FACTOR,PCF_CODE_OF_VIOL,PCF_VIOL_CATEGORY,PCF_VIOLATION,PCF_VIOL_SUBSECTION,HIT_AND_RUN,TYPE_OF_COLLISION,MVIW,PED_ACTION,ROAD_SURFACE,ROAD_COND_1,ROAD_COND_2,LIGHTING,CONTROL_DEVICE,CHP_ROAD_TYPE,PEDESTRIAN_ACCIDENT,BICYCLE_ACCIDENT,MOTORCYCLE_ACCIDENT,TRUCK_ACCIDENT,NOT_PRIVATE_PROPERTY,ALCOHOL_INVOLVED,STWD_VEHTYPE_AT_FAULT,CHP_VEHTYPE_AT_FAULT,COUNT_SEVERE_INJ,COUNT_VISIBLE_INJ,COUNT_COMPLAINT_PAIN,COUNT_PED_KILLED,COUNT_PED_INJURED,COUNT_BICYCLIST_KILLED,COUNT_BICYCLIST_INJURED,COUNT_MC_KILLED,COUNT_MC_INJURED,PRIMARY_RAMP,SECONDARY_RAMP,LATITUDE,LONGITUDE,COUNTY,CITY,POINT_X,POINT_Y
8067457,2016,2017-02-17,4109,2016-04-12,1835,14048,18,2,5,4,4109,0,0,0,,0,003,"RT 84","UNIVERSITY DR",0.00,,Y,A,-,Y,SM,4,84,-,R,28.194,I,5,N,Y,3,0,1,2,A,-,"- ",,,N,D,C,A,A,H,-,A,A,0,,,Y,,Y,,-,"- ",0,1,0,0,0,0,0,0,1,"- ","- ",37.452959999999997,-122.18172,"SAN MATEO","MENLO PARK",-122.14280783,37.486186359999998
8067477,2016,2016-07-05,4109,2016-04-26,0830,14451,27,2,5,4,4109,0,0,0,,0,001,"VALPARAISO AV","POLITZER DR",0.00,,Y,B,-,N,,,,,,,,,,N,4,0,1,2,A,-,05,21650,1,N,H,G,A,A,H,-,A,A,0,,Y,,,Y,,L,04,0,0,1,0,0,0,1,0,0,"- ","- ",37.452959999999997,-122.18172,"SAN MATEO","MENLO PARK",-122.19872992000001,37.442559879999997
8069010,2016,2016-06-29,4113,2016-06-12,1905,447,3,7,5,5,4113,0,0,0,,0,003,"CHESTNUT ST","MAIN ST",0.00,,Y,A,-,N,,,,,,,,,,N,2,0,1,2,A,-,09,21801,A,N,A,C,A,A,H,-,A,A,0,,,,,Y,,D,22,1,0,0,0,0,0,0,0,0,"- ","- ",37.479289999999999,-122.22366,"SAN MATEO","REDWOOD CITY",-122.22365995,37.479299910000002
8069062,2016,2016-06-28,4113,2016-06-12,1556,389,6,7,5,5,4113,0,0,0,,0,006,"JEFFERSON AV","ADAMS ST",15.00,W,N,A,-,N,,,,,,,,,,N,4,0,1,2,A,-,03,22350,,N,H,G,A,A,E,-,A,D,0,,Y,,,Y,,A,01,0,0,1,0,0,0,1,0,0,"- ","- ",37.481850000000001,-122.23196,"SAN MATEO","REDWOOD CITY",-122.23165222999999,37.481747769999998
8069066,2016,2016-06-28,4113,2016-06-13,1922,295,3,1,5,5,4113,0,0,0,,0,003,"MIDDLEFIELD RD","CASSIA ST",0.00,,Y,A,-,N,,,,,,,,,,Y,4,0,1,2,A,-,09,21802,A,N,D,C,A,A,H,-,A,A,0,,,,,Y,,A,01,0,0,1,0,0,0,0,0,0,"- ","- ",37.483600000000003,-122.22479,"SAN MATEO","REDWOOD CITY",-122.22479994,37.483609899999998
8069070,2016,2016-06-28,4113,2016-06-09,2038,295,3,4,5,5,4113,0,0,0,,0,003,"BAY RD","WOODSIDE RD",135.00,N,N,A,-,N,,,,,,,,,,Y,4,0,1,2,A,-,09,21804,A,N,D,C,A,A,H,-,C,D,0,,,,,Y,,A,01,0,0,1,0,0,0,0,0,0,"- ","- ",,,"SAN MATEO","REDWOOD CITY",-122.21518081000001,37.485442020000001
8069307,2016,2016-07-11,4113,2016-06-01,0000,428,1,3,5,5,4113,0,0,0,,0,001,"BRIDGE PKWY","MARINE PKWY",0.00,,Y,-,-,N,,,,,,,,,,N,4,0,1,3,-,-,"- ",,,N,-,-,A,-,-,-,-,-,0,,,,,Y,,-,"- ",0,0,1,0,0,0,0,0,0,"- ","- ",37.530990000000003,-122.2576,"SAN MATEO","REDWOOD CITY",-122.25764986,37.530839899999997
8071201,2016,2016-07-11,4109,2016-05-02,0718,14916,17,1,5,4,4109,0,0,0,,0,003,"DEL NORTE AV","TERMINAL AV",72.00,W,N,A,-,N,,,,,,,,,,Y,4,0,1,1,A,-,08,22107,,N,E,I,A,A,H,-,A,D,0,,,,,Y,,A,01,0,0,1,0,0,0,0,0,0,"- ","- ",37.477969999999999,-122.16755999999999,"SAN MATEO","MENLO PARK",-122.1671372,37.47812862
8072760,2016,2017-05-22,4116,2016-04-08,0828,19520,4100,5,5,5,4116,0,0,0,,0,NORTH,"4TH AV","RAILROAD AV",0.00,,Y,B,-,N,,,,,,,,,,N,3,0,1,2,A,-,12,22451,A,N,E,I,F,A,H,-,A,A,0,Y,,,,Y,,D,22,0,1,0,0,1,0,0,0,0,"- ","- ",,,"SAN MATEO","SAN MATEO",-122.32089997,37.565229960000003
8072809,2016,2017-02-11,4100,2016-05-08,1124,18870,5T,7,5,3,4110,0,0,0,,0,062,"EL CAMINO REAL","MEADOW GLEN",313.00,S,N,A,-,Y,SM,4,82,-,-,17.020,H,-,N,N,3,0,1,2,A,-,07,21658,A,N,C,C,A,A,H,-,A,A,0,,,Y,,Y,,C,03,0,1,0,0,0,0,0,0,1,"- ","- ",,,"SAN MATEO",MILLBRAE,-122.40092747,37.60978489
8074850,2016,2016-07-06,4111,2016-06-15,1608,P5015,P07,3,5,4,4111,0,0,0,,0,0P2,"FRANCISCO BL","SANTA ROSA AV",15.00,E,N,A,-,N,,,,,,,,,,Y,4,0,1,2,A,-,12,22450,,N,D,C,A,A,H,-,A,A,0,,,,,Y,,A,01,0,0,1,0,0,0,0,0,0,"- ","- ",,,"SAN MATEO",PACIFICA,-122.49005,37.633389999999999
8075153,2016,2016-08-01,4101,2016-07-14,1858,14JR03,,4,5,2,4101,0,0,0,,0,004,"ALAMEDA DE LAS PULGAS","WALSH RD",0.00,,Y,A,-,N,,,,,,,,,,N,3,0,1,2,A,-,09,21801,A,N,H,G,A,A,H,-,A,D,0,,Y,,,Y,,A,01,0,1,0,0,0,0,1,0,0,"- ","- ",37.437449999999998,-122.2132,"SAN MATEO",ATHERTON,-122.21313994,37.437369920000002
8076270,2016,2016-07-11,4113,2016-06-05,1048,426,3,7,5,5,4113,0,0,0,,0,003,"STAMBAUGH ST","BUCKEYE ST",30.00,N,N,A,-,N,,,,,,,,,,N,4,0,1,2,A,-,04,21703,,N,C,G,A,A,H,-,A,D,0,,Y,,,Y,,L,04,0,0,1,0,0,0,1,0,0,"- ","- ",,,"SAN MATEO","REDWOOD CITY",-122.21959046000001,37.482409939999997
8076271,2016,2016-07-11,4113,2016-06-17,0845,320,3,5,5,5,4113,0,0,0,,0,003,"MAIN ST","PINE ST",0.00,,Y,A,-,N,,,,,,,,,,N,4,0,1,2,A,-,09,21803,A,N,H,G,A,A,H,-,A,A,0,,Y,,,Y,,-,,0,0,1,0,0,0,1,0,0,"- ","- ",37.479289999999999,-122.22366,"SAN MATEO","REDWOOD CITY",-122.22317991,37.47849995
8079694,2016,2016-08-02,4113,2016-07-20,1908,415,4,3,5,5,4113,0,0,0,,0,004,"MIDDLEFIELD RD","WILLOW ST",0.00,,Y,A,-,N,,,,,,,,,,N,4,0,1,2,A,-,12,21453,A,N,H,G,A,A,H,-,A,A,0,,Y,,,Y,,A,01,0,0,1,0,0,0,1,0,0,"- ","- ",37.47974,-122.2141,"SAN MATEO","REDWOOD CITY",-122.21704995,37.480099899999999
8079718,2016,2016-08-02,4113,2016-07-24,0255,424,4,7,5,5,4113,0,0,0,,0,004,BROADWAY,"MILLS RD",75.00,S,N,A,-,N,,,,,,,,,,Y,4,0,1,2,A,-,01,23153,,N,C,E,A,A,H,-,C,D,0,,,,,Y,Y,A,01,0,0,1,0,0,0,0,0,0,"- ","- ",37.486530000000002,-122.20901000000001,"SAN MATEO","REDWOOD CITY",-122.20861582000001,37.486152220000001
8079722,2016,2016-08-02,4113,2016-07-10,1315,383,5,7,5,5,4113,0,0,0,,0,005,"WOODSIDE RD","HESS RD",18.00,W,N,A,-,N,,,,,,,,,,N,3,0,1,2,A,-,10,21950,A,N,H,G,A,A,H,-,A,A,0,,Y,,,Y,,A,01,0,1,0,0,0,0,1,0,0,"- ","- ",,,"SAN MATEO","REDWOOD CITY",-122.22312114,37.471461349999998
8082061,2016,2016-07-14,4100,2016-07-05,1439,18640,OB,2,5,4,4115,0,0,0,,0,002,"CLIFFORD AV","UTILITY POLE",65.00,S,N,A,-,N,,,,,,,,,,N,3,0,1,2,A,-,11,21950,B,N,G,B,D,A,H,-,A,D,0,Y,,,,Y,,N,60,0,1,0,0,1,0,0,0,0,"- ","- ",,,"SAN MATEO","SAN CARLOS",,
8082155,2016,2016-07-13,4106,2016-05-13,2300,2104,5,5,5,6,4106,0,0,0,,0,003,"87TH ST","SULLIVAN AV",0.00,,Y,A,-,N,,,,,,,,,,Y,4,0,2,2,A,-,12,22450,A,N,D,C,A,A,H,-,C,A,0,,,,,Y,,A,01,0,0,2,0,0,0,0,0,0,"- ","- ",37.693260000000002,-122.47224,"SAN MATEO","DALY CITY",-122.47221988,37.693269890000003
8083634,2016,2016-07-19,4106,2016-03-12,1809,2066,8A,6,5,6,4106,0,0,0,,0,004,"SOUTHGATE AV","SOUTHGATE AV 99",0.00,,N,C,-,N,,,,,,,,,,N,4,0,1,2,A,-,21,22106,,N,G,B,F,B,G,-,A,D,0,Y,,,,Y,,A,01,0,0,1,0,1,0,0,0,0,"- ","- ",37.697400000000002,-122.48213,"SAN MATEO","DALY CITY",-122.48235404,37.697857050000003
8083835,2016,2016-07-26,4100,2016-06-16,1327,13150,4100,4,5,3,4110,0,0,0,,0,061,"MILLBRAE AV","MCDONNELL DR",134.00,W,N,A,-,N,,,,,,,,,,N,4,0,1,2,A,-,03,22350,,N,C,C,A,A,H,-,A,A,0,,,,,Y,,A,01,0,0,1,0,0,0,0,0,0,"- ","- ",,,"SAN MATEO",MILLBRAE,-122.37739792000001,37.604484499999998
8083984,2016,2017-02-18,4109,2016-05-20,0920,15031,26,5,5,4,4109,0,0,0,,0,001,"OAK GROVE AV","RT 82",30.00,E,N,A,-,Y,SM,4,82,-,-,0.863,I,6,N,N,3,0,1,2,A,-,08,22107,,F,G,B,E,A,D,-,A,D,0,Y,,,,Y,Y,A,01,0,1,0,0,1,0,0,0,0,"- ","- ",37.454250000000002,-122.18445,"SAN MATEO","MENLO PARK",-122.18441514,37.45427093
8085009,2016,2017-02-09,4111,2016-06-12,1350,P5143,P12,7,5,4,4111,0,0,0,,0,0P2,"RT 1","REINA DEL MAR AV",1077.00,S,N,A,-,Y,SM,4,1,-,R,42.380,H,-,S,N,4,0,3,3,A,-,04,21703,,N,C,C,A,A,H,-,A,D,0,,,,,Y,,A,07,0,0,3,0,0,0,0,0,0,"- ","- ",,,"SAN MATEO",PACIFICA,-122.49005617,37.612006260000001
8085172,2016,2016-07-19,4100,2016-06-27,0859,25103,38,1,5,4,4115,0,0,0,,0,005,"CRESTVIEW DR","LA MESA DR",0.00,,Y,A,-,N,,,,,,,,,,Y,4,0,1,2,A,-,12,22450,,N,D,C,A,A,H,-,A,A,0,,,,,Y,,A,08,0,0,1,0,0,0,0,0,0,"- ","- ",,,"SAN MATEO","SAN CARLOS",-122.28266988,37.481229910000003
8085284,2016,2017-01-23,4109,2016-07-02,0007,14658,17,6,5,4,4109,0,0,0,,0,003,"RT 84","CHRYSLER DR",0.00,,N,A,-,Y,SM,4,84,-,R,26.320,I,5,N,Y,4,0,1,2,A,-,03,22350,,N,C,C,A,A,H,-,C,A,0,,,,,Y,,A,01,0,0,1,0,0,0,0,0,0,"- ","- ",37.483080000000001,-122.17516000000001,"SAN MATEO","MENLO PARK",-122.17402254,37.485298319999998
8085807,2016,2016-07-22,4113,2016-07-14,1455,440,4,4,5,5,4113,0,0,0,,0,004,BROADWAY,"CHARTER ST",90.00,S,N,A,-,N,,,,,,,,,,Y,4,0,1,2,A,-,07,21658,A,N,B,C,A,A,H,-,A,D,0,,,,,Y,,I,11,0,0,1,0,0,0,0,0,0,"- ","- ",,,"SAN MATEO","REDWOOD CITY",-122.21080483,37.486505340000001
8085831,2016,2016-07-22,4113,2016-06-23,0955,359,4,4,5,5,4113,0,0,0,,0,004,"MIDDLEFIELD RD","WILLOW ST",0.00,,Y,A,-,N,,,,,,,,,,Y,2,0,1,3,A,-,08,22107,,N,H,C,A,A,H,-,A,A,0,,,,,Y,,I,11,1,0,0,0,0,0,0,0,0,"- ","- ",37.480119999999999,-122.21706,"SAN MATEO","REDWOOD CITY",-122.21704995,37.480099899999999
8085927,2016,2016-07-25,4113,2016-06-27,1624,384,4,1,5,5,4113,0,0,0,,0,004,BROADWAY,DOUGLAS,0.00,,Y,A,-,N,,,,,,,,,,Y,3,0,1,2,A,-,12,22450,A,N,H,C,A,A,H,-,A,A,0,,,,,Y,,A,01,0,1,0,0,0,0,0,0,0,"- ","- ",,,"SAN MATEO","REDWOOD CITY",-122.20711986000001,37.485919950000003
8086165,2016,2017-02-09,4111,2016-06-27,0017,P5133,P14,1,5,4,4111,0,0,0,,0,0P3,"CABRILLO HWY","LINDA MAR BL",1231.00,S,N,A,-,Y,SM,4,1,-,-,40.730,H,-,S,Y,4,0,1,1,A,-,03,22350,,N,F,A,A,A,H,-,C,D,0,,,,,Y,,A,01,0,0,1,0,0,0,0,0,0,"- ","- ",,,"SAN MATEO",PACIFICA,-122.50587313,37.593183439999997
8086197,2016,2016-08-02,4113,2016-05-10,2155,442,4,2,5,5,4113,0,0,0,,0,004,"ROLISON RD","5TH AV",0.00,,Y,A,-,N,,,,,,,,,,N,4,0,1,3,C,-,18,,,N,B,E,A,A,H,-,C,D,0,,,,,Y,,-,"- ",0,0,1,0,0,0,0,0,0,"- ","- ",37.4861,-122.19631,"SAN MATEO","REDWOOD CITY",-122.1963099,37.486099979999999
8088508,2016,2016-09-20,4100,2016-04-12,1924,25090,,2,5,2,4118,0,0,0,,0,,"LAKEVIEW WY","LGTPL S4216",350.00,S,N,B,-,N,,,,,,,,,,Y,4,0,1,2,A,-,05,21650,,F,D,C,A,A,E,-,C,D,0,,,,,Y,,-,,0,0,1,0,0,0,0,0,0,"- ","- ",,,"SAN MATEO",WOODSIDE,,
8089293,2016,2016-09-16,4106,2016-07-29,0000,2035,4,5,5,6,4106,0,0,0,,0,003,"MIRIAM ST","PARKVIEW AVE",23.00,N,N,A,-,N,,,,,,,,,,N,2,0,1,7,C,-,18,,,N,H,J,E,A,H,-,A,D,0,Y,,,,Y,,-,"- ",1,0,0,0,1,0,0,0,0,"- ","- ",37.701949999999997,-122.46498,"SAN MATEO","DALY CITY",-122.46535,37.70133319
8091883,2016,2017-02-04,4109,2016-04-02,1938,14494,26,6,5,4,4109,0,0,0,,0,001,"RT 82","CAMBRIDGE AV",0.00,,Y,A,-,Y,SM,4,82,-,-,0.167,I,5,N,N,3,0,1,2,A,-,12,21453,A,N,H,G,A,A,H,-,B,A,0,,Y,,,Y,Y,L,04,0,1,0,0,0,0,1,0,0,"- ","- ",37.44849,-122.17406,"SAN MATEO","MENLO PARK",-122.17410013999999,37.448451939999998
8091887,2016,2016-08-01,4109,2016-04-04,1553,14437,17,1,5,4,4109,0,0,0,,0,003,"HAMILTON AV","PLUMAS AV",0.00,,Y,A,-,N,,,,,,,,,,N,4,0,1,2,A,-,12,22450,A,N,H,G,A,A,H,-,A,A,0,,Y,,,Y,,L,04,0,0,1,0,0,0,1,0,0,"- ","- ",37.476750000000003,-122.16506,"SAN MATEO","MENLO PARK",-122.16504990999999,37.476739989999999
8092518,2016,2016-07-26,4113,2016-05-03,0000,359,11,2,5,5,4113,0,0,0,,0,003,"MARSHALL ST","MAIN ST",0.00,,Y,A,-,N,,,,,,,,,,Y,4,0,1,2,A,-,12,21453,A,N,B,C,A,A,H,-,A,A,0,,,,,Y,,A,01,0,0,1,0,0,0,0,0,0,"- ","- ",37.487670000000001,-122.22638999999999,"SAN MATEO","REDWOOD CITY",-122.2263899,37.48766998
8093814,2016,2016-07-26,4114,2016-06-10,1958,0917,SNB17,5,5,4,4114,0,0,0,,0,001,"SAN BRUNO AV WEST","CHERRY AV",0.00,,Y,A,-,N,,,,,,,,,,Y,4,0,1,2,A,-,09,21453,C,N,D,C,A,A,H,-,B,A,0,,,,,Y,,A,01,0,0,1,0,0,0,0,0,0,"- ","- ",,,"SAN MATEO","SAN BRUNO",-122.42440999,37.62591991
8094621,2016,2017-03-02,4114,2016-07-21,1521,0917,SNB4,4,5,4,4114,0,0,0,,0,001,"RT 82","SNEATH LN",0.00,,Y,A,-,Y,SM,4,82,-,-,19.209,I,6,N,N,4,0,1,2,A,-,03,22350,,N,C,C,A,A,H,-,A,A,0,,,,,Y,,A,01,0,0,1,0,0,0,0,0,0,"- ","- ",,,"SAN MATEO","SAN BRUNO",-122.42137796,37.636865370000002
8096393,2016,2016-08-08,4109,2016-05-27,1922,14485,17,5,5,4,4109,0,0,0,,0,003,"NEWBRIDGE ST","MADERA AV",0.00,,Y,A,-,N,,,,,,,,,,Y,3,0,1,2,A,-,12,22450,A,N,H,G,A,A,H,-,B,A,0,,Y,,,Y,,L,04,0,1,0,0,0,0,1,0,0,"- ","- ",37.473520000000001,-122.15665,"SAN MATEO","MENLO PARK",-122.15664999000001,37.473519920000001
8098391,2016,2017-01-23,4100,2016-07-18,1607,19910,MLB,1,5,3,4110,0,0,0,,0,061,"EL CAMINO REAL","MILLBRAE AV",0.00,,Y,A,-,Y,SM,4,82,-,-,15.960,H,-,S,N,4,0,2,3,A,-,03,22350,,N,C,C,A,A,H,-,A,A,0,,,,,Y,,A,01,0,0,2,0,0,0,0,0,0,"- ","- ",,,"SAN MATEO",MILLBRAE,-122.38755519,37.598665930000003
8098654,2016,2017-03-02,4109,2016-07-21,1822,14494,26,4,5,4,4109,0,0,0,,0,001,"RT 82","MIDDLE AV",100.00,S,N,A,-,Y,SM,4,82,-,-,0.370,H,-,N,Y,3,0,1,2,A,-,07,21658,A,N,B,C,A,A,H,-,A,A,0,,,Y,,Y,,C,02,0,1,0,0,0,0,0,0,1,"- ","- ",37.450510000000001,-122.17712,"SAN MATEO","MENLO PARK",-122.17696114,37.45031693
8098702,2016,2016-08-08,4109,2016-06-04,1616,14916,26,6,5,4,4109,0,0,0,,0,001,"SANTA CRUZ AV","UNIVERSITY DR",84.00,E,N,A,-,N,,,,,,,,,,N,4,0,1,2,A,-,21,22106,,N,C,C,A,A,H,-,A,A,0,,,,,Y,,A,01,0,0,1,0,0,0,0,0,0,"- ","- ",37.450159999999997,-122.18613000000001,"SAN MATEO","MENLO PARK",-122.18621708000001,37.44961593
8099735,2016,2016-08-11,4104,2016-07-15,1855,238,1,5,5,4,4104,0,0,0,,0,00A,"PENINSULA AV","DWIGHT RD",0.00,,Y,A,-,N,,,,,,,,,,N,4,0,1,2,A,-,08,22107,,N,G,B,B,A,H,-,A,A,0,Y,,,,Y,,A,07,0,0,1,0,1,0,0,0,0,"- ","- ",37.580410000000001,-122.33454,"SAN MATEO",BURLINGAME,-122.33455987000001,37.580399960000001
8102400,2016,2016-08-17,4117,2016-07-28,1747,03JA06,08AE,4,5,5,4117,0,0,0,,0,001,"BADEN AV","LINDEN AV",87.00,W,N,A,-,N,,,,,,,,,,N,4,0,1,2,A,-,08,22107,,N,B,C,A,A,H,-,A,A,0,,,,,Y,,A,08,0,0,1,0,0,0,0,0,0,"- ","- ",37.6541,-122.41048000000001,"SAN MATEO","SOUTH SAN FRANCISCO",-122.41075995,37.654253089999997
8103669,2016,2016-09-12,4106,2016-07-07,1127,2035,4,4,5,6,4106,0,0,0,,0,003,"JOHN DALY BL","JUNIPERO SERRA BL",0.00,,Y,B,-,N,,,,,,,,,,Y,4,0,1,3,A,-,12,21453,A,N,D,C,A,B,H,-,A,A,0,,,,,Y,,D,22,0,0,1,0,0,0,0,0,0,"- ","- ",37.704909999999998,-122.47092000000001,"SAN MATEO","DALY CITY",-122.47086994999999,37.704979969999997
8108155,2016,2016-08-23,4113,2016-08-12,1010,320,3,5,5,5,4113,0,0,0,,0,003,"CHESTNUT ST","MIDDLEFIELD RD",120.00,E,N,A,-,N,,,,,,,,,,Y,4,0,1,3,A,-,08,22107,,N,D,E,A,A,H,-,A,A,0,,,Y,,Y,,-,,0,0,1,0,0,0,0,0,0,"- ","- ",37.482349999999997,-122.22121,"SAN MATEO","REDWOOD CITY",-122.22144256,37.482495219999997
8108211,2016,2016-08-23,4113,2016-07-22,2131,414,11,5,5,5,4113,0,0,0,,0,002,"BREWSTER AV","WINSLOW ST",15.00,W,N,A,-,N,,,,,,,,,,Y,4,0,5,2,A,-,12,21453,A,N,D,C,A,A,H,-,C,A,0,,,,,Y,Y,A,01,0,0,5,0,0,0,0,0,0,"- ","- ",37.488889999999998,-122.2337,"SAN MATEO","REDWOOD CITY",-122.23178797,37.490282020000002
8110351,2016,2016-08-30,4127,2016-08-16,0903,2124,4127,2,5,4,4127,0,0,0,,0,002,"PULGAS AV","BAY RD",37.00,W,N,A,-,N,,,,,,,,,,Y,4,0,1,2,A,-,08,22107,,N,A,C,A,A,H,-,A,D,0,,,,,Y,,A,01,0,0,1,0,0,0,0,0,0,"- ","- ",,,"SAN MATEO","EAST PALO ALTO",-122.13187000000001,37.472909999999999
8110649,2016,2016-09-27,4117,2016-08-01,2145,15JS21,,1,5,5,4117,0,0,0,,0,001,"PRODUCE AV","SAN MATEO AV",493.00,S,N,A,-,N,,,,,,,,,,N,4,0,2,2,A,-,03,22350,,F,C,C,A,A,H,-,C,D,0,,,,,Y,,A,01,0,0,2,0,0,0,0,0,0,"- ","- ",37.647880000000001,-122.40595999999999,"SAN MATEO","SOUTH SAN FRANCISCO",-122.40721481999999,37.64854519
8112004,2016,2016-08-31,4117,2016-08-06,1100,14MN05,,6,5,5,4117,0,0,0,,0,002,"WESTBOROUGH BL","WEST ORANGE AV",0.00,,Y,A,-,N,,,,,,,,,,N,4,0,2,3,A,-,09,21453,C,N,D,C,A,A,H,-,A,A,0,,,,,Y,,A,08,0,0,2,0,0,0,0,0,0,"- ","- ",37.654209999999999,-122.43612,"SAN MATEO","SOUTH SAN FRANCISCO",-122.43607987,37.654219990000001
8112849,2016,2017-01-23,4113,2016-08-20,0141,439,7,6,5,5,4113,0,0,0,,0,007,"EL CAMINO REAL","FINGER AV",0.00,,Y,A,-,Y,SM,4,82,-,-,5.105,I,5,S,N,4,0,1,1,A,-,08,22107,,N,E,I,A,A,H,-,E,D,0,,,,,Y,Y,A,01,0,0,1,0,0,0,0,0,0,"- ","- ",37.492780000000003,-122.24368,"SAN MATEO","REDWOOD CITY",-122.24371366,37.493141899999998
8112904,2016,2016-11-02,4113,2016-08-20,0201,443,3,6,5,5,4113,0,0,0,,0,003,BROADWAY,"WOODSIDE RD",0.00,,Y,A,-,N,,,,,,,,,,Y,2,0,2,2,A,-,01,23152,,N,D,C,A,A,H,-,C,A,0,,,,,Y,Y,-,"- ",1,0,1,0,0,0,0,0,0,"- ","- ",37.487049999999996,-122.21420999999999,"SAN MATEO","REDWOOD CITY",-122.21421999,37.487069920000003
8113147,2016,2016-09-08,4117,2016-08-23,1210,05RR05,,2,5,5,4117,0,0,0,,0,001,"HASKINS WY","SWIFT AV",0.00,,Y,A,-,N,,,,,,,,,,Y,3,0,1,2,A,-,12,22450,A,N,D,C,A,A,H,-,A,A,0,,,,Y,Y,,D,22,0,1,0,0,0,0,0,0,0,"- ","- ",37.65025,-122.38733000000001,"SAN MATEO","SOUTH SAN FRANCISCO",-122.38728992,37.650319979999999
8113204,2016,2016-09-07,4101,2016-08-09,0615,01DD01,,2,5,2,4101,0,0,0,,0,02`,"ATHERTON AV","ALAMEDA DE LAS PULGAS",1320.00,E,N,A,-,N,,,,,,,,,,N,3,0,1,2,A,-,08,22107,,N,G,B,E,A,H,-,A,D,0,Y,,,,Y,,A,07,0,1,0,0,1,0,0,0,0,"- ","- ",37.439959999999999,-122.21717,"SAN MATEO",ATHERTON,-122.21474222000001,37.442900620000003
8113389,2016,2017-01-23,4106,2016-07-28,1449,2035,13,4,5,6,4106,0,0,0,,0,006,"SKYLINE BL","HICKEY BL",0.00,,Y,A,-,Y,SM,4,35,-,-,27.930,I,5,N,Y,3,0,3,3,A,-,05,21650,,N,A,C,A,A,H,-,A,A,0,,,,,Y,,A,01,0,2,1,0,0,0,0,0,0,"- ","- ",37.660580000000003,-122.47592,"SAN MATEO","DALY CITY",-122.47582779,37.660552590000002
8113393,2016,2017-01-23,4106,2016-07-11,1745,1180,5,1,5,6,4106,0,0,0,,0,003,"MISSION ST","BISMARK AV",94.00,S,N,A,-,Y,SM,4,82,-,-,24.180,H,-,N,Y,4,0,1,2,A,-,04,21703,,N,C,C,A,A,H,-,A,D,0,,,,,Y,,A,01,0,0,1,0,0,0,0,0,0,"- ","- ",37.695779999999999,-122.46471,"SAN MATEO","DALY CITY",-122.4646831,37.695462970000001
8113420,2016,2016-09-08,4106,2016-07-17,0143,2081,5,7,5,6,4106,0,0,0,,0,003,"WASHINGTON ST","JUNIPER SERRA BL",0.00,,Y,B,-,N,,,,,,,,,,Y,4,0,3,2,A,-,09,21801,A,N,A,C,A,A,H,-,C,A,0,,,,,Y,,A,01,0,0,3,0,0,0,0,0,0,"- ","- ",37.687899999999999,-122.47033,"SAN MATEO","DALY CITY",-122.47030994000001,37.68789993
8116912,2016,2016-09-27,4106,2016-06-07,2219,2083,13,2,5,6,4106,0,0,0,,0,006,"CLARINADA AV","SAINT FRANCIS BL",0.00,,Y,E,-,N,,,,,,,,,,N,4,0,2,2,A,-,21,22106,,N,C,C,A,B,H,-,C,A,0,,,,,Y,,A,01,0,0,2,0,0,0,0,0,0,"- ","- ",37.671219999999998,-122.48017,"SAN MATEO","DALY CITY",-122.48015993,37.671229949999997
8119204,2016,2016-09-13,4117,2016-09-02,1343,91DG01,,5,5,5,4117,0,0,0,,0,002,"JUNIPERO SERRA BL","WESTBOROUGH BL",624.00,S,N,A,-,N,,,,,,,,,,Y,3,0,1,1,A,-,08,22107,,N,E,I,A,A,H,-,A,D,0,,,,,Y,,A,08,0,1,0,0,0,0,0,0,0,"- ","- ",37.646189999999997,-122.44846,"SAN MATEO","SOUTH SAN FRANCISCO",-122.44733434,37.644716719999998
8121230,2016,2016-09-26,4109,2016-06-07,1736,15164,22,2,5,4,4109,0,0,0,,0,002,"GILBERT AV","POPE ST",0.00,,Y,A,-,N,,,,,,,,,,Y,4,0,2,2,A,-,09,21802,A,N,D,C,A,A,H,-,B,A,0,,,,,Y,,D,72,0,0,2,0,0,0,0,0,0,"- ","- ",37.459440000000001,-122.15655,"SAN MATEO","MENLO PARK",-122.15649995,37.459449970000001
8121297,2016,2017-02-09,4109,2016-07-07,1224,145413,26,4,5,4,4109,0,0,0,,0,001,"RT 82","MIDDLE AV",0.00,,Y,A,-,Y,SM,4,82,-,-,0.386,I,5,S,N,4,0,1,2,A,-,08,22107,,N,B,C,A,A,H,-,A,A,0,,,,,Y,,A,01,0,0,1,0,0,0,0,0,0,"- ","- ",37.450510000000001,-122.17712,"SAN MATEO","MENLO PARK",-122.17719013999999,37.450460939999999
8121301,2016,2017-02-09,4109,2016-07-19,2030,4911,26,2,5,4,4109,0,0,0,,0,001,"EL CAMINO REAL","MIDDLE AV",50.00,S,N,A,-,Y,SM,4,82,-,-,0.380,H,-,N,N,4,0,1,2,A,-,21,22106,,N,C,C,A,A,H,-,C,A,0,,,,,Y,,A,01,0,0,1,0,0,0,0,0,0,"- ","- ",37.450360000000003,-122.17914,"SAN MATEO","MENLO PARK",-122.177104,37.450406770000001