CASE_ID,ACCIDENT_YEAR,PROC_DATE,JURIS,COLLISION_DATE,COLLISION_TIME,OFFICER_ID,REPORTING_DISTRICT,DAY_OF_WEEK,CHP_SHIFT,POPULATION,CNTY_CITY_LOC,SPECIAL_COND,BEAT_TYPE,CHP_BEAT_TYPE,CITY_DIVISION_LAPD,CHP_BEAT_CLASS,BEAT_NUMBER,PRIMARY_RD,SECONDARY_RD,DISTANCE,DIRECTION,INTERSECTION,WEATHER_1,WEATHER_2,STATE_HWY_IND,CALTRANS_COUNTY,CALTRANS_DISTRICT,STATE_ROUTE,ROUTE_SUFFIX,POSTMILE_PREFIX,POSTMILE,LOCATION_TYPE,RAMP_INTERSECTION,SIDE_OF_HWY,TOW_AWAY,COLLISION_SEVERITY,NUMBER_KILLED,NUMBER_INJURED,PARTY_COUNT,PRIMARY_COLL_FACTOR,PCF_CODE_OF_VIOL,PCF_VIOL_CATEGORY,PCF_VIOLATION,PCF_VIOL_SUBSECTION,HIT_AND_RUN,TYPE_OF_COLLISION,MVIW,PED_ACTION,ROAD_SURFACE,ROAD_COND_1,ROAD_COND_2,LIGHTING,CONTROL_DEVICE,CHP_ROAD_TYPE,PEDESTRIAN_ACCIDENT,BICYCLE_ACCIDENT,MOTORCYCLE_ACCIDENT,TRUCK_ACCIDENT,NOT_PRIVATE_PROPERTY,ALCOHOL_INVOLVED,STWD_VEHTYPE_AT_FAULT,CHP_VEHTYPE_AT_FAULT,COUNT_SEVERE_INJ,COUNT_VISIBLE_INJ,COUNT_COMPLAINT_PAIN,COUNT_PED_KILLED,COUNT_PED_INJURED,COUNT_BICYCLIST_KILLED,COUNT_BICYCLIST_INJURED,COUNT_MC_KILLED,COUNT_MC_INJURED,PRIMARY_RAMP,SECONDARY_RAMP,LATITUDE,LONGITUDE,COUNTY,CITY,POINT_X,POINT_Y
81453644,2021,2021-04-19,4109,2021-01-27,1314,146408,22,3,5,4,4109,0,0,0,,0,002,"WILLOW RD","OKEEFE ST",147.00,W,-,C,-,N,,,,,,,,,,Y,3,0,2,2,A,-,03,22350,,N,C,C,A,B,H,-,A,D,0,,,,,Y,,D,82,0,2,0,0,0,0,0,0,0,"- ","- ",37.461349487304688,-122.15998077392578,"SAN MATEO","MENLO PARK",-122.15811157226562,37.463554382324219
81458589,2021,2021-04-26,4117,2021-03-28,1048,18JY16,19AC,7,5,5,4117,0,0,0,,0,002,"WESTBOROUGH BL","OLYMPIC DR",30.00,E,-,A,-,N,,,,,,,,,,N,3,0,1,2,A,-,08,22107,,N,B,C,A,A,H,-,A,D,0,,,,,Y,,A,07,0,1,0,0,0,0,0,0,0,"- ","- ",37.643310546875,-122.45291137695312,"SAN MATEO","SOUTH SAN FRANCISCO",-122.45420074462891,37.642860412597656
81460597,2021,2021-04-28,4100,2021-04-23,1944,25888,4100,5,5,3,4107,0,0,0,,0,075,"SR-1 (N CABRILLO HWY)","ROOSEVELT BLVD",114.00,S,-,A,-,Y,,,,,,,,,,N,3,0,1,2,A,-,09,21801,A,N,A,C,A,A,H,-,A,A,0,,,,,Y,,A,01,0,1,0,0,0,0,0,0,0,"- ","- ",,,"SAN MATEO","HALF MOON BAY",-122.45149230957031,37.490863800048828
81463572,2021,2021-04-30,4100,2021-04-16,1444,19810,,5,5,3,4110,0,0,0,,0,,"TAYLOR BLVD","MAGNOLIA AVE",0.00,,Y,A,-,N,,,,,,,,,,N,3,0,1,2,A,-,10,21950,A,N,G,B,B,A,H,-,A,D,0,Y,,,,Y,,D,22,0,1,0,0,1,0,0,0,0,"- ","- ",,,"SAN MATEO",MILLBRAE,-122.39464569091797,37.602142333984375
81470398,2021,2021-05-11,4117,2021-05-09,1321,18JY16,11AB,7,5,5,4117,0,0,0,,0,004,"HILLSIDE BL","CHESTNUT AV",100.00,E,-,A,-,N,,,,,,,,,,Y,3,0,1,1,A,-,03,22350,,N,F,A,A,A,H,-,A,A,0,,,,,Y,,A,01,0,1,0,0,0,0,0,0,0,"- ","- ",37.667140960693359,-122.42754364013672,"SAN MATEO","SOUTH SAN FRANCISCO",-122.42717742919922,37.6671142578125
8147120,2016,2016-10-14,4111,2016-09-16,1440,P5104,P05,5,5,4,4111,0,0,0,,0,0P1,"SKYLINE BL","MANOR DR",31.00,S,N,A,-,N,,,,,,,,,,N,4,0,1,2,A,-,03,22350,,N,C,C,A,A,H,-,A,A,0,,,,,Y,,A,01,0,0,1,0,0,0,0,0,0,"- ","- ",,,"SAN MATEO",PACIFICA,-122.47081638,37.64610149
81482358,2021,2021-05-26,4100,2021-04-29,1511,18920,MLB,4,5,3,4110,0,0,0,,0,061,"ROLLINS RD","E. MILLBRAE AVE",47.00,S,-,A,-,N,,,,,,,,,,Y,3,0,1,2,A,-,03,22350,,N,C,C,A,A,H,-,A,A,0,,,,,Y,,A,01,0,1,0,0,0,0,0,0,0,"- ","- ",,,"SAN MATEO",MILLBRAE,-122.38394927978516,37.600368499755859
81483045,2021,2021-05-27,4117,2021-05-19,1116,20AF01,05AE,3,5,5,4117,0,0,0,,0,001,"SOUTH AIRPORT BL","AIRPORT BL",0.00,,Y,A,-,N,,,,,,,,,,N,3,0,1,2,A,-,21,22106,,N,C,C,A,A,H,-,A,A,0,,,,,Y,,A,07,0,1,0,0,0,0,0,0,0,"- ","- ",37.651081085205078,-122.40766143798828,"SAN MATEO","SOUTH SAN FRANCISCO",-122.40802764892578,37.64971923828125
81485845,2021,2021-05-31,4117,2021-05-14,1734,18RR07,28AD,5,5,5,4117,0,0,0,,0,003,"NEWMAN DR","KIPLING AV",63.00,S,-,A,-,N,,,,,,,,,,Y,2,0,1,2,A,-,08,22107,,N,F,E,A,A,H,-,A,D,0,,,,,Y,,A,01,1,0,0,0,0,0,0,0,0,"- ","- ",37.662910461425781,-122.45717620849609,"SAN MATEO","SOUTH SAN FRANCISCO",-122.45705413818359,37.663112640380859
8148618,2016,2016-10-19,4114,2016-09-26,0554,0025,,1,5,4,4114,0,0,0,,0,001,"SAN BRUNO AV E","2ND AV",0.00,,Y,A,-,N,,,,,,,,,,Y,3,0,2,2,A,-,10,21950,A,N,G,B,B,A,H,-,C,D,0,Y,,Y,,Y,,C,02,0,2,0,0,1,0,0,0,1,"- ","- ",,,"SAN MATEO","SAN BRUNO",-122.41034999,37.630829900000002
8148638,2016,2016-10-19,4114,2016-09-07,0925,0059,SNB7,3,5,4,4114,0,0,0,,0,002,"EASTON AV","SYLVAN AV",200.00,N,N,A,-,N,,,,,,,,,,N,4,0,1,2,A,-,08,22107,,F,B,C,A,A,H,-,A,D,0,,,,,Y,,A,01,0,0,1,0,0,0,0,0,0,"- ","- ",,,"SAN MATEO","SAN BRUNO",-122.41167892999999,37.62501907
81487690,2021,2021-06-02,4117,2021-05-31,1157,16AP10,13AJ,1,5,5,4117,0,0,0,,0,001,"MEMORIAL DR","WEST ORANGE AV",5.00,W,-,A,-,N,,,,,,,,,,N,3,0,1,2,A,-,05,21202,A,N,H,G,A,A,H,-,A,D,0,,Y,,,Y,,L,04,0,1,0,0,0,0,1,0,0,"- ","- ",37.655490875244141,-122.42648315429688,"SAN MATEO","SOUTH SAN FRANCISCO",-122.42697143554688,37.6519775390625
81489623,2021,2021-06-04,4100,2021-05-25,1734,25277,,2,5,4,4115,0,0,0,,0,,".900 CRESTVIEW DR","LESLIE DR",198.00,S,-,A,-,N,,,,,,,,,,N,3,0,1,2,A,-,08,22107,,N,H,G,A,A,H,-,A,D,0,,Y,,,Y,,A,01,0,1,0,0,0,0,1,0,0,"- ","- ",,,"SAN MATEO","SAN CARLOS",-122.28700256347656,37.485645294189453
81489707,2021,2021-06-04,4100,2021-05-27,1113,18920,MLB,4,5,3,4110,0,0,0,,0,061,"MAGNOLIA AV","CHADBOURNE AV",0.00,,Y,A,-,N,,,,,,,,,,Y,4,0,1,2,A,-,09,21802,A,N,D,C,A,A,H,-,A,A,0,,,,,Y,,A,07,0,0,1,0,0,0,0,0,0,"- ","- ",,,"SAN MATEO",MILLBRAE,-122.39018249511719,37.598335266113281
81489800,2021,2021-06-04,4100,2021-05-08,1152,25094,,6,5,3,4107,0,0,0,,0,,"SR-1 (N CABRILLO HWY)","CORONADO ST",2146.00,N,-,A,-,Y,,,,,,,,,,N,3,0,1,2,A,-,08,22107,,N,H,G,A,A,H,-,A,D,0,,Y,,,Y,,A,01,0,1,0,0,0,0,1,0,0,"- ","- ",,,"SAN MATEO","HALF MOON BAY",-122.47404479980469,37.502326965332031
8149106,2016,2016-12-19,4114,2016-10-04,1750,0035,SNB4,2,5,4,4114,0,0,0,,0,001,"SNEATH LN","SEABISCUIT WY",0.00,,Y,A,-,N,,,,,,,,,,N,4,0,1,3,A,-,10,21950,A,N,G,B,B,A,H,-,A,A,0,Y,,,,Y,,A,01,0,0,1,0,1,0,0,0,0,"- ","- ",,,"SAN MATEO","SAN BRUNO",-122.41997996000001,37.637869979999998
8149114,2016,2017-01-27,4114,2016-10-10,1113,0037,SNB37,1,5,4,4114,0,0,0,,0,003,"RT 35","COLLEGE DR",50.00,S,N,A,-,Y,SM,4,35,-,-,25.500,H,-,S,N,4,0,2,2,A,-,03,22350,,N,D,C,A,A,H,-,A,D,0,,,,,Y,,A,01,0,0,2,0,0,0,0,0,0,"- ","- ",,,"SAN MATEO","SAN BRUNO",-122.45415851999999,37.63197976
81497753,2021,2021-07-22,4100,2021-06-08,0025,25169,4100,2,5,3,4107,0,0,0,,0,075,"STATE ROUTE 1","REDONDO BEACH ROAD",150.00,S,-,A,-,Y,,,,,,,,,,Y,4,0,1,1,A,-,01,23152,A,N,E,I,A,A,H,-,D,D,0,,,,,Y,Y,D,22,0,0,1,0,0,0,0,0,0,"- ","- ",,,"SAN MATEO","HALF MOON BAY",-122.42788696289062,37.44097900390625
81499921,2021,2021-06-18,4114,2021-06-09,1957,0048,SNB10,3,5,4,4114,0,0,0,,0,001,"SNEATH LN","NATIONAL AV",75.00,E,-,A,-,N,,,,,,,,,,Y,3,0,1,1,A,-,01,23152,A,N,E,I,A,A,H,-,B,D,0,,,,,Y,Y,A,01,0,1,0,0,0,0,0,0,0,"- ","- ",,,"SAN MATEO","SAN BRUNO",-122.42340850830078,37.635845184326172
81500805,2021,2021-06-21,4117,2021-06-02,1017,20AF01,25AA,3,5,5,4117,0,0,0,,0,003,"WEST ORANGE AV","A ST",0.00,,Y,A,-,N,,,,,,,,,,N,3,0,1,2,A,-,09,21802,A,N,D,C,A,A,H,-,A,A,0,,,,,Y,,A,01,0,1,0,0,0,0,0,0,0,"- ","- ",37.650131225585938,-122.43016052246094,"SAN MATEO","SOUTH SAN FRANCISCO",-122.42971801757812,37.650653839111328
81509614,2021,2021-06-30,4109,2021-05-29,1359,14771,16,6,5,4,4109,0,0,0,,0,002,"BAY RD","CHRISTOPHER WAY",0.00,,Y,A,-,N,,,,,,,,,,Y,4,0,1,2,A,-,08,22107,,N,D,C,A,A,H,-,A,D,0,,,,,Y,,A,01,0,0,1,0,0,0,0,0,0,"- ","- ",37.476608276367188,-122.18433380126953,"SAN MATEO","MENLO PARK",-122.18434906005859,37.476612091064453
8151081,2016,2016-10-25,4111,2016-10-07,0956,P5147,08,5,5,4,4111,0,0,0,,0,0P2,"MOANA WY","LUNETTA AV",0.00,,Y,A,-,N,,,,,,,,,,Y,3,0,1,2,A,-,09,21802,A,N,D,C,A,A,H,-,A,A,0,,,,,Y,,A,01,0,1,0,0,0,0,0,0,0,"- ","- ",,,"SAN MATEO",PACIFICA,-122.4877499,37.631329979999997
8151089,2016,2016-10-25,4111,2016-10-02,1733,P5143,02,7,5,4,4111,0,0,0,,0,0P1,"HICKEY BL","GATEWAY DR",0.00,,Y,A,-,N,,,,,,,,,,N,3,0,1,2,A,-,09,21800,A,N,D,C,A,A,H,-,A,A,0,,,,,Y,,-,,0,1,0,0,0,0,0,0,0,"- ","- ",,,"SAN MATEO",PACIFICA,-122.47798997,37.659689970000002
81512864,2021,2021-07-05,4117,2021-06-21,1245,21MC03,05AC,1,5,5,4117,0,0,0,,0,001,"SAN MATEO AV","SOUTH LINDEN AV",873.00,N,-,A,-,N,,,,,,,,,,N,3,0,1,2,A,-,09,21804,A,N,D,G,A,A,H,-,A,D,0,,Y,,Y,Y,,F,26,0,1,0,0,0,0,1,0,0,"- ","- ",37.644001007080078,-122.41000366210938,"SAN MATEO","SOUTH SAN FRANCISCO",-122.41056823730469,37.64373779296875
81512868,2021,2021-07-05,4117,2021-06-13,1135,18JY16,07AE,7,5,5,4117,0,0,0,,0,004,"AIRPORT BL","ARMOUR AV",195.00,S,-,A,-,N,,,,,,,,,,Y,3,0,2,3,A,-,01,23152,A,N,C,E,A,A,H,-,A,D,0,,,,,Y,Y,A,01,0,2,0,0,0,0,0,0,0,"- ","- ",37.65924072265625,-122.40589141845703,"SAN MATEO","SOUTH SAN FRANCISCO",-122.40525054931641,37.659664154052734
81513035,2021,2021-07-05,4114,2021-04-25,1802,0825,SNB8,7,5,4,4114,0,0,0,,0,002,"SANTA DOMINGA AVE","EL CAMINO REAL",243.00,E,-,A,-,N,,,,,,,,,,N,2,0,1,2,A,-,03,22350,,N,C,E,A,A,H,-,A,D,0,,,Y,,Y,,C,02,1,0,0,0,0,0,0,0,1,"- ","- ",,,"SAN MATEO","SAN BRUNO",-122.40609741210938,37.615966796875
81513882,2021,2021-07-06,4100,2021-06-09,1305,25051,,3,5,1,4105,0,0,0,,0,00N,"EL CAMINO REAL","ALBERT M TEGLIA BL",0.00,,Y,A,-,Y,,,82,,,,,,,Y,3,0,2,2,A,-,12,21453,A,N,D,C,A,A,H,-,A,A,0,,,,,Y,,A,01,0,2,0,0,0,0,0,0,0,"- ","- ",37.684230804443359,-122.46394348144531,"SAN MATEO",COLMA,-122.46375274658203,37.684288024902344
8151924,2016,2017-01-28,4101,2016-09-28,1016,14TB01,,3,5,2,4101,0,0,0,,0,002,"RT 82","VALPARAISO AV",0.00,,Y,A,-,Y,SM,4,82,-,-,1.068,I,5,S,N,3,0,1,2,A,-,08,22101,D,N,H,G,A,A,H,-,A,A,0,,Y,,,Y,,L,04,0,1,0,0,0,0,1,0,0,"- ","- ",37.455759999999998,-122.18765999999999,"SAN MATEO",ATHERTON,-122.18755813999999,37.45583894
81521220,2021,2021-07-15,4100,2021-06-11,1210,25109,N,5,5,9,4100,0,0,0,,0,00N,"CYPRESS AV","AIRPORT ST",53.00,E,-,A,-,N,,,,,,,,,,N,3,0,2,2,A,-,05,21650,,N,A,C,A,A,H,-,A,D,0,,,,,Y,,A,01,0,2,0,0,0,0,0,0,0,"- ","- ",37.521419525146484,-122.51242828369141,"SAN MATEO",UNINCORPORATED,-122.51237487792969,37.521469116210938
8152142,2016,2016-10-27,4101,2016-10-08,1300,01DD01,,6,5,2,4101,0,0,0,,0,002,"VALPARAISO AV","JOHNSON ST",0.00,,Y,A,-,N,,,,,,,,,,N,3,0,1,2,A,-,10,21954,B,F,G,B,D,A,H,-,A,D,0,Y,,,,Y,,-,99,0,1,0,0,1,0,0,0,0,"- ","- ",37.450890000000001,-122.19168000000001,"SAN MATEO",ATHERTON,-122.19169992,37.450989989999997
8152179,2016,2016-10-27,4100,2016-10-05,0942,19820,SR,3,5,3,4110,0,0,0,,0,062,"SANTA SUSANA AV","SANTA SUSANA AV 608",0.00,,N,A,-,N,,,,,,,,,,N,3,0,1,4,A,-,01,23152,A,M,A,E,A,A,H,-,C,D,0,,,,,Y,Y,A,01,0,1,0,0,0,0,0,0,0,"- ","- ",,,"SAN MATEO",MILLBRAE,-122.40931928000001,37.61091613
8152205,2016,2017-01-27,4109,2016-10-12,1222,14747,25A,3,5,4,4109,0,0,0,,0,001,"RAVENSWOOD AV","EL CAMINO REAL",0.00,,Y,A,-,Y,SM,4,82,-,-,0.691,I,5,N,N,4,0,1,2,A,-,04,21703,,N,H,G,A,A,H,-,A,A,0,,Y,,,Y,,A,01,0,0,1,0,0,0,1,0,0,"- ","- ",37.452979999999997,-122.18163,"SAN MATEO","MENLO PARK",-122.18177626000001,37.452958029999998
81526517,2021,2021-07-22,4100,2021-05-15,1353,25932,PV,6,5,2,4112,0,0,0,,0,031,"ALPINE RD","WILLOWBROOK AV",347.00,S,-,A,-,N,,,,,,,,,,N,2,0,1,1,A,-,03,22350,,N,F,A,A,A,H,-,A,D,0,,Y,,,Y,,L,04,1,0,0,0,0,0,1,0,0,"- ","- ",,,"SAN MATEO","PORTOLA VALLEY",-122.21463012695312,37.364021301269531
81526520,2021,2021-07-22,4100,2021-03-24,2125,25277,,3,5,5,4117,0,0,0,,0,,"EL CAMINO REAL","MCLELLAN DR",1755.00,S,-,A,-,Y,,,,,,,,,,Y,2,0,1,2,A,-,11,21956,A,N,G,B,D,A,H,-,C,D,0,Y,,,,Y,,N,60,1,0,0,0,1,0,0,0,0,"- ","- ",,,"SAN MATEO","SOUTH SAN FRANCISCO",-122.44193267822266,37.660205841064453
81530976,2021,2021-07-28,4114,2021-07-15,1851,0048,SNB11,4,5,4,4114,0,0,0,,0,001,"EL CAMINO REAL","EUCLID AV",224.00,N,-,A,-,Y,,,,,,,,,,Y,3,0,1,2,A,-,04,21703,,N,C,C,A,A,H,-,B,D,0,,,Y,,Y,,A,07,0,1,0,0,0,0,0,0,1,"- ","- ",,,"SAN MATEO","SAN BRUNO",-122.41802978515625,37.631256103515625
81531528,2021,2021-08-24,4100,2021-07-16,0029,25888,4100,5,5,3,4107,0,0,0,,0,075,"SR-92 (SAN MATEO RD)","501 SAN MATEO RD",44.00,N,-,B,-,N,,,,,,,,,,Y,3,0,3,1,A,-,03,22350,,N,E,I,A,A,H,-,D,D,0,,,,,Y,,A,01,0,3,0,0,0,0,0,0,0,"- ","- ",,,"SAN MATEO","HALF MOON BAY",,
81534901,2021,2021-08-02,4100,2021-07-07,1147,25281,MLB,3,5,3,4110,0,0,0,,0,062,"SANTA TERESA WY","LOMITA AV",99.00,S,-,A,-,N,,,,,,,,,,Y,3,0,1,2,A,-,08,22107,,N,A,C,A,A,H,-,A,D,0,,,,,Y,,A,01,0,1,0,0,0,0,0,0,0,"- ","- ",,,"SAN MATEO",MILLBRAE,-122.40843963623047,37.613212585449219
8153536,2016,2016-10-25,4117,2016-10-10,1138,03JA06,,1,5,5,4117,0,0,0,,0,003,"HICKEY BL","CAMARITAS AV",0.00,,Y,A,-,N,,,,,,,,,,N,4,0,1,2,A,-,21,22106,,N,D,G,A,A,H,-,A,A,0,,Y,,,Y,,A,07,0,0,1,0,0,0,1,0,0,"- ","- ",,,"SAN MATEO","SOUTH SAN FRANCISCO",-122.45346000000001,37.666039990000002
8153568,2016,2016-10-25,4117,2016-10-06,1708,04RC07,,4,5,5,4117,0,0,0,,0,001,"EAST GRAND AV","SYLVESTER RD",0.00,,Y,A,-,N,,,,,,,,,,Y,4,0,2,3,A,-,09,21804,A,N,D,C,A,A,H,-,A,D,0,,,,,Y,,A,01,0,0,2,0,0,0,0,0,0,"- ","- ",,,"SAN MATEO","SOUTH SAN FRANCISCO",-122.40481993,37.65440993
81536571,2021,2021-08-04,4100,2021-07-14,1235,25274,WDS,3,5,2,4118,0,0,0,,0,030,"SR-84 (WOODSIDE RD)","SOUTHGATE DR",47.00,S,-,A,-,Y,,,,,,,,,,Y,3,0,2,4,A,-,03,22350,,M,C,C,A,A,H,-,A,D,0,,,,,Y,,A,07,0,2,0,0,0,0,0,0,0,"- ","- ",,,"SAN MATEO",WOODSIDE,-122.23754119873047,37.440643310546875
81536643,2021,2021-08-04,4100,2021-07-23,1803,25959,4100,5,5,3,4107,0,0,0,,0,HMB,"FILBERT ST","SR-1 (CABRILLO HWY)",0.00,,Y,B,-,Y,,,,,,,,,,Y,3,0,1,2,A,-,09,21801,A,N,D,C,A,A,H,-,A,D,0,,,,,Y,,A,01,0,1,0,0,0,0,0,0,0,"- ","- ",,,"SAN MATEO","HALF MOON BAY",-122.43416595458984,37.458343505859375
81539447,2021,2021-08-09,4114,2021-06-20,1649,0036,SNB27,7,5,4,4114,0,0,0,,0,003,"SAN BRUNO AVE","I 280 OFF RAMP",0.00,,Y,A,-,Y,,,,,,,,,,Y,3,0,2,2,A,-,12,21453,A,F,D,C,A,A,H,-,A,A,0,,,,,Y,Y,B,01,0,2,0,0,0,0,0,0,0,"- ","- ",,,"SAN MATEO","SAN BRUNO",,
81543539,2021,2021-08-12,4100,2021-06-27,1744,25037,4100,7,5,4,4115,0,0,0,,0,053,"SAN CARLOS AV","LAUREL ST",0.00,,Y,A,-,N,,,,,,,,,,N,3,0,4,2,A,-,03,22350,,N,C,C,A,A,H,-,A,A,0,,,,,Y,,D,73,0,4,0,0,0,0,0,0,0,"- ","- ",,,"SAN MATEO","SAN CARLOS",-122.26123046875,37.506538391113281
8154453,2015,2016-10-28,4117,2015-10-18,1809,08JD03,01AM,7,5,5,4117,0,0,0,,0,001,"BELLE AIRE RD","SOUTH AIRPORT BL",291.00,E,N,A,-,N,,,,,,,,,,N,4,0,1,2,A,-,05,21202,A,N,D,G,A,A,H,-,A,D,0,,Y,,,Y,,L,04,0,0,1,0,0,0,1,0,0,"- ","- ",37.642359999999996,-122.40063000000001,"SAN MATEO","SOUTH SAN FRANCISCO",-122.40131805,37.64111999
81545312,2021,2021-08-16,4109,2021-08-03,1112,146408,25,2,5,4,4109,0,0,0,,0,002,"MILLS ST","WEST CURB OF MILLS AVE",8.00,E,-,A,-,N,,,,,,,,,,Y,3,0,1,2,A,-,05,21651,B,N,A,C,A,A,H,-,A,D,0,,,,,Y,,A,07,0,1,0,0,0,0,0,0,0,"- ","- ",37.457248687744141,-122.185546875,"SAN MATEO","MENLO PARK",,
81548270,2021,2021-08-18,4117,2021-08-11,0834,21AM09,11AB,3,5,5,4117,0,0,0,,0,004,"HILLSIDE BL","CHESTNUT AV",0.00,,Y,A,-,N,,,,,,,,,,Y,3,0,1,2,A,-,08,22100,A,N,B,C,A,A,H,-,A,A,0,,,,,Y,,A,01,0,1,0,0,0,0,0,0,0,"- ","- ",37.667140960693359,-122.42754364013672,"SAN MATEO","SOUTH SAN FRANCISCO",-122.42750549316406,37.667186737060547
81550798,2021,2021-08-23,4114,2021-08-13,1210,1121,SNB13,5,5,4,4114,0,0,0,,0,002,"POPLAR AV","CRYSTAL SPRINGS RD",0.00,,Y,A,-,Y,,,,,,,,,,N,3,0,1,2,A,-,10,21950,A,N,G,B,B,A,H,-,A,D,0,Y,,,,Y,,A,01,0,1,0,0,1,0,0,0,0,"- ","- ",,,"SAN MATEO","SAN BRUNO",-122.41201019287109,37.619216918945312
81557032,2021,2021-08-27,4117,2021-02-06,0256,15NM20,13AE,6,5,5,4117,0,0,0,,0,004,"GRAND AV","LOCUST AV",23.00,W,-,A,-,N,,,,,,,,,,N,1,1,0,2,A,-,17,21200,,N,B,E,A,A,H,-,C,D,0,,Y,,,Y,Y,L,04,0,0,0,0,0,1,0,0,0,"- ","- ",37.657741546630859,-122.42173767089844,"SAN MATEO","SOUTH SAN FRANCISCO",-122.42178344726562,37.657749176025391
81559546,2021,2021-08-31,4100,2021-08-11,1342,25040,HMB,3,5,3,4107,0,0,0,,0,075,"SR-92 (SAN MATEO RD)","DIGGS CANYON RD",2640.00,W,-,A,-,Y,,,,,,,,,,Y,3,0,1,1,A,-,03,22350,,N,E,I,A,A,H,-,A,D,0,,,Y,,Y,,C,02,0,1,0,0,0,0,0,0,1,"- ","- ",,,"SAN MATEO","HALF MOON BAY",-122.41988372802734,37.473335266113281
81559862,2021,2021-08-31,4100,2021-08-31,0906,25187,,2,5,9,4100,0,0,0,,0,,"SR-82 (EL CAMINO REAL)","4TH AV",0.00,,Y,A,-,Y,,,,,,,,,,Y,4,0,1,2,A,-,12,21453,A,N,D,C,A,A,H,-,A,A,0,,,,,Y,,D,22,0,0,1,0,0,0,0,0,0,"- ","- ",37.562221527099609,-122.32524871826172,"SAN MATEO",UNINCORPORATED,-122.32515716552734,37.562274932861328
81564410,2021,2021-09-07,4117,2021-08-17,1649,20CH06,17AR,2,5,5,4117,0,0,0,,0,003,"JUNIPERO SERRA BL","ARROYO DR",805.00,N,-,A,-,N,,,,,,,,,,Y,2,0,1,2,A,-,03,22350,A,N,D,C,A,A,H,-,A,D,0,,,Y,Y,Y,,C,02,1,0,0,0,0,0,0,0,1,"- ","- ",37.654701232910156,-122.45292663574219,"SAN MATEO","SOUTH SAN FRANCISCO",-122.45131683349609,37.650577545166016
81568122,2021,2021-09-13,4114,2021-08-20,1407,1126,SNB5,5,5,4,4114,0,0,0,,0,001,"EL CAMINO REAL","SAN BRUNO AVENUE",10.00,N,-,A,-,Y,,,,,,,,,,N,4,0,1,2,A,-,03,22350,,N,C,C,A,A,H,-,A,D,0,,,,,Y,,A,01,0,0,1,0,0,0,0,0,0,"- ","- ",,,"SAN MATEO","SAN BRUNO",-122.41675567626953,37.628864288330078
81569575,2021,2021-09-14,4100,2021-09-08,1139,25236,,3,5,3,4110,0,0,0,,0,,"EAST MILLBRAE AVE","ROLLINS RD",51.00,W,-,A,-,Y,,,,,,,,,,N,3,0,1,2,A,-,03,22350,,N,C,C,A,A,H,-,A,A,0,,,,,Y,,A,07,0,1,0,0,0,0,0,0,0,"- ","- ",,,"SAN MATEO",MILLBRAE,-122.38413238525391,37.600345611572266
8157601,2016,2017-01-27,4113,2016-10-22,1611,351,7,6,5,5,4113,0,0,0,,0,007,"EL CAMINO REAL","HOPKINS AV",219.00,N,N,A,-,Y,SM,4,82,-,-,4.710,H,-,N,Y,4,0,1,4,A,-,01,23153,A,N,C,C,A,A,H,-,A,A,0,,,Y,,Y,Y,A,01,0,0,1,0,0,0,0,0,1,"- ","- ",,,"SAN MATEO","REDWOOD CITY",-122.23847513,37.489296439999997
8157637,2016,2016-11-03,4113,2016-10-04,1524,415,2,2,5,5,4113,0,0,0,,0,002,"CONVENTION WY","VETERANS BL",0.00,,Y,A,-,N,,,,,,,,,,N,4,0,1,2,A,-,08,22107,,N,G,B,E,A,H,-,A,D,0,Y,,,,Y,,A,07,0,0,1,0,1,0,0,0,0,"- ","- ",37.494680000000002,-122.23441,"SAN MATEO","REDWOOD CITY",-122.23338988,37.49354993
8157645,2016,2016-11-02,4113,2016-10-06,0748,246,6,4,5,5,4113,0,0,0,,0,006,"VALOTA RD","OAK AV",150.00,S,N,A,-,N,,,,,,,,,,Y,3,0,1,2,A,-,03,22350,,N,F,E,A,A,H,-,A,D,0,,,,,Y,,A,01,0,1,0,0,0,0,0,0,0,"- ","- ",,,"SAN MATEO","REDWOOD CITY",-122.23593763,37.467156080000002
81577197,2021,2021-09-22,4114,2021-09-10,2012,0941,SNB31,5,5,4,4114,0,0,0,,0,003,"CRYSTAL SPRINGS RD","CIRCLE CT",290.00,E,-,A,-,N,,,,,,,,,,Y,3,0,1,1,A,-,08,22107,,N,E,I,A,A,H,-,D,D,0,,,,,Y,,A,01,0,1,0,0,0,0,0,0,0,"- ","- ",,,"SAN MATEO","SAN BRUNO",-122.45346069335938,41.951519012451172
8157987,2016,2017-01-27,4111,2016-10-08,1400,P5141,P12,6,5,4,4111,0,0,0,,0,0P2,"RT 1","SAN MARLO WY",1362.00,N,N,A,-,Y,SM,4,1,-,R,42.390,H,-,S,N,4,0,1,4,A,-,03,22350,,N,C,C,A,A,H,-,A,D,0,,,,,Y,,A,08,0,0,1,0,0,0,0,0,0,"- ","- ",,,"SAN MATEO",PACIFICA,-122.48989413,37.612101449999997
81580760,2021,2021-09-27,4117,2021-09-17,1524,06KW06,17AR,5,5,5,4117,0,0,0,,0,003,"JUNIPERO SERRA BL","ARROYO DR",0.00,,Y,A,-,N,,,,,,,,,,Y,3,0,1,2,A,-,09,21802,A,N,D,C,A,A,H,-,A,A,0,,,,,Y,,A,01,0,1,0,0,0,0,0,0,0,"- ","- ",37.648601531982422,-122.45024871826172,"SAN MATEO","SOUTH SAN FRANCISCO",-122.45040130615234,37.648494720458984
81581487,2021,2021-09-28,4100,2021-09-18,0946,25242,WDS,6,5,2,4118,0,0,0,,0,030,"TRIPP RD","NOEL RD",117.00,N,-,A,-,N,,,,,,,,,,N,3,0,1,1,A,-,03,22350,,N,E,I,A,A,H,-,A,D,0,,Y,,,Y,,L,04,0,1,0,0,0,0,1,0,0,"- ","- ",,,"SAN MATEO",WOODSIDE,-122.27104187011719,37.421745300292969