CASE_ID,ACCIDENT_YEAR,PROC_DATE,JURIS,COLLISION_DATE,COLLISION_TIME,OFFICER_ID,REPORTING_DISTRICT,DAY_OF_WEEK,CHP_SHIFT,POPULATION,CNTY_CITY_LOC,SPECIAL_COND,BEAT_TYPE,CHP_BEAT_TYPE,CITY_DIVISION_LAPD,CHP_BEAT_CLASS,BEAT_NUMBER,PRIMARY_RD,SECONDARY_RD,DISTANCE,DIRECTION,INTERSECTION,WEATHER_1,WEATHER_2,STATE_HWY_IND,CALTRANS_COUNTY,CALTRANS_DISTRICT,STATE_ROUTE,ROUTE_SUFFIX,POSTMILE_PREFIX,POSTMILE,LOCATION_TYPE,RAMP_INTERSECTION,SIDE_OF_HWY,TOW_AWAY,COLLISION_SEVERITY,NUMBER_KILLED,NUMBER_INJURED,PARTY_COUNT,PRIMARY_COLL_FACTOR,PCF_CODE_OF_VIOL,PCF_VIOL_CATEGORY,PCF_VIOLATION,PCF_VIOL_SUBSECTION,HIT_AND_RUN,TYPE_OF_COLLISION,MVIW,PED_ACTION,ROAD_SURFACE,ROAD_COND_1,ROAD_COND_2,LIGHTING,CONTROL_DEVICE,CHP_ROAD_TYPE,PEDESTRIAN_ACCIDENT,BICYCLE_ACCIDENT,MOTORCYCLE_ACCIDENT,TRUCK_ACCIDENT,NOT_PRIVATE_PROPERTY,ALCOHOL_INVOLVED,STWD_VEHTYPE_AT_FAULT,CHP_VEHTYPE_AT_FAULT,COUNT_SEVERE_INJ,COUNT_VISIBLE_INJ,COUNT_COMPLAINT_PAIN,COUNT_PED_KILLED,COUNT_PED_INJURED,COUNT_BICYCLIST_KILLED,COUNT_BICYCLIST_INJURED,COUNT_MC_KILLED,COUNT_MC_INJURED,PRIMARY_RAMP,SECONDARY_RAMP,LATITUDE,LONGITUDE,COUNTY,CITY,POINT_X,POINT_Y
8168947,2016,2016-11-29,4100,2016-08-31,0057,25035,SNC,3,5,4,4115,0,0,0,,0,053,"INDUSTRIAL RD","CENTER ST",0.00,,Y,A,-,N,,,,,,,,,,Y,3,0,2,3,A,-,08,22107,,N,A,J,A,A,H,-,C,D,0,,,,,Y,,A,07,0,2,0,0,0,0,0,0,0,"- ","- ",,,"SAN MATEO","SAN CARLOS",-122.24400992,37.500189949999999
81692630,2022,2022-02-03,4100,2022-01-30,1300,25289,WDS,7,5,2,4118,0,0,0,,0,030,"CANADA RD","NUEMAN LN",0.00,,Y,A,-,N,,,,,,,,,,N,3,0,1,1,A,-,03,22350,,N,H,A,A,A,H,-,A,D,0,,,,,Y,Y,L,04,0,1,0,0,0,0,0,0,0,"- ","- ",,,"SAN MATEO",WOODSIDE,-122.25833892822266,37.434257507324219
81695348,2021,2022-02-07,4109,2021-12-09,1734,145754,26,4,5,4,4109,0,0,0,,0,001,"MIDDLE AV","UNIVERSITY DR",0.00,,Y,A,-,N,,,,,,,,,,N,3,0,1,2,A,-,12,22450,,N,D,C,A,A,H,-,A,A,0,,,,,Y,,A,01,0,1,0,0,0,0,0,0,0,"- ","- ",37.446331024169922,-122.18061828613281,"SAN MATEO","MENLO PARK",-122.18058776855469,37.446334838867188
81695752,2022,2022-03-15,4100,2022-02-01,0212,25136,WDS,2,5,2,4118,0,0,0,,0,030,"SR-84 (WOODSIDE RD)","QUAIL MEADOWS DR",448.00,N,-,B,-,Y,,,,,,,,,,Y,2,0,1,1,A,-,01,23152,A,N,E,I,A,A,H,-,D,D,0,,,,,Y,Y,A,07,1,0,0,0,0,0,0,0,0,"- ","- ",,,"SAN MATEO",WOODSIDE,-122.24582672119141,37.432601928710938
81696312,2021,2022-02-08,4109,2021-04-10,1417,14494,25A,6,5,4,4109,0,0,0,,0,001,"1010 EL CAMINO REAL","RAVENSWOOD AV",0.00,,Y,A,-,N,,,,,,,,,,Y,4,0,1,1,B,-,22,,,N,E,I,A,A,H,-,A,D,0,,,,,Y,,-,"- ",0,0,1,0,0,0,0,0,0,"- ","- ",37.453540802001953,-122.18208312988281,"SAN MATEO","MENLO PARK",-122.1817626953125,37.453033447265625
81696315,2021,2022-02-08,4109,2021-08-14,0002,145905,18,6,5,4,4109,0,0,0,,0,004,"UNIVERSITY AV","BELL STREET",0.00,,Y,A,-,N,,,,,,,,,,Y,3,0,1,1,A,-,08,22107,,M,E,J,A,A,G,-,C,A,0,,,,,Y,,A,01,0,1,0,0,0,0,0,0,0,"- ","- ",37.476779937744141,-122.13967132568359,"SAN MATEO","MENLO PARK",-122.14156341552734,37.465587615966797
81696693,2021,2022-02-09,4109,2021-08-02,0959,146427,26,1,5,4,4109,0,0,0,,0,001,"17' S OF THE N CRUBLINE EXT OF LIVE OAK","LIVE OAK AVENUE",17.00,S,-,A,-,N,,,,,,,,,,N,3,0,2,3,A,-,03,22350,,N,C,C,A,A,H,-,A,D,0,,,,,Y,,A,01,0,1,1,0,0,0,0,0,0,"- ","- ",37.449569702148438,-122.18292236328125,"SAN MATEO","MENLO PARK",,
81696714,2022,2022-02-09,4114,2022-01-10,1941,0048,SNB6,1,5,4,4114,0,0,0,,0,002,"HUNTINGTON AV","ANGUS AV",0.00,,Y,A,-,N,,,,,,,,,,N,3,0,1,2,A,-,10,21950,A,N,G,B,B,A,H,-,C,A,0,Y,,,,Y,,A,01,0,1,0,0,1,0,0,0,0,"- ","- ",,,"SAN MATEO","SAN BRUNO",-122.4097900390625,37.626579284667969
81696756,2021,2022-02-09,4109,2021-06-02,1918,145611,27,3,5,4,4109,0,0,0,,0,001,"WALLEA DR","CATHY PL",0.00,,Y,A,-,N,,,,,,,,,,Y,3,0,2,2,A,-,09,21804,A,N,D,C,A,A,H,-,A,D,0,,Y,,,Y,,L,04,0,2,0,0,0,0,2,0,0,"- ","- ",37.442741394042969,-122.18608856201172,"SAN MATEO","MENLO PARK",-122.18608856201172,37.442771911621094
81697249,2020,2022-02-09,4109,2020-07-12,0110,14435,17,7,5,4,4109,0,0,0,,0,003,"1401 WILLOW RD",,0.00,,Y,A,-,N,,,,,,,,,,N,3,0,1,2,A,-,21,22106,,M,C,C,A,A,H,-,C,D,0,,,,,Y,,A,01,0,1,0,0,0,0,0,0,0,"- ","- ",37.479869842529297,-122.1513671875,"SAN MATEO","MENLO PARK",-122.150972,37.479793999999998
81697265,2021,2022-02-09,4109,2021-03-04,1547,145746,26,4,5,4,4109,0,0,0,,0,001,"525 EL CAMINO REAL","MIDDLE AV NORTH C/L",440.00,N,-,A,-,Y,,,,,,,,,,N,3,0,1,3,A,-,03,22350,,N,C,C,A,A,H,-,A,A,0,,,,,Y,,A,01,0,1,0,0,0,0,0,0,0,"- ","- ",37.450359344482422,-122.17913818359375,"SAN MATEO","MENLO PARK",-122.17842102050781,37.451122283935547
81708247,2022,2022-02-24,4114,2022-02-02,1652,0048,SNB6,3,5,4,4114,0,0,0,,0,002,"ANGUS AV","SAN MATEO AVENUE",5.00,E,-,A,-,N,,,,,,,,,,N,4,0,1,2,A,-,12,22450,,N,G,B,B,A,H,-,B,A,0,Y,,,,Y,,A,01,0,0,1,0,1,0,0,0,0,"- ","- ",,,"SAN MATEO","SAN BRUNO",-122.41130065917969,37.626483917236328
8170891,2016,2017-01-27,4114,2016-10-07,1956,0917,SNB7,5,5,4,4114,0,0,0,,0,002,"EL CAMINO REAL","CRYSTAL SPRINGS RD",0.00,,Y,A,-,Y,SM,4,82,-,-,17.910,H,-,N,Y,4,0,1,2,A,-,01,23152,A,N,C,C,A,A,H,-,C,A,0,,,,,Y,Y,A,07,0,0,1,0,0,0,0,0,0,"- ","- ",,,"SAN MATEO","SAN BRUNO",-122.41056543000001,37.620090910000002
81711616,2022,2022-02-28,4117,2022-02-14,0904,03JA06,21AL,1,5,5,4117,0,0,0,,0,003,SR-82,"ARLINGTON DR",25.00,S,-,A,-,Y,SM,,82,,,20.655,H,,R,N,3,0,2,2,A,-,07,21658,A,N,C,C,A,A,H,-,A,D,0,,,,,Y,,A,01,0,2,0,0,0,0,0,0,0,"- ","- ",37.6551513671875,-122.43448638916016,"SAN MATEO","SOUTH SAN FRANCISCO",-122.43437957763672,37.655246734619141
8171193,2016,2017-01-27,4111,2016-10-20,1624,P5136,P12,4,5,4,4111,0,0,0,,0,0P2,"RT 1","SAN MARLO WY",917.00,N,N,A,-,Y,SM,4,1,-,R,42.300,H,-,S,N,4,0,2,2,A,-,04,21703,,N,C,C,A,A,H,-,A,D,0,,,,,Y,,A,01,0,0,2,0,0,0,0,0,0,"- ","- ",,,"SAN MATEO",PACIFICA,-122.49125438,37.6113024
81712197,2022,2022-03-01,4100,2022-02-26,1738,25294,4100,6,5,4,4115,0,0,0,,0,053,"CRESTVIEW DR","CLUB DR",0.00,,Y,A,-,N,,,,,,,,,,Y,3,0,1,2,A,-,08,22107,,N,D,D,A,A,H,-,A,D,0,,,Y,,Y,,A,01,0,1,0,0,0,0,0,0,1,"- ","- ",,,"SAN MATEO","SAN CARLOS",-122.29722595214844,37.495944976806641
81712198,2022,2022-03-01,4100,2022-02-16,0702,25236,WOOD,3,5,2,4118,0,0,0,,0,031,"JANE DR","RAVINE DR",2112.00,S,-,A,-,N,,,,,,,,,,Y,3,0,1,1,A,-,08,22107,,N,E,I,A,A,H,-,A,D,0,,,,,Y,,A,07,0,1,0,0,0,0,0,0,0,"- ","- ",,,"SAN MATEO",WOODSIDE,-122.26061248779297,37.440570831298828
81712203,2022,2022-03-01,4100,2022-02-12,2137,25294,SNC,6,5,4,4115,0,0,0,,0,052,"INDUSTRIAL RD","BRITTAN AV",0.00,,Y,A,-,N,,,,,,,,,,Y,2,0,1,2,A,-,12,21453,A,N,D,C,A,A,H,-,C,A,0,,,Y,,Y,,A,07,1,0,0,0,0,0,0,0,1,"- ","- ",,,"SAN MATEO","SAN CARLOS",-122.24839782714844,37.503730773925781
81712964,2022,2022-03-02,4109,2022-02-11,1536,145989,99,5,5,5,4113,0,0,0,,0,099,"ROLISON RD","MARSH RD",0.00,,Y,A,-,N,,,,,,,,,,N,4,0,2,2,D,-,00,,,N,A,C,A,A,H,-,A,A,0,,,,,Y,,-,"- ",0,0,2,0,0,0,0,0,0,"- ","- ",37.483741760253906,-122.18305969238281,"SAN MATEO","REDWOOD CITY",-122.18299102783203,37.483657836914062
81714437,2022,2022-03-03,4109,2022-02-14,1919,145746,22,1,5,4,4109,0,0,0,,0,002,"WILLOW RD","COLEMAN AV",0.00,,Y,A,-,N,,,,,,,,,,N,4,0,2,2,A,-,03,22350,,N,C,C,A,A,H,-,C,A,0,,,,,Y,,A,08,0,0,2,0,0,0,0,0,0,"- ","- ",37.461349487304688,-122.15998077392578,"SAN MATEO","MENLO PARK",-122.15997314453125,37.461338043212891
81714612,2022,2022-03-03,4117,2022-02-16,2016,06KW06,08AD,3,5,5,4117,0,0,0,,0,004,"GRAND AV","MAPLE AV",10.30,W,-,A,-,N,,,,,,,,,,N,4,0,1,2,A,-,10,21950,A,N,G,B,B,A,H,-,C,A,0,Y,,,,Y,,A,01,0,0,1,0,1,0,0,0,0,"- ","- ",37.65570068359375,-122.41249847412109,"SAN MATEO","SOUTH SAN FRANCISCO",-122.41254425048828,37.655708312988281
81716290,2022,2022-03-07,4109,2022-02-16,0758,145674,17B,3,5,4,4109,0,0,0,,0,004,"BAYFRONT EX","CHRYSLER DRIVE",215.00,N,-,A,-,Y,,,,,,,,,,Y,3,0,1,3,A,-,08,22107,,F,B,C,A,A,H,-,A,A,0,,,,,Y,,A,07,0,1,0,0,0,0,0,0,0,"- ","- ",37.483081817626953,-122.17516326904297,"SAN MATEO","MENLO PARK",-122.17472076416016,37.485557556152344
81717492,2022,2022-03-08,4100,2022-02-19,1110,25242,WDS,6,5,2,4118,0,0,0,,0,030,"MANUELLA AV","ALBION AV",0.00,,Y,A,-,N,,,,,,,,,,N,2,0,1,1,A,-,12,22450,A,N,F,A,A,A,B,-,A,D,0,,Y,,,Y,,L,04,1,0,0,0,0,0,1,0,0,"- ","- ",,,"SAN MATEO",WOODSIDE,-122.26470184326172,37.431648254394531
81717496,2022,2022-03-08,4100,2022-02-25,0923,25906,4100,5,5,4,4115,0,0,0,,0,052,"OLD COUNTY RD","BRITTAN AV",0.00,,Y,A,-,N,,,,,,,,,,N,3,0,1,2,A,-,08,22107,,N,H,G,A,A,H,-,A,A,0,,Y,,,Y,,A,01,0,1,0,0,0,0,1,0,0,"- ","- ",,,"SAN MATEO","SAN CARLOS",-122.25196075439453,37.501110076904297
8172056,2016,2016-12-21,4100,2016-11-10,1001,25091,5G,4,5,3,4110,0,0,0,,0,006,"EL CAMINO REAL","MILLBRAE AV",122.00,S,N,A,-,N,,,,,,,,,,N,4,0,2,2,A,-,03,22350,,N,C,C,A,A,H,-,A,A,0,,,,Y,Y,,A,01,0,0,2,0,0,0,0,0,0,"- ","- ",,,"SAN MATEO",MILLBRAE,-122.38734707,37.598216739999998
81722429,2022,2022-03-14,4100,2022-03-13,1210,25289,WDS,7,5,2,4118,0,0,0,,0,030,"SR-84 (LA HONDA RD)","SM 84 17.48",459.00,N,-,B,-,Y,,,,,,,,,,N,3,0,1,1,A,-,03,22350,,N,F,A,A,B,H,-,A,D,0,,Y,,,Y,,L,04,0,1,0,0,0,0,1,0,0,"- ","- ",,,"SAN MATEO",WOODSIDE,,
81723937,2022,2022-03-16,4109,2022-02-14,0808,146427,25A,1,5,4,4109,0,0,0,,0,001,"OAK GROVE AV","ALMA STREET",3.00,N,-,A,-,N,,,,,,,,,,N,3,0,1,2,A,-,03,22350,,N,H,G,A,A,H,-,A,D,0,,Y,,,Y,,L,04,0,1,0,0,0,0,1,0,0,"- ","- ",37.455291748046875,-122.18361663818359,"SAN MATEO","MENLO PARK",-122.18327331542969,37.455665588378906
81724010,2022,2022-03-16,4109,2022-03-01,1642,145990,30,2,5,4,4109,0,0,0,,0,001,"2240 AVY AV","BELLAIR WY",0.00,,Y,A,-,N,,,,,,,,,,N,3,0,2,3,A,-,03,22350,,N,G,B,E,A,H,-,B,A,0,Y,,,,Y,,A,01,0,2,0,0,1,0,0,0,0,"- ","- ",37.429210662841797,-122.20523834228516,"SAN MATEO","MENLO PARK",-122.20464324951172,37.429595947265625
8172406,2016,2016-11-23,4100,2016-10-26,2152,18950,17,3,5,4,4115,0,0,0,,0,005,"EL CAMINO REAL","BRITTAN AV",0.00,,Y,A,-,N,,,,,,,,,,Y,4,0,2,2,A,-,12,21453,A,N,D,C,A,A,H,-,C,A,0,,,,,Y,,A,01,0,0,2,0,0,0,0,0,0,"- ","- ",,,"SAN MATEO","SAN CARLOS",-122.2525199,37.500679949999999
8172410,2016,2016-11-23,4100,2016-10-26,2142,17340,11,3,5,4,4115,0,0,0,,0,005,"SAN CARLOS AV","LAUREL ST",0.00,,Y,B,-,N,,,,,,,,,,N,4,0,1,2,A,-,03,22350,,N,C,C,A,A,H,-,C,A,0,,,,,Y,,A,01,0,0,1,0,0,0,0,0,0,"- ","- ",,,"SAN MATEO","SAN CARLOS",-122.26122998,37.506539930000002
8172441,2016,2017-01-27,4111,2016-10-20,1939,P5134,,4,5,4,4111,0,0,0,,0,0P2,"RT 1","ROCKAWAY BEACH AV",412.00,N,N,A,-,Y,SM,4,1,-,-,42.090,H,-,S,N,4,0,1,2,A,-,03,22350,,N,C,C,A,A,H,-,C,D,0,,,,,Y,,A,07,0,0,1,0,0,0,0,0,0,"- ","- ",37.608719999999998,-122.49473,"SAN MATEO",PACIFICA,-122.49426437,37.609425940000001
8172510,2016,2017-03-02,4100,2016-08-22,0753,13840,4100,1,5,2,4118,0,0,0,,0,030,"WOODSIDE RD","NORTHGATE DR",7.00,S,N,B,-,Y,SM,4,84,-,-,22.213,I,5,N,Y,4,0,1,2,A,-,06,21755,A,N,D,C,A,A,H,-,A,D,0,,,,,Y,,A,01,0,0,1,0,0,0,0,0,0,"- ","- ",,,"SAN MATEO",WOODSIDE,-122.23569981999999,37.442649469999999
8172551,2016,2016-11-28,4100,2016-09-07,2113,25035,SNC,3,5,4,4115,0,0,0,,0,053,"INDUSTRIAL RD","BRANSTEN RD",20.00,S,N,A,-,N,,,,,,,,,,Y,4,0,1,1,A,-,08,22107,,N,E,I,A,A,H,-,C,A,0,,,,,Y,,A,01,0,0,1,0,0,0,0,0,0,"- ","- ",,,"SAN MATEO","SAN CARLOS",-122.25177014,37.507445160000003
81726193,2022,2022-03-18,4100,2022-03-11,1334,25283,4100,5,5,4,4115,0,0,0,,0,053,"BRITTAN AV","CRESTVIEW DR",0.00,,Y,A,-,N,,,,,,,,,,N,3,0,1,2,A,-,12,22450,A,N,D,C,A,A,H,-,A,D,0,,Y,,,Y,,L,04,0,1,0,0,0,0,1,0,0,"- ","- ",,,"SAN MATEO","SAN CARLOS",-122.28402709960938,37.482326507568359
8172653,2016,2016-12-01,4100,2016-07-18,1608,15500,4100,1,5,3,4110,0,0,0,,0,NORTH,MILLBRAE,"TROUSDALE AV",0.00,,N,A,-,N,,,,,,,,,,Y,4,0,1,1,A,-,03,22350,,N,E,I,A,A,H,-,A,A,0,,,,,Y,,A,01,0,0,1,0,0,0,0,0,0,"- ","- ",,,"SAN MATEO",MILLBRAE,,
81727308,2022,2022-03-21,4114,2022-02-11,1108,0917,SNB14,5,5,4,4114,0,0,0,,0,002,"LINDEN AV","SAN FELIPE AVENUE",150.00,S,-,A,-,N,,,,,,,,,,N,4,0,1,2,A,-,08,22107,,N,B,E,A,A,H,-,A,D,0,,,,,Y,,A,01,0,0,1,0,0,0,0,0,0,"- ","- ",,,"SAN MATEO","SAN BRUNO",-122.40912628173828,37.617069244384766
81729122,2022,2022-03-22,4117,2022-02-27,1322,10DQ13,14AA,7,5,5,4117,0,0,0,,0,001,"TOYON AV","SYCAMORE AV",242.00,N,-,A,-,N,,,,,,,,,,N,3,0,1,3,A,-,21,22106,,N,G,B,E,A,H,-,A,D,0,Y,,,,Y,,A,01,0,1,0,0,1,0,0,0,0,"- ","- ",37.651470184326172,-122.42326354980469,"SAN MATEO","SOUTH SAN FRANCISCO",-122.42403411865234,37.651615142822266
8173062,2016,2016-11-21,4109,2016-10-19,1714,15262,,3,5,4,4109,0,0,0,,0,003,"HAMILTON AV","WILLOW RD",0.00,,Y,A,-,N,,,,,,,,,,Y,4,0,1,2,A,-,03,22350,,N,D,C,A,A,H,-,A,A,0,,,,,Y,,D,22,0,0,1,0,0,0,0,0,0,"- ","- ",37.479660000000003,-122.15105,"SAN MATEO","MENLO PARK",-122.15185998,37.479589990000001
8173066,2016,2016-11-21,4109,2016-10-21,0751,14437,,5,5,4,4109,0,0,0,,0,003,"HAVEN AV","HAVEN CT",1500.00,N,N,A,-,N,,,,,,,,,,N,4,0,1,2,A,-,08,22107,,N,D,C,A,A,H,-,A,D,0,,,,,Y,,D,22,0,0,1,0,0,0,0,0,0,"- ","- ",37.468789999999998,-122.18689999999999,"SAN MATEO","MENLO PARK",-122.17903,37.486420000000003
8173438,2016,2016-11-21,4109,2016-10-19,0825,145611,,3,5,4,4109,0,0,0,,0,002,"RAVENSWOOD AV","LAUREL ST",0.00,,Y,A,-,N,,,,,,,,,,N,3,0,1,2,A,-,08,22107,,N,H,G,A,A,H,-,C,A,0,,Y,,,Y,,A,01,0,1,0,0,0,0,1,0,0,"- ","- ",37.455640000000002,-122.17905,"SAN MATEO","MENLO PARK",-122.17909,37.455649970000003
81735575,2022,2022-03-28,4100,2022-03-21,1525,25906,,1,5,4,4115,0,0,0,,0,,"SAN CARLOS AV","ARUNDEL RD",119.00,E,-,A,-,N,,,,,,,,,,N,3,0,1,2,A,-,21,22106,,N,H,G,A,A,H,-,A,D,0,,Y,,,Y,,A,07,0,1,0,0,0,0,1,0,0,"- ","- ",,,"SAN MATEO","SAN CARLOS",-122.27427673339844,37.502182006835938
81736259,2022,2022-03-31,4117,2022-02-19,2252,18JY16,20AA,6,5,5,4117,0,0,0,,0,003,"HICKEY BL","JUNIPERO SERRA BL",0.00,,Y,A,-,N,,,,,,,,,,Y,2,0,1,1,A,-,01,23152,A,N,E,I,A,A,H,-,C,A,0,,,,,Y,Y,A,01,1,0,0,0,0,0,0,0,0,"- ","- ",37.665729522705078,-122.45925903320312,"SAN MATEO","SOUTH SAN FRANCISCO",-122.45943450927734,37.665691375732422
8173663,2016,2017-02-18,4109,2016-10-17,0724,14487,,1,5,4,4109,0,0,0,,0,003,"WILLOW RD","OBRIEN DR",175.00,W,N,B,-,Y,SM,4,114,-,-,5.400,H,-,S,N,4,0,1,2,A,-,03,22350,,N,C,C,A,B,H,-,A,A,0,,,,,Y,,A,01,0,0,1,0,0,0,0,0,0,"- ","- ",37.472810000000003,-122.15438,"SAN MATEO","MENLO PARK",-122.15357124000001,37.47476855
81736666,2022,2022-03-30,4100,2022-02-19,1029,19330,HMB,6,5,3,4107,0,0,0,,0,075,"SR- 1","SPINDRIFT WY",89.00,N,-,A,-,Y,,,,,,,,,,N,3,0,1,2,A,-,03,22350,,N,C,C,A,A,H,-,A,D,0,,,,,Y,,A,01,0,1,0,0,0,0,0,0,0,"- ","- ",,,"SAN MATEO","HALF MOON BAY",-122.44239044189453,37.479148864746094
8173877,2016,2016-11-29,4113,2016-11-13,1626,448,5,7,5,5,4113,0,0,0,,0,005,"WOODSIDE RD","HESS RD",0.00,,Y,A,-,N,,,84,,,,,,,N,4,0,1,2,A,-,04,21703,,N,C,C,A,A,H,-,A,A,0,,,,,Y,,-,,0,0,1,0,0,0,0,0,0,"- ","- ",37.471490000000003,-122.22298000000001,"SAN MATEO","REDWOOD CITY",-122.22305471999999,37.471511409999998
81740671,2022,2022-04-05,4100,2022-03-27,2140,25058,MIL,7,5,3,4110,0,0,0,,0,061,"MILLBRAE AV","MAGNOLIA AVE",0.00,,Y,C,-,N,,,,,,,,,,N,3,0,1,2,A,-,10,21950,A,N,G,B,B,B,H,-,C,A,0,Y,,,,Y,,A,01,0,1,0,0,1,0,0,0,0,"- ","- ",,,"SAN MATEO",MILLBRAE,-122.38935852050781,37.597427368164062
81740992,2022,2022-04-05,4109,2022-03-28,1209,145882,25A,1,5,4,4109,0,0,0,,0,001,"EL CAMINO REAL","RAVENSWOOD AV",0.00,,Y,B,-,N,,,,,,,,,,Y,3,0,1,2,A,-,12,21453,,N,D,C,A,A,H,-,A,A,0,,,,,Y,,-,"- ",0,1,0,0,0,0,0,0,0,"- ","- ",37.452980041503906,-122.18163299560547,"SAN MATEO","MENLO PARK",-122.1817626953125,37.453033447265625
8174361,2016,2016-12-01,4100,2016-10-18,2500,16850,1L,2,5,2,4118,0,0,0,,0,003,"NORTHRIDGE LN","WOODSIDE DR",0.00,,Y,A,-,N,,,,,,,,,,N,3,0,1,2,A,-,09,21800,A,N,D,C,A,A,H,-,A,A,0,,,,,Y,,-,,0,1,0,0,0,0,0,0,0,"- ","- ",,,"SAN MATEO",WOODSIDE,-122.24206986,37.448879980000001
81746338,2022,2022-04-12,4117,2022-02-25,1033,06KW06,15AI,5,5,5,4117,0,0,0,,0,002,"NORTHWOOD DR","ALIDA WAY",0.00,,Y,A,-,N,,,,,,,,,,Y,3,0,2,5,A,-,03,22350,,N,D,C,A,A,H,-,A,A,0,,,,,Y,,A,01,0,2,0,0,0,0,0,0,0,"- ","- ",37.642829895019531,-122.42639923095703,"SAN MATEO","SOUTH SAN FRANCISCO",-122.42637634277344,37.642841339111328
81746599,2022,2022-04-12,4114,2022-03-09,0746,1090,SNB8,3,5,4,4114,0,0,0,,0,002,"SAN ANTONIO AV","SANTA LUCIA AV",0.00,,Y,A,-,N,,,,,,,,,,N,3,0,1,2,A,-,09,21804,A,N,D,C,A,A,H,-,A,A,0,,,,,Y,,A,01,0,1,0,0,0,0,0,0,0,"- ","- ",,,"SAN MATEO","SAN BRUNO",-122.40319061279297,37.616706848144531
8174840,2016,2017-01-04,4114,2016-11-06,1755,0034,SNB4,7,5,4,4114,0,0,0,,0,001,"SNEATH LN","EL CAMINO REAL",220.00,W,N,A,-,N,,,,,,,,,,N,3,0,2,2,C,-,18,,,N,C,C,A,A,H,-,C,D,0,,,,,Y,,-,"- ",0,1,1,0,0,0,0,0,0,"- ","- ",,,"SAN MATEO","SAN BRUNO",-122.42213338000001,37.636566780000003
81750921,2022,2022-04-19,4100,2022-02-22,1853,25081,N,2,5,4,4104,0,0,0,,0,00N,"OLD BAYSHORE HWY","1390 OLD BAYSHORE HWY",0.00,,Y,B,-,N,,,,,,,,,,N,2,0,1,2,A,-,06,21951,,N,B,B,E,A,H,-,C,D,0,Y,,,,Y,,N,60,1,0,0,0,1,0,0,0,0,"- ","- ",,,"SAN MATEO",BURLINGAME,-122.36476135253906,37.592338562011719
81750930,2022,2022-04-19,4100,2022-03-12,0213,25277,SNC,6,5,4,4115,0,0,0,,0,053,"SAN CARLOS AV","DARTMOUTH AV",551.00,E,-,A,-,N,,,,,,,,,,Y,2,0,3,2,A,-,01,23152,A,N,B,C,A,A,H,-,C,D,0,,,,,Y,Y,A,01,3,0,0,0,0,0,0,0,0,"- ","- ",,,"SAN MATEO","SAN CARLOS",-122.28378295898438,37.507705688476562
81753972,2022,2022-04-22,4100,2022-04-06,1344,25875,HMB,3,5,3,4107,0,0,0,,0,075,"STATE ROUTE 1","POPLAR AV",25.00,S,Y,A,-,N,,,,,,,,,,N,3,0,1,2,A,-,10,21950,C,N,G,B,B,A,H,-,A,A,0,Y,,,,Y,,A,01,0,1,0,0,1,0,0,0,0,"- ","- ",,,"SAN MATEO","HALF MOON BAY",-122.43319702148438,37.456588745117188
81755934,2022,2022-04-25,4100,2022-04-24,0935,25984,4100,7,5,2,4118,0,0,0,,0,030,"SR 84 (LA HONDA RD)","84 SM 16.26",238.00,S,-,A,-,Y,,,,,,,,,,Y,3,0,1,2,A,-,05,21650,,N,B,D,A,A,H,-,A,D,0,,,Y,,Y,,C,02,0,1,0,0,0,0,0,0,1,"- ","- ",,,"SAN MATEO",WOODSIDE,,
81758255,2022,2022-04-28,4100,2022-04-13,1743,19810,4100,3,5,4,4115,0,0,0,,0,051,"ALAMEDA DE LAS PLUGLAS","EATON AVENUE",46.00,N,-,A,-,N,,,,,,,,,,N,3,0,1,2,A,-,03,22350,,N,C,C,A,A,H,-,A,D,0,,,,Y,Y,,F,76,0,1,0,0,0,0,0,0,0,"- ","- ",,,"SAN MATEO","SAN CARLOS",-122.25731658935547,37.484233856201172
81765639,2022,2022-05-05,4100,2022-03-09,1708,25244,MLB,3,5,3,4110,0,0,0,,0,062,"HIGHWAY 82","CENTER ST",0.00,,Y,A,-,N,,,,,,,,,,N,3,0,1,2,A,-,10,21950,A,N,G,B,C,A,H,-,A,A,0,Y,,,,Y,,A,01,0,1,0,0,1,0,0,0,0,"- ","- ",,,"SAN MATEO",MILLBRAE,-122.39897918701172,37.607696533203125
81768755,2022,2022-05-10,4117,2022-04-08,0824,21BP02,25AA,5,5,5,4117,0,0,0,,0,003,"SR-82 (EL CAMINO REAL HY)","WEST ORANGE AV",0.00,,Y,A,-,Y,SM,,82,,,20.655,H,,R,N,3,0,1,2,A,-,03,22350,A,N,C,C,A,A,H,-,A,A,0,,,,,Y,,A,01,0,1,0,0,0,0,0,0,0,"- ","- ",37.6551513671875,-122.43448638916016,"SAN MATEO","SOUTH SAN FRANCISCO",-122.43437957763672,37.655246734619141
81768811,2022,2022-05-10,4117,2022-04-10,1515,13SS03,21AL,7,5,5,4117,0,0,0,,0,003,"SR-82 (EL CAMINO REAL HY)","HICKEY BL",15.00,S,-,A,-,Y,SM,,82,,,21.922,H,,R,Y,3,0,1,2,A,-,11,21955,,N,A,B,D,A,H,-,A,A,0,Y,,,,Y,,N,60,0,1,0,0,1,0,0,0,0,"- ","- ",37.666259765625,-122.45095062255859,"SAN MATEO","SOUTH SAN FRANCISCO",-122.45108032226562,37.666164398193359
8177042,2016,2016-12-14,4127,2016-11-20,1806,2230,4127,7,5,4,4127,0,0,0,,0,002,"RUNNYMEDE ST","CLARK AV",30.00,S,N,C,-,N,,,,,,,,,,N,4,0,1,2,A,-,17,22517,,N,B,E,A,B,H,-,C,D,0,,,,,Y,,A,01,0,0,1,0,0,0,0,0,0,"- ","- ",,,"SAN MATEO","EAST PALO ALTO",-122.13477373000001,37.468561260000001