CASE_ID,ACCIDENT_YEAR,PROC_DATE,JURIS,COLLISION_DATE,COLLISION_TIME,OFFICER_ID,REPORTING_DISTRICT,DAY_OF_WEEK,CHP_SHIFT,POPULATION,CNTY_CITY_LOC,SPECIAL_COND,BEAT_TYPE,CHP_BEAT_TYPE,CITY_DIVISION_LAPD,CHP_BEAT_CLASS,BEAT_NUMBER,PRIMARY_RD,SECONDARY_RD,DISTANCE,DIRECTION,INTERSECTION,WEATHER_1,WEATHER_2,STATE_HWY_IND,CALTRANS_COUNTY,CALTRANS_DISTRICT,STATE_ROUTE,ROUTE_SUFFIX,POSTMILE_PREFIX,POSTMILE,LOCATION_TYPE,RAMP_INTERSECTION,SIDE_OF_HWY,TOW_AWAY,COLLISION_SEVERITY,NUMBER_KILLED,NUMBER_INJURED,PARTY_COUNT,PRIMARY_COLL_FACTOR,PCF_CODE_OF_VIOL,PCF_VIOL_CATEGORY,PCF_VIOLATION,PCF_VIOL_SUBSECTION,HIT_AND_RUN,TYPE_OF_COLLISION,MVIW,PED_ACTION,ROAD_SURFACE,ROAD_COND_1,ROAD_COND_2,LIGHTING,CONTROL_DEVICE,CHP_ROAD_TYPE,PEDESTRIAN_ACCIDENT,BICYCLE_ACCIDENT,MOTORCYCLE_ACCIDENT,TRUCK_ACCIDENT,NOT_PRIVATE_PROPERTY,ALCOHOL_INVOLVED,STWD_VEHTYPE_AT_FAULT,CHP_VEHTYPE_AT_FAULT,COUNT_SEVERE_INJ,COUNT_VISIBLE_INJ,COUNT_COMPLAINT_PAIN,COUNT_PED_KILLED,COUNT_PED_INJURED,COUNT_BICYCLIST_KILLED,COUNT_BICYCLIST_INJURED,COUNT_MC_KILLED,COUNT_MC_INJURED,PRIMARY_RAMP,SECONDARY_RAMP,LATITUDE,LONGITUDE,COUNTY,CITY,POINT_X,POINT_Y
82135512,2023,2023-08-03,4109,2023-07-26,1627,146399,26,3,5,4,4109,0,0,0,,0,001,"OAK GROVE AV","EL CAMINO REAL",93.00,W,-,A,-,N,,,,,,,,,,N,3,0,1,2,A,-,09,21804,A,N,D,G,A,A,H,-,A,A,0,,Y,,,Y,,A,01,0,1,0,0,0,0,1,0,0,"- ","- ",37.454250335693359,-122.1844482421875,"SAN MATEO","MENLO PARK",-122.18463897705078,37.45404052734375
82138666,2023,2023-08-08,4114,2023-07-04,1938,0941,SNB19,2,5,4,4114,0,0,0,,0,002,"CUNNINGHAM WY","CRYSTAL SPRINGS RD",54.00,N,-,A,-,N,,,,,,,,,,Y,2,0,1,2,A,-,08,22107,,N,A,C,A,A,H,-,A,D,0,,,Y,,Y,,C,02,1,0,0,0,0,0,0,0,1,"- ","- ",,,"SAN MATEO","SAN BRUNO",-122.42033386230469,37.614143371582031
82139632,2023,2023-08-09,4109,2023-07-24,1017,200040,22,1,5,4,4109,0,0,0,,0,002,"WILLOW RD","CHESTER STREET",0.00,,Y,A,-,N,,,,,,,,,,Y,3,0,1,3,A,-,09,21801,,N,D,C,A,A,H,-,A,D,0,,,,,Y,,A,01,0,1,0,0,0,0,0,0,0,"- ","- ",37.466041564941406,-122.15693664550781,"SAN MATEO","MENLO PARK",-122.156982421875,37.465991973876953
82141247,2023,2023-08-10,4116,2023-07-26,1503,25586,12,3,5,5,4116,0,0,0,,0,00A,"SOUTH DELAWARE ST","2ND AVENUE",0.00,,Y,A,-,N,,,,,,,,,,Y,4,0,1,2,A,-,12,21453,A,N,D,C,A,A,H,-,A,A,0,,,,,Y,,A,01,0,0,1,0,0,0,0,0,0,"- ","- ",37.567901611328125,-122.32087707519531,"SAN MATEO","SAN MATEO",-122.32089233398438,37.567890167236328
82147753,2023,2023-08-18,4116,2023-07-31,1545,28889,54,1,5,5,4116,0,0,0,,0,00D,"MARINERS ISLAND BL","FASHION ISLAND BLVD",0.00,,Y,A,-,N,,,,,,,,,,N,3,0,2,2,A,-,12,21453,,N,B,C,A,A,H,-,A,A,0,,,,,Y,,A,01,0,2,0,0,0,0,0,0,0,"- ","- ",37.557868957519531,-122.28723907470703,"SAN MATEO","SAN MATEO",-122.28726959228516,37.557872772216797
82147843,2023,2023-08-21,4116,2023-06-23,2156,29015,61,5,5,5,4116,0,0,0,,0,00D,"EAST HILLSDALE BL","HWY 101 NORTHBOUND OFFRAMP",0.00,,Y,A,-,N,,,,,,,,,,N,3,0,3,2,A,-,03,22350,,N,C,C,A,A,H,-,C,A,0,,,,,Y,,A,01,0,3,0,0,0,0,0,0,0,"- ","- ",37.546230316162109,-122.28515625,"SAN MATEO","SAN MATEO",-122.286659,37.545293000000001
82148070,2023,2023-08-21,4100,2023-08-02,1230,25906,4100,3,5,4,4115,0,0,0,,0,052,"OLD COUNTY RD","BRAGATO RD",197.00,S,-,A,-,N,,,,,,,,,,N,2,0,1,2,A,-,08,22107,,N,H,G,A,A,H,-,A,D,0,,Y,,,Y,,L,04,1,0,0,0,0,0,1,0,0,"- ","- ",,,"SAN MATEO","SAN CARLOS",-122.2672119140625,37.5142822265625
82150047,2023,2023-08-22,4109,2023-08-15,"700 ",200061,17B,2,5,4,4109,0,0,0,,0,004,"BAYFRONT EX","CHRYSLER DRIVE",0.00,,Y,A,-,N,,,,,,,,,,N,2,0,2,3,A,-,"- ",,,N,C,C,A,A,H,-,A,A,0,,,,,Y,,A,01,1,1,0,0,0,0,0,0,0,"- ","- ",37.483081817626953,-122.17516326904297,"SAN MATEO","MENLO PARK",-122.17401123046875,37.485397338867188
82151791,2023,2023-08-24,4116,2023-07-30,1337,27772,34,7,5,5,4116,0,0,0,,0,00C,"SOUTH EL CAMINO REAL","20TH AVENUE",50.00,N,-,A,-,N,,,,,,,,,,N,3,0,1,2,B,-,22,,,N,C,C,A,A,H,-,A,A,0,,,,,Y,,A,01,0,1,0,0,0,0,0,0,0,"- ","- ",37.548309326171875,-122.30995941162109,"SAN MATEO","SAN MATEO",-122.30994415283203,37.548412322998047
82151794,2023,2023-08-24,4100,2023-07-31,1530,19590,TRANS,1,5,1,4105,0,0,0,,0,00N,"SR-82 (EL CAMINO REAL)","ALBERT M TEGLIA BL",0.00,,Y,B,-,Y,,,,,,,,,,Y,3,0,4,3,A,-,12,21453,A,N,D,C,A,A,H,-,A,A,0,,,,,Y,,A,07,0,4,0,0,0,0,0,0,0,"- ","- ",,,"SAN MATEO",COLMA,-122.46363830566406,37.6842041015625
82152242,2023,2023-08-24,4117,2023-08-14,"946 ",18LO10,07AE,1,5,5,4117,0,0,0,,0,004,"LINDEN AV","AIRPORT BL",10.00,W,-,A,-,N,,,,,,,,,,N,3,0,1,2,A,-,21,22106,,N,C,G,A,A,H,-,A,A,0,,Y,,,Y,,A,01,0,1,0,0,0,0,1,0,0,"- ","- ",37.661048889160156,-122.40395355224609,"SAN MATEO","SOUTH SAN FRANCISCO",-122.40409088134766,37.661094665527344
82161846,2023,2023-09-05,4100,2023-08-12,1605,25922,SNC,6,5,4,4115,0,0,0,,0,051,"BRITTAN AV","ALAMEDA DE LAS PULGAS",20.00,W,-,A,-,N,,,,,,,,,,Y,3,0,2,4,A,-,03,22350,,N,C,C,A,A,H,-,A,D,0,,,,,Y,,A,07,0,2,0,0,0,0,0,0,0,"- ","- ",,,"SAN MATEO","SAN CARLOS",-122.26551818847656,37.491069793701172
82164433,2023,2023-09-07,4116,2023-09-05,1630,28252,14,2,5,5,4116,0,0,0,,0,00A,"NORTH EL CAMINO REAL","WEST BELLEVUE AVENUE",0.00,,Y,A,-,Y,SM,,82," "," ",11.346,H,,R,Y,3,0,2,4,A,-,01,23153,A,N,C,E,A,A,H,-,A,A,0,,,,,Y,Y,A,07,0,1,1,0,0,0,0,0,0,"- ","- ",37.559120178222656,-122.32131195068359,"SAN MATEO","SAN MATEO",-122.32147216796875,37.559009552001953
82167406,2023,2023-09-11,4109,2023-08-15,"229 ",146541,99,2,5,4,4127,0,0,0,,0,099,"OAKWOOD DR","BELL ST",0.00,,Y,A,-,N,,,,,,,,,,Y,3,0,1,2,A,-,01,23153,A,F,E,I,A,A,H,-,C,A,0,,,,,Y,Y,A,01,0,1,0,0,0,0,0,0,0,"- ","- ",,,"SAN MATEO","EAST PALO ALTO",-122.14746856689453,37.466163635253906
82168417,2023,2023-09-12,4116,2023-08-09,1200,28444,23,3,5,5,4116,0,0,0,,0,00A,"1655 EL CAMINO REAL","N CURBLINE PROLONGATION OF 17TH AVE",12.00,N,-,A,-,Y,SM,,82," "," ",10.728,H,,R,N,3,0,1,2,A,-,22,23123,,N,C,C,A,A,H,-,A,D,0,,,,Y,Y,,F,26,0,1,0,0,0,0,0,0,0,"- ","- ",37.552238464355469,-122.31407165527344,"SAN MATEO","SAN MATEO",-122.31404113769531,37.552261352539062
82168498,2023,2023-09-12,4116,2023-09-02,"758 ",28889,34,6,5,5,4116,0,0,0,,0,00C,"EAST HILLSDALE BL","SOUTH EL CAMINO REAL",0.00,,Y,A,-,N,,,,,,,,,,N,3,0,1,2,A,-,03,22350,,N,D,C,A,A,H,-,A,A,0,,,,,Y,,A,01,0,1,0,0,0,0,0,0,0,"- ","- ",37.537460327148438,-122.29827117919922,"SAN MATEO","SAN MATEO",-122.29753875732422,37.537082672119141
82172359,2023,2023-09-18,4117,2023-09-15,2249,19JS03,01AM,5,5,5,4117,0,0,0,,0,001,"SOUTH AIRPORT BL","BELLE AIR RD",152.00,S,-,A,-,N,,,,,,,,,,Y,2,0,3,1,A,-,01,23153,A,F,E,I,A,A,H,-,C,D,0,,,,,Y,Y,A,01,1,2,0,0,0,0,0,0,0,"- ","- ",37.640838623046875,-122.40302276611328,"SAN MATEO","SOUTH SAN FRANCISCO",-122.40204620361328,37.640602111816406
82176028,2023,2023-09-21,4117,2023-09-12,"859 ",14MN05,17AR,2,5,5,4117,0,0,0,,0,003,"JUNIPERO SERRA BL","ARROYO DR",0.00,,Y,A,-,N,,,,,,,,,,Y,2,0,2,2,A,-,09,21802,A,N,D,C,A,A,H,-,A,A,0,,,,,Y,,A,01,1,1,0,0,0,0,0,0,0,"- ","- ",37.648601531982422,-122.45024871826172,"SAN MATEO","SOUTH SAN FRANCISCO",-122.45040130615234,37.648494720458984
82176327,2023,2023-09-21,4116,2023-09-11,1730,28444,24,1,5,5,4116,0,0,0,,0,00A,"9TH AV","PALM AVE",0.00,,Y,A,-,N,,,,,,,,,,N,3,0,1,2,A,-,10,21950,A,N,G,B,B,A,H,-,A,D,0,Y,,,,Y,,A,01,0,1,0,0,1,0,0,0,0,"- ","- ",37.560268402099609,-122.32015991210938,"SAN MATEO","SAN MATEO",-122.32012939453125,37.560276031494141
82179547,2023,2023-09-26,4109,2023-09-05,1700,146408,30,2,5,4,4109,0,0,0,,0,001,"2200 SHARON RD","EASTRIDGE AVE",0.00,,Y,A,-,N,,,,,,,,,,N,3,0,1,2,A,-,"- ",,,N,A,G,A,A,H,-,A,D,0,,Y,,,Y,,A,01,0,1,0,0,0,0,1,0,0,"- ","- ",37.428230285644531,-122.20081329345703,"SAN MATEO","MENLO PARK",-122.19973754882812,37.427101135253906
82181638,2023,2023-09-27,4109,2023-09-14,"810 ",200004,28,4,5,4,4109,0,0,0,,0,001,"SANTA CRUZ AVENUE","N LEMON AVENUE",0.00,,Y,A,-,N,,,,,,,,,,N,3,0,1,2,A,-,05,21650,,N,H,G,A,A,H,-,A,D,0,,Y,,,Y,,L,04,0,1,0,0,0,0,1,0,0,"- ","- ",37.436901092529297,-122.19680023193359,"SAN MATEO","MENLO PARK",-122.19699096679688,37.436695098876953
82182222,2023,2024-05-17,4100,2023-09-24,1900,26038,,7,5,3,4110,0,0,0,,0,062,"STATE HIGHWAY 82 HWY","PARK PL",0.00,,Y,A,-,N,,,,,,,,,,N,3,0,1,2,A,-,04,21703,,F,C,C,A,A,H,-,A,A,0,,,,,Y,,A,01,0,1,0,0,0,0,0,0,0,"- ","- ",,,"SAN MATEO",MILLBRAE,-122.40503692626953,37.613845825195312
82186371,2023,2023-10-02,4117,2023-09-25,"648 ",03JA06,10AD,1,5,5,4117,0,0,0,,0,002,"HUNTINGTON AV","SOUTH SPRUCE AV",20.00,E,-,A,-,N,,,,,,,,,,N,3,0,2,2,A,-,03,22350,,N,C,C,A,A,H,-,A,A,0,,,,,Y,,D,72,0,2,0,0,0,0,0,0,0,"- ","- ",37.645038604736328,-122.42205810546875,"SAN MATEO","SOUTH SAN FRANCISCO",-122.42259979248047,37.644950866699219
82188076,2023,2023-10-02,4117,2023-09-02,1308,20AB05,13AF,6,5,5,4117,0,0,0,,0,001,"ORANGE AV","BADEN AV",37.00,S,-,A,-,N,,,,,,,,,,Y,3,0,2,4,A,-,05,21460,,N,D,C,A,A,H,-,A,A,0,,,,,Y,,A,01,0,2,0,0,0,0,0,0,0,"- ","- ",37.657058715820312,-122.42342376708984,"SAN MATEO","SOUTH SAN FRANCISCO",-122.42345428466797,37.656970977783203
82189255,2023,2023-10-03,4109,2023-09-21,"933 ",145674,16,4,5,4,4109,0,0,0,,0,002,"MARSH RD","BAY RD",0.00,,Y,A,-,N,,,,,,,,,,N,3,0,1,2,A,-,08,22107,,N,H,G,A,A,D,-,A,A,0,,Y,,,Y,,A,07,0,1,0,0,0,0,1,0,0,"- ","- ",37.476718902587891,-122.18670654296875,"SAN MATEO","MENLO PARK",-122.18677520751953,37.476737976074219
82189470,2023,2023-10-03,4116,2023-09-07,1815,28508,36,4,5,5,4116,0,0,0,,0,00C,"WEST HILLSDALE BL","NORTH CURBLINE OF WEST HILLDALE BLVD",23.00,S,-,A,-,N,,,,,,,,,,N,3,0,1,3,A,-,10,21950,,N,G,B,B,A,H,-,A,A,0,Y,,,,Y,,A,01,0,1,0,0,1,0,0,0,0,"- ","- ",37.535308837890625,-122.29946899414062,"SAN MATEO","SAN MATEO",-122.29759979248047,37.537036895751953
82189591,2023,2023-10-04,4116,2023-09-18,2026,28444,12,1,5,5,4116,0,0,0,,0,00A,"TILTON AV","S. DELAWARE ST",0.00,,Y,A,-,N,,,,,,,,,,N,3,0,1,2,A,-,12,22450,,F,D,C,A,A,H,-,C,A,0,,,,,Y,,A,01,0,1,0,0,0,0,0,0,0,"- ","- ",37.571140289306641,-122.32364654541016,"SAN MATEO","SAN MATEO",-122.32427215576172,37.570949554443359
82192282,2023,2023-10-05,4109,2023-09-26,"840 ",145882,18,2,5,4,4109,0,0,0,,0,004,"BAYFRONT EX","LEADING EDGE OF CONCRETE DIVIDER OF SR-84 ON E SID",100.00,E,-,B,-,Y,SM,,84," ",R,27.619,H,,R,Y,3,0,1,1,A,-,03,22350,,N,H,C,A,B,H,-,A,A,0,,,Y,,Y,,C,02,0,1,0,0,0,0,0,0,1,"- ","- ",37.481971740722656,-122.15099334716797,"SAN MATEO","MENLO PARK",-122.15099334716797,37.481967926025391
82194610,2023,2023-10-09,4116,2023-09-22,1838,28536,34,5,5,5,4116,0,0,0,,0,00C,"451 W 20TH AV","20TH AVE",193.00,S,-,A,-,N,,,,,,,,,,Y,3,0,1,1,A,-,01,23152,A,N,E,I,A,A,H,-,B,D,0,,,,,Y,Y,A,01,0,1,0,0,0,0,0,0,0,"- ","- ",37.545761108398438,-122.31719970703125,"SAN MATEO","SAN MATEO",-122.31047058105469,37.54815673828125
82194786,2023,2024-01-17,4100,2023-10-06,1907,25037,,5,5,4,4115,0,0,0,,0,053,"ELM ST","SAN CARLOS AV",34.00,N,-,A,-,N,,,,,,,,,,N,3,0,2,3,A,-,01,23153,,N,B,C,A,A,H,-,B,A,0,,,,,Y,Y,A,01,0,2,0,0,0,0,0,0,0,"- ","- ",,,"SAN MATEO","SAN CARLOS",-122.26316070556641,37.505237579345703
82194802,2023,2023-10-09,4116,2023-09-26,1721,28252,34,2,5,5,4116,0,0,0,,0,00C,"28TH AV","S. EL CAMINO REAL",0.00,,Y,A,-,Y,SM,,82," "," ",9.773,H,,L,N,4,0,1,2,A,-,10,21950,,N,G,B,B,A,H,-,A,A,0,Y,,,,Y,,A,07,0,0,1,0,1,0,0,0,0,"- ","- ",37.541648864746094,-122.30284881591797,"SAN MATEO","SAN MATEO",-122.30284881591797,37.541652679443359
82196211,2023,2023-10-11,4100,2023-09-28,"850 ",25992,4100,4,5,3,4110,0,0,0,,0,061,"MILLBRAE AV","EL CAMINO REAL",0.00,,Y,A,-,N,,,,,,,,,,N,3,0,1,2,A,-,08,22107,,N,C,C,A,A,H,-,A,A,0,,,,Y,Y,,F,27,0,1,0,0,0,0,0,0,0,"- ","- ",,,"SAN MATEO",MILLBRAE,-122.38758850097656,37.598491668701172
82196384,2023,2023-10-11,4100,2023-09-13,"829 ",25823,MLB,3,5,3,4110,0,0,0,,0,062,"MAGNOLIA AV","MILLWOOD DR",0.00,,Y,A,-,N,,,,,,,,,,N,3,0,1,2,A,-,08,22107,,N,D,C,A,A,H,-,A,A,0,,,Y,,Y,,C,03,0,1,0,0,0,0,0,0,1,"- ","- ",,,"SAN MATEO",MILLBRAE,-122.40365600585938,37.609363555908203
82197597,2023,2023-10-12,4117,2023-09-20,2200,18LO10,05AB,3,5,5,4117,0,0,0,,0,001,"SAN MATEO AV","LOWRIE AV",247.00,S,-,A,-,N,,,,,,,,,,N,2,0,3,3,A,-,05,21650,,N,A,C,A,A,H,-,C,D,0,,,,,Y,,A,01,2,1,0,0,0,0,0,0,0,"- ","- ",37.642650604248047,-122.41117858886719,"SAN MATEO","SOUTH SAN FRANCISCO",-122.41153717041016,37.641986846923828
82197681,2023,2023-10-12,4116,2023-10-03,"810 ",25586,24,2,5,5,4116,0,0,0,,0,00A,"ALAMEDA DE LAS PULGAS","WOODLAND DR",80.00,S,-,A,-,N,,,,,,,,,,N,3,0,1,2,A,-,08,22107,,N,B,G,A,A,H,-,A,D,0,,Y,,,Y,,L,04,0,1,0,0,0,0,1,0,0,"- ","- ",37.552211761474609,-122.32996368408203,"SAN MATEO","SAN MATEO",-122.32998657226562,37.552223205566406
82198538,2023,2023-10-13,4116,2023-10-06,1740,28444,37,5,5,5,4116,0,0,0,,0,00C,"SOUTH EL CAMINO REAL","W CURBLINE OF S. EL CAMINO REAL",19.00,E,-,A,-,Y,SM,,82," "," ",8.731,H,,L,N,3,0,2,2,A,-,22,23123,,N,C,C,A,A,H,-,A,D,0,,,,,Y,,A,01,0,2,0,0,0,0,0,0,0,"- ","- ",37.5306396484375,-122.28996276855469,"SAN MATEO","SAN MATEO",-122.28980255126953,37.530784606933594
82198595,2023,2023-10-13,4116,2023-10-08,1438,28536,23,7,5,5,4116,0,0,0,,0,00A,"SOUTH EL CAMINO REAL","HAYWARD RD",0.00,,Y,A,-,N,,,,,,,,,,N,3,0,2,2,A,-,09,21801,A,N,D,C,A,A,H,-,A,D,0,,,,,Y,,A,01,0,2,0,0,0,0,0,0,0,"- ","- ",37.558238983154297,-122.32080078125,"SAN MATEO","SAN MATEO",-122.32077026367188,37.558261871337891
82198612,2023,2023-10-13,4117,2023-10-03,1846,21PR06,28AH,2,5,5,4117,0,0,0,,0,003,"HICKEY BL","RT 82",180.00,W,-,A,-,Y,,,,,,,,,,N,3,0,1,2,A,-,08,22107,,N,D,C,A,A,H,-,A,D,0,,,,,Y,,A,07,0,1,0,0,0,0,0,0,0,"- ","- ",37.665660858154297,-122.45130920410156,"SAN MATEO","SOUTH SAN FRANCISCO",-122.451904296875,37.66632080078125
82199730,2023,2023-10-16,4117,2023-10-04,1458,12JP07,16AA,3,5,5,4117,0,0,0,,0,002,"JUNIPERO SERRA BL","AVALON DR",0.00,,Y,A,-,Y,,,,,,,,,,Y,3,0,3,2,C,-,18,,,N,B,C,A,A,H,-,A,A,0,,,,,Y,,-,"- ",0,2,1,0,0,0,0,0,0,"- ","- ",37.640129089355469,-122.44138336181641,"SAN MATEO","SOUTH SAN FRANCISCO",-122.44150543212891,37.6400146484375
82200459,2023,2023-10-17,4100,2023-09-15,1700,26056,WS,5,5,2,4118,0,0,0,,0,030,"WOODSIDE RD","WHISKEY HILL RD",0.00,,Y,A,-,Y,,,,,,,,,,Y,3,0,1,2,A,-,09,21801,,N,B,C,A,A,H,-,A,A,0,,,,,Y,,A,01,0,1,0,0,0,0,0,0,0,"- ","- ",,,"SAN MATEO",WOODSIDE,-122.25009155273438,37.429279327392578
82200744,2023,2023-10-17,0400,2023-10-05,1901,0254,9,4,5,4,4104,0,0,0,,0,00B,BROADWAY,"CAPUCHINO AV",0.00,,Y,A,-,N,,,,,,,,,,N,3,0,1,2,A,-,08,22107,,N,G,B,F,A,H,-,C,A,0,Y,,,,Y,,A,07,0,1,0,0,1,0,0,0,0,"- ","- ",37.584888458251953,-122.36573791503906,"SAN MATEO",BURLINGAME,-122.36575317382812,37.584892272949219
82200772,2023,2023-10-17,4116,2023-10-12,"945 ",28889,37,4,5,5,4116,0,0,0,,0,00C,"43RD AV","BERESFORD ST",0.00,,Y,A,-,N,,,,,,,,,,N,3,0,1,1,A,-,03,22350,,N,E,I,A,A,H,-,A,D,0,,,,,Y,,A,07,0,1,0,0,0,0,0,0,0,"- ","- ",37.528999328613281,-122.29161834716797,"SAN MATEO","SAN MATEO",-122.29160308837891,37.528858184814453
82202440,2023,2023-10-18,4117,2023-10-03,1915,14MN05,14AE,2,5,5,4117,0,0,0,,0,002,"SOUTH SPRUCE AV","HHUNTINGTON AV",0.00,,Y,A,-,N,,,,,,,,,,N,2,0,1,2,A,-,00,21221,,N,B,C,A,A,H,-,C,A,0,,,,,Y,,M,94,1,0,0,0,0,0,0,0,0,"- ","- ",37.645099639892578,-122.42356872558594,"SAN MATEO","SOUTH SAN FRANCISCO",-122.42266082763672,37.644985198974609
82203738,2023,2023-10-19,4116,2023-10-09,"957 ",25586,14,1,5,5,4116,0,0,0,,0,00A,"N B ST","TILTON AVE",184.00,S,-,B,-,N,,,,,,,,,,Y,4,0,2,2,A,-,08,22102,,N,D,C,A,A,H,-,A,D,0,,,,Y,Y,,A,01,0,0,2,0,0,0,0,0,0,"- ","- ",37.567150115966797,-122.32524108886719,"SAN MATEO","SAN MATEO",-122.32607269287109,37.569049835205078
82207686,2023,2023-10-24,4116,2023-10-17,"929 ",28307,54,2,5,5,4116,0,0,0,,0,00D,"MARINERS ISLAND BL","FASION ISLAND BLVD",0.00,,Y,A,-,N,,,,,,,,,,N,3,0,1,2,A,-,08,22100,A,N,B,C,A,A,H,-,A,A,0,,,,,Y,,A,01,0,1,0,0,0,0,0,0,0,"- ","- ",37.557868957519531,-122.28723907470703,"SAN MATEO","SAN MATEO",-122.28726959228516,37.557872772216797
82207702,2023,2023-10-24,4100,2023-10-10,1425,25869,MLB,2,5,3,4110,0,0,0,,0,061,"EAST MILLBRAE AV","SR-82 (EL CAMINO REAL)",255.00,E,-,A,-,Y,,,,,,,,,,N,3,0,1,2,A,-,03,22350,,N,C,C,A,A,H,-,A,D,0,,,,,Y,,A,08,0,1,0,0,0,0,0,0,0,"- ","- ",,,"SAN MATEO",MILLBRAE,-122.38669586181641,37.5989990234375
82209594,2023,2023-10-26,4100,2023-10-03,1028,25906,SNC,2,5,4,4115,0,0,0,,0,051,"SAN CARLOS AV","WALNUT ST",0.00,,Y,A,-,N,,,,,,,,,,N,3,0,1,2,A,-,10,21950,A,N,G,B,B,A,H,-,A,A,0,Y,,,,Y,,D,72,0,1,0,0,1,0,0,0,0,"- ","- ",,,"SAN MATEO","SAN CARLOS",-122.26216125488281,37.505825042724609
82209624,2023,2023-10-26,4109,2023-10-02,2042,200040,28,1,5,4,4109,0,0,0,,0,001,"1730 OAKDELL DR","SOUTH CURB PROLONGATION OF OAKDELL DRIVE",28.50,N,-,A,-,N,,,,,,,,,,N,2,0,1,1,A,-,03,22350,,N,H,G,A,A,H,-,C,D,0,,Y,,,Y,,M,91,1,0,0,0,0,0,1,0,0,"- ","- ",37.437160491943359,-122.18988037109375,"SAN MATEO","MENLO PARK",,
82220928,2023,2023-10-27,4100,2023-10-05,1454,25195,4100,4,5,3,4110,0,0,0,,0,061,"HILLCREST BL","LA SOLANO",91.80,W,-,A,-,N,,,,,,,,,,N,3,0,1,1,A,-,08,22107,,N,E,I,A,A,H,-,A,D,0,,,,,Y,,A,01,0,1,0,0,0,0,0,0,0,"- ","- ",,,"SAN MATEO",MILLBRAE,-122.40605926513672,37.593280792236328
82220929,2023,2023-10-27,4100,2023-10-17,1433,25906,4100,2,5,4,4115,0,0,0,,0,052,"HOLLY ST","INDUSTRIAL RD",141.00,W,-,A,-,N,,,,,,,,,,N,4,0,1,2,A,-,03,22350,,N,C,C,A,A,H,-,A,D,0,,,,,Y,,D,72,0,0,1,0,0,0,0,0,0,"- ","- ",,,"SAN MATEO","SAN CARLOS",-122.25817108154297,37.511692047119141
82224494,2023,2023-10-31,4109,2023-10-21,"941 ",146398,17B,6,5,4,4109,0,0,0,,0,004,"BAYFRONT EX","META WAY",0.00,,Y,A,-,N,,,,,,,,,,Y,3,0,1,2,A,-,03,22350,,N,C,C,A,A,H,-,A,A,0,,,,,Y,,A,01,0,1,0,0,0,0,0,0,0,"- ","- ",37.491119384765625,-122.17239379882812,"SAN MATEO","MENLO PARK",-122.159885,37.482125000000003
82225640,2023,2023-11-01,0400,2023-10-13,1007,0248,1,5,5,4,4104,0,0,0,,0,00A,"EAST LN","HOWARD AV",100.00,N,-,A,-,N,,,,,,,,,,N,3,0,1,2,A,-,11,21954,A,N,G,B,E,A,H,-,A,D,0,Y,,,,Y,,N,60,0,1,0,0,1,0,0,0,0,"- ","- ",37.579559326171875,-122.34293365478516,"SAN MATEO",BURLINGAME,-122.34290313720703,37.579536437988281
82225780,2023,2023-11-01,4100,2023-09-03,"835 ",25819,HMB,7,5,3,4107,0,0,0,,0,075,"SR-1 (CABRILLO HWY S)","FILBERT ST",0.00,,Y,A,-,Y,,,,,,,,,,N,3,0,1,2,A,-,09,21804,A,N,H,G,A,A,H,-,A,A,0,,Y,,,Y,,A,07,0,1,0,0,0,0,1,0,0,"- ","- ",,,"SAN MATEO","HALF MOON BAY",-122.43947601318359,37.457675933837891
82225939,2023,2023-11-01,4114,2023-09-26,1559,1245,SNB4,2,5,4,4114,0,0,0,,0,001,"EL CAMINO REAL","SNEATH LANE",10.00,N,-,A,-,N,,,,,,,,,,N,3,0,1,2,A,-,03,22350,,N,C,C,A,A,H,-,A,A,0,,,,,Y,,A,01,0,1,0,0,0,0,0,0,0,"- ","- ",,,"SAN MATEO","SAN BRUNO",-122.42147064208984,37.636863708496094
82230540,2023,2023-11-07,4114,2023-10-13,2109,1283,SNB40,5,5,4,4114,0,0,0,,0,003,"LASSEN DR","MONTEREY DR",355.00,S,-,A,-,N,,,,,,,,,,N,4,0,1,2,A,-,03,22350,,N,E,I,A,A,H,-,C,D,0,,,,,Y,,A,01,0,0,1,0,0,0,0,0,0,"- ","- ",,,"SAN MATEO","SAN BRUNO",-122.45110321044922,37.620429992675781
82230577,2023,2023-11-08,4100,2023-10-27,1715,25283,MLB,5,5,3,4110,0,0,0,,0,063,"LINDEN AV","SERRA AV",0.00,,Y,A,-,N,,,,,,,,,,N,3,0,1,2,A,-,10,21950,A,N,G,B,B,A,H,-,A,D,0,Y,,,,Y,,A,01,0,1,0,0,1,0,0,0,0,"- ","- ",,,"SAN MATEO",MILLBRAE,-122.38747406005859,37.599380493164062
82230578,2023,2023-11-22,4100,2023-10-31,1200,25195,MLB,2,5,3,4110,0,0,0,,0,060,"SR-82 (EL CAMINO REAL)","HILLCREST BL",0.00,,Y,A,-,Y,,,,,,,,,,N,2,0,1,2,A,-,10,21950,A,N,G,B,B,A,H,-,A,A,0,Y,,,,Y,,A,08,1,0,0,0,1,0,0,0,0,"- ","- ",,,"SAN MATEO",MILLBRAE,-122.39177703857422,37.602207183837891