CASE_ID,ACCIDENT_YEAR,PROC_DATE,JURIS,COLLISION_DATE,COLLISION_TIME,OFFICER_ID,REPORTING_DISTRICT,DAY_OF_WEEK,CHP_SHIFT,POPULATION,CNTY_CITY_LOC,SPECIAL_COND,BEAT_TYPE,CHP_BEAT_TYPE,CITY_DIVISION_LAPD,CHP_BEAT_CLASS,BEAT_NUMBER,PRIMARY_RD,SECONDARY_RD,DISTANCE,DIRECTION,INTERSECTION,WEATHER_1,WEATHER_2,STATE_HWY_IND,CALTRANS_COUNTY,CALTRANS_DISTRICT,STATE_ROUTE,ROUTE_SUFFIX,POSTMILE_PREFIX,POSTMILE,LOCATION_TYPE,RAMP_INTERSECTION,SIDE_OF_HWY,TOW_AWAY,COLLISION_SEVERITY,NUMBER_KILLED,NUMBER_INJURED,PARTY_COUNT,PRIMARY_COLL_FACTOR,PCF_CODE_OF_VIOL,PCF_VIOL_CATEGORY,PCF_VIOLATION,PCF_VIOL_SUBSECTION,HIT_AND_RUN,TYPE_OF_COLLISION,MVIW,PED_ACTION,ROAD_SURFACE,ROAD_COND_1,ROAD_COND_2,LIGHTING,CONTROL_DEVICE,CHP_ROAD_TYPE,PEDESTRIAN_ACCIDENT,BICYCLE_ACCIDENT,MOTORCYCLE_ACCIDENT,TRUCK_ACCIDENT,NOT_PRIVATE_PROPERTY,ALCOHOL_INVOLVED,STWD_VEHTYPE_AT_FAULT,CHP_VEHTYPE_AT_FAULT,COUNT_SEVERE_INJ,COUNT_VISIBLE_INJ,COUNT_COMPLAINT_PAIN,COUNT_PED_KILLED,COUNT_PED_INJURED,COUNT_BICYCLIST_KILLED,COUNT_BICYCLIST_INJURED,COUNT_MC_KILLED,COUNT_MC_INJURED,PRIMARY_RAMP,SECONDARY_RAMP,LATITUDE,LONGITUDE,COUNTY,CITY,POINT_X,POINT_Y
8398118,2017,2018-03-20,4109,2017-03-23,0656,14749,17,4,5,4,4109,0,0,0,,0,002,"MARSH RD","RT 101",0.00,,Y,A,-,Y,SM,4,101,-,-,3.712,R,4,S,N,4,0,1,2,A,-,04,21703,,N,C,C,A,A,H,-,A,A,0,,,,,Y,,A,01,0,0,1,0,0,0,0,0,0,"- ","- ",37.48507,-122.17986000000001,"SAN MATEO","MENLO PARK",-122.18282891,37.48398778
8398588,2017,2017-06-28,4102,2017-06-13,1830,84100,1,2,5,4,4102,0,0,0,,0,001,"SHOREWAY RD","SEM LN",760.00,N,N,A,-,N,,,,,,,,,,Y,4,0,1,2,A,-,09,21804,A,N,D,C,A,A,H,-,A,D,0,,,,,Y,,A,01,0,0,1,0,0,0,0,0,0,"- ","- ",37.526359999999997,-122.26783,"SAN MATEO",BELMONT,-122.2681681,37.526168990000002
8400669,2017,2017-07-06,4114,2017-05-21,0908,0825,SNB31,7,5,4,4114,0,0,0,,0,003,"CRYSTAL SPRINGS RD","POLE #110007025",72.00,E,N,A,-,N,,,,,,,,,,Y,3,0,1,1,A,-,03,22350,,N,E,I,A,A,H,-,A,D,0,,,Y,,Y,,C,02,0,1,0,0,0,0,0,0,1,"- ","- ",,,"SAN MATEO","SAN BRUNO",,
8401410,2017,2017-07-11,4120,2017-05-27,2007,217,,6,5,4,4120,0,0,0,,0,00Y,"EDGEWATER BL","PORT ROYAL AV",0.00,,Y,A,-,N,,,,,,,,,,Y,3,0,2,2,A,-,09,21804,A,N,B,C,A,A,H,-,A,A,0,,,,,Y,,A,01,0,1,1,0,0,0,0,0,0,"- ","- ",37.536790000000003,-122.26575,"SAN MATEO","FOSTER CITY",-122.27181994999999,37.543299910000002
8402093,2017,2017-07-14,4106,2017-04-20,0855,2035,,4,5,6,4106,0,0,0,,0,002,"THIERS ST",HILLSIDE,16.00,W,N,A,-,N,,,,,,,,,,N,4,0,1,2,A,-,09,21801,A,N,D,C,A,A,H,-,A,D,0,,,,,Y,,A,01,0,0,1,0,0,0,0,0,0,"- ","- ",,,"SAN MATEO","DALY CITY",-122.46208392,37.697360189999998
8403971,2017,2018-04-18,4106,2017-05-02,1810,2122,14,2,5,6,4106,0,0,0,,0,006,"HICKEY BL","S RT 280",0.00,,Y,A,-,Y,SM,4,280,-,R,24.081,R,4,S,Y,4,0,1,2,A,-,09,21453,B,N,D,C,A,A,H,-,A,A,0,,,,,Y,,A,01,0,0,1,0,0,0,0,0,0,"- ","- ",,,"SAN MATEO","DALY CITY",-122.46545266,37.661779510000002
8404614,2017,2018-06-05,4106,2017-07-01,0355,2035,5,6,5,6,4106,0,0,0,,0,003,"MISSION ST","SAN PEDRO RD",21.00,S,N,A,-,Y,SM,4,82,-,-,23.780,I,5,S,Y,1,1,0,6,A,-,01,23152,B,N,E,I,A,A,H,-,C,D,0,,,,,Y,Y,A,01,0,0,0,0,0,0,0,0,0,"- ","- ",,,"SAN MATEO","DALY CITY",-122.46598821000001,37.689549929999998
84054387,2024,2024-08-12,4117,2024-07-09,"119 ",09SL05,,2,5,5,4117,0,0,0,,0,004,"GRAND AV","ORANGE AV",295.00,E,-,A,-,N,,,,,,,,,,Y,3,0,1,3,A,-,01,23152,A,N,A,E,A,A,H,-,C,D,0,,,,,Y,Y,A,01,0,1,0,0,0,0,0,0,0,"- ","- ",37.658039093017578,-122.42308807373047,"SAN MATEO","SOUTH SAN FRANCISCO",-122.42208099365234,37.657817840576172
8405641,2017,2017-08-18,4116,2017-06-28,1331,25128,42,3,5,5,4116,0,0,0,,0,00C,"GLENNAN DR","WEST HILLSDALE BL",82.00,S,N,A,-,N,,,,,,,,,,N,4,0,1,3,A,-,08,22107,,N,B,C,A,A,H,-,A,D,0,,,,,Y,,A,01,0,0,1,0,0,0,0,0,0,"- ","- ",37.53302,-122.32655,"SAN MATEO","SAN MATEO",-122.32652754,37.532783299999998
8405671,2017,2017-08-28,4100,2017-07-18,1614,25181,38,2,5,4,4115,0,0,0,,0,050,"CRESTVIEW DR","BRITTAN AV",0.00,,Y,A,-,N,,,,,,,,,,N,4,0,1,2,A,-,10,21950,A,N,G,B,B,A,H,-,A,A,0,Y,,,,Y,,A,01,0,0,1,0,1,0,0,0,0,"- ","- ",,,"SAN MATEO","SAN CARLOS",-122.28402997000001,37.48232994
8408050,2017,2018-04-18,4117,2017-06-17,1856,14SM04,03AA,6,5,5,4117,0,0,0,,0,004,"DUBUQUE AV","RT 101",15.00,N,N,A,-,Y,SM,4,101,-,-,22.564,R,4,S,Y,4,0,3,1,A,-,03,22350,,N,E,I,A,A,H,-,A,A,0,,,,,Y,,A,01,0,0,3,0,0,0,0,0,0,"- ","- ",37.66142,-122.40313,"SAN MATEO","SOUTH SAN FRANCISCO",-122.40135694999999,37.662428210000002
8411877,2017,2018-02-15,4113,2017-07-11,1301,434,11,2,5,5,4113,0,0,0,,0,023,"MIDDLEFIELD RD","BRADFORD ST",0.00,,Y,A,-,N,,,,,,,,,,Y,4,0,1,2,A,-,09,21802,A,N,D,C,A,A,H,-,A,D,0,,,,,Y,,A,08,0,0,1,0,0,0,0,0,0,"- ","- ",37.488720000000001,-122.22645,"SAN MATEO","REDWOOD CITY",-122.22930995,37.488559930000001
8412613,2017,2017-09-01,4106,2017-06-20,1250,1253,,2,5,6,4106,0,0,0,,0,001,"GUTTENBERG ST","BELLEVUE AV",43.00,W,N,A,-,N,,,,,,,,,,N,4,0,2,2,A,-,21,22106,,N,C,C,A,A,H,-,A,D,0,,,,,Y,,-,,0,0,2,0,0,0,0,0,0,"- ","- ",,,"SAN MATEO","DALY CITY",-122.44205406,37.708192799999999
8412749,2017,2017-08-31,4106,2017-08-03,1200,1253,,4,5,6,4106,0,0,0,,0,003,"JUNIPERO SERRA BL","87TH ST",113.00,N,N,A,-,N,,,,,,,,,,N,3,0,1,4,A,-,08,22107,,N,E,I,A,A,H,-,A,D,0,,,,,Y,,A,01,0,1,0,0,0,0,0,0,0,"- ","- ",,,"SAN MATEO","DALY CITY",-122.47101418,37.693580400000002
8412769,2017,2017-08-31,4106,2017-08-12,0957,2113,,6,5,6,4106,0,0,0,,0,004,"RT 35","WESTLINE AV",0.00,,Y,E,-,N,,,,,,,,,,N,4,0,1,2,A,-,12,21453,A,N,D,D,A,A,H,-,A,A,0,,,,,Y,,D,22,0,0,1,0,0,0,0,0,0,"- ","- ",,,"SAN MATEO","DALY CITY",,
8413026,2017,2018-04-17,4114,2017-05-23,1725,0825,SNB33,2,5,4,4114,0,0,0,,0,003,"SKYLINE BL","SAN BRUNO AV",2400.00,S,N,A,-,Y,SM,4,35,-,-,23.900,H,-,N,N,4,0,1,3,A,-,03,22350,,N,C,C,A,A,H,-,A,A,0,,,,,Y,,A,01,0,0,1,0,0,0,0,0,0,"- ","- ",,,"SAN MATEO","SAN BRUNO",-122.43705841000001,37.613323430000001
8413313,2017,2018-05-09,4100,2017-07-05,1845,18870,5G,3,5,3,4110,0,0,0,,0,061,"EL CAMINO REAL","HILLCREST BL",117.00,N,N,A,-,Y,SM,4,82,-,-,16.320,H,-,S,Y,3,0,1,3,A,-,07,21658,A,N,D,C,A,A,H,-,A,A,0,,,,,Y,,A,01,0,1,0,0,0,0,0,0,0,"- ","- ",,,"SAN MATEO",MILLBRAE,-122.39207666,37.602476600000003
8414923,2017,2017-10-05,4109,2017-09-16,2313,14658,,6,5,4,4109,0,0,0,,0,099,"VALPARAISO AV","ALTSCHUL AV",320.00,W,N,A,-,N,,,,,,,,,,N,3,0,2,1,A,-,08,22107,,N,E,I,A,A,H,-,C,D,0,,,,,Y,,A,07,0,2,0,0,0,0,0,0,0,"- ","- ",37.432270000000003,-122.20731000000001,"SAN MATEO","MENLO PARK",-122.2081058,37.431749230000001
8414927,2017,2017-10-05,4109,2017-09-07,0930,13938,,4,5,4,4109,0,0,0,,0,002,"MIDDLEFIELD RD","WILLOW RD",110.00,N,N,A,-,N,,,,,,,,,,N,3,0,1,2,A,-,09,21801,A,N,H,G,A,A,H,-,A,D,0,,Y,,,Y,,A,07,0,1,0,0,0,0,1,0,0,"- ","- ",37.454509999999999,-122.16325999999999,"SAN MATEO","MENLO PARK",-122.16439102,37.454760299999997
8415220,2018,2018-03-12,4103,2018-02-08,0827,OL400,1,4,5,2,4103,0,0,0,,0,00U,"SHORELINE CT","SIERRA POINT PKWY",209.00,S,N,A,-,N,,,,,,,,,,N,3,0,1,2,A,-,04,21703,,N,C,E,A,A,H,-,A,D,0,,Y,,,Y,,L,04,0,1,0,0,0,0,1,0,0,"- ","- ",37.674140930175781,-122.38343048095703,"SAN MATEO",BRISBANE,-122.38739013671875,37.672782897949219
8415762,2017,2018-06-14,4113,2017-12-15,0000,309,5,5,5,5,4113,0,0,0,,0,005,"WOODSIDE RD","HESS RD",8.00,E,N,A,-,Y,SM,4,84,-,-,24.327,I,5,N,N,3,0,1,2,A,-,10,21950,A,N,G,B,B,A,H,-,C,A,0,Y,,,,Y,,A,01,0,1,0,0,1,0,0,0,0,"- ","- ",37.472029999999997,-122.22282,"SAN MATEO","REDWOOD CITY",-122.22311243999999,37.471262809999999
8416664,2017,2017-08-03,4127,2017-07-01,0058,2214,3,6,5,4,4127,0,0,0,,0,4137,"ABELIA WY","CAMELLIA DR",0.00,,Y,A,-,N,,,,,,,,,,Y,4,0,1,8,A,-,01,23152,A,M,B,E,A,A,H,-,A,D,0,,,,,Y,Y,A,01,0,0,1,0,0,0,0,0,0,"- ","- ",,,"SAN MATEO","EAST PALO ALTO",-122.1272299,37.456649980000002
84176159,2024,2024-08-13,4100,2024-07-21,"17  ",25242,,7,5,2,4118,0,0,0,,0,030,"STATE RTE 84","MPM 84-SM-15.27",148.00,N,-,A,-,Y,,,,,,,,,,Y,3,0,1,1,A,-,03,22350,,N,E,I,A,A,H,-,D,D,0,,,,,Y,,A,01,0,1,0,0,0,0,0,0,0,"- ","- ",,,"SAN MATEO",WOODSIDE,,
84176499,2024,2024-08-13,4116,2024-07-21,"137 ",29076,,7,5,5,4116,0,0,0,,0,00D,"NORFOLK ST",UNKNOWN,0.00,,Y,A,-,N,,,,,,,,,,N,2,0,1,2,A,-,03,22350,,M,G,B,A,A,H,-,C,D,0,,,,,Y,,-,99,1,0,0,0,0,0,0,0,0,"- ","- ",37.566349029541016,-122.30039978027344,"SAN MATEO","SAN MATEO",,
8420012,2017,2017-08-08,4102,2017-07-21,1650,65000,8,5,5,4,4102,0,0,0,,0,003,"ALAMEDA DE LAS PULGAS","CIPRIANI BL",30.00,S,N,A,-,N,,,,,,,,,,N,4,0,1,2,A,-,04,21703,,N,C,C,A,A,H,-,A,D,0,,,,,Y,,A,01,0,0,1,0,0,0,0,0,0,"- ","- ",37.522329999999997,-122.3008,"SAN MATEO",BELMONT,-122.30067963,37.522319940000003
8420230,2017,2017-08-15,4116,2017-02-16,1400,26724,32,4,5,5,4116,0,0,0,,0,00C,"HILLSDALE BL","CURTISS ST",150.00,E,N,A,-,N,,,,,,,,,,Y,4,0,2,2,A,-,03,22350,,N,C,C,A,A,H,-,A,D,0,,,,,Y,,A,01,0,0,2,0,0,0,0,0,0,"- ","- ",37.539450000000002,-122.29389999999999,"SAN MATEO","SAN MATEO",-122.293516,37.539697080000003
8420256,2017,2017-08-11,4116,2017-06-09,0800,26199,12,5,5,5,4116,0,0,0,,0,00A,"HUMBOLDT ST","POPLAR AV",0.00,,Y,A,-,N,,,,,,,,,,N,3,0,1,2,A,-,00,21703,A,N,C,C,A,A,H,-,A,A,0,,,,Y,Y,,F,21,0,1,0,0,0,0,0,0,0,"- ","- ",37.578530000000001,-122.32606,"SAN MATEO","SAN MATEO",-122.32632,37.57882
8420321,2017,2018-04-18,4116,2017-05-03,0651,25586,30,3,5,5,4116,0,0,0,,0,00C,"FASHION ISLAND BL","RT 101",0.00,,Y,A,-,Y,SM,4,101,-,-,12.034,R,4,N,Y,3,0,2,2,A,-,09,21801,A,N,A,C,A,A,H,-,A,D,0,,,,,Y,,-,"- ",0,1,1,0,0,0,0,0,0,"- ",NO,37.552419999999998,-122.29964,"SAN MATEO","SAN MATEO",-122.29737043999999,37.55482086
8420322,2017,2017-08-11,4116,2017-04-21,0805,28116,23,5,5,5,4116,0,0,0,,0,00A,"11TH AV","PALM AV",0.00,,Y,A,-,N,,,,,,,,,,Y,4,0,1,2,A,-,09,21802,A,N,D,C,A,A,H,-,A,A,0,,,,,Y,,A,01,0,0,1,0,0,0,0,0,0,"- ","- ",37.557690000000001,-122.31725,"SAN MATEO","SAN MATEO",-122.31740994,37.557719939999998
8420323,2017,2017-08-08,4116,2017-03-31,2000,28104,25,5,5,5,4116,0,0,0,,0,00A,"EDINBURGH ST","HOBART AV",50.00,S,N,A,-,N,,,,,,,,,,N,2,0,1,2,A,-,08,22107,,F,G,B,E,A,H,-,D,A,0,Y,,,,Y,,-,,1,0,0,0,1,0,0,0,0,"- ","- ",37.552500000000002,-122.32277000000001,"SAN MATEO","SAN MATEO",-122.32286206000001,37.552569750000004
8420324,2017,2018-03-08,4116,2017-01-31,1655,27308,13,2,5,5,4116,0,0,0,,0,00B,"EAST 3RD AV","RT 101",0.00,,Y,A,-,Y,SM,4,101,-,-,13.565,R,4,N,N,4,0,1,2,A,-,03,22350,,F,C,C,A,A,H,-,A,D,0,,,,,Y,,A,01,0,0,1,0,0,0,0,0,0,"- ","- ",37.562989999999999,-122.32552,"SAN MATEO","SAN MATEO",-122.31518435,37.572083560000003
8420335,2017,2017-08-08,4116,2017-02-27,1857,27727,24,1,5,5,4116,0,0,0,,0,00A,"ALAMEDA DE LAS PULGAS","SONORA DR",0.00,,Y,A,-,N,,,,,,,,,,N,4,0,1,2,A,-,11,21955,,N,G,B,D,A,H,-,C,D,0,Y,,,,Y,,N,60,0,0,1,0,1,0,0,0,0,"- ","- ",37.552199999999999,-122.32996,"SAN MATEO","SAN MATEO",-122.32993995,37.552199969999997
8420339,2017,2017-10-24,4116,2017-02-23,0730,28059,15,4,5,5,4116,0,0,0,,0,00A,"W SANTA INEZ AV","N EL CAMINO REAL",3.00,E,N,-,-,N,,,,,,,,,,N,4,0,1,2,A,-,00,21207,,N,-,-,-,-,-,-,-,-,0,Y,,,,Y,,-,,0,0,1,0,1,0,0,0,0,"- ","- ",37.569389999999999,-122.33419000000001,"SAN MATEO","SAN MATEO",-122.33419000000001,37.569389999999999
8420340,2017,2017-08-08,4116,2017-01-20,2045,25128,21,5,5,5,4116,0,0,0,,0,00A,"DELAWARE ST","16TH AV",0.00,,Y,B,-,N,,,,,,,,,,N,4,0,1,2,A,-,09,21802,A,N,H,G,A,B,H,-,C,A,0,,Y,,,Y,,A,01,0,0,1,0,0,0,1,0,0,"- ","- ",37.557369999999999,-122.30952000000001,"SAN MATEO","SAN MATEO",-122.30935991,37.557329950000003
8420345,2017,2017-08-08,4116,2017-05-01,1355,26724,14,1,5,5,4116,0,0,0,,0,00A,"GRAND BL","SAN MATEO DR",5.00,E,N,A,-,N,,,,,,,,,,N,4,0,1,2,A,-,10,21950,,N,G,B,D,A,H,-,A,D,0,Y,,,,Y,,-,,0,0,1,0,1,0,0,0,0,"- ","- ",37.574390000000001,-122.33502,"SAN MATEO","SAN MATEO",-122.33502588,37.57439789
8420346,2017,2017-08-11,4116,2017-04-20,0802,26199,13,4,5,5,4116,0,0,0,,0,00A,"SAN MATEO DR","TILTON AV",300.00,S,N,A,-,N,,,,,,,,,,Y,4,0,1,3,A,-,08,22107,,F,B,E,E,A,H,-,A,D,0,Y,,,,Y,,-,,0,0,1,0,1,0,0,0,0,"- ","- ",37.568159999999999,-122.32719,"SAN MATEO","SAN MATEO",-122.32749113,37.567647710000003
8420348,2017,2017-08-08,4116,2017-01-13,1512,25128,35,5,5,5,4116,0,0,0,,0,00C,"36TH AV","EDISON ST",605.00,W,N,A,-,N,,,,,,,,,,N,3,0,1,2,A,-,11,21950,B,N,G,B,D,A,H,-,A,D,0,Y,,,,Y,,N,60,0,1,0,0,1,0,0,0,0,"- ","- ",37.532809999999998,-122.30165,"SAN MATEO","SAN MATEO",-122.30111685,37.532506439999999
8420352,2017,2017-08-23,4116,2017-01-30,0800,26167,14,1,5,5,4116,0,0,0,,0,00A,"STATE ST","NORTH SAN MATEO DR",0.00,,Y,A,-,N,,,,,,,,,,N,2,0,1,2,A,-,10,21950,A,F,G,B,B,-,H,-,A,D,0,Y,,,,Y,,-,"- ",1,0,0,0,1,0,0,0,0,"- ","- ",37.575949999999999,-122.33678,"SAN MATEO","SAN MATEO",-122.33676989999999,37.575949989999998
8420354,2017,2018-04-23,4116,2017-04-19,0000,25586,42,3,5,5,4116,0,0,0,,0,00C,"HILLSDALE BL","RT 92",0.00,,Y,A,-,Y,SM,4,92,-,R,9.271,R,4,W,Y,4,0,2,2,A,-,12,21453,A,N,A,C,A,A,H,-,A,A,0,,,,,Y,,A,01,0,0,2,0,0,0,0,0,0,"- ",WO,37.562989999999999,-122.32552,"SAN MATEO","SAN MATEO",-122.33031621000001,37.531114559999999
8420369,2017,2017-08-08,4116,2017-05-17,1445,26724,12,3,5,5,4116,0,0,0,,0,00A,"EAST POPLAR AV","IDAHO ST",30.00,W,N,A,-,N,,,,,,,,,,N,4,0,1,2,A,-,03,22350,,F,C,C,A,A,H,-,A,D,0,,,,,Y,,-,,0,0,1,0,0,0,0,0,0,"- ","- ",37.579569999999997,-122.32543,"SAN MATEO","SAN MATEO",-122.32549458,37.579492819999999
8420374,2017,2017-08-11,4116,2017-04-07,1807,27308,34,5,5,5,4116,0,0,0,,0,00C,"ALAMEDA DE LAS PULGAS","26TH AV",0.00,,Y,B,C,N,,,,,,,,,,Y,4,0,2,2,A,-,09,21802,A,N,D,C,A,B,H,-,A,A,0,,,,,Y,,A,01,0,0,2,0,0,0,0,0,0,"- ","- ",,,"SAN MATEO","SAN MATEO",-122.31513997,37.541079910000001
8420380,2017,2017-08-09,4116,2017-02-16,2118,28093,36,4,5,5,4116,0,0,0,,0,00C,"EL CAMINO REAL","HILLSDALE BL",230.00,S,N,A,-,N,,,82,,,,,,,N,3,0,1,2,A,-,11,21950,B,N,A,B,D,A,H,-,C,D,0,Y,,,,Y,Y,N,60,0,1,0,0,1,0,0,0,0,"- ","- ",37.53678,-122.29783,"SAN MATEO","SAN MATEO",-122.29756484000001,37.537080590000002
8420385,2017,2017-08-08,4116,2017-05-16,1655,26724,52,2,5,5,4116,0,0,0,,0,00D,"J HART CLINTON DR","DETROIT DR",30.00,N,N,B,-,N,,,,,,,,,,Y,4,0,3,3,A,-,03,22350,,N,C,C,A,A,H,-,A,A,0,,,,,Y,,-,,0,0,3,0,0,0,0,0,0,"- ","- ",37.571260000000002,-122.29685000000001,"SAN MATEO","SAN MATEO",-122.29697019,37.571290490000003
8420387,2017,2018-03-08,4116,2017-03-16,1123,27872,51,4,5,5,4116,0,0,0,,0,00D,"EAST 3RD AV","RT 101",0.00,,Y,A,-,Y,SM,4,84,-,-,13.565,R,1,N,Y,4,0,1,1,A,-,08,22107,,N,E,I,A,A,H,-,A,D,0,,,,,Y,,A,01,0,0,1,0,0,0,0,0,0,"- ",NO,37.573099999999997,-122.31135,"SAN MATEO","SAN MATEO",-122.26397935,37.370543259999998
8420388,2017,2018-03-08,4116,2017-02-16,0905,26724,51,4,5,5,4116,0,0,0,,0,00D,"EAST 3RD AV","RT 101",0.00,,Y,B,-,Y,SM,4,101,-,-,13.385,R,2,N,Y,4,0,1,1,A,-,03,22350,,N,E,I,A,B,H,-,A,D,0,,,,,Y,,D,22,0,0,1,0,0,0,0,0,0,"- ",NF,37.569780000000002,-122.31619000000001,"SAN MATEO","SAN MATEO",-122.31302155,37.570124069999999
8420432,2017,2017-08-09,4116,2017-06-19,0912,26724,12,1,5,5,4116,0,0,0,,0,00A,"INDIAN AV","HUMBOLDT ST",0.00,,Y,A,-,N,,,,,,,,,,N,4,0,1,2,A,-,09,21802,A,N,D,C,A,A,H,-,A,A,0,,,,,Y,,A,01,0,0,1,0,0,0,0,0,0,"- ","- ",37.575209999999998,-122.32754,"SAN MATEO","SAN MATEO",-122.32491992999999,37.577539940000001
8420468,2017,2017-08-09,4116,2017-06-01,2123,28104,14,4,5,5,4116,0,0,0,,0,00A,"NORTH SAN MATEO DR","EAST BELLEVUE AV",160.00,N,N,A,-,N,,,,,,,,,,Y,4,0,1,2,A,-,01,23152,A,M,B,E,A,A,H,-,C,D,0,,,,,Y,Y,A,07,0,0,1,0,0,0,0,0,0,"- ","- ",37.574120000000001,-122.33423000000001,"SAN MATEO","SAN MATEO",-122.33445161,37.57387516
8422241,2017,2017-08-03,4106,2017-07-18,0155,2114,,2,5,6,4106,0,0,0,,0,002,"MISSION ST","CITRUS AV",0.00,,Y,A,-,N,,,,,,,,,,N,3,0,1,2,A,-,01,23152,A,N,B,E,A,A,H,-,C,D,0,,,,,Y,Y,-,,0,1,0,0,0,0,0,0,0,"- ","- ",,,"SAN MATEO","DALY CITY",-122.4644199,37.697659979999997
8422348,2017,2017-08-07,4106,2017-07-08,2110,2109,,6,5,6,4106,0,0,0,,0,004,"PARK PLAZA DR","BELMAR AVE",144.00,N,N,A,-,N,,,,,,,,,,N,3,0,1,4,A,-,08,22107,,N,A,E,A,A,H,-,C,D,0,,,,,Y,,-,,0,1,0,0,0,0,0,0,0,"- ","- ",,,"SAN MATEO","DALY CITY",-122.48139973000001,37.700488919999998
8422669,2017,2017-08-29,4120,2017-06-23,1625,206,12,5,5,4,4120,0,0,0,,0,00Y,"LAKESIDE DR","MARSH RD",0.00,,Y,A,-,N,,,,,,,,,,N,4,0,1,3,A,-,03,22350,,N,C,C,A,A,H,-,A,A,0,,,,,Y,,A,07,0,0,1,0,0,0,0,0,0,"- ","- ",37.570689999999999,-122.28214,"SAN MATEO","FOSTER CITY",,
8422677,2017,2017-08-17,4120,2017-06-07,1511,219,,3,5,4,4120,0,0,0,,0,,"BALCLUTHA DR","COMET DR",0.00,,Y,A,-,N,,,,,,,,,,Y,3,0,2,2,A,-,09,21802,A,N,D,C,A,A,H,-,A,A,0,,,,,Y,,A,01,0,1,1,0,0,0,0,0,0,"- ","- ",37.560890000000001,-122.26488999999999,"SAN MATEO","FOSTER CITY",-122.26487985999999,37.560829949999999
8423421,2017,2018-06-20,4116,2017-01-17,1650,27308,34,2,5,5,4116,0,0,0,,0,00C,"SOUTH EL CAMINO REAL","28TH AV",535.00,S,N,A,-,Y,SM,4,82,-,-,9.690,H,-,S,N,4,0,1,2,A,-,05,21202,A,N,D,G,A,A,H,-,A,D,0,,Y,,,Y,,L,04,0,0,1,0,0,0,1,0,0,"- ","- ",37.540469999999999,-122.30233,"SAN MATEO","SAN MATEO",-122.30164053999999,37.540583220000002
8423433,2017,2018-02-28,4116,2017-02-10,0940,26724,34,5,5,5,4116,0,0,0,,0,00C,"EAST HILLSDALE BL","EL CAMINO REAL",100.00,E,N,B,-,Y,SM,4,82,-,-,9.237,R,4,N,N,4,0,1,2,A,-,03,22350,,F,C,C,A,B,H,-,A,A,0,,,,,Y,,-,,0,0,1,0,0,0,0,0,0,"- ","- ",37.536679999999997,-122.29995,"SAN MATEO","SAN MATEO",-122.29623364,37.53590629
8423437,2017,2018-06-20,4116,2017-02-07,1939,28093,34,2,5,5,4116,0,0,0,,0,00C,"SOUTH EL CAMINO REAL","20TH AV",348.00,N,N,B,-,Y,SM,4,82,-,-,10.440,H,-,S,N,4,0,1,2,A,-,01,23152,B,N,C,C,A,B,H,-,C,D,0,,,,,Y,Y,A,01,0,0,1,0,0,0,0,0,0,"- ","- ",37.562989999999999,-122.32552,"SAN MATEO","SAN MATEO",-122.31064446000001,37.549028159999999
8423456,2017,2018-02-28,4116,2017-03-07,1455,27308,13,2,5,5,4116,0,0,0,,0,00A,"2ND AV","EL CAMINO REAL",0.00,,Y,A,-,Y,SM,4,82,-,-,11.781,I,5,S,N,3,0,1,2,A,-,10,21950,A,N,D,B,B,A,H,-,A,A,0,Y,,,,Y,,A,01,0,1,0,0,1,0,0,0,0,"- ","- ",37.563690000000001,-122.32674,"SAN MATEO","SAN MATEO",-122.32676646,37.563720879999998
84236272,2024,2024-08-13,4109,2024-07-26,2206,145989,,5,5,4,4109,0,0,0,,0,001,"ELDER AV","SANTA CRUZ AV",0.00,,Y,A,-,N,,,,,,,,,,N,3,0,1,2,A,-,12,21453,,N,H,G,A,A,H,-,C,A,0,,Y,,,Y,Y,L,04,0,1,0,0,0,0,1,0,0,"- ","- ",37.438480377197266,-122.19547271728516,"SAN MATEO","MENLO PARK",-122.19548034667969,37.438522338867188
8425697,2017,2017-08-28,4100,2017-06-16,0724,17140,HMB,5,5,3,4107,0,0,0,,0,075,"BAYHILL CT","BAYHILL RD",24.00,E,N,B,-,N,,,,,,,,,,N,3,0,1,2,A,-,08,22107,,N,H,A,A,A,H,-,A,D,0,,Y,,Y,Y,,L,04,0,1,0,0,0,0,1,0,0,"- ","- ",,,"SAN MATEO","HALF MOON BAY",-122.43071734,37.437538119999999
8425974,2017,2017-10-12,4116,2017-07-03,1400,28093,34,1,5,5,4116,0,0,0,,0,00C,"SOUTH EL CAMINO REAL","S EL CAMINO REAL 2925",0.00,,-,A,-,N,,,,,,,,,,N,3,0,1,2,A,-,10,21952,,N,G,B,F,-,-,-,A,D,0,Y,,,,Y,,A,01,0,1,0,0,1,0,0,0,0,"- ","- ",37.540329999999997,-122.30059,"SAN MATEO","SAN MATEO",-122.30099469,37.540041000000002
8426278,2017,2018-05-23,4109,2017-07-24,0121,145754,,1,5,4,4109,0,0,0,,0,099,"SAND HILL RD","RT 280",0.00,,Y,A,-,Y,SM,4,280,-,R,1.355,R,4,N,Y,4,0,2,2,A,-,12,21453,A,N,D,C,A,A,H,-,C,A,0,,,,,Y,,A,01,0,0,2,0,0,0,0,0,0,"- ",NF,37.419690000000003,-122.22110000000001,"SAN MATEO","MENLO PARK",-122.21483881,37.418375959999999
8426352,2017,2017-08-22,4109,2017-06-12,1524,15164,,1,5,4,4109,0,0,0,,0,001,"SANTA CRUZ AV","SAN MATEO DR",228.00,W,N,A,-,N,,,,,,,,,,N,4,0,2,3,A,-,03,22350,,N,C,C,A,A,D,-,A,D,0,,,,,Y,,A,01,0,0,2,0,0,0,0,0,0,"- ","- ",37.445039999999999,-122.19001,"SAN MATEO","MENLO PARK",-122.19043873,37.44455044
8426603,2017,2017-08-11,4100,2017-03-25,2141,18870,5M,6,5,3,4110,0,0,0,,0,062,"HELEN DR","MAGNOLIA AV",0.00,,Y,A,-,N,,,,,,,,,,N,3,0,2,3,A,-,10,21950,A,N,G,B,B,A,H,-,C,A,0,Y,,,,Y,,-,,0,2,0,0,2,0,0,0,0,"- ","- ",,,"SAN MATEO",MILLBRAE,-122.39904996999999,37.605389950000003