CASE_ID,ACCIDENT_YEAR,PROC_DATE,JURIS,COLLISION_DATE,COLLISION_TIME,OFFICER_ID,REPORTING_DISTRICT,DAY_OF_WEEK,CHP_SHIFT,POPULATION,CNTY_CITY_LOC,SPECIAL_COND,BEAT_TYPE,CHP_BEAT_TYPE,CITY_DIVISION_LAPD,CHP_BEAT_CLASS,BEAT_NUMBER,PRIMARY_RD,SECONDARY_RD,DISTANCE,DIRECTION,INTERSECTION,WEATHER_1,WEATHER_2,STATE_HWY_IND,CALTRANS_COUNTY,CALTRANS_DISTRICT,STATE_ROUTE,ROUTE_SUFFIX,POSTMILE_PREFIX,POSTMILE,LOCATION_TYPE,RAMP_INTERSECTION,SIDE_OF_HWY,TOW_AWAY,COLLISION_SEVERITY,NUMBER_KILLED,NUMBER_INJURED,PARTY_COUNT,PRIMARY_COLL_FACTOR,PCF_CODE_OF_VIOL,PCF_VIOL_CATEGORY,PCF_VIOLATION,PCF_VIOL_SUBSECTION,HIT_AND_RUN,TYPE_OF_COLLISION,MVIW,PED_ACTION,ROAD_SURFACE,ROAD_COND_1,ROAD_COND_2,LIGHTING,CONTROL_DEVICE,CHP_ROAD_TYPE,PEDESTRIAN_ACCIDENT,BICYCLE_ACCIDENT,MOTORCYCLE_ACCIDENT,TRUCK_ACCIDENT,NOT_PRIVATE_PROPERTY,ALCOHOL_INVOLVED,STWD_VEHTYPE_AT_FAULT,CHP_VEHTYPE_AT_FAULT,COUNT_SEVERE_INJ,COUNT_VISIBLE_INJ,COUNT_COMPLAINT_PAIN,COUNT_PED_KILLED,COUNT_PED_INJURED,COUNT_BICYCLIST_KILLED,COUNT_BICYCLIST_INJURED,COUNT_MC_KILLED,COUNT_MC_INJURED,PRIMARY_RAMP,SECONDARY_RAMP,LATITUDE,LONGITUDE,COUNTY,CITY,POINT_X,POINT_Y
84428751,2024,2024-10-14,4117,2024-09-27,1853,22JN03,,5,5,5,4117,0,0,0,,0,004,"OLIVE AV","ASPEN AV",0.00,,Y,A,-,N,,,,,,,,,,N,2,0,1,2,A,-,12,22450,A,N,D,C,A,A,H,-,A,D,0,,,,,Y,,M,91,1,0,0,0,0,0,0,0,0,"- ","- ",37.660228729248047,-122.40966033935547,"SAN MATEO","SOUTH SAN FRANCISCO",-122.40971374511719,37.660228729248047
84432868,2024,2024-10-16,4109,2024-10-15,"934 ",145990,,2,5,4,4109,0,0,0,,0,004,"BAYFRONT EX","UNIVERSITY AVE",0.00,,Y,A,-,Y,SM,,84," ",R,28.196,H,,L,N,3,0,1,2,A,-,03,22350,,N,C,C,A,A,H,-,A,A,0,,,,,Y,,A,01,0,1,0,0,0,0,0,0,0,"- ","- ",37.48651123046875,-122.14269256591797,"SAN MATEO","MENLO PARK",-122.14270782470703,37.486522674560547
84435688,2024,2024-10-17,4114,2024-09-15,1039,0980,,7,5,4,4114,0,0,0,,0,002,"KAINS AV","HENSLEY AV",0.00,,Y,A,-,N,,,,,,,,,,Y,3,0,1,2,A,-,12,22450,A,N,D,C,A,A,H,-,A,A,0,,,,,Y,,A,01,0,1,0,0,0,0,0,0,0,"- ","- ",,,"SAN MATEO","SAN BRUNO",-122.41477966308594,37.627082824707031
84436582,2024,2024-10-18,4116,2024-10-03,2045,27755,,4,5,5,4116,0,0,0,,0,00C,"28TH AV","ALAMEDA DE LAS PULGAS",0.00,,Y,A,-,N,,,,,,,,,,N,4,0,2,2,A,-,09,21802,,N,D,C,A,A,H,-,C,A,0,,,,,Y,,A,01,0,0,2,0,0,0,0,0,0,"- ","- ",37.537879943847656,-122.31215667724609,"SAN MATEO","SAN MATEO",-122.31215667724609,37.537857055664062
84439410,2024,2024-10-21,4117,2024-10-11,1533,23HG07,,5,5,5,4117,0,0,0,,0,004,"GATEWAY BL","EAST GRAND AV",1079.00,S,-,A,-,N,,,,,,,,,,N,3,0,1,1,A,-,03,22350,,N,E,I,A,A,H,-,A,D,0,,,Y,,Y,,C,03,0,1,0,0,0,0,0,0,1,"- ","- ",37.654598236083984,-122.402099609375,"SAN MATEO","SOUTH SAN FRANCISCO",-122.40316009521484,37.651699066162109
84440373,2024,2024-10-22,4116,2024-10-04,"958 ",27730,,5,5,5,4116,0,0,0,,0,00A,"SOUTH EL CAMINO REAL","CRYSTAL SPRINGS RD",134.00,N,-,A,-,N,,,,,,,,,,Y,3,0,2,3,A,-,09,21804,A,N,D,C,A,A,H,-,A,D,0,,,,,Y,,A,01,0,1,1,0,0,0,0,0,0,"- ","- ",37.563690185546875,-122.32673645019531,"SAN MATEO","SAN MATEO",-122.32759857177734,37.564769744873047
84441075,2024,2024-10-22,4117,2024-10-14,1407,22GS04,,1,5,5,4117,0,0,0,,0,002,SR-82,"HAZELWOOD DR",140.00,S,-,A,-,Y,SM,,82," "," ",20.655,H,,R,N,4,0,1,3,A,-,03,22350,,N,C,C,A,A,H,-,A,D,0,,,,,Y,,A,01,0,0,1,0,0,0,0,0,0,"- ","- ",37.6551513671875,-122.43448638916016,"SAN MATEO","SOUTH SAN FRANCISCO",-122.43437957763672,37.655246734619141
84442842,2024,2024-10-23,4117,2024-10-19,1225,23CR03,,6,5,5,4117,0,0,0,,0,003,SR-82,"W. ORANGE AV",0.00,,Y,A,-,N,,,,,,,,,,Y,3,0,2,2,A,-,12,21453,A,F,H,C,A,A,H,-,A,A,0,,,,,Y,Y,A,01,0,2,0,0,0,0,0,0,0,"- ","- ",37.6551513671875,-122.43448638916016,"SAN MATEO","SOUTH SAN FRANCISCO",-122.43065643310547,37.650241851806641
84443822,2024,2024-10-24,4116,2024-10-22,"830 ",28889,,2,5,5,4116,0,0,0,,0,00A,"E 16TH AV","S CLAREMONT ST",0.00,,Y,A,-,N,,,,,,,,,,N,4,0,1,2,A,-,10,21950,A,N,G,B,B,A,H,-,A,A,0,Y,,,,Y,,A,01,0,0,1,0,1,0,0,0,0,"- ","- ",37.556308746337891,-122.31085205078125,"SAN MATEO","SAN MATEO",-122.31012725830078,37.556812286376953
84448732,2024,2024-10-29,4109,2024-09-30,"856 ",145990,,1,5,4,4109,0,0,0,,0,004,"WILLOW RD","BAYFRONT EXPRESSWAY",0.00,,Y,A,-,Y,SM,,114," "," ",5.768,H,,L,N,3,0,1,2,A,-,07,21658,,N,B,C,A,A,H,-,A,A,0,,,,,Y,,I,09,0,1,0,0,0,0,0,0,0,"- ","- ",37.479660034179688,-122.15104675292969,"SAN MATEO","MENLO PARK",-122.15107727050781,37.479667663574219
84453119,2024,2024-10-31,4117,2024-10-23,1702,94MT04,,3,5,5,4117,0,0,0,,0,004,"ACACIA AV","MILLER AV",5.00,N,-,A,-,N,,,,,,,,,,N,4,0,1,1,A,-,01,23152,,N,E,I,A,A,H,-,A,A,0,,,,,Y,Y,A,01,0,0,1,0,0,0,0,0,0,"- ","- ",37.659431457519531,-122.42459106445312,"SAN MATEO","SOUTH SAN FRANCISCO",-122.42459106445312,37.659442901611328
8445474,2017,2017-09-20,4113,2017-08-25,2002,434,6,5,5,5,4113,0,0,0,,0,"2   3","ROOSEVELT AV","EL CAMINO REAL",0.00,,Y,A,-,N,,,,,,,,,,N,3,0,2,2,A,-,03,22350,,F,C,C,A,A,H,-,C,A,0,,,,,Y,,A,01,0,1,1,0,0,0,0,0,0,"- ","- ",37.487650000000002,-122.23336999999999,"SAN MATEO","REDWOOD CITY",-122.2255699,37.479099959999999
8445478,2017,2017-09-06,4113,2017-08-25,1818,416,4,5,5,5,4113,0,0,0,,0,004,"MIDDLEFIELD RD","FLYNN AV",20.00,N,N,A,-,N,,,,,,,,,,N,3,0,1,3,A,-,08,22107,,N,B,C,A,A,H,-,A,A,0,,,Y,,Y,,C,02,0,1,0,0,0,0,0,0,1,"- ","- ",37.478549999999998,-122.21657999999999,"SAN MATEO","REDWOOD CITY",-122.21481850000001,37.478916230000003
84456883,2024,2024-11-04,4116,2024-10-18,1819,27730,,5,5,5,4116,0,0,0,,0,00A,"N EL CAMINO REAL","EL CERRITO AV",0.00,,Y,A,-,Y,SM,,82," "," ",12.072,H,,L,N,3,0,1,2,A,-,09,21801,A,N,D,C,A,A,H,-,B,A,0,,,Y,,Y,,A,01,0,1,0,0,0,0,0,0,1,"- ","- ",37.567008972167969,-122.33000183105469,"SAN MATEO","SAN MATEO",-122.33001708984375,37.566993713378906
84458925,2024,2025-10-17,4104,2024-10-25,"834 ",0279,,5,5,4,4104,0,0,0,,0,00B,"SR-82 (EL CAMINO REAL)",BROADWAY,236.00,N,-,A,-,Y,SM,,82," "," ",14.445,H,,R,N,3,0,1,2,A,-,08,22107,,N,B,C,A,A,H,-,A,D,0,,,,,Y,,A,01,0,1,0,0,0,0,0,0,0,"- ","- ",37.584598541259766,-122.36650085449219,"SAN MATEO",BURLINGAME,-122.36666870117188,37.584419250488281
84460306,2024,2024-11-06,4117,2024-10-19,"801 ",23KM08,,6,5,5,4117,0,0,0,,0,003,"ARROYO DR",SR-82,12.00,W,-,A,-,Y,SM,,82," "," ",20.828,H,,R,N,3,0,1,2,A,-,10,21950,A,N,G,B,B,A,H,-,A,A,0,Y,,,,Y,,A,01,0,1,0,0,1,0,0,0,0,"- ","- ",37.656879425048828,-122.43649291992188,"SAN MATEO","SOUTH SAN FRANCISCO",-122.43656921386719,37.656814575195312
84465019,2024,2024-11-11,4116,2024-11-10,1832,27790,,7,5,5,4116,0,0,0,,0,00C,"SOUTH EL CAMINO REAL","25TH AVENUE",80.00,N,-,A,-,Y,SM,,82," "," ",10.040,H,,L,N,3,0,2,2,A,-,08,22107,,N,D,C,A,A,H,-,C,A,0,,,,,Y,,A,01,0,2,0,0,0,0,0,0,0,"- ","- ",37.544521331787109,-122.30597686767578,"SAN MATEO","SAN MATEO",-122.30590057373047,37.544574737548828
84465124,2024,2024-11-12,4100,2024-09-28,"752 ",25951,,6,5,3,4107,0,0,0,,0,,"CABRILLO HIGHWAY SOUTH","POPLAR STREET",0.00,,Y,B,-,Y,,,,,,,,,,Y,3,0,2,2,A,-,12,21453,A,N,D,C,A,A,H,-,A,A,0,,,,,Y,,A,01,0,2,0,0,0,0,0,0,0,"- ","- ",,,"SAN MATEO","HALF MOON BAY",-122.43324279785156,37.456668853759766
84465127,2024,2024-11-12,4100,2024-11-07,"959 ",26066,,4,5,4,4115,0,0,0,,0,051,"SAN CARLOS AV","CEDAR ST",0.00,,Y,A,-,N,,,,,,,,,,Y,3,0,1,2,A,-,12,21453,,N,D,C,A,A,H,-,A,A,0,,,,,Y,,A,01,0,1,0,0,0,0,0,0,0,"- ","- ",,,"SAN MATEO","SAN CARLOS",-122.26491546630859,37.503738403320312
84466357,2024,2024-11-12,4116,2024-11-01,2144,27866,,5,5,5,4116,0,0,0,,0,00A,"TILTON AV","N EL CAMINO REAL",0.00,,Y,C,-,N,,,,,,,,,,N,3,0,1,2,A,-,10,21950,,F,G,B,B,B,H,-,C,A,0,Y,,,,Y,,M,95,0,1,0,0,1,0,0,0,0,"- ","- ",37.567008972167969,-122.33000183105469,"SAN MATEO","SAN MATEO",-122.32999420166016,37.566989898681641
84470291,2024,2024-11-15,4100,2024-10-06,1638,26038,,7,5,3,4107,0,0,0,,0,075,"N CABRILLO HW","YOUNG AV",0.00,,Y,A,-,Y,,,,,,,,,,Y,3,0,1,2,A,-,06,21755,,N,D,C,A,A,H,-,A,D,0,,,Y,,Y,,C,02,0,1,0,0,0,0,0,0,1,"- ","- ",,,"SAN MATEO","HALF MOON BAY",-122.44869232177734,37.486801147460938
84470858,2024,2024-11-15,4116,2024-09-20,"653 ",28744,,5,5,5,4116,0,0,0,,0,00C,"SOUTH DELAWARE ST","PACIFIC BLVD",0.00,,Y,A,-,N,,,,,,,,,,N,3,0,1,1,A,-,"- ",,,N,E,I,A,A,H,-,B,A,0,,,,,Y,,A,01,0,1,0,0,0,0,0,0,0,"- ","- ",37.549179077148438,-122.30490112304688,"SAN MATEO","SAN MATEO",-122.30491638183594,37.549160003662109
84471229,2024,2024-11-15,4116,2024-11-08,"808 ",28307,,5,5,5,4116,0,0,0,,0,00A,"W. SANTA INEZ AVE","WPL OF N. EL CAMINO REAL",5.00,W,-,A,-,N,,,,,,,,,,N,3,0,1,2,A,-,05,21650,,N,H,G,A,A,H,-,A,A,0,,Y,,,Y,,L,04,0,1,0,0,0,0,1,0,0,"- ","- ",37.569129943847656,-122.33364105224609,"SAN MATEO","SAN MATEO",-122.33419799804688,37.569377899169922
8447343,2017,2017-09-12,4127,2017-08-08,1350,2233,4127,2,5,4,4127,0,0,0,,0,003,"EAST BAYSHORE RD","CLARKE AV",558.00,N,N,A,-,N,,,,,,,,,,Y,4,0,2,2,A,-,09,21801,A,N,D,C,A,A,H,-,A,D,0,,,,,Y,,A,01,0,0,2,0,0,0,0,0,0,"- ","- ",,,"SAN MATEO","EAST PALO ALTO",-122.13626992,37.45808821
84474280,2024,2024-11-18,4117,2024-11-09,2317,04JL03,,6,5,5,4117,0,0,0,,0,001,"WEST ORANGE AV","N CANAL ST",0.00,,Y,A,-,N,,,,,,,,,,N,3,0,3,2,A,-,01,23152,A,N,D,C,A,A,H,-,C,A,0,,,,,Y,Y,A,01,0,3,0,0,0,0,0,0,0,"- ","- ",37.653400421142578,-122.42579650878906,"SAN MATEO","SOUTH SAN FRANCISCO",-122.42562103271484,37.6534423828125
8447822,2017,2018-06-05,4102,2017-08-29,1705,48400,1,2,5,4,4102,0,0,0,,0,001,"RT 82","EL CAMINO REAL",27.00,W,N,A,-,Y,SM,4,82,-,-,7.510,H,-,N,N,4,0,2,2,A,-,04,21703,,N,C,C,A,A,H,-,A,A,0,,,,,Y,,A,01,0,0,2,0,0,0,0,0,0,"- ","- ",37.518689999999999,-122.27375000000001,"SAN MATEO",BELMONT,-122.27369046,37.518519550000001
84479308,2024,2024-11-21,4114,2024-10-23,"603 ",1334,,3,5,4,4114,0,0,0,,0,003,"SHARK PARK RD","STATE ROUTE 35",255.00,W,-,A,-,N,,,,,,,,,,N,3,0,1,1,A,-,03,22350,,N,F,A,A,A,H,-,C,D,0,,,Y,,Y,,C,02,0,1,0,0,0,0,0,0,1,"- ","- ",37.638790130615234,-122.46414184570312,"SAN MATEO","SAN BRUNO",-122.46491241455078,37.638618469238281
84484910,2024,2024-11-26,4116,2024-11-14,1755,27730,,4,5,5,4116,0,0,0,,0,00D,"FASHION ISLAND BL","MAINERS ISLAND BL",0.00,,Y,A,-,N,,,,,,,,,,N,4,0,1,2,D,-,00,,,N,H,G,A,A,H,-,C,A,0,,Y,,,Y,,-,"- ",0,0,1,0,0,0,1,0,0,"- ","- ",37.559898376464844,-122.28466033935547,"SAN MATEO","SAN MATEO",-122.28726959228516,37.557872772216797
84485715,2024,2024-11-27,4117,2024-11-20,1654,22GS04,,3,5,5,4117,0,0,0,,0,003,"EL CAMPO DR","DEL  MONTE AV",155.00,W,-,C,-,N,,,,,,,,,,N,3,0,1,2,A,-,09,21804,A,N,B,C,A,B,H,-,C,D,0,,Y,,,Y,,A,01,0,1,0,0,0,0,1,0,0,"- ","- ",37.656909942626953,-122.44441986083984,"SAN MATEO","SOUTH SAN FRANCISCO",-122.44460296630859,37.656505584716797
84486580,2024,2024-11-27,4116,2024-11-21,1958,29067,,4,5,5,4116,0,0,0,,0,00A,"SOUTH DELAWARE ST","CHARLES LN",0.00,,Y,C,-,N,,,,,,,,,,N,3,0,1,2,A,-,10,21950,,N,G,B,B,B,H,-,C,A,0,Y,,,,Y,,A,01,0,1,0,0,1,0,0,0,0,"- ","- ",37.555549621582031,-122.3079833984375,"SAN MATEO","SAN MATEO",-122.30709075927734,37.555255889892578
84488046,2024,2024-12-02,4117,2024-11-29,1643,02JF10,,5,5,5,4117,0,0,0,,0,003,"CAMARITAS AV","WESTBOROUGH BL",104.00,N,-,A,-,N,,,,,,,,,,N,3,0,1,2,A,-,03,22350,A,N,C,C,A,A,H,-,A,D,0,,,Y,,Y,,C,02,0,1,0,0,0,0,0,0,1,"- ","- ",37.654308319091797,-122.43617248535156,"SAN MATEO","SOUTH SAN FRANCISCO",-122.4364013671875,37.654483795166016
84489338,2024,2024-12-02,4116,2024-11-30,1325,28444,,6,5,5,4116,0,0,0,,0,00A,"954 S B ST","E CURB LINE OF S B ST",16.00,W,-,A,-,N,,,,,,,,,,N,3,0,1,3,A,-,21,22106,,N,D,C,E,A,H,-,A,D,0,Y,,,,Y,,A,01,0,1,0,0,1,0,0,0,0,"- ","- ",37.560451507568359,-122.31694030761719,"SAN MATEO","SAN MATEO",-123.45896911621094,40.661495208740234
84490270,2024,2024-12-03,4109,2024-11-08,2020,146547,,5,5,4,4109,0,0,0,,0,003,"MARKET PLACE","BEIBER AVENUE",0.00,,Y,A,-,N,,,,,,,,,,N,3,0,1,3,A,-,09,21800,A,N,H,G,A,A,H,-,C,D,0,,Y,,,Y,,L,04,0,1,0,0,0,0,1,0,0,"- ","- ",37.476760864257812,-122.16708374023438,"SAN MATEO","MENLO PARK",-122.1668701171875,37.476936340332031
84490340,2024,2024-12-03,4109,2024-11-06,1817,145812,,3,5,4,4109,0,0,0,,0,004,"CONSTITUTION DR","CHRYSLER DR",0.00,,Y,A,-,N,,,,,,,,,,N,4,0,1,2,A,-,"- ",,,N,D,C,A,A,H,-,C,A,0,,,,,Y,Y,-,"- ",0,0,1,0,0,0,0,0,0,"- ","- ",37.484291076660156,-122.17455291748047,"SAN MATEO","MENLO PARK",-122.17453002929688,37.484279632568359
84490568,2024,2024-12-03,4116,2024-11-27,"915 ",28889,,3,5,5,4116,0,0,0,,0,00C,"4000 S EL CAMINO REAL","41ST AVE",0.00,,Y,A,-,N,,,,,,,,,,N,3,0,1,2,A,-,09,21801,,N,D,C,A,A,H,-,A,A,0,,,,,Y,,A,01,0,1,0,0,0,0,0,0,0,"- ","- ",37.531410217285156,-122.29218292236328,"SAN MATEO","SAN MATEO",-122.29003143310547,37.531078338623047
84492244,2024,2024-12-04,4117,2024-11-19,1149,23KM08,,2,5,5,4117,0,0,0,,0,004,"GATEWAY BL","EAST GRAND AVENUE",0.00,,Y,A,-,N,,,,,,,,,,N,3,0,2,2,-,-,"- ",,,N,D,C,A,B,H,-,A,A,0,,,,,Y,,-,"- ",0,2,0,0,0,0,0,0,0,"- ","- ",37.654598236083984,-122.402099609375,"SAN MATEO","SOUTH SAN FRANCISCO",-122.40224456787109,37.654460906982422
84492258,2024,2024-12-04,4117,2024-12-02,"802 ",03JA06,,1,5,5,4117,0,0,0,,0,002,"302 AVALON DR","VALENCIA DR",75.00,E,-,A,-,N,,,,,,,,,,Y,3,0,2,2,A,-,21,22106,,N,D,C,A,A,H,-,A,D,0,,,,,Y,,A,01,0,2,0,0,0,0,0,0,0,"- ","- ",37.643848419189453,-122.43515777587891,"SAN MATEO","SOUTH SAN FRANCISCO",-122.43515014648438,37.643672943115234
84498005,2024,2024-12-13,4117,2024-11-24,1150,18JY16,,7,5,5,4117,0,0,0,,0,002,"WEST ORANGE AV","EL CAMINO REAL",93.00,E,-,A,-,Y,SM,,82," "," ",20.244,H,,L,N,3,0,1,2,A,-,00,21235,,N,D,C,A,A,H,-,A,A,0,,Y,,,Y,,M,91,0,1,0,0,0,0,1,0,0,"- ","- ",37.649890899658203,-122.43071746826172,"SAN MATEO","SOUTH SAN FRANCISCO",-122.43053436279297,37.64996337890625
84498236,2024,2024-12-13,4109,2024-11-15,"507 ",145746,,5,5,4,4109,0,0,0,,0,001,"RT 82","ROBLE AV S C/L",176.00,S,-,A,-,Y,,,,,,,,,,N,2,0,1,2,A,-,11,21955,,N,G,B,D,A,H,-,C,A,0,Y,,,,Y,,N,60,1,0,0,0,1,0,0,0,0,"- ","- ",37.450359344482422,-122.17913818359375,"SAN MATEO","MENLO PARK",-122.17930603027344,37.451629638671875
84498925,2024,2025-10-17,4104,2024-11-17,"1   ",0280,,7,5,4,4104,0,0,0,,0,00C,BROADWAY,"US-101 S/B FROM BROADWAY W/B",0.00,,Y,A,-,N,,,,,,,,,,N,3,0,1,2,A,-,12,21453,A,N,H,C,A,A,H,-,C,A,0,,,,,Y,,A,01,0,1,0,0,0,0,0,0,0,"- ","- ",37.577869415283203,-122.34809112548828,"SAN MATEO",BURLINGAME,-122.38852691650391,37.597885131835938
84499138,2024,2024-12-13,4116,2024-12-03,"750 ",28307,,2,5,5,4116,0,0,0,,0,00C,"PORTOLA DR","ALAMEDA DE LAS PULGAS",0.00,,Y,A,-,N,,,,,,,,,,N,3,0,1,2,A,-,10,21950,A,N,G,B,B,A,H,-,A,A,0,Y,,,,Y,,A,01,0,1,0,0,1,0,0,0,0,"- ","- ",37.539360046386719,-122.31327819824219,"SAN MATEO","SAN MATEO",-122.31325531005859,37.539340972900391
84500350,2024,2025-10-17,4104,2024-12-02,1816,0275,,1,5,4,4104,0,0,0,,0,00A,"SR-82 (EL CAMINO REAL)","CHAPIN AVE",0.00,,Y,A,-,Y,SM,,82," "," ",13.438,H,,R,Y,3,0,2,2,A,-,09,21801,A,N,D,C,A,A,H,-,C,A,0,,,,,Y,,A,01,0,2,0,0,0,0,0,0,0,"- ","- ",37.576740264892578,-122.35134887695312,"SAN MATEO",BURLINGAME,-122.35134887695312,37.576740264892578
84502359,2024,2024-12-13,4117,2024-11-17,2138,22GM01,,7,5,5,4117,0,0,0,,0,004,"OYSTER POINT BL","DUBUQUE AV",245.00,E,-,B,-,N,,,,,,,,,,N,3,0,1,1,A,-,01,23152,A,N,H,A,A,A,H,-,C,D,0,,,,,Y,Y,M,94,0,1,0,0,0,0,0,0,0,"- ","- ",37.662361145019531,-122.39594268798828,"SAN MATEO","SOUTH SAN FRANCISCO",-122.39839935302734,37.662708282470703
84506219,2024,2024-12-17,4100,2024-11-26,1256,26109,,2,5,3,4110,0,0,0,,0,061,"STATE HIGHWAY 82 HWY","VICTORIA AVENUE",150.00,N,-,A,-,Y,,,,,,,,,,N,3,0,1,2,A,-,09,21804,,N,H,G,A,A,H,-,A,D,0,,Y,,,Y,,A,07,0,1,0,0,0,0,1,0,0,"- ","- ",,,"SAN MATEO",MILLBRAE,-122.39002990722656,37.600753784179688
84506562,2024,2024-12-17,4117,2024-11-16,1834,11HV11,,6,5,5,4117,0,0,0,,0,003,"JUNIPERO SERRA BL","HICKEY BL",90.00,S,-,A,-,N,,,,,,,,,,N,3,0,4,2,A,-,03,22350,,F,C,C,A,A,H,-,C,A,0,,,,,Y,,A,01,0,1,3,0,0,0,0,0,0,"- ","- ",37.665729522705078,-122.45925903320312,"SAN MATEO","SOUTH SAN FRANCISCO",-122.45930480957031,37.665462493896484
84506733,2024,2024-12-17,4109,2024-12-03,"825 ",145882,,2,5,4,4109,0,0,0,,0,001,"SANTA CRUZ AVE","THE EASTERN CURB PROLONGATION LINE OF THE 1000 BLO",110.00,E,-,A,-,N,,,,,,,,,,N,3,0,1,1,A,-,03,22350,,N,E,J,A,A,B,-,A,D,0,,Y,,,Y,,M,91,0,1,0,0,0,0,1,0,0,"- ","- ",37.443630218505859,-122.19560241699219,"SAN MATEO","MENLO PARK",,
8450698,2017,2017-10-02,4117,2017-09-14,1700,11TL02,06AC,4,5,5,4117,0,0,0,,0,004,"AIRPORT BL","BUTLER AV",20.00,S,N,A,-,N,,,,,,,,,,N,3,0,1,3,A,-,04,21703,,F,C,C,A,A,H,-,A,A,0,,,,,Y,,D,22,0,1,0,0,0,0,0,0,0,"- ","- ",37.663049999999998,-122.40067000000001,"SAN MATEO","SOUTH SAN FRANCISCO",-122.40108391,37.663075620000001
84508400,2024,2024-12-18,4117,2024-11-27,"932 ",04JL03,,3,5,5,4117,0,0,0,,0,003,"MCLELLAN DR","MISSION RD",384.00,W,-,B,-,N,,,,,,,,,,N,2,0,1,2,A,-,11,21950,B,N,G,B,B,A,H,-,A,A,0,Y,,,,Y,,N,60,1,0,0,0,1,0,0,0,0,"- ","- ",37.665550231933594,-122.44467163085938,"SAN MATEO","SOUTH SAN FRANCISCO",-122.44559478759766,37.664775848388672
84509974,2024,2024-12-19,4116,2024-11-27,1155,27730,,3,5,5,4116,0,0,0,,0,00C,"SOUTH EL CAMINO REAL","39TH  AVENUE",0.00,,Y,A,-,N,,,,,,,,,,N,3,0,1,1,A,-,07,21658,,N,B,E,A,A,H,-,A,D,0,,,,,Y,,A,01,0,1,0,0,0,0,0,0,0,"- ","- ",37.531089782714844,-122.28997039794922,"SAN MATEO","SAN MATEO",-122.29268646240234,37.532978057861328
8451395,2017,2017-10-21,4116,2017-07-12,1900,27771,12,3,5,5,4116,0,0,0,,0,00A,HUMBOLDT,"E POPLAR",0.00,,N,-,-,N,,,,,,,,,,N,3,0,1,2,A,-,10,21950,A,N,-,-,-,-,-,-,-,-,0,Y,,,,Y,,A,01,0,1,0,0,1,0,0,0,0,"- ","- ",37.578809999999997,-122.3263,"SAN MATEO","SAN MATEO",-122.32632,37.57882
84516480,2024,2024-12-26,4100,2024-11-14,1856,26136,,4,5,4,4115,0,0,0,,0,052,"EL CAMINO REAL","HOLLY STREET",0.00,,Y,A,-,N,,,,,,,,,,N,3,0,1,2,A,-,08,22107,,N,B,C,A,A,H,-,C,A,0,,Y,,,Y,,A,01,0,1,0,0,0,0,1,0,0,"- ","- ",,,"SAN MATEO","SAN CARLOS",-122.26190185546875,37.508506774902344
84521997,2024,2024-12-31,4116,2024-12-29,1840,29211,,7,5,5,4116,0,0,0,,0,00C,"36TH AV","EL CAMINO REAL",0.00,,Y,A,-,N,,,,,,,,,,Y,3,0,1,2,A,-,09,21801,,N,B,C,A,A,H,-,C,A,0,,,,,Y,,A,01,0,1,0,0,0,0,0,0,0,"- ","- ",37.535129547119141,-122.29524993896484,"SAN MATEO","SAN MATEO",-122.29534149169922,37.535129547119141
8452340,2017,2018-05-09,4100,2017-07-31,2202,18870,5G,1,5,3,4110,0,0,0,,0,061,"MILLBRAE AV","EL CAMINO REAL",38.00,E,N,A,-,Y,SM,4,82,-,-,15.946,I,6,N,Y,4,0,1,1,A,-,08,22107,,N,E,I,A,A,H,-,C,A,0,,,,,Y,,A,01,0,0,1,0,0,0,0,0,0,"- ","- ",,,"SAN MATEO",MILLBRAE,-122.38741439,37.5985035
84525446,2024,2025-01-03,4117,2024-12-25,"255 ",22BD02,,3,5,5,4117,0,0,0,,0,004,"LUX AV","SPRUCE AV",122.00,E,-,A,-,N,,,,,,,,,,N,3,0,1,2,A,-,01,23152,A,N,B,E,A,A,H,-,C,D,0,,,,,Y,Y,A,01,0,1,0,0,0,0,0,0,0,"- ","- ",37.658340454101562,-122.41535949707031,"SAN MATEO","SOUTH SAN FRANCISCO",-122.41493225097656,37.658237457275391
84530519,2024,2025-10-17,4104,2024-12-19,1310,0260,,4,5,4,4104,0,0,0,,0,00A,"SR-82 (EL CAMINO REAL)","BELLEVUE AV",0.00,,Y,A,-,Y,SM,,82," "," ",13.516,H,,R,N,3,0,1,2,A,-,09,21802,A,N,D,C,A,A,H,-,A,A,0,,,,,Y,,A,01,0,1,0,0,0,0,0,0,0,"- ","- ",37.577098846435547,-122.35267639160156,"SAN MATEO",BURLINGAME,-122.35268402099609,37.577095031738281
84530848,2024,2025-01-09,4100,2024-12-06,1528,26068,,5,5,9,4100,0,0,0,,0,011,"MIDDLEFIELD RD","5TH AV",0.00,,Y,A,-,N,,,,,,,,,,Y,3,0,3,2,A,-,09,21801,,N,D,C,A,A,H,-,A,A,0,,,,,Y,,A,01,0,3,0,0,0,0,0,0,0,"- ","- ",,,"SAN MATEO",UNINCORPORATED,-122.20451354980469,37.472103118896484