CASE_ID,ACCIDENT_YEAR,PROC_DATE,JURIS,COLLISION_DATE,COLLISION_TIME,OFFICER_ID,REPORTING_DISTRICT,DAY_OF_WEEK,CHP_SHIFT,POPULATION,CNTY_CITY_LOC,SPECIAL_COND,BEAT_TYPE,CHP_BEAT_TYPE,CITY_DIVISION_LAPD,CHP_BEAT_CLASS,BEAT_NUMBER,PRIMARY_RD,SECONDARY_RD,DISTANCE,DIRECTION,INTERSECTION,WEATHER_1,WEATHER_2,STATE_HWY_IND,CALTRANS_COUNTY,CALTRANS_DISTRICT,STATE_ROUTE,ROUTE_SUFFIX,POSTMILE_PREFIX,POSTMILE,LOCATION_TYPE,RAMP_INTERSECTION,SIDE_OF_HWY,TOW_AWAY,COLLISION_SEVERITY,NUMBER_KILLED,NUMBER_INJURED,PARTY_COUNT,PRIMARY_COLL_FACTOR,PCF_CODE_OF_VIOL,PCF_VIOL_CATEGORY,PCF_VIOLATION,PCF_VIOL_SUBSECTION,HIT_AND_RUN,TYPE_OF_COLLISION,MVIW,PED_ACTION,ROAD_SURFACE,ROAD_COND_1,ROAD_COND_2,LIGHTING,CONTROL_DEVICE,CHP_ROAD_TYPE,PEDESTRIAN_ACCIDENT,BICYCLE_ACCIDENT,MOTORCYCLE_ACCIDENT,TRUCK_ACCIDENT,NOT_PRIVATE_PROPERTY,ALCOHOL_INVOLVED,STWD_VEHTYPE_AT_FAULT,CHP_VEHTYPE_AT_FAULT,COUNT_SEVERE_INJ,COUNT_VISIBLE_INJ,COUNT_COMPLAINT_PAIN,COUNT_PED_KILLED,COUNT_PED_INJURED,COUNT_BICYCLIST_KILLED,COUNT_BICYCLIST_INJURED,COUNT_MC_KILLED,COUNT_MC_INJURED,PRIMARY_RAMP,SECONDARY_RAMP,LATITUDE,LONGITUDE,COUNTY,CITY,POINT_X,POINT_Y
84531470,2025,2025-01-09,4116,2025-01-06,1431,25586,,1,5,5,4116,0,0,0,,0,00C,"W HILLSDALE BLVD","W SAILER DR",0.00,,Y,A,-,N,,,,,,,,,,N,4,0,1,2,A,-,21,22106,,N,C,C,A,A,H,-,A,A,0,,,,,Y,,A,01,0,0,1,0,0,0,0,0,0,"- ","- ",37.536289215087891,-122.29853057861328,"SAN MATEO","SAN MATEO",-122.29940032958984,37.535652160644531
84533652,2024,2025-01-10,4114,2024-12-20,1601,1310,,5,5,4,4114,0,0,0,,0,001,"SNEATH LN","HUNTINGTON AV",225.00,W,-,A,-,N,,,,,,,,,,N,3,0,1,2,A,-,09,21804,A,N,D,C,A,A,H,-,A,D,0,,,,,Y,,A,01,0,1,0,0,0,0,0,0,0,"- ","- ",,,"SAN MATEO","SAN BRUNO",-122.41885375976562,37.638988494873047
84537807,2025,2025-01-15,4100,2025-01-07,1542,25906,,2,5,4,4115,0,0,0,,0,051,"SR-82 (EL CAMINO REAL)","HOWARD AVE",129.00,S,-,A,-,Y,,,,,,,,,,Y,3,0,3,4,A,-,03,22350,,N,C,C,A,A,H,-,C,A,0,,,,,Y,,D,72,0,3,0,0,0,0,0,0,0,"- ","- ",,,"SAN MATEO","SAN CARLOS",-122.24996185302734,37.498428344726562
84538697,2025,2025-01-15,4117,2025-01-08,1553,22GS04,,3,5,5,4117,0,0,0,,0,004,"MILLER AV","CYPRESS AV",0.00,,Y,A,-,Y,,,,,,,,,,N,4,0,1,2,A,-,09,21802,A,N,D,C,A,A,H,-,A,D,0,,,,,Y,,A,01,0,0,1,0,0,0,0,0,0,"- ","- ",37.655769348144531,-122.40811157226562,"SAN MATEO","SOUTH SAN FRANCISCO",-122.40813446044922,37.655784606933594
84543198,2025,2025-01-20,4117,2025-01-13,"14  ",19JS03,,1,5,5,4117,0,0,0,,0,004,"AIRPORT BL",US-101,0.00,,Y,A,-,Y,,,,,,,,,,N,3,0,2,2,A,-,12,21453,A,N,D,C,A,A,H,-,C,A,0,,,Y,,Y,,C,02,0,1,1,0,0,0,0,0,2,"- ","- ",37.666431427001953,-122.39694976806641,"SAN MATEO","SOUTH SAN FRANCISCO",-122.40537261962891,37.658824920654297
84546349,2025,2025-01-22,4109,2025-01-15,1630,200116,,3,5,4,4109,0,0,0,,0,001,"EL CAMINO REAL","OAK GROVE AVENUE",180.00,N,-,A,-,Y,SM,,82," "," ",0.862,H,,R,N,3,0,1,3,A,-,03,22350,,N,C,C,A,A,H,-,A,D,0,,,,,Y,,A,01,0,1,0,0,0,0,0,0,0,"- ","- ",37.454250335693359,-122.18444061279297,"SAN MATEO","MENLO PARK",-122.18435668945312,37.454357147216797
84547950,2025,2025-01-23,4117,2025-01-13,"712 ",03JA06,,1,5,5,4117,0,0,0,,0,002,"GELLERT BL","ROWNTREE WY",0.00,,Y,A,-,N,,,,,,,,,,Y,3,0,2,2,A,-,09,21801,A,N,D,C,A,A,H,-,A,D,0,,,,,Y,,A,01,0,2,0,0,0,0,0,0,0,"- ","- ",37.649818420410156,-122.45448303222656,"SAN MATEO","SOUTH SAN FRANCISCO",-122.45458221435547,37.649734497070312
84550539,2025,2025-01-27,4109,2025-01-23,1911,200176,,4,5,4,4109,0,0,0,,0,001,"2494 SAND HILL RD","SAGA WAY",30.00,E,-,A,-,N,,,,,,,,,,Y,4,0,1,2,A,-,03,22350,,N,C,C,A,A,H,-,C,A,0,,,,,Y,,A,01,0,0,1,0,0,0,0,0,0,"- ","- ",37.421390533447266,-122.20414733886719,"SAN MATEO","MENLO PARK",-122.20478057861328,37.422748565673828
84553031,2024,2025-01-28,4116,2024-01-24,2038,29076,,3,5,5,4116,0,0,0,,0,00C,"EL CAMINO REAL","36TH AVE",0.00,,Y,A,-,N,,,,,,,,,,Y,3,0,1,2,A,-,01,23153,,F,D,C,A,A,H,-,B,D,0,,,,,Y,Y,A,07,0,1,0,0,0,0,0,0,0,"- ","- ",37.535099029541016,-122.2957763671875,"SAN MATEO","SAN MATEO",-122.29534149169922,37.535129547119141
84562463,2025,2025-02-03,4116,2025-01-18,1239,28071,,6,5,5,4116,0,0,0,,0,00A,"EAST POPLAR AVENUE","NORTH SAN MATEO DRIVE",0.00,,Y,A,-,N,,,,,,,,,,N,3,0,1,2,A,-,10,21950,A,N,G,B,B,A,H,-,A,A,0,Y,,,,Y,,A,01,0,1,0,0,1,0,0,0,0,"- ","- ",37.572139739990234,-122.33245849609375,"SAN MATEO","SAN MATEO",-122.33245849609375,37.572128295898438
8456628,2017,2017-10-16,4113,2017-09-07,1927,453,1,4,5,5,4113,0,0,0,,0,001,"REDWOOD SHORES PKWY","TWIN DOLPHIN DR",51.00,E,N,A,-,N,,,,,,,,,,Y,2,0,1,2,A,-,08,22107,,N,D,C,A,A,H,-,A,A,0,,,Y,,Y,,A,01,1,0,0,0,0,0,0,0,1,"- ","- ",37.51979,-122.25124,"SAN MATEO","REDWOOD CITY",-122.25251833,37.518996119999997
84577308,2025,2025-02-12,4114,2025-01-17,1755,1349,,5,5,4,4114,0,0,0,,0,001,"SAN BRUNO AV","2ND AV",0.00,,Y,A,-,N,,,,,,,,,,N,2,0,1,2,A,-,10,21950,,N,G,B,B,A,H,-,C,D,0,Y,,,,Y,,A,01,1,0,0,0,1,0,0,0,0,"- ","- ",,,"SAN MATEO","SAN BRUNO",-122.41036987304688,37.630855560302734
8457759,2017,2017-10-06,4116,2017-09-12,0820,26724,41,2,5,5,4116,0,0,0,,0,00C,"HILLSDALE BL","CLEARVIEW WY",0.00,,Y,B,-,N,,,,,,,,,,Y,4,0,2,2,A,-,09,21800,D,N,D,C,A,A,H,-,A,B,0,,,,,Y,,A,01,0,0,2,0,0,0,0,0,0,"- ","- ",37.532080000000001,-122.33293,"SAN MATEO","SAN MATEO",-122.33293996,37.531689919999998
84578672,2025,2025-10-22,4104,2025-02-08,1418,0272,,6,5,4,4104,0,0,0,,0,00A,"CALIFORNIA DR","HOWARD AV",0.00,,Y,A,-,N,,,,,,,,,,N,3,0,2,2,A,-,09,21801,A,N,D,C,A,A,H,-,A,A,0,,,,,Y,,A,01,0,2,0,0,0,0,0,0,0,"- ","- ",37.578800201416016,-122.34346771240234,"SAN MATEO",BURLINGAME,-122.34346008300781,37.57879638671875
8458188,2017,2017-10-03,4114,2017-09-20,1036,0024,SNB1,3,5,4,4114,0,0,0,,0,001,"SAN MATEO AV","SAN BRUNO AV",0.00,,Y,A,-,N,,,,,,,,,,N,2,0,1,2,A,-,10,21950,A,N,G,B,B,A,G,-,A,A,0,Y,,,,Y,,I,11,1,0,0,0,1,0,0,0,0,"- ","- ",,,"SAN MATEO","SAN BRUNO",-122.41139997000001,37.630809990000003
8458192,2017,2017-10-03,4114,2017-08-20,2244,0041,SNB27,7,5,4,4114,0,0,0,,0,003,"WEST SAN BRUNO AV","CRESTMOOR DR",0.00,,Y,A,-,N,,,,,,,,,,N,3,0,1,2,A,-,12,21453,A,N,A,C,A,A,H,-,C,A,0,,,,,Y,,A,01,0,1,0,0,0,0,0,0,0,"- ","- ",,,"SAN MATEO","SAN BRUNO",-122.43714991,37.619519969999999
84582618,2025,2025-10-20,4104,2025-02-13,1848,0278,,4,5,4,4104,0,0,0,,0,00A,"CALIFORNIA DR","LORTON AVENUE",0.00,,Y,C,-,N,,,,,,,,,,N,3,0,1,2,A,-,10,21950,A,N,G,B,B,B,H,-,C,A,0,Y,,,,Y,,A,01,0,1,0,0,1,0,0,0,0,"- ","- ",37.580760955810547,-122.34754180908203,"SAN MATEO",BURLINGAME,-122.34727478027344,37.580341339111328
8458426,2017,2018-05-15,4109,2017-09-07,1853,14658,18,4,5,4,4109,0,0,0,,0,003,"BAYFRONT EX","WILLOW RD",3168.00,W,N,A,-,Y,SM,4,84,-,R,27.060,H,-,N,N,4,0,1,2,A,-,03,22350,,N,C,C,A,A,H,-,A,D,0,,,,,Y,,D,82,0,0,1,0,0,0,0,0,0,"- ","- ",37.465589999999999,-122.15729,"SAN MATEO","MENLO PARK",-122.16107882999999,37.482291840000002
8458487,2017,2017-10-03,4114,2017-09-09,1313,0060,SNB4,6,5,4,4114,0,0,0,,0,001,"HUNTINGTON AV","TARGET PARKING ENT",0.00,,Y,A,-,N,,,,,,,,,,N,4,0,1,2,A,-,03,22350,,N,D,G,A,A,H,-,A,A,0,,Y,,,Y,,L,04,0,0,1,0,0,0,1,0,0,"- ","- ",,,"SAN MATEO","SAN BRUNO",-122.41529346,37.636544290000003
84585330,2025,2025-03-13,4100,2025-01-21,"823 ",25924,,2,5,3,4110,0,0,0,,0,061,"VISTA GRANDE","CORTE ALEGRA",135.00,E,-,A,-,N,,,,,,,,,,N,3,0,2,2,A,-,21,22106,,N,C,C,A,A,H,-,A,D,0,,,,,Y,,A,01,0,2,0,0,0,0,0,0,0,"- ","- ",,,"SAN MATEO",MILLBRAE,-122.40664672851562,37.593921661376953
84585348,2025,2025-02-20,4116,2025-02-06,"747 ",28889,,4,5,5,4116,0,0,0,,0,00A,"SOUTH EL CAMINO REAL","BARENESONA AV",0.00,,Y,C,-,N,,,,,,,,,,Y,4,0,1,3,A,-,08,22107,,M,B,C,A,B,H,-,A,A,0,,,,,Y,,A,01,0,0,1,0,0,0,0,0,0,"- ","- ",37.554450988769531,-122.31645965576172,"SAN MATEO","SAN MATEO",-122.31649780273438,37.554389953613281
84586257,2025,2025-08-14,4100,2025-02-09,1726,25244,,7,5,3,4110,0,0,0,,0,,"CALIFORNIA AV","MURCHISON AV",142.00,N,-,A,-,N,,,,,,,,,,Y,3,0,1,7,A,-,01,23152,A,N,B,E,A,A,H,-,B,D,0,,,,,Y,Y,A,01,0,1,0,0,0,0,0,0,0,"- ","- ",,,"SAN MATEO",MILLBRAE,-122.38507843017578,37.597724914550781
84589754,2025,2025-02-25,4116,2025-02-18,1737,28444,,2,5,5,4116,0,0,0,,0,00D,"LA SELVA ST","LOS PRADO ST",0.00,,Y,A,-,N,,,,,,,,,,N,4,0,1,2,A,-,03,22350,,N,D,E,A,A,H,-,A,D,0,,,,,Y,,A,01,0,0,1,0,0,0,0,0,0,"- ","- ",37.544898986816406,-122.28359985351562,"SAN MATEO","SAN MATEO",-122.28364562988281,37.544849395751953
84590601,2025,2025-02-26,4116,2025-01-23,1824,28071,,4,5,5,4116,0,0,0,,0,00A,"NORTH SAN MATEO DRIVE","MONTE DIABLO AVENUE",0.00,,Y,A,-,N,,,,,,,,,,N,3,0,2,3,A,-,10,21950,A,N,G,B,B,A,H,-,C,A,0,Y,,,,Y,,D,72,0,2,0,0,2,0,0,0,0,"- ","- ",37.569629669189453,-122.32964324951172,"SAN MATEO","SAN MATEO",-122.32965087890625,37.569618225097656
84590923,2025,2025-02-26,4100,2025-01-30,1100,26038,,4,5,3,4107,0,0,0,,0,075,"MAIN ST","MILL ST",0.00,,Y,B,-,N,,,,,,,,,,N,3,0,1,2,A,-,09,21800,,N,D,C,A,A,H,-,A,A,0,,,Y,,Y,,A,07,0,1,0,0,0,0,0,0,1,"- ","- ",,,"SAN MATEO","HALF MOON BAY",-122.4290771484375,37.464649200439453
8459556,2017,2018-05-24,4104,2017-09-14,1727,0645,11,4,5,4,4104,0,0,0,,0,00B,"EL CAMINO REAL","ADELINE DR",538.00,N,N,A,-,Y,SM,4,82,-,-,15.090,H,-,N,N,4,0,1,2,A,-,00,21760,B,N,B,G,A,A,H,-,A,D,0,,Y,,,Y,,A,01,0,0,1,0,0,0,1,0,0,"- ","- ",37.590940000000003,-122.37794,"SAN MATEO",BURLINGAME,-122.37621634999999,37.59000253
84597383,2025,2025-03-05,4117,2025-02-19,1953,18JY16,,3,5,5,4117,0,0,0,,0,004,"AIRPORT BL","SISTER CITIES BL",0.00,,Y,A,-,N,,,,,,,,,,Y,3,0,1,2,A,-,12,21453,A,N,D,C,A,A,H,-,C,A,0,,,,,Y,,-,"- ",0,1,0,0,0,0,0,0,0,"- ","- ",37.664329528808594,-122.39929962158203,"SAN MATEO","SOUTH SAN FRANCISCO",-122.39922332763672,37.664344787597656
8459741,2017,2018-06-05,4109,2017-08-29,1705,14437,,2,5,4,4109,0,0,0,,0,003,"RT 84","FACEBOOK WY",20.00,E,N,A,-,Y,SM,4,84,-,R,27.380,H,-,N,N,4,0,1,2,A,-,03,22350,,N,C,C,A,A,H,-,A,A,0,,,,,Y,,A,01,0,0,1,0,0,0,0,0,0,"- ","- ",37.481670000000001,-122.15559,"SAN MATEO","MENLO PARK",-122.15531437999999,37.481946209999997
84598330,2025,2025-03-07,4114,2025-01-22,1742,1295,,3,5,4,4114,0,0,0,,0,001,"EL CAMINO REAL","SNEATH LANE",300.00,S,-,A,-,Y,,,,,,,,,,N,3,0,1,2,A,-,21,22106,,N,C,E,A,A,H,-,C,D,0,,,,,Y,,A,01,0,1,0,0,0,0,0,0,0,"- ","- ",,,"SAN MATEO","SAN BRUNO",-122.42102813720703,37.636089324951172
8459841,2017,2018-05-21,4100,2017-09-15,0755,18060,1P,5,5,2,4118,0,0,0,,0,003,"WOODSIDE RD","CANADA RD",129.00,W,N,A,-,Y,SM,4,84,-,-,20.640,H,-,N,N,3,0,1,3,A,-,03,22350,,N,B,E,E,A,H,-,A,D,0,Y,,,,Y,,A,01,0,1,0,0,1,0,0,0,0,"- ","- ",,,"SAN MATEO",WOODSIDE,-122.25435666999999,37.42958557
8459936,2017,2017-10-03,4100,2017-09-07,1545,80005,SNC,4,5,4,4115,0,0,0,,0,050,"INDUSTRIAL RD","TERMINAL WY",71.00,S,N,A,-,N,,,,,,,,,,N,4,0,2,2,A,-,09,21804,A,N,D,C,A,A,H,-,A,D,0,,,,,Y,,A,01,0,0,2,0,0,0,0,0,0,"- ","- ",,,"SAN MATEO","SAN CARLOS",-122.25295986,37.5085579
84601745,2025,2025-03-18,4117,2025-02-28,1048,24MV02,,5,5,5,4117,0,0,0,,0,003,"GRAND AV","MISSION RD",0.00,,Y,A,-,N,,,,,,,,,,Y,3,0,1,2,A,-,09,21800,,N,D,C,A,A,H,-,A,A,0,,,,,Y,,-,"- ",0,1,0,0,0,0,0,0,0,"- ","- ",37.660091400146484,-122.43726348876953,"SAN MATEO","SOUTH SAN FRANCISCO",-122.43724060058594,37.660076141357422
84601866,2025,2025-03-18,4116,2025-02-11,"203 ",28935,,2,5,5,4116,0,0,0,,0,00A,"GARVEY WAY","W CURB OF S DELAWARE ST",386.00,W,-,A,-,N,,,,,,,,,,Y,3,0,1,2,A,-,01,23153,,N,B,E,A,A,H,-,C,D,0,,,,,Y,Y,A,01,0,1,0,0,0,0,0,0,0,"- ","- ",37.555999755859375,-122.30889892578125,"SAN MATEO","SAN MATEO",-122.30968475341797,37.556003570556641
84602754,2025,2025-03-18,4100,2025-01-17,1522,26136,,5,5,3,4110,0,0,0,,0,061,"ASHTON AV","MILLBRAE AV",0.00,,Y,A,-,N,,,,,,,,,,N,3,0,1,2,A,-,03,22350,,N,D,C,A,A,H,-,A,D,0,,Y,,,Y,,A,01,0,1,0,0,0,0,1,0,0,"- ","- ",,,"SAN MATEO",MILLBRAE,-122.39627075195312,37.594097137451172
8460496,2017,2017-10-06,4116,2017-09-07,1545,28137,32,4,5,5,4116,0,0,0,,0,00C,"EAST HILLSDALE BL","SARATOGA DR",513.00,E,N,A,-,N,,,,,,,,,,N,3,0,1,2,A,-,08,22107,,F,G,G,A,A,H,-,A,D,0,,Y,,,Y,,A,01,0,1,0,0,0,0,1,0,0,"- ","- ",37.541890000000002,-122.29095,"SAN MATEO","SAN MATEO",-122.29022843,37.542991569999998
8460601,2017,2018-06-05,4116,2017-08-31,1652,25128,23,4,5,5,4116,0,0,0,,0,00A,"EL CAMINO REAL","17TH AV",0.00,,Y,A,-,Y,SM,4,82,-,-,10.728,I,5,S,N,3,0,1,2,A,-,10,21950,A,F,B,B,B,A,H,-,A,A,0,Y,,,,Y,Y,A,07,0,1,0,0,1,0,0,0,0,"- ","- ",37.552239999999998,-122.31407,"SAN MATEO","SAN MATEO",-122.31410217,37.552198930000003
84607921,2025,2025-03-18,4117,2025-03-06,1932,22BD02,,4,5,5,4117,0,0,0,,0,004,"LUX AV","MAPLE AV",172.82,E,-,A,-,N,,,,,,,,,,Y,3,0,2,2,A,-,01,23152,A,N,B,C,A,A,H,-,C,D,0,,,,,Y,,D,22,0,2,0,0,0,0,0,0,0,"- ","- ",37.657630920410156,-122.41181945800781,"SAN MATEO","SOUTH SAN FRANCISCO",-122.41120910644531,37.657489776611328
84612600,2025,2025-03-21,4109,2025-03-19,2333,200105,,3,5,4,4109,0,0,0,,0,001,"SR-82 (EL CAMINO REAL)","ALEJANDRA AV",123.00,S,-,A,-,Y,SM,,82," "," ",1.275,H,,R,N,3,0,2,3,A,-,03,22350,,F,C,C,A,A,H,-,C,A,0,,,,,Y,,A,01,0,1,1,0,0,0,0,0,0,"- ","- ",37.457481384277344,-122.19072723388672,"SAN MATEO","MENLO PARK",-122.19071960449219,37.457496643066406
8462069,2017,2017-10-12,4113,2017-09-28,2218,449,11,4,5,5,4113,0,0,0,,0,023,"EL CAMINO REAL","E JEFFERSON AVE",21.00,W,N,A,-,N,,,82,,,,,,,Y,3,0,2,2,A,-,12,21453,A,N,D,C,A,A,H,-,C,A,0,,,,,Y,,A,01,0,2,0,0,0,0,0,0,0,"- ","- ",37.482729999999997,-122.23061,"SAN MATEO","REDWOOD CITY",-122.23058004000001,37.482771769999999
84626048,2025,2025-03-25,4114,2025-02-18,2151,0036,,2,5,4,4114,0,0,0,,0,002,"200 CITY PARK WY","CRYSTAL SPRINGS",0.00,,Y,A,-,N,,,,,,,,,,Y,4,0,1,2,A,-,01,23152,A,N,B,C,A,A,H,-,C,A,0,,,,,Y,Y,A,01,0,0,1,0,0,0,0,0,0,"- ","- ",,,"SAN MATEO","SAN BRUNO",-122.41490173339844,37.616462707519531
84627358,2025,2025-03-26,4117,2025-03-18,1044,03JA06,,2,5,5,4117,0,0,0,,0,003,"JUNIPERO SERRA BL","CLAY AV",80.00,N,-,A,-,N,,,,,,,,,,N,3,0,1,1,A,-,03,22350,,N,E,J,A,A,H,-,A,D,0,,Y,,,Y,,L,04,0,1,0,0,0,0,1,0,0,"- ","- ",37.662181854248047,-122.45719146728516,"SAN MATEO","SOUTH SAN FRANCISCO",-122.45752716064453,37.662387847900391
84627915,2025,2025-03-26,4114,2025-02-21,"800 ",1310,,5,5,4,4114,0,0,0,,0,002,"CRYSTAL SPRINGS RD","ELM AV",0.00,,Y,A,-,N,,,,,,,,,,Y,3,0,2,2,A,-,09,21804,A,N,D,C,A,A,H,-,A,A,0,,,,,Y,,A,01,0,2,0,0,0,0,0,0,0,"- ","- ",,,"SAN MATEO","SAN BRUNO",-122.41265869140625,37.618766784667969
84628514,2025,2025-03-27,4100,2025-03-11,1530,26038,,2,5,3,4107,0,0,0,,0,075,SR-92,"MAIN ST",1861.20,E,-,B,-,Y,,,,,,,,,,N,3,0,1,3,A,-,08,22107,,N,A,C,A,A,H,-,A,D,0,,,,,Y,,A,01,0,1,0,0,0,0,0,0,0,"- ","- ",,,"SAN MATEO","HALF MOON BAY",-122.42406463623047,37.469570159912109
84629474,2025,2025-03-27,4114,2025-02-25,2211,1323,,2,5,4,4114,0,0,0,,0,002,"140 EL CAMINO REAL","SAN LUIS AV",0.00,,Y,A,-,N,,,,,,,,,,N,2,0,1,2,A,-,01,23152,A,N,C,E,A,A,H,-,C,D,0,,,Y,,Y,Y,C,03,1,0,0,0,0,0,0,0,1,"- ","- ",,,"SAN MATEO","SAN BRUNO",-122.40800476074219,37.617031097412109
8463218,2017,2017-10-30,4109,2017-09-01,1220,145676,,5,5,4,4109,0,0,0,,0,001,"EL CAMINO REAL",VALPARAISO,0.00,,Y,A,-,N,,,82,,,,,,,N,4,0,1,2,A,-,04,21703,,N,C,C,A,A,H,-,A,A,0,,,Y,,Y,,A,01,0,0,1,0,0,0,0,0,1,"- ","- ",37.455820000000003,-122.18763,"SAN MATEO","MENLO PARK",-122.18760826,37.455863809999997
84633503,2025,2025-04-01,4114,2025-03-24,"857 ",0061,,1,5,4,4114,0,0,0,,0,001,"HUNTINGTON AV","EUCLID AV",150.00,S,-,A,-,N,,,,,,,,,,N,3,0,1,2,A,-,21,22106,,N,G,B,E,A,H,-,A,D,0,Y,,,,Y,,A,01,0,1,0,0,1,0,0,0,0,"- ","- ",,,"SAN MATEO","SAN BRUNO",-122.41290283203125,37.632076263427734
84634702,2025,2025-05-13,4100,2025-03-16,"310 ",25273,,7,5,3,4107,0,0,0,,0,075,"3020 N CABRILLO HWY","ROOSEVELT BLVD",304.00,N,-,B,-,Y,,,,,,,,,,Y,3,0,1,1,A,-,01,23152,B,N,E,I,A,B,H,-,C,D,0,,,,,Y,Y,A,01,0,1,0,0,0,0,0,0,0,"- ","- ",,,"SAN MATEO","HALF MOON BAY",-122.45218658447266,37.491870880126953
84636358,2025,2025-10-20,4104,2025-03-27,1350,0227,,4,5,4,4104,0,0,0,,0,00A,"BURLINGAME AV","SR-82 (EL CAMINO REAL)",363.00,E,-,C,-,N,,,,,,,,,,N,3,0,1,2,A,-,10,21950,A,N,G,B,C,B,H,-,A,A,0,Y,,,,Y,,D,22,0,1,0,0,1,0,0,0,0,"- ","- ",37.576930999755859,-122.34906005859375,"SAN MATEO",BURLINGAME,-122.34915924072266,37.577102661132812
8463969,2017,2017-11-06,4103,2017-09-29,1549,G0350,1,5,5,2,4103,0,0,0,,0,00U,"BAYSHORE BL","VWR RD",550.00,S,N,A,-,N,,,,,,,,,,N,2,0,1,2,A,-,03,22350,,N,D,C,A,A,D,H,A,D,0,,,Y,,Y,,C,02,1,0,0,0,0,0,0,0,1,"- ","- ",,,"SAN MATEO",BRISBANE,-122.39410042999999,37.679305939999999
84641191,2025,2025-04-08,4116,2025-03-26,1451,28889,,3,5,5,4116,0,0,0,,0,00A,"257 N AMPHLETT BL","E SANTA INEZ",0.00,,Y,A,-,N,,,,,,,,,,Y,3,0,1,2,A,-,09,21802,A,N,A,C,A,A,H,-,A,A,0,,,,,Y,,A,01,0,1,0,0,0,0,0,0,0,"- ","- ",37.576740264892578,-122.32137298583984,"SAN MATEO","SAN MATEO",-122.32157897949219,37.577449798583984
84641695,2025,2025-04-08,4116,2025-03-27,1400,28444,,4,5,5,4116,0,0,0,,0,00A,"POPLAR AVE","N HUMBOLDT ST",12.00,S,Y,B,-,N,,,,,,,,,,N,4,0,2,3,A,-,09,21804,A,N,D,C,A,A,H,-,A,D,0,,,,,Y,,A,01,0,0,2,0,0,0,0,0,0,"- ","- ",37.577648162841797,-122.32752227783203,"SAN MATEO","SAN MATEO",-122.32634735107422,37.57879638671875
8464415,2017,2017-11-01,4102,2017-10-01,1412,84165,7,7,5,4,4102,0,0,0,,0,003,"ALAMEDA DE LAS PULGAS","CARLMONT DR",316.00,N,N,A,-,N,,,,,,,,,,N,3,0,1,2,A,-,09,21804,A,N,G,B,C,A,H,-,-,A,0,Y,,,,Y,Y,A,01,0,1,0,0,1,0,0,0,0,"- ","- ",37.510750000000002,-122.29434000000001,"SAN MATEO",BELMONT,-122.29377479999999,37.510880810000003
84651822,2025,2025-04-16,4117,2025-03-16,1222,18RR07,,7,5,5,4117,0,0,0,,0,004,"GRAND AV","SPRUCE AV",156.00,W,-,A,-,N,,,,,,,,,,N,3,0,1,2,A,-,17,21200,A,N,D,G,A,A,H,-,A,D,0,,Y,,,Y,,L,04,0,1,0,0,0,0,1,0,0,"- ","- ",37.656478881835938,-122.41602325439453,"SAN MATEO","SOUTH SAN FRANCISCO",-122.41653442382812,37.656589508056641
84652966,2025,2025-10-20,4104,2025-04-10,1453,0283,,4,5,4,4104,0,0,0,,0,00C,"OLD BAYSHORE BL","COWAN RD",0.00,,Y,A,-,N,,,,,,,,,,N,3,0,1,2,A,-,09,21802,A,N,D,C,A,A,H,-,A,A,0,,,,,Y,,A,01,0,1,0,0,0,0,0,0,0,"- ","- ",37.603240966796875,-122.37373352050781,"SAN MATEO",BURLINGAME,-122.37371063232422,37.603267669677734
84656714,2025,2025-04-21,4116,2025-04-13,2113,29370,,7,5,5,4116,0,0,0,,0,0DT,"EL CAMINO REAL","9TH AVE",0.00,,Y,A,-,N,,,,,,,,,,N,3,0,1,3,A,-,01,23152,A,F,C,E,E,A,H,-,C,D,0,Y,,,,Y,,A,01,0,1,0,0,1,0,0,0,0,"- ","- ",37.559818267822266,-122.32230377197266,"SAN MATEO","SAN MATEO",-122.32176208496094,37.559169769287109
8465825,2019,2019-05-29,4109,2019-01-04,1536,145932,,5,5,4,4109,0,0,0,,0,001,"EL CAMINO REAL","MIDDLE AV",0.00,,Y,A,-,N,,,82,,,,,,,Y,1,1,0,2,A,-,12,21453,A,N,D,C,A,A,H,-,A,A,0,,,,Y,Y,,A,01,0,0,0,0,0,0,0,0,0,"- ","- ",37.450508117675781,-122.17711639404297,"SAN MATEO","MENLO PARK",-122.17716217041016,37.450443267822266
8465899,2018,2019-07-03,4120,2018-03-23,1125,201,CIV,5,5,4,4120,0,0,0,,0,00X,"FOSTER CITY BL","EAST HILLSDALE BL",0.00,,Y,A,F,N,,,,,,,,,,N,1,1,0,2,A,-,12,21453,A,N,D,G,A,A,H,-,A,A,0,,Y,,,Y,,L,04,0,0,0,0,0,1,0,0,0,"- ","- ",37.561389923095703,-122.26892852783203,"SAN MATEO","FOSTER CITY",-122.26917266845703,37.561321258544922
84662519,2025,2025-10-20,4104,2025-04-08,2019,0279,,2,5,4,4104,0,0,0,,0,00B,"EL CAMINO REAL","MILLS AV",0.00,,Y,A,-,Y,SM,,82," "," ",14.893,H,,R,N,2,0,1,2,A,-,09,21801,A,N,H,G,A,A,H,-,C,A,0,,Y,,,Y,,A,01,1,0,0,0,0,0,1,0,0,"- ","- ",37.588340759277344,-122.37330627441406,"SAN MATEO",BURLINGAME,-122.37332153320312,37.588329315185547
8466331,2017,2017-10-09,4120,2017-09-02,2213,213,,6,5,4,4120,0,0,0,,0,00Y,"EAST HILLSDALE BL","EDGEWATER BL",28.00,E,N,B,-,N,,,,,,,,,,Y,3,0,1,2,A,-,01,23153,A,N,A,C,A,A,H,-,C,A,0,,,,,Y,,A,01,0,1,0,0,0,0,0,0,0,"- ","- ",37.554279999999999,-122.27746999999999,"SAN MATEO","FOSTER CITY",-122.27749229,37.554415710000001