CASE_ID,ACCIDENT_YEAR,PROC_DATE,JURIS,COLLISION_DATE,COLLISION_TIME,OFFICER_ID,REPORTING_DISTRICT,DAY_OF_WEEK,CHP_SHIFT,POPULATION,CNTY_CITY_LOC,SPECIAL_COND,BEAT_TYPE,CHP_BEAT_TYPE,CITY_DIVISION_LAPD,CHP_BEAT_CLASS,BEAT_NUMBER,PRIMARY_RD,SECONDARY_RD,DISTANCE,DIRECTION,INTERSECTION,WEATHER_1,WEATHER_2,STATE_HWY_IND,CALTRANS_COUNTY,CALTRANS_DISTRICT,STATE_ROUTE,ROUTE_SUFFIX,POSTMILE_PREFIX,POSTMILE,LOCATION_TYPE,RAMP_INTERSECTION,SIDE_OF_HWY,TOW_AWAY,COLLISION_SEVERITY,NUMBER_KILLED,NUMBER_INJURED,PARTY_COUNT,PRIMARY_COLL_FACTOR,PCF_CODE_OF_VIOL,PCF_VIOL_CATEGORY,PCF_VIOLATION,PCF_VIOL_SUBSECTION,HIT_AND_RUN,TYPE_OF_COLLISION,MVIW,PED_ACTION,ROAD_SURFACE,ROAD_COND_1,ROAD_COND_2,LIGHTING,CONTROL_DEVICE,CHP_ROAD_TYPE,PEDESTRIAN_ACCIDENT,BICYCLE_ACCIDENT,MOTORCYCLE_ACCIDENT,TRUCK_ACCIDENT,NOT_PRIVATE_PROPERTY,ALCOHOL_INVOLVED,STWD_VEHTYPE_AT_FAULT,CHP_VEHTYPE_AT_FAULT,COUNT_SEVERE_INJ,COUNT_VISIBLE_INJ,COUNT_COMPLAINT_PAIN,COUNT_PED_KILLED,COUNT_PED_INJURED,COUNT_BICYCLIST_KILLED,COUNT_BICYCLIST_INJURED,COUNT_MC_KILLED,COUNT_MC_INJURED,PRIMARY_RAMP,SECONDARY_RAMP,LATITUDE,LONGITUDE,COUNTY,CITY,POINT_X,POINT_Y
8773728,2018,2019-01-31,4114,2018-12-03,1308,40,SNB17,1,5,4,4114,0,0,0,,0,001,"WEST SAN BRUNO AV","RT 280",0.00,,Y,A,-,Y,SM,4,280,-,R,20.574,R,4,N,Y,3,0,1,2,D,-,00,,,N,D,C,A,A,H,-,A,A,0,,,,,Y,,-,"- ",0,1,0,0,0,0,0,0,0,"- ",NF,37.630489349365234,-122.41108703613281,"SAN MATEO","SAN BRUNO",-122.4268798828125,37.622081756591797
8773732,2018,2019-01-31,4111,2018-12-14,1736,P5145,P14,5,5,4,4111,0,0,0,,0,0P3,"RT 1","SEA BOWL LN",74.00,S,N,C,-,Y,SM,4,1,-,-,41.890,H,-,N,Y,3,0,2,3,A,-,03,22350,,N,C,C,A,B,H,-,C,D,0,,,,,Y,,A,01,0,2,0,0,0,0,0,0,0,"- ","- ",,,"SAN MATEO",PACIFICA,-122.49681854248047,37.607685089111328
8756191,2018,2019-01-23,4102,2018-11-30,1520,13400,1,5,5,4,4102,0,0,0,,0,001,"SHOREWAY RD","SEM LN",0.00,,Y,A,-,N,,,,,,,,,,N,3,0,1,1,A,-,03,22350,,N,E,J,A,B,D,-,A,A,0,,Y,,,Y,,L,04,0,1,0,0,0,0,1,0,0,"- ","- ",37.527191162109375,-122.26580810546875,"SAN MATEO",BELMONT,-122.26722717285156,37.524318695068359
8754228,2018,2018-12-19,4104,2018-11-26,1756,0169,14,1,5,4,4104,0,0,0,,0,00B,"CALIFORNIA DR","TROUSDALE DR",0.00,,Y,A,-,N,,,,,,,,,,N,3,0,1,2,A,-,09,21801,A,N,D,G,A,A,H,-,C,D,0,,Y,,,Y,,A,01,0,1,0,0,0,0,1,0,0,"- ","- ",37.595531463623047,-122.38218688964844,"SAN MATEO",BURLINGAME,-122.38214111328125,37.595508575439453
8754195,2018,2019-02-04,4104,2018-11-15,1219,0230,22,4,5,4,4104,0,0,0,,0,00C,BROADWAY,"RT 101",0.00,,Y,A,-,Y,SM,4,101,-,-,16.701,R,4,S,Y,3,0,2,2,A,-,12,21453,A,N,D,C,A,A,H,-,A,A,0,,,,,Y,,-,"- ",0,2,0,0,0,0,0,0,0,"- ",SF,37.577869415283203,-122.34809112548828,"SAN MATEO",BURLINGAME,-122.36293792724609,37.591041564941406
8752970,2018,2019-01-03,4104,2018-11-23,2200,0231,17,5,5,4,4104,0,0,0,,0,00B,"TROUSDALE DR","HUNT DR",16.00,W,N,C,-,N,,,,,,,,,,N,3,0,2,2,A,-,03,22350,,N,C,C,A,B,H,-,C,A,0,,,,,Y,,D,73,0,2,0,0,0,0,0,0,0,"- ","- ",37.581020355224609,-122.40305328369141,"SAN MATEO",BURLINGAME,-122.40035247802734,37.581554412841797
8751508,2018,2018-12-07,4111,2018-10-28,1430,P5151,P11,7,5,4,4111,0,0,0,,0,0P2,"CABRILLO HWY","WESTPORT DR",34.00,S,N,A,-,N,,,,,,,,,,Y,3,0,1,2,A,-,09,21802,A,N,D,C,A,A,H,-,A,D,0,,,,,Y,,A,01,0,1,0,0,0,0,0,0,0,"- ","- ",,,"SAN MATEO",PACIFICA,-122.48519897460938,37.620555877685547
8743295,2018,2019-01-24,4117,2018-11-08,1710,01CG09,05AB,4,5,5,4117,0,0,0,,0,001,"SOUTH LINDEN AV","DOLLAR AV",0.00,,Y,A,-,N,,,,,,,,,,N,3,0,1,2,A,-,08,22100,A,N,B,C,A,A,H,-,C,A,0,,,Y,,Y,,D,22,0,1,0,0,0,0,0,0,1,"- ","- ",37.642349243164062,-122.41340637207031,"SAN MATEO","SOUTH SAN FRANCISCO",-122.41339111328125,37.642360687255859
8742806,2018,2018-11-29,4116,2018-11-15,1512,28508,30,4,5,5,4116,0,0,0,,0,00C,"SARATOGA DR","DELAWARE AV",5.00,S,N,F,-,N,,,,,,,,,,N,3,0,1,2,A,-,03,22350,,N,C,C,A,A,H,-,A,A,0,,,,,Y,,A,01,0,1,0,0,0,0,0,0,0,"- ","- ",37.548648834228516,-122.30481719970703,"SAN MATEO","SAN MATEO",-122.30486297607422,37.548576354980469
8742802,2018,2018-11-29,4116,2018-11-12,1028,27872,32,1,5,5,4116,0,0,0,,0,00C,"EAST HILLSDALE BL",SARATOGA,0.00,,Y,A,-,N,,,,,,,,,,Y,3,0,1,2,A,-,12,21453,A,N,A,C,A,A,H,-,A,A,0,,,,,Y,,A,07,0,1,0,0,0,0,0,0,0,"- ","- ",37.541881561279297,-122.29096221923828,"SAN MATEO","SAN MATEO",-122.29106140136719,37.541748046875
8735826,2018,2018-12-10,4127,2018-09-03,1557,2246,4127,1,5,4,4127,0,0,0,,0,004,"UNIVERSITY AV","WOODLAND AV",25.00,S,N,A,-,N,,,,,,,,,,Y,3,0,1,2,A,-,12,21453,A,N,D,C,A,A,H,-,A,A,0,,,,,Y,,A,01,0,1,0,0,0,0,0,0,0,"- ","- ",,,"SAN MATEO","EAST PALO ALTO",-122.14179229736328,37.457916259765625
8733089,2018,2019-01-24,4116,2018-10-16,1528,28630,37,2,5,5,4116,0,0,0,,0,00C,"SOUTH EL CAMINO REAL","42ND AV",120.00,S,N,A,-,Y,SM,4,82,-,-,8.670,H,-,S,N,3,0,1,2,A,-,03,22350,,N,C,C,A,A,H,-,A,A,0,,,,,Y,,A,01,0,1,0,0,0,0,0,0,0,"- ","- ",37.534538269042969,-122.29460144042969,"SAN MATEO","SAN MATEO",-122.28881072998047,37.530200958251953
8729828,2018,2018-11-21,4116,2018-11-01,1617,26446,23,4,5,5,4116,0,0,0,,0,00A,"PALM AV","16TH AV",0.00,,Y,A,-,N,,,,,,,,,,Y,3,0,2,2,A,-,09,21801,A,N,D,C,A,A,H,-,A,D,0,,,,,Y,,A,01,0,2,0,0,0,0,0,0,0,"- ","- ",37.554359436035156,-122.31374359130859,"SAN MATEO","SAN MATEO",-122.31372833251953,37.554370880126953
8729726,2018,2018-11-19,4116,2018-10-17,0734,25586,52,3,5,5,4116,0,0,0,,0,00D,"S NORFOLK ST","CARY AV",0.00,,Y,A,-,N,,,,,,,,,,Y,3,0,1,2,A,-,09,21802,A,N,D,C,A,A,H,-,A,A,0,,,,,Y,,A,01,0,1,0,0,0,0,0,0,0,"- ","- ",37.571151733398438,-122.30909729003906,"SAN MATEO","SAN MATEO",-122.30914306640625,37.571109771728516
8758998,2017,2018-12-17,4106,2017-07-18,1041,2131,5,2,5,6,4106,0,0,0,,0,003,"SAN PEDRO","DUNKS ST",107.00,W,N,A,-,N,,,,,,,,,,N,4,0,1,3,A,-,03,22350,,N,C,C,A,A,H,-,A,D,0,,,,,Y,,A,01,0,0,1,0,0,0,0,0,0,"- ","- ",,,"SAN MATEO","DALY CITY",-122.47011261,37.686245280000001
8773986,2018,2019-01-24,4114,2018-11-21,1650,0027,SNB1,3,5,4,4114,0,0,0,,0,001,"SAN BRUNO AV","5TH AV",0.00,,Y,B,-,N,,,,,,,,,,N,4,0,1,2,A,-,09,21801,A,N,D,C,A,B,H,-,B,D,0,,,,,Y,,A,01,0,0,1,0,0,0,0,0,0,"- ","- ",,,"SAN MATEO","SAN BRUNO",-122.40764617919922,37.630878448486328
8778779,2019,2019-03-14,4109,2019-01-03,1348,145880,30,4,5,4,4109,0,0,0,,0,001,"SAND HILL RD","SAGA WY",0.00,,Y,A,-,N,,,,,,,,,,Y,3,0,1,2,A,-,12,21453,A,N,D,C,A,A,H,-,A,A,0,,,,,Y,,A,01,0,1,0,0,0,0,0,0,0,"- ","- ",37.421390533447266,-122.20414733886719,"SAN MATEO","MENLO PARK",-122.20423126220703,37.421379089355469
8778958,2019,2019-02-05,4109,2019-01-15,1433,145755,,2,5,4,4109,0,0,0,,0,004,"OBRIEN DR","HAMILTON DR",0.00,,N,C,-,N,,,,,,,,,,Y,2,0,1,2,A,-,21,22106,,N,D,C,A,B,H,-,A,D,0,,,,,Y,,A,01,1,0,0,0,0,0,0,0,0,"- ","- ",37.474758148193359,-122.15183258056641,"SAN MATEO","MENLO PARK",,
8778963,2018,2019-02-01,4127,2018-12-04,2336,2211,4127,2,5,4,4127,0,0,0,,0,003,"CLARKE AV","DONOHOE ST",150.00,E,N,C,-,N,,,,,,,,,,N,3,0,1,2,A,-,03,22350,,N,C,E,A,B,H,-,C,A,0,,,,,Y,,A,01,0,1,0,0,0,0,0,0,0,"- ","- ",,,"SAN MATEO","EAST PALO ALTO",-122.13466644287109,37.462490081787109
8779623,2018,2019-01-31,4117,2018-12-21,1142,13NP01,14AF,5,5,5,4117,0,0,0,,0,002,"RT 82","HAZELWOOD DR",729.00,N,N,B,-,Y,SM,4,82,-,-,19.780,H,-,S,N,3,0,2,3,A,-,03,22350,,N,C,C,A,B,H,-,A,D,0,,,,,Y,,A,07,0,2,0,0,0,0,0,0,0,"- ","- ",37.656608581542969,-122.4371337890625,"SAN MATEO","SOUTH SAN FRANCISCO",-122.42624664306641,37.644187927246094
8779717,2018,2019-01-31,4100,2018-12-17,0748,25255,1F,1,5,2,4118,0,0,0,,0,003,"LA HONDA RD","FOX HILL RD",500.00,N,N,B,-,Y,SM,4,84,-,-,17.300,H,-,N,Y,3,0,1,1,A,-,03,22350,,N,E,I,A,B,H,-,A,A,0,,,,,Y,,A,01,0,1,0,0,0,0,0,0,0,"- ","- ",,,"SAN MATEO",WOODSIDE,-122.25721740722656,37.401218414306641
8779920,2018,2019-02-04,4116,2018-12-03,1039,28071,23,1,5,5,4116,0,0,0,,0,00A,"17TH AV","SOUTH EL CAMINO REAL",0.00,,Y,A,-,Y,SM,4,82,-,-,10.728,I,5,N,Y,3,0,1,2,A,-,09,21801,A,N,A,C,A,A,H,-,A,A,0,,,,,Y,,A,01,0,1,0,0,0,0,0,0,0,"- ","- ",37.552238464355469,-122.31407165527344,"SAN MATEO","SAN MATEO",-122.31410217285156,37.552200317382812
8779949,2018,2019-02-04,4116,2018-12-09,1323,28071,14,7,5,5,4116,0,0,0,,0,00A,"SOUTH EL CAMINO REAL","EAST BELLEVUE AV",0.00,,Y,B,-,Y,SM,4,82,-,-,12.579,I,5,S,N,3,0,1,2,A,-,09,21801,A,N,D,C,A,A,H,-,A,A,0,,,,,Y,,A,01,0,1,0,0,0,0,0,0,0,"- ","- ",37.571128845214844,-122.33757781982422,"SAN MATEO","SAN MATEO",-122.33762359619141,37.571170806884766
8780388,2018,2019-03-15,4104,2018-11-27,1326,65000,,2,5,4,4104,0,0,0,,0,099,"EL CAMINO REAL",HOWARD,100.00,S,N,B,-,Y,SM,4,82,-,-,5.600,H,-,N,N,4,0,2,2,A,-,21,22106,,N,C,C,A,A,H,-,A,A,0,,,,,Y,,A,01,0,0,2,0,0,0,0,0,0,"- ","- ",37.49871826171875,-122.25025939941406,"SAN MATEO",BURLINGAME,-122.24987030029297,37.498439788818359
8780709,2018,2019-01-25,4113,2018-11-29,1231,351,3,4,5,5,4113,0,0,0,,0,003,"CHESTNUT ST","MIDDLEFIELD RD",80.00,E,N,B,C,N,,,,,,,,,,N,4,0,3,2,A,-,03,22350,,N,C,C,A,B,G,-,A,D,0,,,,,Y,,A,08,0,0,3,0,0,0,0,0,0,"- ","- ",37.482189178466797,-122.22160339355469,"SAN MATEO","REDWOOD CITY",-122.22151184082031,37.482398986816406
8780986,2018,2019-01-31,4109,2018-12-13,1628,145932,,4,5,4,4109,0,0,0,,0,002,"MARSH RD","BAYFRONT EXPWY",0.00,,Y,A,-,N,,,,,,,,,,Y,4,0,1,2,A,-,03,22350,,N,C,C,A,A,H,-,A,A,0,,,,Y,Y,,F,26,0,0,1,0,0,0,0,0,0,"- ","- ",37.485069274902344,-122.17984771728516,"SAN MATEO","MENLO PARK",-122.17903137207031,37.486419677734375
8782256,2019,2019-02-02,4113,2019-01-02,1325,351,3,3,5,5,4113,0,0,0,,0,003,"LATHROP ST","BEECH ST",0.00,,Y,A,-,N,,,,,,,,,,Y,4,0,1,2,A,-,09,21802,A,N,D,C,A,A,H,-,A,A,0,,,,,Y,,A,01,0,0,1,0,0,0,0,0,0,"- ","- ",37.480491638183594,-122.22557830810547,"SAN MATEO","REDWOOD CITY",-122.22557067871094,37.48046875
8784922,2018,2019-03-19,4106,2018-12-22,1633,1255,,6,5,6,4106,0,0,0,,0,006,"HICKEY BL","RT 280",0.00,,Y,A,-,Y,SM,4,280,-,R,24.421,R,4,S,Y,4,0,1,2,A,-,12,21453,A,N,D,C,A,A,H,-,C,A,0,,,,,Y,,-,,0,0,1,0,0,0,0,0,0,"- ","- ",,,"SAN MATEO","DALY CITY",-122.46590423583984,37.666717529296875
8786063,2018,2019-01-31,4127,2018-10-16,1435,2247,4127,2,5,4,4127,0,0,0,,0,002,"BAY RD","TARA RD",1284.00,S,N,A,-,N,,,,,,,,,,Y,3,0,1,1,A,-,03,22350,,N,E,J,A,A,B,-,A,D,0,,,,,Y,,A,01,0,1,0,0,0,0,0,0,0,"- ","- ",,,"SAN MATEO","EAST PALO ALTO",-122.13445281982422,37.471927642822266
8786409,2018,2019-02-06,4113,2018-12-09,1748,466,6,7,5,5,4113,0,0,0,,0,006,"JEFFERSON AV","CLINTON ST",0.00,,Y,A,-,N,,,,,,,,,,Y,2,0,2,3,A,-,10,21950,A,N,G,B,C,A,H,-,C,A,0,Y,,,,Y,,A,01,2,0,0,0,2,0,0,0,0,"- ","- ",37.480751037597656,-122.23274230957031,"SAN MATEO","REDWOOD CITY",-122.23272705078125,37.480739593505859
8786468,2019,2019-02-12,4113,2019-01-22,1728,417,5,2,5,5,4113,0,0,0,,0,005,"EL CAMINO REAL","CENTER ST",0.00,,Y,A,-,N,,,82,,,,,,,N,3,0,1,2,A,-,03,22350,,N,C,C,A,A,H,-,C,D,0,,,,,Y,,D,22,0,1,0,0,0,0,0,0,0,"- ","- ",37.473651885986328,-122.21864318847656,"SAN MATEO","REDWOOD CITY",-122.21839904785156,37.473983764648438
8786534,2019,2019-02-07,4113,2019-01-23,1913,415,6,3,5,5,4113,0,0,0,,0,006,"JEFFERSON AV","NEVADA ST",0.00,,Y,A,-,N,,,,,,,,,,Y,3,0,1,3,A,-,08,22107,,N,B,E,A,A,H,-,C,D,0,,,,,Y,,A,01,0,1,0,0,0,0,0,0,0,"- ","- ",,,"SAN MATEO","REDWOOD CITY",-122.24028015136719,37.473289489746094
8786542,2019,2019-02-07,4113,2019-01-17,0853,380,7,4,5,5,4113,0,0,0,,0,007,"BIRCH ST",WHIPPLE,0.00,,Y,B,C,N,,,,,,,,,,Y,3,0,1,2,A,-,09,21801,B,N,D,C,A,B,H,-,A,A,0,,,,,Y,,A,01,0,1,0,0,0,0,0,0,0,"- ","- ",37.489051818847656,-122.24150848388672,"SAN MATEO","REDWOOD CITY",-122.24149322509766,37.489070892333984
8787267,2018,2019-02-26,4109,2018-11-15,0926,13938,,4,5,4,4109,0,0,0,,0,001,"RT 82","MENLO AV",270.00,N,N,A,-,Y,SM,4,82,-,-,0.740,H,-,S,N,4,0,1,2,A,-,03,22350,,N,C,C,A,A,H,-,A,D,0,,,,,Y,,A,01,0,0,1,0,0,0,0,0,0,"- ","- ",37.453151702880859,-122.18271636962891,"SAN MATEO","MENLO PARK",-122.18254852294922,37.453342437744141
8787275,2018,2019-02-26,4114,2018-11-26,1319,0040,SNB4,1,5,4,4114,0,0,0,,0,001,"EL CAMINO REAL","RT 380",0.00,,Y,A,-,Y,SM,4,82,-,-,19.045,I,5,S,Y,3,0,2,2,A,-,12,21453,A,N,D,C,A,A,H,-,A,A,0,,,,,Y,,A,01,0,2,0,0,0,0,0,0,0,"- ",WF,,,"SAN MATEO","SAN BRUNO",-122.41988372802734,37.634300231933594
8787315,2019,2019-02-26,4117,2019-01-10,1836,04JL03,10AF,4,5,5,4117,0,0,0,,0,002,"RT 82","NOOR AV",0.00,,Y,A,-,Y,SM,4,82,-,-,19.500,H,-,N,N,3,0,2,2,A,-,09,21801,A,N,D,C,A,A,H,-,C,D,0,,,,,Y,,A,07,0,1,1,0,0,0,0,0,0,"- ","- ",37.641719818115234,-122.42192077636719,"SAN MATEO","SOUTH SAN FRANCISCO",-122.42368316650391,37.640682220458984
8787323,2019,2019-02-26,4100,2019-01-04,1933,25242,SNC,5,5,4,4115,0,0,0,,0,051,"EL CAMINO REAL","HOWARD AV",127.00,N,N,B,-,Y,SM,4,82,-,-,5.660,H,-,S,N,3,0,1,2,A,-,03,22350,,N,C,C,A,A,H,-,C,A,0,,,,,Y,,D,72,0,1,0,0,0,0,0,0,0,"- ","- ",,,"SAN MATEO","SAN CARLOS",-122.2506103515625,37.499073028564453
8787394,2018,2019-02-20,4111,2018-11-25,2151,P5141,P02,7,5,4,4111,0,0,0,,0,0P1,"SKYLINE BL","KING DR",361.00,S,N,B,-,Y,SM,4,35,-,-,27.020,H,-,S,Y,3,0,2,2,A,-,05,21460,A,N,A,C,A,A,H,-,D,D,0,,,,,Y,,A,01,0,2,0,0,0,0,0,0,0,"- ","- ",37.649150848388672,-122.47191619873047,"SAN MATEO",PACIFICA,-122.47212219238281,37.648147583007812
8787398,2018,2019-02-20,4111,2018-12-16,2212,P5136,P12,7,5,4,4111,0,0,0,,0,0P2,"CABRILLO HWY","WESTPORT DR",633.00,S,N,C,-,Y,SM,4,1,-,R,42.960,H,-,N,N,4,0,1,2,A,-,03,22350,,N,C,E,A,B,H,-,C,D,0,,,,,Y,,A,01,0,0,1,0,0,0,0,0,0,"- ","- ",37.617660522460938,-122.48441314697266,"SAN MATEO",PACIFICA,-122.48515319824219,37.618885040283203
8788693,2018,2019-01-28,4109,2018-12-19,1440,145601,,3,5,4,4109,0,0,0,,0,001,"HOBART ST","SANTA CRUZ AV",4.00,N,N,A,-,N,,,,,,,,,,N,3,0,1,2,A,-,09,21804,A,N,H,G,A,A,H,-,A,A,0,,Y,,,Y,,A,07,0,1,0,0,0,0,1,0,0,"- ","- ",37.441001892089844,-122.19300079345703,"SAN MATEO","MENLO PARK",-122.19317626953125,37.441280364990234
8788743,2019,2019-05-29,4109,2019-01-06,1126,14494,,7,5,4,4109,0,0,0,,0,002,"OAK GROVE AV","MARCUSSEN DR",98.00,E,N,C,-,N,,,,,,,,,,N,1,1,0,2,A,-,11,21954,A,N,G,B,D,B,H,-,A,D,0,Y,,,,Y,,N,60,0,0,0,1,0,0,0,0,0,"- ","- ",37.459888458251953,-122.18002319335938,"SAN MATEO","MENLO PARK",-122.17984008789062,37.460124969482422
8789042,2019,2019-02-05,4127,2019-01-16,1610,2233,4127,3,5,4,4127,0,0,0,,0,001,"GLORIA WY","GRACE AV",0.00,,Y,C,-,N,,,,,,,,,,N,3,0,1,2,A,-,09,21802,A,F,H,G,A,B,H,-,B,D,0,,Y,,,Y,,D,22,0,1,0,0,0,0,1,0,0,"- ","- ",,,"SAN MATEO","EAST PALO ALTO",-122.14186859130859,37.472118377685547
8789585,2019,2019-02-06,4117,2019-01-17,1525,18KM06,17AX,4,5,5,4117,0,0,0,,0,003,"CAMARITAS AV","WESTBOROUGH BL",233.00,N,N,A,-,N,,,,,,,,,,N,3,0,1,2,A,-,03,22350,,N,A,C,A,A,H,-,A,A,0,,,,,Y,,A,01,0,1,0,0,0,0,0,0,0,"- ","- ",37.654529571533203,-122.43707275390625,"SAN MATEO","SOUTH SAN FRANCISCO",-122.43679809570312,37.654647827148438
8791662,2019,2019-02-06,4116,2019-01-21,1448,26724,25,1,5,5,4116,0,0,0,,0,00A,"BARNESON AV","ALAMEDA DE LAS PULGAS",0.00,,Y,A,-,N,,,,,,,,,,N,3,0,1,2,A,-,10,21950,,N,G,B,B,A,H,-,A,A,0,Y,,,,Y,,A,07,0,1,0,0,1,0,0,0,0,"- ","- ",37.549098968505859,-122.32414245605469,"SAN MATEO","SAN MATEO",-122.32482147216797,37.548770904541016
8791769,2019,2019-02-27,4116,2019-01-05,2328,28307,50,6,5,5,4116,0,0,0,,0,00D,"AIRPORT BL","RT 101",0.00,,Y,A,-,Y,SM,4,101,-,-,21.496,R,4,N,N,3,0,1,2,A,-,17,21461,A,N,B,C,A,A,H,-,C,A,0,,,,,Y,,A,01,0,1,0,0,0,0,0,0,0,"- ",NO,37.585369110107422,-122.32765197753906,"SAN MATEO","SAN MATEO",-122.40634155273438,37.647014617919922
8792226,2019,2019-02-14,4103,2019-01-29,1420,MA460,1,2,5,2,4103,0,0,0,,0,00U,"BAYSHORE BL","VAN WATERS AND ROGERS RD",50.00,N,-,A,-,N,,,,,,,,,,Y,4,0,1,2,A,-,03,22350,,N,C,C,A,A,H,-,A,A,0,,,,,Y,,-,,0,0,1,0,0,0,0,0,0,"- ","- ",37.679920196533203,-122.39475250244141,"SAN MATEO",BRISBANE,-122.39464569091797,37.681423187255859
8793774,2019,2019-02-26,4114,2019-01-12,1606,0048,SNB1,6,5,4,4114,0,0,0,,0,001,"SAN MATEO AV","SAN BRUNO AV",0.00,,Y,B,-,N,,,,,,,,,,N,4,0,1,2,A,-,12,21453,A,N,D,D,A,A,H,-,A,A,0,,,,,Y,,A,07,0,0,1,0,0,0,0,0,0,"- ","- ",,,"SAN MATEO","SAN BRUNO",-122.41139984130859,37.630809783935547
8794106,2019,2019-02-07,4114,2019-01-13,0100,35,SNB36,7,5,4,4114,0,0,0,,0,003,"HIGHLAND DR","PACIFIC BAY CIR",0.00,,Y,A,-,N,,,,,,,,,,Y,3,0,1,1,A,-,01,23152,A,N,E,I,A,A,H,-,C,D,0,,,,,Y,Y,A,01,0,1,0,0,0,0,0,0,0,"- ","- ",,,"SAN MATEO","SAN BRUNO",-122.46508026123047,37.637569427490234
8794590,2019,2019-04-23,4117,2019-02-05,0800,05RR05,21AK,2,5,5,4117,0,0,0,,0,003,"RT 82","ARROYO DR",0.00,,Y,B,-,Y,SM,4,82,-,-,20.801,I,5,S,N,4,0,1,2,A,-,03,22350,,F,C,C,A,B,H,-,A,A,0,,,,,Y,,D,22,0,0,1,0,0,0,0,0,0,"- ","- ",37.656879425048828,-122.43649291992188,"SAN MATEO","SOUTH SAN FRANCISCO",-122.43630981445312,37.656524658203125
8794795,2019,2019-03-27,4109,2019-01-29,1507,145812,17A,2,5,4,4109,0,0,0,,0,002,"MARSH RD","RT 101",16.00,N,N,A,-,Y,SM,4,101,-,-,3.712,R,4,S,N,3,0,2,2,A,-,03,22350,,N,C,C,A,A,H,-,A,A,0,,,,,Y,,A,01,0,2,0,0,0,0,0,0,0,"- ","- ",37.481349945068359,-122.18356323242188,"SAN MATEO","MENLO PARK",-122.18283081054688,37.483985900878906
8795160,2019,2019-02-25,4117,2019-01-29,0010,15NM20,06AC,2,5,5,4117,0,0,0,,0,004,"CHAPMAN AV","GREEN AV",0.00,,Y,A,-,N,,,,,,,,,,Y,3,0,1,7,A,-,01,23152,A,M,B,E,A,A,H,-,C,D,0,,,,,Y,Y,A,07,0,1,0,0,0,0,0,0,0,"- ","- ",37.664669036865234,-122.40383911132812,"SAN MATEO","SOUTH SAN FRANCISCO",-122.40357208251953,37.664199829101562
8795853,2019,2019-04-23,4109,2019-02-17,0755,145957,,7,5,4,4109,0,0,0,,0,004,"RT 84","CHILCO ST",0.00,,Y,A,-,Y,SM,4,84,-,R,26.727,I,5,S,Y,4,0,1,2,A,-,12,21453,A,N,D,C,A,B,H,-,A,A,0,,,,,Y,,A,01,0,0,1,0,0,0,0,0,0,"- ","- ",37.479850769042969,-122.16417694091797,"SAN MATEO","MENLO PARK",-122.16700744628906,37.483207702636719
8795875,2019,2019-04-25,4113,2019-02-02,1456,731,3,6,5,5,4113,0,0,0,,0,003,"CHESTNUT ST","EL CAMINO REAL",0.00,,Y,C,-,Y,SM,4,82,-,-,3.672,I,6,N,N,3,0,2,2,A,-,03,22350,,F,C,C,A,B,H,-,A,A,0,,,,,Y,,A,01,0,1,1,0,0,0,0,0,0,"- ","- ",37.478660583496094,-122.22495269775391,"SAN MATEO","REDWOOD CITY",-122.22502136230469,37.478771209716797
8797685,2018,2019-02-11,4120,2018-12-19,0730,201,12,3,5,4,4120,0,0,0,,0,00Y,"FOSTER CITY BL","CHESS DR",0.00,,Y,B,-,N,,,,,,,,,,N,3,0,1,2,A,-,12,21453,A,N,A,C,A,A,H,-,A,A,0,,,,,Y,,A,01,0,1,0,0,0,0,0,0,0,"- ","- ",37.567760467529297,-122.27677154541016,"SAN MATEO","FOSTER CITY",-122.27607727050781,37.568050384521484
8798136,2019,2019-02-08,4111,2019-01-17,0814,P5085,P07,4,5,4,4111,0,0,0,,0,0P2,"OCEANA BL","PALOMA AV",313.00,N,N,C,-,N,,,,,,,,,,Y,3,0,2,2,A,-,09,21801,A,N,D,C,A,B,H,-,A,A,0,,,,,Y,,A,07,0,2,0,0,0,0,0,0,0,"- ","- ",,,"SAN MATEO",PACIFICA,-122.48944854736328,37.637367248535156
8800096,2019,2019-02-13,4102,2019-01-17,2036,09550,7CD,4,5,4,4102,0,0,0,,0,003,"CARLMONT DR","HASTINGS DR",0.00,,N,A,-,N,,,,,,,,,,Y,3,0,1,2,A,-,01,23152,B,N,A,C,A,A,H,-,C,D,0,,,,,Y,Y,A,01,0,1,0,0,0,0,0,0,0,"- ","- ",37.5101318359375,-122.29376220703125,"SAN MATEO",BELMONT,-122.29579925537109,37.509441375732422
8800256,2019,2019-02-20,4116,2019-01-12,1218,28071,24,6,5,5,4116,0,0,0,,0,00A,"ALAMEDA DE LAS PULGAS","CRYSTAL SPRINGS RD",225.00,S,N,B,-,N,,,,,,,,,,N,3,0,1,1,A,-,03,22350,,N,E,J,A,A,G,-,A,D,0,,Y,,,Y,,L,04,0,1,0,0,0,0,1,0,0,"- ","- ",37.555549621582031,-122.33634948730469,"SAN MATEO","SAN MATEO",-122.33588409423828,37.555046081542969
8801058,2019,2019-02-22,4106,2019-02-01,2131,2152,,5,5,6,4106,0,0,0,,0,004,"SKYLINE DR","WESTRIDGE AV",0.00,,Y,C,-,N,,,,,,,,,,Y,4,0,1,2,A,-,01,23153,A,N,D,C,A,B,H,-,C,A,0,,,,,Y,Y,A,01,0,0,1,0,0,0,0,0,0,"- ","- ",,,"SAN MATEO","DALY CITY",-122.49324798583984,37.690139770507812