CASE_ID,ACCIDENT_YEAR,PROC_DATE,JURIS,COLLISION_DATE,COLLISION_TIME,OFFICER_ID,REPORTING_DISTRICT,DAY_OF_WEEK,CHP_SHIFT,POPULATION,CNTY_CITY_LOC,SPECIAL_COND,BEAT_TYPE,CHP_BEAT_TYPE,CITY_DIVISION_LAPD,CHP_BEAT_CLASS,BEAT_NUMBER,PRIMARY_RD,SECONDARY_RD,DISTANCE,DIRECTION,INTERSECTION,WEATHER_1,WEATHER_2,STATE_HWY_IND,CALTRANS_COUNTY,CALTRANS_DISTRICT,STATE_ROUTE,ROUTE_SUFFIX,POSTMILE_PREFIX,POSTMILE,LOCATION_TYPE,RAMP_INTERSECTION,SIDE_OF_HWY,TOW_AWAY,COLLISION_SEVERITY,NUMBER_KILLED,NUMBER_INJURED,PARTY_COUNT,PRIMARY_COLL_FACTOR,PCF_CODE_OF_VIOL,PCF_VIOL_CATEGORY,PCF_VIOLATION,PCF_VIOL_SUBSECTION,HIT_AND_RUN,TYPE_OF_COLLISION,MVIW,PED_ACTION,ROAD_SURFACE,ROAD_COND_1,ROAD_COND_2,LIGHTING,CONTROL_DEVICE,CHP_ROAD_TYPE,PEDESTRIAN_ACCIDENT,BICYCLE_ACCIDENT,MOTORCYCLE_ACCIDENT,TRUCK_ACCIDENT,NOT_PRIVATE_PROPERTY,ALCOHOL_INVOLVED,STWD_VEHTYPE_AT_FAULT,CHP_VEHTYPE_AT_FAULT,COUNT_SEVERE_INJ,COUNT_VISIBLE_INJ,COUNT_COMPLAINT_PAIN,COUNT_PED_KILLED,COUNT_PED_INJURED,COUNT_BICYCLIST_KILLED,COUNT_BICYCLIST_INJURED,COUNT_MC_KILLED,COUNT_MC_INJURED,PRIMARY_RAMP,SECONDARY_RAMP,LATITUDE,LONGITUDE,COUNTY,CITY,POINT_X,POINT_Y
8804750,2019,2019-03-07,4116,2019-01-25,1534,27872,30,5,5,5,4116,0,0,0,,0,00C,"19TH AV","S GRANT",42.00,E,N,A,-,N,,,,,,,,,,N,3,0,1,2,A,-,03,22350,,N,C,C,A,A,H,-,A,A,0,,,,,Y,,A,07,0,1,0,0,0,0,0,0,0,"- ","- ",37.551998138427734,-122.302001953125,"SAN MATEO","SAN MATEO",-122.30204010009766,37.552192687988281
8805958,2019,2019-02-22,4106,2019-01-09,1830,1150,13,3,5,6,4106,0,0,0,,0,006,"GELLERT BL",SERRAMONTE,125.00,S,N,A,-,N,,,,,,,,,,N,4,0,1,2,A,-,07,21658,A,N,B,C,A,A,H,-,-,D,0,,,,,Y,Y,A,01,0,0,1,0,0,0,0,0,0,"- ","- ",,,"SAN MATEO","DALY CITY",-122.46893310546875,37.668716430664062
8807293,2018,2019-04-09,4104,2018-10-26,1201,0251,1,5,5,4,4104,0,0,0,,0,00A,"ANITA RD","ANITA RD 209",0.00,,Y,A,-,N,,,,,,,,,,N,3,0,1,2,A,-,21,22106,,N,B,E,A,A,H,-,A,D,0,,Y,,,Y,,A,01,0,1,0,0,0,0,1,0,0,"- ","- ",37.580528259277344,-122.34188079833984,"SAN MATEO",BURLINGAME,-122.34165299999999,37.580728000000001
8807507,2018,2019-06-24,4106,2018-12-16,1657,2152,8,7,5,6,4106,0,0,0,,0,004,"JOHN DALY BL","RT 35",0.00,E,N,C,-,Y,SM,4,35,-,-,30.834,I,6,N,N,3,0,2,2,A,-,08,22107,,N,C,C,A,B,H,-,C,A,0,,,,,Y,,A,01,0,2,0,0,0,0,0,0,0,"- ","- ",,,"SAN MATEO","DALY CITY",-122.49501037597656,37.698951721191406
8807601,2019,2019-03-05,4113,2019-02-05,1101,309,11,2,5,5,4113,0,0,0,,0,023,"WARREN ST","BREWSTER AV",0.00,,Y,A,-,N,,,,,,,,,,Y,3,0,1,2,A,-,09,21802,A,N,D,C,A,A,H,-,A,D,0,,,,,Y,,A,01,0,1,0,0,0,0,0,0,0,"- ","- ",37.488800048828125,-122.23370361328125,"SAN MATEO","REDWOOD CITY",-122.23370361328125,37.4888916015625
8807609,2019,2019-03-05,4113,2019-02-15,0854,434,6,5,5,5,4113,0,0,0,,0,006,"HUDSON ST","OAK AV",0.00,,Y,C,-,N,,,,,,,,,,Y,3,0,2,2,A,-,12,22450,A,N,D,C,A,B,H,-,A,D,0,,,,,Y,,A,07,0,2,0,0,0,0,0,0,0,"- ","- ",37.472000122070312,-122.2301025390625,"SAN MATEO","REDWOOD CITY",-122.23017883300781,37.472309112548828
8807633,2019,2019-03-05,4109,2019-02-12,1921,14771,,2,5,4,4109,0,0,0,,0,002,"COLEMAN AV","SANTA MONICA AV",220.00,N,N,C,-,N,,,,,,,,,,N,3,0,1,5,A,-,08,22107,,N,B,E,A,A,H,-,C,D,0,,,,,Y,,A,01,0,1,0,0,0,0,0,0,0,"- ","- ",37.463001251220703,-122.16400146484375,"SAN MATEO","MENLO PARK",-122.16403198242188,37.462661743164062
8808153,2019,2019-05-13,4117,2019-04-11,1918,17MZ04,13AC,4,5,5,4117,0,0,0,,0,001,"BADEN AV","MAGNOLIA AV",201.00,E,N,A,-,N,,,,,,,,,,Y,1,1,0,2,A,-,11,21954,A,N,G,B,D,A,H,-,B,D,0,Y,,,,Y,,N,60,0,0,0,1,0,0,0,0,0,"- ","- ",37.655868530273438,-122.41934967041016,"SAN MATEO","SOUTH SAN FRANCISCO",-122.41919708251953,37.656112670898438
8808655,2019,2020-02-10,4116,2019-09-09,0015,28651,25,1,5,5,4116,0,0,0,,0,00A,"EL CAMINO REAL","BOVET RD",0.00,,Y,A,-,Y,SM,4,82,-,-,10.740,H,-,S,Y,3,0,1,3,A,-,03,22350,,N,B,C,A,A,H,-,C,A,0,,,,,Y,,A,07,0,1,0,0,0,0,0,0,0,"- ","- ",37.552169799804688,-122.31417083740234,"SAN MATEO","SAN MATEO",-122.31424713134766,37.552333831787109
8808946,2019,2019-03-13,4127,2019-02-19,1427,2243,4127,2,5,4,4127,0,0,0,,0,004,"SCOFIELD AV","CAPITOL AV",0.00,,Y,A,-,N,,,,,,,,,,N,3,0,1,2,A,-,11,21954,A,N,G,B,E,A,H,-,A,D,0,Y,,,,Y,,N,60,0,1,0,0,1,0,0,0,0,"- ","- ",,,"SAN MATEO","EAST PALO ALTO",-122.14063262939453,37.457698822021484
8809981,2019,2019-04-26,4117,2019-02-25,1446,08MB02,21AL,1,5,5,4117,0,0,0,,0,003,"RT 82","HICKEY BL",18.00,S,N,C,-,Y,SM,4,82,-,-,21.900,H,-,N,N,3,0,1,2,A,-,03,22350,,N,C,C,A,B,H,-,A,A,0,,,,,Y,,A,01,0,1,0,0,0,0,0,0,0,"- ","- ",37.667011260986328,-122.45217895507812,"SAN MATEO","SOUTH SAN FRANCISCO",-122.45117950439453,37.666316986083984
8809985,2019,2019-03-08,4117,2019-02-28,1521,18CM04,06AC,4,5,5,4117,0,0,0,,0,004,"BAYSHORE BL","OYSTER POINT BL",25.00,N,N,A,-,N,,,,,,,,,,N,3,0,1,2,A,-,21,22106,,F,C,C,A,A,H,-,A,A,0,,,,,Y,,A,01,0,1,0,0,0,0,0,0,0,"- ","- ",37.663021087646484,-122.40099334716797,"SAN MATEO","SOUTH SAN FRANCISCO",-122.39902496337891,37.663997650146484
8810545,2019,2019-03-08,4120,2019-02-12,1735,217,12,2,5,4,4120,0,0,0,,0,00Y,"3RD AV","LIGHTSTANDARD #3015A",42.00,E,N,B,-,N,,,,,,,,,,N,3,0,1,1,A,-,07,21658,A,N,E,I,A,A,H,-,B,A,0,,,,,Y,,A,01,0,1,0,0,0,0,0,0,0,"- ","- ",37.570709228515625,-122.28112030029297,"SAN MATEO","FOSTER CITY",,
8811051,2019,2019-03-14,4106,2019-01-21,0954,1232,,1,5,6,4106,0,0,0,,0,003,"MISSION ST","CITRUS AV",0.00,,Y,A,-,N,,,,,,,,,,Y,3,0,1,2,A,-,08,22108,,N,D,C,A,A,H,-,A,A,0,,,,,Y,,A,07,0,1,0,0,0,0,0,0,0,"- ","- ",,,"SAN MATEO","DALY CITY",-122.46441650390625,37.697658538818359
8811148,2019,2019-03-27,4106,2019-01-03,1542,2151,12,4,5,6,4106,0,0,0,,0,005,"SULLIVAN AV","SAN FERNANDO WY",0.00,,Y,A,-,N,,,,,,,,,,N,4,0,2,2,A,-,09,21802,A,N,D,D,A,A,H,-,A,A,0,,,,,Y,,D,22,0,0,2,0,0,0,0,0,0,"- ","- ",,,"SAN MATEO","DALY CITY",-122.47225189208984,37.683761596679688
8811365,2019,2019-03-18,4106,2019-01-08,1430,1180,,2,5,6,4106,0,0,0,,0,003,"JOHN DALY BL","JUNIPERO SERRA BL",91.00,E,N,A,-,N,,,,,,,,,,Y,3,0,2,2,A,-,03,22350,,N,C,C,A,B,H,-,A,D,0,,,,,Y,,A,01,0,1,1,0,0,0,0,0,0,"- ","- ",,,"SAN MATEO","DALY CITY",-122.47055816650391,37.704994201660156
8811481,2019,2019-03-19,4106,2019-02-28,1541,4139,,4,5,6,4106,0,0,0,,0,005,"EASTMOOR AV","SANTA PAULA",115.00,E,N,A,-,N,,,,,,,,,,Y,3,0,1,3,A,-,21,22106,,N,B,C,A,A,H,-,A,D,0,,,,,Y,,A,01,0,1,0,0,0,0,0,0,0,"- ","- ",,,"SAN MATEO","DALY CITY",-122.47451019287109,37.684619903564453
8811485,2019,2019-03-19,4106,2019-02-24,1717,2133,,7,5,6,4106,0,0,0,,0,003,"SANTA BARBARA AV","PARKVIEW AV",352.00,N,N,A,-,N,,,,,,,,,,N,2,0,1,4,A,-,03,22350,,M,B,C,A,A,H,-,A,D,0,,,,,Y,,A,01,1,0,0,0,0,0,0,0,0,"- ","- ",,,"SAN MATEO","DALY CITY",-122.46413421630859,37.702247619628906
8812042,2019,2019-03-01,4102,2019-02-09,1406,48800,99,6,5,4,4102,0,0,0,,0,002,"RALSTON AV","6TH AV",94.00,E,N,A,-,N,,,,,,,,,,N,3,0,1,2,A,-,03,22350,,N,C,C,A,A,H,-,A,A,0,,,,,Y,,A,01,0,1,0,0,0,0,0,0,0,"- ","- ",37.519229888916016,-122.27735137939453,"SAN MATEO",BELMONT,-122.27713012695312,37.519420623779297
8812394,2018,2019-03-01,4113,2018-02-04,2118,380,6,7,5,5,4113,0,0,0,,0,006,"LINCOLN AV","FULTON ST",0.00,,Y,B,C,N,,,,,,,,,,Y,3,0,1,2,A,-,12,22450,A,N,D,C,A,B,H,-,C,A,0,,,,,Y,,A,01,0,1,0,0,0,0,0,0,0,"- ","- ",37.476001739501953,-122.23136901855469,"SAN MATEO","REDWOOD CITY",-122.23136901855469,37.475990295410156
8815477,2019,2019-03-12,4127,2019-01-30,0640,2211,4127,3,5,4,4127,0,0,0,,0,001,"RUNNYMEDE ST","UNIVERSITY AV",0.00,,Y,A,-,N,,,,,,,,,,N,3,0,1,2,A,-,10,21950,A,N,G,B,B,A,H,-,C,A,0,Y,,,,Y,,A,01,0,1,0,0,1,0,0,0,0,"- ","- ",,,"SAN MATEO","EAST PALO ALTO",-122.1414794921875,37.468521118164062
8819204,2019,2019-04-26,4104,2019-02-18,1326,246,10,1,5,4,4104,0,0,0,,0,00B,"CARMELITA AV","EL CAMINO REAL",40.00,E,N,A,-,Y,SM,4,82,-,-,14.266,I,6,N,N,4,0,1,2,A,-,03,22350,,N,C,C,A,A,H,-,A,A,0,,,,,Y,,A,01,0,0,1,0,0,0,0,0,0,"- ","- ",37.582981109619141,-122.36406707763672,"SAN MATEO",BURLINGAME,-122.36402893066406,37.582939147949219
8819260,2019,2019-04-26,4117,2019-02-26,1840,01CG09,17BL,2,5,5,4117,0,0,0,,0,003,"WESTBOROUGH BL","JUNIPERO SERRA BL",275.00,W,N,C,-,Y,SM,4,280,-,R,22.624,R,4,N,N,4,0,1,2,A,-,07,21658,A,N,C,C,A,B,H,-,C,D,0,,,,,Y,,A,01,0,0,1,0,0,0,0,0,0,"- ","- ",37.6461181640625,-122.44857788085938,"SAN MATEO","SOUTH SAN FRANCISCO",-122.44915008544922,37.645298004150391
8820624,2019,2019-03-18,4117,2019-02-28,2104,18CM04,13AE,4,5,5,4117,0,0,0,,0,004,"GRAND AV","EUCALYPTUS AV",0.00,,Y,A,-,N,,,,,,,,,,N,2,0,1,2,A,-,10,21950,A,N,G,B,D,A,H,-,C,A,0,Y,,,,Y,,A,01,1,0,0,0,1,0,0,0,0,"- ","- ",37.658821105957031,-122.42661285400391,"SAN MATEO","SOUTH SAN FRANCISCO",-122.42658996582031,37.658809661865234
8822481,2019,2019-05-07,4100,2019-02-16,1436,25094,HMB,6,5,3,4107,0,0,0,,0,075,"S CABRILLO HWY","FAIRWAY DR",0.00,,Y,B,-,Y,SM,4,1,-,-,26.667,I,5,S,N,4,0,1,2,A,-,04,21703,,N,C,C,A,B,H,-,A,A,0,,,,,Y,,A,01,0,0,1,0,0,0,0,0,0,"- ","- ",,,"SAN MATEO","HALF MOON BAY",-122.42706298828125,37.434780120849609
8823150,2019,2019-03-22,4111,2019-03-11,0618,P5146,P16,1,5,4,4111,0,0,0,,0,0P3,"LINDA MAR BL","RT 1",310.00,E,N,A,-,N,,,,,,,,,,N,3,0,1,2,A,-,10,21950,A,N,G,B,B,A,H,-,C,A,0,Y,,,,Y,,A,01,0,1,0,0,1,0,0,0,0,"- ","- ",37.596031188964844,-122.50382995605469,"SAN MATEO",PACIFICA,-122.50308990478516,37.595333099365234
8823264,2019,2019-03-22,4113,2019-02-22,1452,416,4,5,5,5,4113,0,0,0,,0,004,"CHARTER ST","STAMBAUGH ST",104.00,W,N,A,-,N,,,,,,,,,,Y,3,0,1,2,A,-,09,21804,A,F,D,C,A,A,H,-,A,D,0,,,,,Y,,A,01,0,1,0,0,0,0,0,0,0,"- ","- ",37.479610443115234,-122.2159423828125,"SAN MATEO","REDWOOD CITY",-122.21547698974609,37.480266571044922
8823268,2019,2019-03-22,4113,2019-02-15,2011,449,3,5,5,5,4113,0,0,0,,0,003,"MAPLE ST","FRANKLIN ST",0.00,,Y,B,-,N,,,,,,,,,,N,3,0,1,2,A,-,10,21950,A,N,H,B,A,B,-,-,C,A,0,,,,,Y,,A,01,0,1,0,0,0,0,0,0,0,"- ","- ",37.481731414794922,-122.22647094726562,"SAN MATEO","REDWOOD CITY",-122.22644805908203,37.481731414794922
8826015,2019,2019-05-07,4111,2019-02-15,1710,P5136,P12,5,5,4,4111,0,0,0,,0,0P2,"RT 1","MORI POINT RD",352.00,S,N,C,-,Y,SM,4,1,-,R,42.850,H,-,S,N,3,0,2,3,A,-,04,21703,,N,C,C,A,B,H,-,A,D,0,,,,,Y,,A,07,0,2,0,0,0,0,0,0,0,"- ","- ",,,"SAN MATEO",PACIFICA,-122.48538970947266,37.617282867431641
8826027,2019,2019-05-07,4114,2019-03-02,0111,825,SNB5,6,5,4,4114,0,0,0,,0,001,"EL CAMINO REAL","RT 380",100.00,S,N,C,-,Y,SM,4,82,-,-,19.020,H,-,S,N,3,0,1,2,A,-,12,21453,A,N,B,C,A,B,H,-,C,A,0,,,,,Y,,-,"- ",0,1,0,0,0,0,0,0,0,"- ",WF,,,"SAN MATEO","SAN BRUNO",-122.41966247558594,37.6339111328125
8826033,2019,2019-05-07,4113,2019-02-23,1030,351,6,6,5,5,4113,0,0,0,,0,006,"EL CAMINO REAL","JEFFERSON AV",0.00,,Y,A,-,Y,SM,4,82,-,-,4.070,H,-,N,N,4,0,1,2,A,-,04,21703,,N,C,C,A,A,H,-,A,A,0,,,,Y,Y,,F,24,0,0,1,0,0,0,0,0,0,"- ","- ",37.482730865478516,-122.23061370849609,"SAN MATEO","REDWOOD CITY",-122.23038482666016,37.482627868652344
8826172,2019,2019-04-08,4100,2019-03-11,1437,19970,MLB,1,5,3,4110,0,0,0,,0,061,"EL CAMINO REAL","MILLBRAE AV",16.00,N,N,A,-,N,,,,,,,,,,N,4,0,1,2,A,-,03,22350,,N,C,C,A,A,H,-,A,A,0,,,,,Y,,A,01,0,0,1,0,0,0,0,0,0,"- ","- ",,,"SAN MATEO",MILLBRAE,-122.38761901855469,37.598526000976562
8826244,2019,2019-05-07,4102,2019-03-19,2139,00650,2C,2,5,4,4102,0,0,0,,0,002,"EL CAMINO REAL","RALSTON AV",17.00,S,N,A,-,Y,SCL,4,82,-,-,7.680,H,-,N,Y,4,0,1,2,A,-,04,21703,,N,C,C,A,A,H,-,C,A,0,,,,,Y,,A,01,0,0,1,0,0,0,0,0,0,"- ","- ",37.520420074462891,-122.27603149414062,"SAN MATEO",BELMONT,-122.27582550048828,37.520313262939453
8826348,2019,2019-05-07,4101,2019-03-07,1726,18DR01,,4,5,2,4101,0,0,0,,0,001,"RT 82","WALNUT AV",12.00,S,N,B,-,Y,SM,4,82,-,-,1.642,I,5,N,N,4,0,1,2,A,-,03,22350,,F,C,C,A,A,H,-,B,D,0,,,,,Y,,A,07,0,0,1,0,0,0,0,0,0,"- ","- ",37.46038818359375,-122.19656372070312,"SAN MATEO",ATHERTON,-122.1964111328125,37.460262298583984
8826399,2019,2019-05-07,4116,2019-03-11,1149,28484,34,1,5,5,4116,0,0,0,,0,00C,"SOUTH EL CAMINO REAL","20TH AV",90.00,S,N,A,-,Y,SM,4,82,-,-,10.350,H,-,N,N,3,0,1,2,A,-,10,21952,,N,G,B,E,A,H,-,A,D,0,Y,,,,Y,,A,01,0,1,0,0,1,0,0,0,0,"- ","- ",37.548210144042969,-122.30930328369141,"SAN MATEO","SAN MATEO",-122.30955505371094,37.548023223876953
8826504,2019,2019-05-14,4100,2019-03-01,0903,18060,1K,5,5,2,4118,0,0,0,,0,030,"NORTHGATE DR","WOODSIDE RD",0.00,,Y,A,-,Y,SM,4,84,-,-,22.213,I,5,N,Y,3,0,2,2,A,-,17,21209,,N,D,C,A,A,H,-,A,D,0,,,,,Y,,A,01,0,1,1,0,0,0,0,0,0,"- ","- ",,,"SAN MATEO",WOODSIDE,-122.23570251464844,37.442649841308594
8827106,2019,2019-03-29,4116,2019-03-08,1433,28071,39,5,5,5,4116,0,0,0,,0,00C,"31ST AV","FERNWOOD ST",236.00,E,N,B,-,N,,,,,,,,,,N,3,0,1,2,A,-,03,22350,,N,C,G,A,A,H,-,A,D,0,,Y,,,Y,,L,04,0,1,0,0,0,0,1,0,0,"- ","- ",37.532299041748047,-122.32377624511719,"SAN MATEO","SAN MATEO",-122.31269836425781,37.533374786376953
8827862,2019,2019-05-14,4116,2019-03-23,1823,28075,23,6,5,5,4116,0,0,0,,0,00A,"SOUTH EL CAMINO REAL","17TH AV",0.00,,Y,A,-,Y,SM,4,82,-,-,10.728,I,5,S,N,3,0,1,2,A,-,09,21801,,N,A,C,A,A,H,-,A,A,0,,,,,Y,,-,,0,1,0,0,0,0,0,0,0,"- ","- ",37.552238464355469,-122.31407165527344,"SAN MATEO","SAN MATEO",-122.31410217285156,37.552200317382812
8827953,2019,2019-04-04,4127,2019-02-21,2343,2158,4127,4,5,4,4127,0,0,0,,0,002,"UNIVERSITY AV","KAVANAUGH ST",2.00,W,N,A,-,N,,,,,,,,,,Y,3,0,1,2,A,-,03,22350,,N,C,C,A,A,H,-,C,A,0,,,,,Y,,A,01,0,1,0,0,0,0,0,0,0,"- ","- ",,,"SAN MATEO","EAST PALO ALTO",-122.13966369628906,37.475498199462891
8828580,2019,2019-05-06,4116,2019-04-01,2318,28409,12,1,5,5,4116,0,0,0,,0,00A,"N DELAWARE ST","MONTE DIABLO AV",241.00,N,N,A,-,N,,,,,,,,,,Y,3,0,2,3,A,-,01,23153,F,N,B,E,A,A,H,-,C,D,0,,,,Y,Y,,A,01,0,2,0,0,0,0,0,0,0,"- ","- ",37.572429656982422,-122.32588958740234,"SAN MATEO","SAN MATEO",-122.32628631591797,37.572811126708984
8828866,2019,2019-04-23,4109,2019-02-17,0459,145882,,7,5,4,4109,0,0,0,,0,001,"ENCINAL AV","EL CAMINO REAL",58.00,E,N,B,-,N,,,,,,,,,,N,3,0,2,2,A,-,03,22350,,F,C,C,A,B,H,-,C,A,0,,,,,Y,,D,72,0,1,1,0,0,0,0,0,0,"- ","- ",37.467041015625,-122.20784759521484,"SAN MATEO","MENLO PARK",-122.19068145751953,37.45751953125
8829215,2019,2019-04-15,4109,2019-02-27,1659,145990,25A,3,5,4,4109,0,0,0,,0,001,"GLENWOOD AV","EL CAMINO REAL",24.00,E,N,C,-,N,,,,,,,,,,Y,3,0,1,2,A,-,03,22350,A,N,C,C,A,B,H,-,A,A,0,,,,,Y,,A,01,0,1,0,0,0,0,0,0,0,"- ","- ",37.455818176269531,-122.18762969970703,"SAN MATEO","MENLO PARK",-122.18745422363281,37.455924987792969
8832317,2019,2019-04-12,4113,2019-03-21,2114,437,5,4,5,5,4113,0,0,0,,0,005,"EL CAMINO REAL","NORTHUMBERLAND ST",20.00,N,N,A,-,N,,,,,,,,,,Y,3,0,1,3,A,-,01,23153,A,N,C,C,A,A,H,-,C,D,0,,,,,Y,Y,D,22,0,1,0,0,0,0,0,0,0,"- ","- ",37.471000671386719,-122.21600341796875,"SAN MATEO","REDWOOD CITY",-122.21696472167969,37.472877502441406
8833183,2019,2019-04-12,4104,2019-03-27,0813,0231,8,3,5,4,4104,0,0,0,,0,00A,"CALIFORNIA DR","SANCHEZ AV",189.00,S,N,B,-,N,,,,,,,,,,N,3,0,1,2,A,-,04,21703,,N,C,C,A,B,H,-,A,D,0,,,,,Y,,A,07,0,1,0,0,0,0,0,0,0,"- ","- ",37.58538818359375,-122.35909271240234,"SAN MATEO",BURLINGAME,-122.35897064208984,37.585662841796875
8833598,2019,2019-04-16,4113,2019-03-06,1816,309,3,3,5,5,4113,0,0,0,,0,003,"CHESTNUT ST",BROADWAY,68.00,W,N,C,-,N,,,,,,,,,,N,3,0,1,2,A,-,09,21804,A,N,D,C,A,B,H,-,C,D,0,,,,,Y,,A,01,0,1,0,0,0,0,0,0,0,"- ","- ",37.486991882324219,-122.21833038330078,"SAN MATEO","REDWOOD CITY",-122.21842956542969,37.48687744140625
8834471,2019,2019-04-15,4111,2019-03-02,2030,P5147,P08,6,5,4,4111,0,0,0,,0,0P2,"OCEANA BL","CLARENDON RD",0.00,,Y,C,-,N,,,,,,,,,,Y,3,0,2,2,A,-,12,22450,A,N,A,C,A,A,H,-,C,D,0,,,,,Y,,A,01,0,2,0,0,0,0,0,0,0,"- ","- ",,,"SAN MATEO",PACIFICA,-122.48905181884766,37.629878997802734
8834475,2019,2019-04-15,4111,2019-03-17,1457,P5154,P09,7,5,4,4111,0,0,0,,0,0P2,"SKYLINE BL","SHARP PARK RD",68.00,N,N,A,-,N,,,,,,,,,,Y,3,0,4,2,A,-,01,23152,A,N,C,C,A,A,H,-,A,A,0,,,,,Y,Y,A,01,0,4,0,0,0,0,0,0,0,"- ","- ",,,"SAN MATEO",PACIFICA,-122.46426391601562,37.639068603515625
8834634,2019,2019-04-12,4111,2019-03-17,1700,P5141,P08,7,5,4,4111,0,0,0,,0,0P2,"MOANA WY","KOHALA AV",611.00,E,N,A,-,N,,,,,,,,,,N,4,0,1,2,A,-,08,22107,,M,B,E,A,A,H,-,A,D,0,,,,,Y,,-,,0,0,1,0,0,0,0,0,0,"- ","- ",,,"SAN MATEO",PACIFICA,-122.48387145996094,37.631565093994141
8835539,2019,2019-04-24,4117,2019-03-19,1637,14MN05,10AF,2,5,5,4117,0,0,0,,0,002,"SOUTH SPRUCE AV","RT 82",500.00,E,N,A,-,N,,,,,,,,,,Y,3,0,3,5,A,-,01,23152,,N,C,C,A,A,H,-,A,A,0,,,,,Y,Y,A,01,0,3,0,0,0,0,0,0,0,"- ","- ",37.643039703369141,-122.42514801025391,"SAN MATEO","SOUTH SAN FRANCISCO",-122.42383575439453,37.643623352050781
8835543,2019,2019-04-10,4117,2019-03-18,1603,01CG09,28AH,1,5,5,4117,0,0,0,,0,003,"HICKEY BL","CAMARITAS AV",0.00,,Y,A,-,N,,,,,,,,,,N,4,0,1,3,A,-,21,22106,,N,H,C,A,A,H,-,A,A,0,,,,,Y,,A,01,0,0,1,0,0,0,0,0,0,"- ","- ",37.665988922119141,-122.45348358154297,"SAN MATEO","SOUTH SAN FRANCISCO",-122.45346069335938,37.666038513183594
8835563,2019,2019-04-10,4120,2019-03-07,1859,224,3,4,5,4,4120,0,0,0,,0,00X,"BEACH PARK BL","CITY LIGHT POLE #5074",115.00,N,N,A,-,N,,,,,,,,,,Y,3,0,1,2,A,-,08,22107,,N,C,C,A,A,H,-,C,D,0,,,,,Y,,A,01,0,1,0,0,0,0,0,0,0,"- ","- ",37.556121826171875,-122.24848937988281,"SAN MATEO","FOSTER CITY",,
8836871,2019,2019-04-18,4117,2019-03-24,1120,18VM09,08AJ,7,5,5,4117,0,0,0,,0,004,"MILLER AV","LINDEN AV",238.00,W,N,A,-,N,,,,,,,,,,N,3,0,1,2,A,-,21,22106,,N,D,C,A,A,H,-,A,D,0,,,,,Y,,A,01,0,1,0,0,0,0,0,0,0,"- ","- ",37.656440734863281,-122.41020965576172,"SAN MATEO","SOUTH SAN FRANCISCO",-122.41058349609375,37.656330108642578
8837158,2019,2019-05-17,4111,2019-02-22,2217,P5137,P13,5,5,4,4111,0,0,0,,0,0P2,"SHARP PARK RD","GYPSY HILL RD",236.00,W,N,A,-,N,,,,,,,,,,Y,3,0,1,1,A,-,03,22350,,N,E,J,A,A,H,-,C,A,0,,,Y,,Y,,C,02,0,1,0,0,0,0,0,0,1,"- ","- ",37.62847900390625,-122.47805023193359,"SAN MATEO",PACIFICA,-122.47818756103516,37.629100799560547
8837212,2019,2019-05-29,4113,2019-04-27,1006,434,8,6,5,5,4113,0,0,0,,0,008,"GOODWIN AV","GOODWIN AV 2716",0.00,,N,A,-,N,,,,,,,,,,Y,3,0,1,2,A,-,08,22107,,N,F,E,A,A,H,-,A,D,0,,,,,Y,,A,07,0,1,0,0,0,0,0,0,0,"- ","- ",37.458141326904297,-122.2412109375,"SAN MATEO","REDWOOD CITY",-122.241241,37.458382
8837220,2019,2019-05-29,4113,2019-03-29,2018,452,11,5,5,5,4113,0,0,0,,0,023,"HAMILTON ST","MARSHALL ST",0.00,,N,A,-,N,,,,,,,,,,N,3,0,1,2,A,-,14,21201,D,N,H,G,A,A,H,-,C,D,0,,Y,,,Y,,L,04,0,1,0,0,0,0,1,0,0,"- ","- ",37.487499237060547,-122.23018646240234,"SAN MATEO","REDWOOD CITY",-122.23018646240234,37.487468719482422
8838369,2019,2019-05-14,4111,2019-02-09,2218,19-447,P12,6,5,4,4111,0,0,0,,0,0P2,"CABRILLO HWY","REINA DEL MAR",1013.00,S,N,C,-,Y,SM,4,1,-,R,42.390,H,-,N,Y,4,0,2,2,A,-,08,22107,,N,B,C,A,B,H,-,C,D,0,,,,,Y,,A,01,0,0,2,0,0,0,0,0,0,"- ","- ",37.612400054931641,-122.48892211914062,"SAN MATEO",PACIFICA,-122.48981475830078,37.612026214599609
8839685,2019,2019-08-21,4100,2019-03-27,2348,17990,MLB,3,5,3,4110,0,0,0,,0,062,"EL CAMINO REAL","SILVA AV",0.00,,Y,A,-,Y,SM,4,82,-,-,16.489,I,5,S,Y,4,0,2,2,A,-,12,21453,A,N,A,C,A,A,H,-,C,A,0,,,,,Y,,D,82,0,0,2,0,0,0,0,0,0,"- ","- ",,,"SAN MATEO",MILLBRAE,-122.39437866210938,37.604133605957031
8840310,2019,2019-04-29,4116,2019-03-21,0806,27914,34,4,5,5,4116,0,0,0,,0,00C,"22ND AV","STRATFORD WY",0.00,,Y,A,-,N,,,,,,,,,,N,4,0,1,2,A,-,10,21950,A,N,G,B,B,A,H,-,A,A,0,Y,,,,Y,,A,01,0,0,1,0,1,0,0,0,0,"- ","- ",37.544380187988281,-122.31522369384766,"SAN MATEO","SAN MATEO",-122.31522369384766,37.544368743896484
8840312,2019,2019-05-10,4116,2019-03-13,1241,27914,37,3,5,5,4116,0,0,0,,0,00C,"ALAMEDA DE LAS PULGAS","39TH AV",120.00,N,N,A,-,N,,,,,,,,,,N,2,0,1,1,C,-,18,,,N,H,D,A,A,G,-,A,D,0,,,Y,,Y,,-,"- ",1,0,0,0,0,0,0,0,1,"- ","- ",,,"SAN MATEO","SAN MATEO",-122.30592346191406,37.528175354003906