CASE_ID,ACCIDENT_YEAR,PROC_DATE,JURIS,COLLISION_DATE,COLLISION_TIME,OFFICER_ID,REPORTING_DISTRICT,DAY_OF_WEEK,CHP_SHIFT,POPULATION,CNTY_CITY_LOC,SPECIAL_COND,BEAT_TYPE,CHP_BEAT_TYPE,CITY_DIVISION_LAPD,CHP_BEAT_CLASS,BEAT_NUMBER,PRIMARY_RD,SECONDARY_RD,DISTANCE,DIRECTION,INTERSECTION,WEATHER_1,WEATHER_2,STATE_HWY_IND,CALTRANS_COUNTY,CALTRANS_DISTRICT,STATE_ROUTE,ROUTE_SUFFIX,POSTMILE_PREFIX,POSTMILE,LOCATION_TYPE,RAMP_INTERSECTION,SIDE_OF_HWY,TOW_AWAY,COLLISION_SEVERITY,NUMBER_KILLED,NUMBER_INJURED,PARTY_COUNT,PRIMARY_COLL_FACTOR,PCF_CODE_OF_VIOL,PCF_VIOL_CATEGORY,PCF_VIOLATION,PCF_VIOL_SUBSECTION,HIT_AND_RUN,TYPE_OF_COLLISION,MVIW,PED_ACTION,ROAD_SURFACE,ROAD_COND_1,ROAD_COND_2,LIGHTING,CONTROL_DEVICE,CHP_ROAD_TYPE,PEDESTRIAN_ACCIDENT,BICYCLE_ACCIDENT,MOTORCYCLE_ACCIDENT,TRUCK_ACCIDENT,NOT_PRIVATE_PROPERTY,ALCOHOL_INVOLVED,STWD_VEHTYPE_AT_FAULT,CHP_VEHTYPE_AT_FAULT,COUNT_SEVERE_INJ,COUNT_VISIBLE_INJ,COUNT_COMPLAINT_PAIN,COUNT_PED_KILLED,COUNT_PED_INJURED,COUNT_BICYCLIST_KILLED,COUNT_BICYCLIST_INJURED,COUNT_MC_KILLED,COUNT_MC_INJURED,PRIMARY_RAMP,SECONDARY_RAMP,LATITUDE,LONGITUDE,COUNTY,CITY,POINT_X,POINT_Y
90099302,2016,2016-01-20,9335,2016-01-13,1805,017150,,3,2,5,4117,0,1,2,,2,012,"US-101 N/B","GRAND AVE",300.00,N,N,B,-,Y,,,,,,,,,,N,4,0,1,2,A,-,03,22350,,N,C,C,A,A,H,-,C,D,0,,,,,Y,,A,08,0,0,1,0,0,0,0,0,0,"- ","- ",37.660159999999998,-122.40197999999999,"SAN MATEO","SOUTH SAN FRANCISCO",-122.40683,37.654670000000003
9009974,2019,2020-01-02,4127,2019-11-12,1945,2257,,2,5,4,4127,0,0,0,,0,002,"BUCHANAN CT","CLARKE AV",23.00,N,N,A,-,N,,,,,,,,,,Y,3,0,1,2,A,-,09,21804,A,N,D,C,A,A,H,-,C,D,0,,,,,Y,,A,01,0,1,0,0,0,0,0,0,0,"- ","- ",,,"SAN MATEO","EAST PALO ALTO",-122.13478851318359,37.469291687011719
90100068,2016,2016-01-21,9330,2016-01-15,1030,021019,,5,1,9,4100,0,1,3,,1,010,SR-1,"8TH ST",15.00,S,N,B,-,Y,,,1,,,,,,,Y,3,0,4,2,A,-,09,21802,A,N,C,C,A,A,H,-,A,D,0,,,,,Y,,A,01,0,1,3,0,0,0,0,0,0,"- ","- ",37.541580000000003,-122.51622999999999,"SAN MATEO",UNINCORPORATED,-122.51631381999999,37.541602410000003
9010035,2019,2020-01-10,4103,2019-11-20,1727,MA460,1,3,5,2,4103,0,0,0,,0,00U,"GUADALUPE CANYON PKWY","MISSION BLUE",229.00,N,N,A,-,N,,,,,,,,,,Y,3,0,1,1,A,-,08,22107,,N,E,I,A,A,H,-,B,A,0,,,,,Y,,A,01,0,1,0,0,0,0,0,0,0,"- ","- ",37.695278167724609,-122.40831756591797,"SAN MATEO",BRISBANE,-122.40859985351562,37.695911407470703
90103473,2016,2016-03-15,9335,2016-01-19,1050,017728,,2,1,5,4117,0,3,5,,2,001,"US-101 S/B","PRODUCE AVE",300.00,S,N,B,C,Y,,,101,,,,,,S,Y,4,0,2,3,A,-,07,21658,A,N,B,C,A,B,H,-,A,D,0,,,,,Y,,A,01,0,0,2,0,0,0,0,0,0,"- ","- ",37.640810000000002,-122.40618000000001,"SAN MATEO","SOUTH SAN FRANCISCO",-122.40599362,37.640858620000003
90103719,2016,2016-01-27,9330,2016-01-11,1550,015268,,1,2,9,4100,0,1,3,,1,020,SR-1,"GAZOS CREEK RD",528.00,S,N,B,-,Y,,,1,,,,,,,Y,4,0,1,1,A,-,08,22107,,N,F,A,A,A,H,-,A,D,0,,,,,Y,,A,01,0,0,1,0,0,0,0,0,0,"- ","- ",37.165219999999998,-122.36022,"SAN MATEO",UNINCORPORATED,-122.36049264,37.16510718
90103996,2016,2016-01-27,9330,2016-01-21,1230,019356,,4,1,5,4116,0,1,3,,2,031,"STATE ROUTE 92 E/B (SR-92)","ALAMEDA DE LAS PULGAS",1584.00,E,N,A,-,Y,,,92,,,,,,E,Y,4,0,1,2,A,-,03,22350,,N,C,C,A,A,H,-,A,D,0,,,,,Y,,A,01,0,0,1,0,0,0,0,0,0,"- ","- ",37.54824,-122.31732,"SAN MATEO","SAN MATEO",-122.31736374,37.54835988
90105163,2016,2016-01-29,9330,2016-01-22,1550,020465,,5,2,4,4109,0,1,2,,2,058,"US-101 S/B","MARSH ROAD",400.00,N,N,C,-,Y,,,101,,,,,,S,N,4,0,1,2,A,-,03,22350,,N,C,C,A,B,H,-,A,D,0,,,,,Y,,A,01,0,0,1,0,0,0,0,0,0,"- ","- ",37.48471,-122.18519000000001,"SAN MATEO","MENLO PARK",-122.18520676,37.484639399999999
90107071,2016,2016-02-02,9330,2016-01-13,1740,020191,,3,2,4,4120,0,1,3,,1,035,"SR-92 E/B","PIER 1",2640.00,E,N,B,-,Y,,,92,,,,,,E,Y,3,0,1,2,A,-,03,22350,,N,C,C,A,A,H,-,A,D,0,,,,,Y,,A,01,0,1,0,0,0,0,0,0,0,"- ","- ",37.574669999999998,-122.26123,"SAN MATEO","FOSTER CITY",-122.26122236,37.574661720000002
90107911,2016,2016-02-03,9335,2016-01-21,1515,020084,,4,2,9,4100,0,1,2,,2,011,"US-101 S/B FROM SFO","US-101 S/B",50.00,N,N,A,-,Y,,,101,,,,R,,S,Y,3,0,2,2,A,-,03,22350,,N,C,C,A,A,H,-,A,A,0,,,,,Y,,A,01,0,1,1,0,0,0,0,0,0,"- ","- ",37.612929999999999,-122.39652,"SAN MATEO",UNINCORPORATED,-122.39652,37.612929999999999
90108986,2016,2016-02-04,9330,2016-01-20,1455,018415,,3,2,9,4100,0,1,3,,2,042,"SR-35 SOUTHBOUND","HARKINS RD.",150.00,N,N,B,-,Y,,,35,,,,,,S,Y,3,0,1,2,A,-,03,22350,,N,C,C,A,B,H,-,A,D,0,,,Y,,Y,,C,02,0,1,0,0,0,0,0,0,1,"- ","- ",37.447780000000002,-122.33472999999999,"SAN MATEO",UNINCORPORATED,-122.33472002000001,37.447803589999999
90109126,2016,2016-02-04,9335,2016-01-23,1720,020132,,6,2,5,4117,0,1,1,,2,020,"I-280 S/B","AVALON DRIVE UNDER-CROSSING",150.00,S,N,B,-,Y,,,280,,,,,,S,Y,3,0,3,3,A,-,04,21703,,N,C,C,A,A,H,-,C,D,0,,,,,Y,,A,01,0,1,2,0,0,0,0,0,0,"- ","- ",37.639020000000002,-122.44168000000001,"SAN MATEO","SOUTH SAN FRANCISCO",-122.44165018,37.63904711
90110711,2016,2016-02-08,9330,2016-01-21,1100,019198,,4,1,9,4100,0,1,3,,1,010,SR-1,"MAGELLAN AVENUE",0.00,,Y,B,-,Y,,,1,,,,,,,N,3,0,1,2,A,-,05,21650,,N,D,G,A,A,H,-,A,A,0,,Y,,,Y,,A,01,0,1,0,0,0,0,1,0,0,"- ","- ",37.497199999999999,-122.46102999999999,"SAN MATEO",UNINCORPORATED,-122.46099460000001,37.497291509999997
90111870,2016,2016-02-09,9330,2016-01-28,0830,021019,,4,1,9,4100,0,1,2,,2,058,"US-101 N/B","MARSH RD",2640.00,S,N,B,-,Y,,,,,,,,,,Y,4,0,1,2,A,-,03,22350,,N,C,C,A,A,H,-,A,D,0,,,,,Y,,A,01,0,0,1,0,0,0,0,0,0,"- ","- ",37.480759999999997,-122.17440000000001,"SAN MATEO",UNINCORPORATED,-122.17304566,37.47942656
90112129,2016,2016-02-09,9330,2016-01-29,1745,020651,,5,2,3,4110,0,1,2,,2,038,"US-101 SOUTHBOUND ON MILLBRAE OFF-RAMP","MILLBRAE AVE",200.00,N,N,C,-,Y,,,101,,,,R,,S,Y,4,0,2,2,A,-,03,22350,,N,C,C,A,B,H,-,C,D,0,,,,,Y,,A,01,0,0,2,0,0,0,0,0,0,"- ","- ",37.603630000000003,-122.38258,"SAN MATEO",MILLBRAE,-122.38258,37.603630000000003
90112307,2016,2016-02-10,9335,2016-02-01,1558,016533,,1,2,6,4106,0,1,1,,2,021,"I-280 N/B, 19TH AVENUE OFF RAMP","JOHN DALY BLVD. O/C",1200.00,S,N,A,-,Y,,,,,,,,,,N,4,0,2,4,A,-,03,22350,,N,C,C,A,A,H,-,A,D,0,,,,,Y,,A,01,0,0,2,0,0,0,0,0,0,"- ","- ",,,"SAN MATEO","DALY CITY",,
90112310,2016,2016-02-10,9335,2016-02-02,0910,016118,,2,1,9,4100,0,1,2,,2,011,"U.S. 101 S/B","MILLBRAE AVENUE OFF-RAMP",1025.00,N,N,B,-,Y,,,,,,,,,,Y,4,0,1,2,A,-,03,22350,,N,C,C,A,A,H,-,A,D,0,,,,Y,Y,,G,27,0,0,1,0,0,0,0,0,0,"- ","- ",,,"SAN MATEO",UNINCORPORATED,,
90112315,2016,2016-02-10,9330,2016-01-23,0230,020397,,6,3,4,4115,0,1,2,,2,048,"US-101 N/B","HOLLY ST",100.00,S,N,C,-,Y,,,,,,,,,,Y,3,0,1,1,A,-,01,23152,A,N,E,I,A,B,H,-,D,D,0,,,,,Y,Y,A,01,0,1,0,0,0,0,0,0,0,"- ","- ",37.654600000000002,-122.87494,"SAN MATEO","SAN CARLOS",-122.25585886,37.513796110000001
90113588,2016,2016-02-11,9330,2016-02-06,1713,020735,,6,2,5,4116,0,1,2,,2,038,"US-101 N/B","PENINSULA AVE",200.00,S,N,A,-,Y,,,101,,,,,,N,N,4,0,1,2,A,-,03,22350,,N,C,C,A,A,H,-,A,D,0,,,,,Y,,A,01,0,0,1,0,0,0,0,0,0,"- ","- ",37.583959999999998,-122.32816,"SAN MATEO","SAN MATEO",-122.32810943,37.584014680000003
90113654,2016,2016-02-11,9330,2016-01-30,0725,021019,,6,1,5,4116,0,1,2,,2,038,"US-101 S/B","POPLAR AVE",150.00,S,N,A,-,Y,,,101,,,,,,S,Y,4,0,1,1,A,-,08,22107,,N,E,I,A,A,H,-,A,D,0,,,,,Y,,A,01,0,0,1,0,0,0,0,0,0,"- ","- ",37.579479999999997,-122.32323,"SAN MATEO","SAN MATEO",-122.32335349,37.579344679999998
90114719,2016,2016-02-15,9335,2016-02-11,2000,020892,,4,2,6,4106,0,1,1,,2,021,"I-280 N/B","SOUTHGATE DR.",982.00,S,N,A,-,Y,,,280,,,,,,N,N,4,0,1,2,A,-,03,22350,,N,C,C,A,A,H,-,C,D,0,,,,,Y,,A,01,0,0,1,0,0,0,0,0,0,"- ","- ",37.672980000000003,-122.4675,"SAN MATEO","DALY CITY",-122.46758855,37.672922409999998
90115462,2016,2016-02-16,9335,2016-02-08,1440,020084,,1,2,2,4103,0,1,2,,2,012,"US-101 S/B","SIERRA POINT PKY",940.00,N,N,A,-,Y,,,101,,,,,,S,N,4,0,1,1,B,-,22,,,N,F,A,A,A,H,-,A,D,0,,,Y,,Y,,C,02,0,0,1,0,0,0,0,0,1,"- ","- ",37.67841,-122.38840999999999,"SAN MATEO",BRISBANE,-122.38849863999999,37.678407300000003
90115835,2016,2016-02-16,9330,2016-02-15,0815,020297,,1,1,4,4109,0,1,2,,2,058,"US-101 N/B","HENDERSON AVE RR",100.00,S,N,A,-,Y,,,,,,,,,,Y,3,0,2,2,A,-,08,22107,,N,D,A,A,A,H,-,A,D,0,,,,,Y,,A,01,0,1,1,0,0,0,0,0,0,"- ","- ",,,"SAN MATEO","MENLO PARK",,
90121341,2016,2016-02-23,9330,2016-02-06,0145,020013,,6,3,5,4113,0,1,2,,2,048,"US-101 N/B","WHIPPLE AVENUE",1584.00,N,N,A,-,Y,,,101,,,,,,N,Y,4,0,1,2,C,-,18,,,N,C,C,A,A,H,-,D,D,0,,,,,Y,Y,-,"- ",0,0,1,0,0,0,0,0,0,"- ","- ",37.501269999999998,-122.24052,"SAN MATEO","REDWOOD CITY",-122.24100254,37.5007266
90121911,2016,2016-02-23,9330,2016-02-18,0715,016795,,4,1,5,4116,0,1,3,,2,031,"SR-92 E/B","SR-82 (EL CAMINO REAL)",30.00,W,N,B,-,Y,,,,,,,,,,Y,4,0,1,2,A,-,08,22107,,N,E,C,A,B,H,-,A,D,0,,,,,Y,,A,07,0,0,1,0,0,0,0,0,0,"- ","- ",,,"SAN MATEO","SAN MATEO",,
9012239,2020,2020-09-24,4113,2020-01-02,1746,380,3,4,5,5,4113,0,0,0,,0,003,"WOODSIDE RD","SPRING ST",150.00,W,N,A,-,Y,SM,4,84,-,-,25.280,H,-,S,N,3,0,1,2,A,-,08,22107,,N,B,C,A,A,H,-,D,D,0,,,Y,,Y,,A,01,0,1,0,0,0,0,0,0,1,"- ","- ",37.482250213623047,-122.20771026611328,"SAN MATEO","REDWOOD CITY",-122.21681213378906,37.4837646484375
90122438,2016,2016-02-24,9330,2016-02-18,0928,019356,,4,1,5,4113,0,1,2,,2,048,"US-101 S/B","WHIPPLE AVENUE O/C",1056.00,S,N,A,-,Y,,,101,,,,,,S,Y,4,0,1,1,A,-,08,22107,,N,E,C,A,A,H,-,A,D,0,,,,,Y,,A,07,0,0,1,0,0,0,0,0,0,"- ","- ",37.49485,-122.22841,"SAN MATEO","REDWOOD CITY",-122.22839207,37.494913369999999
90122551,2016,2016-02-24,9330,2016-02-18,2321,020464,,4,3,4,4109,0,1,2,,2,058,"US-101 NORTHBOUND","WILOW ROAD",500.00,S,N,A,-,Y,,,101,,,,,,N,Y,3,0,1,3,A,-,01,23152,E,N,F,I,A,A,H,-,D,D,0,,,,,Y,,A,01,0,1,0,0,0,0,0,0,0,"- ","- ",37.467300000000002,-122.15219999999999,"SAN MATEO","MENLO PARK",-122.15222491999999,37.46725807
90123025,2016,2016-02-24,9330,2016-02-21,1302,020324,,7,1,4,4104,0,1,2,,2,038,"US-101 S/B",BROADWAY,500.00,S,N,A,-,Y,,,101,,,,,,S,Y,4,0,1,2,A,-,03,22350,,N,C,C,A,A,H,-,A,D,0,,,,,Y,,-,99,0,0,1,0,0,0,0,0,0,"- ","- ",37.588099999999997,-122.35767,"SAN MATEO",BURLINGAME,-122.35768336,37.588064549999999
90123823,2016,2016-02-25,9330,2016-02-20,1320,020606,,6,1,4,4109,0,1,2,,2,058,"US-101 S/B FROM MARSH ROAD E/B","MARSH RD",36.00,S,N,A,-,Y,,,101,,,,R,,S,Y,3,0,1,2,A,-,06,21750,,F,B,C,A,A,H,-,A,D,0,,,Y,,Y,,-,99,0,1,0,0,0,0,0,0,1,"- ","- ",37.482210000000002,-122.18212,"SAN MATEO","MENLO PARK",-122.18212,37.482210000000002
90125111,2016,2016-02-29,9335,2016-02-14,1355,021145,,7,1,6,4106,0,1,1,,2,021,"I-280 S/B","THE KING DRIVE UNDERCROSSING",1056.00,S,N,A,-,Y,,,280,,,,,,S,Y,3,0,1,1,A,-,08,22107,,N,E,I,A,A,H,-,A,D,0,,,,,Y,,A,01,0,1,0,0,0,0,0,0,0,"- ","- ",37.649070000000002,-122.45192,"SAN MATEO","DALY CITY",-122.45202123999999,37.649007539999999
90127384,2016,2016-03-02,9330,2016-02-28,1040,020379,,7,1,9,4100,0,1,1,,2,054,"SAND HILL RD W/B","I-280 N/B",80.00,W,N,A,-,Y,,,,,,,,,,Y,2,0,1,1,A,-,08,22107,,N,F,I,A,A,H,-,A,D,0,,,Y,,Y,,C,02,1,0,0,0,0,0,0,0,1,"- ","- ",37.419269999999997,-122.21934,"SAN MATEO",UNINCORPORATED,,
90128329,2016,2016-03-03,9330,2016-02-24,1722,021197,,3,2,5,4116,0,1,3,,2,031,"SR-92 EASTBOUND",US-101,500.00,E,N,A,-,Y,,,92,,,,,,E,N,4,0,1,2,A,-,03,22350,,N,C,C,A,A,H,-,A,D,0,,,,,Y,,A,01,0,0,1,0,0,0,0,0,0,"- ","- ",37.55547,-122.28738,"SAN MATEO","SAN MATEO",-122.28732961,37.55532711
90128777,2016,2016-03-03,9330,2016-03-01,1555,016534,,2,2,4,4109,0,1,2,,2,058,"US-101 S/B","MARSH ROAD O/C",2112.00,N,N,A,-,Y,,,,,,,,,,Y,4,0,2,4,A,-,03,22350,,N,C,C,A,A,H,-,A,A,0,,,,,Y,,A,07,0,0,2,0,0,0,0,0,0,"- ","- ",,,"SAN MATEO","MENLO PARK",-122.18763534,37.485153760000003
90128790,2016,2016-03-03,9335,2016-02-27,1540,020157,,6,2,6,4106,0,1,1,,2,021,"I-280 N/B","HICKEY BLVD",1000.00,N,N,A,-,Y,,,280,,,,,,N,Y,4,0,1,4,A,-,04,21703,,N,C,C,A,A,H,-,A,D,0,,,,,Y,,A,01,0,0,1,0,0,0,0,0,0,"- ","- ",37.666200000000003,-122.46545,"SAN MATEO","DALY CITY",-122.46556880999999,37.666198190000003
90130014,2016,2016-03-07,9335,2016-02-28,1630,020384,,7,2,5,4117,0,1,2,,2,012,"US-101 S/B TO I-380 W/B","SAN BRUNO AVE",2640.00,N,N,A,-,Y,,,101,,,,R,,S,Y,4,0,2,2,A,-,08,22107,,N,D,C,A,A,H,-,A,D,0,,,,,Y,,A,01,0,0,2,0,0,0,0,0,0,"- ","- ",37.638440000000003,-122.40537,"SAN MATEO","SOUTH SAN FRANCISCO",-122.40537,37.638440000000003
90130145,2016,2016-03-07,9335,2016-02-28,1955,020889,,7,2,2,4103,0,1,2,,2,012,"US-101 N/B","ALANA WAY UNDER CROSSING",3168.00,S,N,A,-,Y,,,101,,,,,,N,Y,4,0,1,2,A,-,03,22350,,N,C,C,A,A,H,-,D,D,0,,,,,Y,,A,07,0,0,1,0,0,0,0,0,0,"- ","- ",37.700150000000001,-122.39306000000001,"SAN MATEO",BRISBANE,-122.39301387,37.700159659999997
90130294,2016,2016-03-07,9330,2016-01-31,1400,020580,,7,2,9,4100,0,1,3,,1,020,"SR-1 N/B","PESCADERO CREEK RD.",0.00,,Y,A,-,Y,,,1,,,,,,N,Y,2,0,4,3,A,-,09,21802,A,N,D,C,A,A,H,-,A,D,0,,,,,Y,,A,01,2,1,1,0,0,0,0,0,0,"- ","- ",37.259689999999999,-122.41314,"SAN MATEO",UNINCORPORATED,-122.41321284,37.259706309999999
90130878,2016,2016-03-07,9330,2016-03-05,0818,020646,,6,1,4,4104,0,1,2,,2,038,"US 101 S/B","BROADWAY AVE",100.00,S,N,B,C,Y,,,,,,,,,,Y,4,0,1,1,A,-,03,22350,,N,E,I,A,B,H,-,A,D,0,,,,,Y,,A,01,0,0,1,0,0,0,0,0,0,"- ","- ",37.5899,-122.35760000000001,"SAN MATEO",BURLINGAME,-122.36142484,37.590054080000002
90132322,2016,2016-03-09,9330,2016-02-01,1518,016184,,1,2,9,4100,0,3,5,,2,507,"NORTHBOUND ALAMEDA DE LAS PULGAS","AVY AVE.",0.00,,Y,A,-,N,,,,,,,,,,N,3,0,1,2,A,-,08,22107,,N,D,G,A,A,H,-,A,A,0,,Y,,,Y,,A,01,0,1,0,0,0,0,1,0,0,"- ","- ",37.43177,-122.20148,"SAN MATEO",UNINCORPORATED,-122.20151996,37.431789909999999
90133288,2016,2016-03-10,9330,2016-03-05,1445,020646,,6,2,5,4116,0,1,2,,2,038,"US 101 S/B","POPLAR AVE",5280.00,N,N,B,C,Y,,,,,,,,,,Y,4,0,2,3,A,-,03,22350,,N,C,C,A,B,H,-,A,D,0,,,Y,,Y,,C,02,0,0,2,0,0,0,0,0,0,"- ","- ",37.580500000000001,-122.3246,"SAN MATEO","SAN MATEO",,
90133977,2016,2016-03-10,9335,2016-03-04,0857,020108,,5,1,4,4111,0,1,3,,2,041,"SR-1 N/B","BALLY WAY",125.00,N,N,B,C,Y,,,1,,,,,,N,Y,4,0,1,1,A,-,08,22107,,N,E,I,A,B,H,-,A,D,0,,,,,Y,,A,07,0,0,1,0,0,0,0,0,0,"- ","- ",37.654290000000003,-122.49064,"SAN MATEO",PACIFICA,-122.4905626,37.654333379999997
90134037,2016,2016-03-10,9330,2016-03-04,1220,020646,,5,1,5,4116,0,1,2,,2,038,"US 101 S/B","SR 92",200.00,N,N,B,C,Y,,,,,,,,,,Y,4,0,1,5,A,-,03,22350,,M,C,C,A,B,H,-,A,D,0,,,,,Y,,A,08,0,0,1,0,0,0,0,0,0,"- ","- ",37.5533,-122.2963,"SAN MATEO","SAN MATEO",-122.29598,37.553400000000003
90134629,2016,2016-03-11,9335,2016-02-29,1600,021145,,1,2,6,4106,0,1,1,,2,021,"I-280 S/B","THE SOUTHGATE AVE. UNDERCROSSING",1100.00,N,N,A,-,Y,,,280,,,,,,S,Y,3,0,1,1,A,-,08,22107,,N,E,I,A,A,H,-,A,D,0,,,,,Y,,A,01,0,1,0,0,0,0,0,0,0,"- ","- ",37.678759999999997,-122.47194,"SAN MATEO","DALY CITY",-122.47175188999999,37.678785949999998
90135140,2016,2016-03-14,9335,2016-03-07,0005,020991,,1,3,4,4114,0,1,1,,2,038,"I-380 E/B","EL CAMINO REAL",900.00,W,N,B,C,Y,,,380,,,,,,E,Y,4,0,1,2,A,-,08,22107,,N,E,I,A,B,H,-,D,D,0,,,,,Y,,A,01,0,0,1,0,0,0,0,0,0,"- ","- ",37.631520000000002,-122.42183,"SAN MATEO","SAN BRUNO",-122.42184468000001,37.631551020000003
90135191,2016,2016-03-14,9335,2016-03-10,1855,020658,,4,2,4,4114,0,1,1,,2,020,"I-280 S/B","CRESTMOOR DRIVE OVER-CROSSING",995.00,N,N,C,-,Y,,,280,,,,,,S,Y,4,0,2,3,A,-,03,22350,,N,C,C,A,B,H,-,D,D,0,,,,,Y,,A,01,0,0,2,0,0,0,0,0,0,"- ","- ",37.609520000000003,-122.42753999999999,"SAN MATEO","SAN BRUNO",-122.42757472,37.609531969999999
90135377,2016,2016-03-14,9335,2016-03-10,1445,019987,,4,2,9,4100,0,3,5,,2,001,"GUADALUPE CANYON PKY","RADIO RD",5280.00,W,N,C,-,N,,,,,,,,,,Y,4,0,1,1,A,-,08,22107,,N,F,A,A,B,H,-,A,D,0,,,,,Y,,A,07,0,0,1,0,0,0,0,0,0,"- ","- ",37.698189999999997,-122.4396,"SAN MATEO",UNINCORPORATED,-122.45004371,37.699811240000002
90136461,2016,2016-03-15,9330,2016-02-25,1530,021193,,4,2,9,4100,0,3,5,,2,405,"EDGEWOOD RD.","CRESTVIEW DR.",0.00,,Y,A,-,N,,,,,,,,,,Y,4,0,2,2,A,-,09,21801,A,N,D,C,A,A,H,-,A,A,0,,,,,Y,,A,01,0,0,2,0,0,0,0,0,0,"- ","- ",37.47457,-122.28037,"SAN MATEO",UNINCORPORATED,-122.28032999,37.474569889999998
90136984,2016,2016-03-15,9330,2016-02-27,0010,020735,,6,3,4,4109,0,3,5,,2,509,"ALAMEDA DE LAS PULGAS","VALPARAISO AVE.",0.00,,Y,A,-,N,,,,,,,,,,Y,3,0,1,1,A,-,08,22107,,N,E,I,A,A,H,-,C,D,0,,,,,Y,,A,07,0,1,0,0,0,0,0,0,0,"- ","- ",37.434040000000003,-122.20599,"SAN MATEO","MENLO PARK",-122.2058399,37.434059910000002
90136999,2016,2016-03-15,9330,2016-02-29,1415,020554,,1,2,4,4109,0,1,2,,2,058,"US-101 N/B","WILLOW RD",1500.00,S,N,A,-,Y,,,101,,,,,,N,N,4,0,2,2,A,-,03,22350,,N,C,C,A,A,H,-,A,D,0,,,,,Y,,A,08,0,0,2,0,0,0,0,0,0,"- ","- ",37.464979999999997,-122.14851,"SAN MATEO","MENLO PARK",-122.14847919,37.465031830000001
90138056,2016,2016-03-16,9330,2016-03-14,1800,020041,,1,2,5,4116,0,1,2,,2,048,"US-101 SOUTHBOUND TO HILLSDALE BLVD","HILLSDALE BOULEVARD",500.00,N,N,A,-,Y,,,101,,,,R,,S,Y,4,0,3,3,A,-,03,22350,,N,C,C,A,A,H,-,A,D,0,,,,,Y,,A,08,0,0,3,0,0,0,0,0,0,"- ","- ",37.547240000000002,-122.29089,"SAN MATEO","SAN MATEO",-122.29089,37.547240000000002
90138105,2016,2016-03-16,9335,2016-03-14,1105,017728,,1,1,6,4106,0,1,1,,2,021,"I-280 S/B","EASTMOOR AVE",500.00,N,N,A,B,Y,,,280,,,,,,S,Y,4,0,3,2,A,-,03,22350,,N,C,C,A,A,H,-,A,D,0,,,,,Y,,A,01,0,0,3,0,0,0,0,0,0,"- ","- ",37.699440000000003,-122.47163999999999,"SAN MATEO","DALY CITY",-122.47169512000001,37.699431199999999
90140884,2016,2016-03-22,9345,2016-03-19,0610,019804,,6,1,4,4109,0,1,3,,2,084,"SR-84 N/B","ALAMEDA COUNTY LINE",1257.00,N,N,A,-,Y,,,84,,,,,,N,Y,3,0,1,2,A,-,03,22350,,N,C,C,A,A,H,-,C,D,0,,,,,Y,,D,22,0,1,0,0,0,0,0,0,0,"- ","- ",37.50459,-122.12035,"SAN MATEO","MENLO PARK",-122.12036018000001,37.504605339999998
9014090,2019,2020-02-12,4116,2019-12-11,1441,27872,13A,3,5,5,4116,0,0,0,,0,00A,TILTON,"EL CAMINO REAL",0.00,,Y,B,C,N,,,,,,,,,,Y,3,0,2,3,A,-,12,21453,A,N,D,C,A,B,H,-,A,A,0,,,,,Y,,A,01,0,2,0,0,0,0,0,0,0,"- ","- ",37.567008972167969,-122.33000183105469,"SAN MATEO","SAN MATEO",-122.33000183105469,37.566989898681641
90141793,2016,2016-03-23,9330,2016-03-17,0845,016534,,4,1,5,4116,0,1,2,,2,038,"US-101 N/B","THIRD AVENUE O/C",1000.00,S,N,A,-,Y,,,,,,,,,,Y,4,0,2,3,A,-,03,22350,,N,C,C,A,A,H,-,A,A,0,,,,,Y,,A,08,0,0,2,0,0,0,0,0,0,"- ","- ",,,"SAN MATEO","SAN MATEO",-122.31167567,37.568832950000001
90142707,2016,2016-03-24,9330,2016-03-09,1410,016184,,3,2,5,4116,0,1,3,,2,031,"SR-92 EASTBOUND FROM W. HILLSDALE BLVD.","W. HILLSDALE BLVD",20.00,E,N,B,C,Y,,,92,,,,R,,E,Y,4,0,1,1,A,-,03,22350,,N,E,I,A,B,H,-,A,D,0,,,,,Y,,A,07,0,0,1,0,0,0,0,0,0,"- ","- ",37.532580000000003,-122.32969,"SAN MATEO","SAN MATEO",-122.32969,37.532580000000003
9014333,2019,2020-02-11,4116,2019-12-09,1451,28252,13,1,5,5,4116,0,0,0,,0,0DT,"EL CAMINO REAL","BAYWOOD/BALDWIN AV",84.00,S,N,A,-,N,,,82,,,,,,,N,3,0,3,4,A,-,03,22350,,N,A,C,A,A,H,-,A,A,0,,,,,Y,,A,01,0,1,2,0,0,0,0,0,0,"- ","- ",37.5654296875,-122.32808685302734,"SAN MATEO","SAN MATEO",-122.32811737060547,37.565406799316406
9014337,2019,2020-02-11,4116,2019-12-22,1334,28093,34,7,5,5,4116,0,0,0,,0,00C,"SOUTH EL CAMINO REAL","31ST AV",164.00,N,N,B,-,N,,,,,,,,,,N,4,0,2,2,A,-,03,22350,,N,C,C,A,B,H,-,A,D,0,,,,,Y,,A,01,0,0,2,0,0,0,0,0,0,"- ","- ",37.539180755615234,-122.29994964599609,"SAN MATEO","SAN MATEO",-122.30049896240234,37.539455413818359
90145430,2016,2016-03-28,9330,2016-03-24,1654,020760,,4,2,5,4116,0,1,3,,2,031,"SR-92 E/B",US-101,1056.00,E,N,A,-,Y,,,92,,,,,,E,Y,4,0,1,2,A,-,01,23152,E,N,C,C,A,A,H,-,A,D,0,,,,Y,Y,,F,55,0,0,1,0,0,0,0,0,0,"- ","- ",37.553449999999998,-122.29425999999999,"SAN MATEO","SAN MATEO",-122.29422996,37.553293050000001