CASE_ID,ACCIDENT_YEAR,PROC_DATE,JURIS,COLLISION_DATE,COLLISION_TIME,OFFICER_ID,REPORTING_DISTRICT,DAY_OF_WEEK,CHP_SHIFT,POPULATION,CNTY_CITY_LOC,SPECIAL_COND,BEAT_TYPE,CHP_BEAT_TYPE,CITY_DIVISION_LAPD,CHP_BEAT_CLASS,BEAT_NUMBER,PRIMARY_RD,SECONDARY_RD,DISTANCE,DIRECTION,INTERSECTION,WEATHER_1,WEATHER_2,STATE_HWY_IND,CALTRANS_COUNTY,CALTRANS_DISTRICT,STATE_ROUTE,ROUTE_SUFFIX,POSTMILE_PREFIX,POSTMILE,LOCATION_TYPE,RAMP_INTERSECTION,SIDE_OF_HWY,TOW_AWAY,COLLISION_SEVERITY,NUMBER_KILLED,NUMBER_INJURED,PARTY_COUNT,PRIMARY_COLL_FACTOR,PCF_CODE_OF_VIOL,PCF_VIOL_CATEGORY,PCF_VIOLATION,PCF_VIOL_SUBSECTION,HIT_AND_RUN,TYPE_OF_COLLISION,MVIW,PED_ACTION,ROAD_SURFACE,ROAD_COND_1,ROAD_COND_2,LIGHTING,CONTROL_DEVICE,CHP_ROAD_TYPE,PEDESTRIAN_ACCIDENT,BICYCLE_ACCIDENT,MOTORCYCLE_ACCIDENT,TRUCK_ACCIDENT,NOT_PRIVATE_PROPERTY,ALCOHOL_INVOLVED,STWD_VEHTYPE_AT_FAULT,CHP_VEHTYPE_AT_FAULT,COUNT_SEVERE_INJ,COUNT_VISIBLE_INJ,COUNT_COMPLAINT_PAIN,COUNT_PED_KILLED,COUNT_PED_INJURED,COUNT_BICYCLIST_KILLED,COUNT_BICYCLIST_INJURED,COUNT_MC_KILLED,COUNT_MC_INJURED,PRIMARY_RAMP,SECONDARY_RAMP,LATITUDE,LONGITUDE,COUNTY,CITY,POINT_X,POINT_Y
91036153,2019,2019-07-23,9330,2019-07-19,1800,016993,,5,2,9,4100,0,1,3,,1,011,"SR-35 N/B TO SR-92 E/B",SR-35,40.00,E,N,A,-,Y,,,35,,,,R,,N,Y,4,0,1,2,A,-,03,22350,,N,C,C,A,A,H,-,A,D,0,,,,,Y,,A,01,0,0,1,0,0,0,0,0,0,"- ","- ",37.495700836181641,-122.36840057373047,"SAN MATEO",UNINCORPORATED,-122.36840057373047,37.495700836181641
91036376,2019,2019-07-24,9330,2019-07-12,0138,022244,,5,3,5,4113,0,2,4,,1,051,"MIDDLEFIELD ROAD","DUMBARTON AVENUE",100.00,N,N,B,-,N,,,,,,,,,,Y,4,0,1,3,A,-,01,23152,A,M,B,C,A,A,H,-,C,D,0,,,,,Y,Y,A,01,0,0,1,0,0,0,0,0,0,"- ","- ",37.475921630859375,-122.21018981933594,"SAN MATEO","REDWOOD CITY",-122.20937347412109,37.475337982177734
91039369,2019,2019-07-26,9335,2019-07-16,1430,021390,,2,2,9,4100,0,3,5,,2,001,"AIRPORT ACCESS ROAD W/B","N. MCDONNELL RD",115.00,W,N,A,-,Y,,,,,,,,,,N,4,0,1,3,A,-,03,22350,,N,C,C,A,A,H,-,A,D,0,,,,,Y,,A,01,0,0,1,0,0,0,0,0,0,"- ","- ",37.614681243896484,-122.39382171630859,"SAN MATEO",UNINCORPORATED,,
91040010,2019,2019-08-01,9335,2019-07-19,0218,021312,,5,3,5,4117,0,1,2,,2,012,"US-101 S/B","GRAND AVE",1531.00,N,N,A,-,Y,,,101,,,,,,S,Y,3,0,5,2,A,-,07,21658,A,F,B,A,A,A,H,-,D,D,0,,,,,Y,,A,01,0,5,0,0,0,0,0,0,0,"- ","- ",37.658599853515625,-122.40540313720703,"SAN MATEO","SOUTH SAN FRANCISCO",-122.40541839599609,37.658611297607422
91040088,2019,2019-07-29,9330,2019-07-20,1914,022355,,6,2,9,4100,0,3,5,,2,503,"SR-84 (WOODSIDE ROAD) E/B","CHURCHILL AVENUE",300.00,E,N,A,-,Y,,,,,,,,,,N,2,0,1,1,C,-,18,,,N,F,A,A,A,H,-,A,D,0,,Y,,,Y,,-,"- ",1,0,0,0,0,0,1,0,0,"- ","- ",37.445091247558594,-122.23384857177734,"SAN MATEO",UNINCORPORATED,,
91040241,2019,2019-07-29,9330,2019-07-18,0510,021927,,4,3,9,4100,0,1,1,,2,054,"I-280 NB",SR-84,3696.00,S,N,A,-,Y,,,,,,,,,,Y,4,0,1,2,A,-,03,22350,,F,C,C,A,A,H,-,B,D,0,,,,,Y,,A,07,0,0,1,0,0,0,0,0,0,"- ","- ",37.428119659423828,-122.23342132568359,"SAN MATEO",UNINCORPORATED,,
91040606,2019,2019-07-29,9330,2019-07-22,1853,022053,,1,2,4,4127,0,1,2,,2,058,"US-101 SOUTHBOUND FROM UNIVERSITY AVE","UNIVERSITY AVE",500.00,S,N,A,-,Y,,,,,,,,,,Y,4,0,1,2,A,-,03,22350,,N,C,C,A,A,H,-,A,A,0,,,,,Y,,A,07,0,0,1,0,0,0,0,0,0,"- ","- ",37.273231506347656,-122.81996154785156,"SAN MATEO","EAST PALO ALTO",-122.14077758789062,37.460289001464844
9104086,2020,2020-11-12,4100,2020-05-08,1134,25274,WDS,5,5,2,4118,0,0,0,,0,030,"RT 84","RT 35",528.00,N,N,A,-,Y,SM,4,84,-,-,15.570,H,-,N,Y,3,0,1,2,A,-,05,21460,A,N,A,C,A,A,H,-,A,D,0,,,,,Y,Y,A,01,0,1,0,0,0,0,0,0,0,"- ","- ",,,"SAN MATEO",WOODSIDE,-122.26296997070312,37.389801025390625
9104089,2020,2020-08-03,4106,2020-04-25,1207,1222,5,6,5,6,4106,0,0,0,,0,003,"SULLIVAN AV","PIERCE ST",103.00,S,N,A,-,N,,,,,,,,,,N,4,0,2,2,A,-,09,21804,A,N,D,C,A,A,H,-,A,A,0,,,,,Y,,A,01,0,0,2,0,0,0,0,0,0,"- ","- ",,,"SAN MATEO","DALY CITY",-122.47222137451172,37.685718536376953
91041070,2019,2019-09-19,9330,2019-07-18,0610,022294,,4,1,9,4100,0,2,4,,1,051,"MIDDLEFIELD ROAD","PACIFIC AVENUE",0.00,,Y,A,-,Y,,,,,,,,,,N,3,0,1,2,A,-,09,21802,A,N,D,G,A,A,H,-,A,A,0,,Y,,,Y,,A,07,0,1,0,0,0,0,1,0,0,"- ","- ",37.476039886474609,-122.21064758300781,"SAN MATEO",UNINCORPORATED,-122.21061706542969,37.476169586181641
91041192,2019,2019-07-30,9330,2019-07-27,0236,021594,,6,3,4,4104,0,1,2,,2,038,"US-101 S/B","BROADWAY AVE",4752.00,S,N,A,-,Y,,,101,,,,,,S,Y,4,0,2,4,A,-,01,23152,A,N,C,C,A,A,D,-,C,A,0,,,,,Y,Y,A,01,0,0,2,0,0,0,0,0,0,"- ","- ",37.586948394775391,-122.34542846679688,"SAN MATEO",BURLINGAME,-122.34542846679688,37.586929321289062
91041209,2019,2019-07-30,9335,2019-07-19,1636,022188,,5,2,4,4111,0,1,3,,2,040,"SR-1 S/B","DEVIL'S SLIDE TUNNEL",2904.00,S,N,A,-,Y,,,,,,,,,,Y,2,0,1,1,A,-,01,23152,A,N,E,I,A,A,H,-,A,D,0,,,,,Y,Y,A,01,1,0,0,0,0,0,0,0,0,"- ","- ",37.564571380615234,-122.51258087158203,"SAN MATEO",PACIFICA,,
91041494,2019,2019-07-30,9330,2019-07-23,0510,021847,,2,3,9,4100,0,3,5,,2,203,"PESCADERO CREEK ROAD","WURR ROAD",2640.00,E,N,B,-,Y,,,,,,,,,,Y,4,0,1,1,C,-,18,,,N,E,I,A,A,H,-,A,D,0,,,,Y,Y,,-,"- ",0,0,1,0,0,0,0,0,0,"- ","- ",37.276500701904297,-122.29160308837891,"SAN MATEO",UNINCORPORATED,-122.30215454101562,37.274181365966797
91044701,2019,2019-08-05,9330,2019-07-27,2050,021469,,6,2,9,4100,0,1,3,,2,031,"RALSTON AVE SOUTHBOUND",SR-92,215.00,N,N,A,-,N,,,,,,,,,,Y,4,0,1,1,A,-,01,23152,A,N,E,I,A,A,H,-,C,D,0,,,,,Y,Y,A,01,0,0,1,0,0,0,0,0,0,"- ","- ",37.512920379638672,-122.33106231689453,"SAN MATEO",UNINCORPORATED,-122.32977294921875,37.512527465820312
91044718,2019,2019-08-05,9335,2019-07-25,0635,020201,,4,1,4,4114,0,1,2,,2,012,"US-101 SOUTHBOUND","GRAND AVE. UNDER-CROSSING",700.00,N,N,A,-,Y,,,,,,,,,,Y,4,0,1,2,A,-,07,21658,A,N,B,C,A,A,H,-,A,D,0,,,,,Y,,A,01,0,0,1,0,0,0,0,0,0,"- ","- ",37.656639099121094,-122.40644836425781,"SAN MATEO","SAN BRUNO",,
91044751,2019,2019-08-05,9335,2019-07-26,1305,022348,,5,1,4,4111,0,1,3,,2,041,"SR-1 S/B","PALOMA AVE",170.00,N,N,A,-,Y,,,1,,,,,,S,Y,4,0,1,1,A,-,08,22107,,N,E,I,A,A,H,-,A,D,0,,,,,Y,,A,01,0,0,1,0,0,0,0,0,0,"- ","- ",37.637039184570312,-122.48999786376953,"SAN MATEO",PACIFICA,-122.49002838134766,37.637039184570312
91045093,2019,2019-09-12,9335,2019-07-27,1033,022271,,6,1,9,4100,0,1,1,,2,021,"I-280 N/B","KING DRIVE",1670.00,S,N,A,-,Y,,,,,,,,,,Y,4,0,3,2,A,-,03,22350,,N,C,C,A,A,H,-,A,D,0,,,,,Y,,A,07,0,0,3,0,0,0,0,0,0,"- ","- ",37.649120330810547,-122.46160888671875,"SAN MATEO",UNINCORPORATED,-122.45108795166016,37.648178100585938
91045426,2019,2019-08-05,9330,2019-07-25,1745,022279,,4,2,5,4113,0,1,2,,2,048,"US-101 NB","WHIPPLE AVE",1584.00,S,N,A,-,Y,,,101,,,,,,N,Y,4,0,1,3,A,-,03,22350,,N,C,C,A,A,H,-,A,D,0,,,,,Y,,A,01,0,0,1,0,0,0,0,0,0,"- ","- ",37.495250701904297,-122.22923278808594,"SAN MATEO","REDWOOD CITY",-122.22920989990234,37.495311737060547
91046766,2019,2019-08-07,9330,2019-07-26,1633,021953,,5,2,5,4113,0,1,2,,2,058,"US-101 N/B","SR-84 (WOODSIDE ROAD)",1056.00,S,N,A,-,Y,,,101,,,,,,N,Y,3,0,1,1,A,-,01,23152,F,N,E,I,A,A,D,-,A,D,0,,,,,Y,,A,01,0,1,0,0,0,0,0,0,0,"- ","- ",37.488170623779297,-122.20881652832031,"SAN MATEO","REDWOOD CITY",-122.20883941650391,37.488040924072266
91047837,2019,2019-08-08,9335,2019-07-29,0925,022326,,1,1,9,4100,0,3,5,,2,001,"SAN BRUNO AVENUE","7TH AVE",950.00,E,N,A,-,N,,,,,,,,,,Y,3,0,1,3,A,-,03,22350,,N,C,C,A,A,H,-,A,D,0,,,,,Y,,A,01,0,1,0,0,0,0,0,0,0,"- ","- ",37.631511688232422,-122.40215301513672,"SAN MATEO",UNINCORPORATED,-122.40316772460938,37.630302429199219
91048205,2019,2019-08-08,9335,2019-07-31,0550,022326,,3,3,5,4117,0,1,2,,2,012,"US-101 N/B","SOUTH AIRPORT BOULEVARD",2300.00,S,N,A,-,Y,,,101,,,,,,N,Y,4,0,1,2,A,-,07,21658,A,F,B,C,A,A,H,-,A,D,0,,,,,Y,,D,22,0,0,1,0,0,0,0,0,0,"- ","- ",37.641658782958984,-122.40577697753906,"SAN MATEO","SOUTH SAN FRANCISCO",-122.40583801269531,37.641647338867188
91048661,2019,2019-08-09,9335,2019-07-30,1645,022331,,2,2,5,4117,0,1,2,,2,012,"US-101 S/B","OYSTER POINT BLVD",380.00,S,N,A,-,Y,,,101,,,,,,S,Y,4,0,1,4,A,-,03,22350,,N,C,C,A,A,H,-,A,D,0,,,,,Y,,A,07,0,0,1,0,0,0,0,0,0,"- ","- ",37.662979125976562,-122.40058135986328,"SAN MATEO","SOUTH SAN FRANCISCO",-122.40055084228516,37.662940979003906
91048917,2019,2019-08-09,9335,2019-08-03,1950,022037,,6,2,6,4106,0,1,1,,2,021,"I-280 N/B TO EASTMOOR","JUNIPERO SERRA BLVD",13.00,S,N,B,-,Y,,,280,,,,R,,N,N,4,0,1,2,A,-,03,22350,,N,B,C,A,A,H,-,A,D,0,,,,,Y,,A,01,0,0,1,0,0,0,0,0,0,"- ","- ",37.683761596679688,-122.47090911865234,"SAN MATEO","DALY CITY",-122.47090911865234,37.683761596679688
91048977,2019,2019-08-09,9335,2019-08-04,0000,022179,,7,3,5,4117,0,1,2,,2,012,"US-101 N/B TO I-380 W/B","SAN BRUNO AVE O/C",270.00,S,N,A,-,Y,,,,,,,,,,Y,3,0,1,2,A,-,01,23152,A,N,F,C,A,A,H,-,C,D,0,,,,,Y,Y,A,01,0,1,0,0,0,0,0,0,0,"- ","- ",37.630538940429688,-122.40247344970703,"SAN MATEO","SOUTH SAN FRANCISCO",-122.40544891357422,37.767219543457031
91049368,2019,2019-08-12,9330,2019-08-01,1120,022140,,4,1,9,4100,0,1,3,,1,021,"STAGE RD","WILLOWSIDE RANCH RD",1056.00,N,N,B,-,N,,,,,,,,,,Y,4,0,1,1,A,-,08,22107,,N,E,A,A,A,H,-,A,D,0,,,,,Y,,D,22,0,0,1,0,0,0,0,0,0,"- ","- ",37.295669555664062,-122.38597106933594,"SAN MATEO",UNINCORPORATED,-122.38539886474609,37.295745849609375
91049382,2019,2019-08-12,9330,2019-07-26,1840,022141,,5,2,4,4109,0,1,2,,2,058,"US-101 N/B","MARSH RD",40.00,N,N,A,-,Y,,,101,,,,,,N,N,4,0,1,2,A,-,03,22350,,N,C,C,A,A,H,-,A,D,0,,,,,Y,,D,23,0,0,1,0,0,0,0,0,0,"- ","- ",37.483558654785156,-122.18083190917969,"SAN MATEO","MENLO PARK",-122.18084716796875,37.4835205078125
91049415,2019,2019-08-12,9330,2019-08-05,1420,015268,,1,2,9,4100,0,1,3,,1,011,"SR-92 EASTBOUND","CANADA RD.",50.00,W,N,A,-,Y,,,92,,,,,,E,Y,2,0,1,1,A,-,03,22350,,N,F,A,A,A,H,-,A,A,0,,,Y,,Y,,C,02,1,0,0,0,0,0,0,0,1,"- ","- ",37.506919860839844,-122.341796875,"SAN MATEO",UNINCORPORATED,-122.34175872802734,37.507106781005859
91049474,2019,2019-08-12,9330,2019-07-27,0310,017222,,6,3,4,4104,0,1,2,,2,038,"US-101 S/B",BROADWAY,5280.00,S,N,A,-,Y,,,,,,,,,,N,4,0,1,2,A,-,03,22350,,M,C,C,A,A,D,-,C,D,0,,,,,Y,,A,01,0,0,1,0,0,0,0,0,0,"- ","- ",37.351299285888672,-122.20368194580078,"SAN MATEO",BURLINGAME,-122.36061859130859,37.589530944824219
91050146,2019,2019-08-12,9330,2019-07-23,0715,022294,,2,1,2,4118,0,1,1,,2,054,"I 280 SB","SR-84 (WOODSIDE ROAD)",2250.00,N,N,A,-,Y,,,280,,,,,,S,Y,4,0,2,3,A,-,03,22350,,N,C,C,A,A,H,-,A,D,0,,,,,Y,,A,07,0,0,2,0,0,0,0,0,0,"- ","- ",37.440040588378906,-122.24907684326172,"SAN MATEO",WOODSIDE,-122.24912261962891,37.439987182617188
91051554,2019,2019-08-14,9330,2019-08-05,1625,022279,,1,2,4,4109,0,1,2,,2,058,"US-101 SB","WILLOW RD",528.00,S,N,A,-,Y,,,101,,,,,,S,Y,4,0,1,2,A,-,03,22350,,N,C,C,A,A,H,-,A,D,0,,,,,Y,,A,01,0,0,1,0,0,0,0,0,0,"- ","- ",37.467338562011719,-122.15277099609375,"SAN MATEO","MENLO PARK",-122.15276336669922,37.467353820800781
9105314,2020,2020-08-25,4113,2020-06-01,1236,479,3,1,5,5,4113,0,0,0,,0,003,"MAIN ST","CEDAR ST",0.00,,Y,A,-,N,,,,,,,,,,N,3,0,2,2,A,-,09,21804,A,N,B,C,A,A,H,-,A,A,0,,,,,Y,,A,01,0,1,1,0,0,0,0,0,0,"- ","- ",37.479930877685547,-122.22419738769531,"SAN MATEO","REDWOOD CITY",-122.22412109375,37.480060577392578
91053175,2019,2019-08-16,9330,2019-08-07,1532,021243,,3,2,9,4100,0,1,1,,2,034,"I-280 SOUTHBOUND","TROUSDALE DRIVE",5280.00,S,N,A,-,Y,,,280,,,,,,S,N,4,0,1,2,D,-,00,,,N,C,C,A,A,H,-,A,D,0,,,,,Y,,-,"- ",0,0,1,0,0,0,0,0,0,"- ","- ",37.568710327148438,-122.39533233642578,"SAN MATEO",UNINCORPORATED,-122.39530181884766,37.568733215332031
91053294,2019,2019-08-16,9330,2019-08-09,0830,021628,,5,1,5,4116,0,1,2,,2,038,"US-101 N/B","RALSTON AVE",1500.00,N,N,A,-,Y,,,,,,,,,,Y,4,0,2,3,A,-,07,21658,A,F,C,C,A,A,H,-,A,D,0,,,,,Y,,-,99,0,0,2,0,0,0,0,0,0,"- ","- ",,,"SAN MATEO","SAN MATEO",-122.2735595703125,37.52947998046875
91055961,2019,2019-08-21,9330,2019-08-15,1420,015268,,4,2,9,4100,0,1,3,,1,021,"SR-84 (LA HONDA RD)",SR-1,10.00,E,N,A,-,Y,,,84,,,,,,,Y,3,0,1,1,A,-,21,22106,,N,F,A,A,A,H,-,A,A,0,,,Y,,Y,,C,02,0,1,0,0,0,0,0,0,1,"- ","- ",37.324508666992188,-122.39958953857422,"SAN MATEO",UNINCORPORATED,-122.39959716796875,37.324462890625
91057347,2019,2019-08-22,9330,2019-08-12,1015,022185,,1,1,5,4116,0,1,3,,2,031,"SR-92 WESTBOUND","MARINERS ISLAND BLVD",528.00,E,N,A,-,Y,,,92,,,,,,W,N,4,0,1,2,A,-,03,22350,,N,C,C,A,A,H,-,A,D,0,,,,,Y,,A,01,0,0,1,0,0,0,0,0,0,"- ","- ",37.557559967041016,-122.28205108642578,"SAN MATEO","SAN MATEO",-122.28238677978516,37.558101654052734
91057839,2019,2019-08-22,9330,2019-08-14,1502,021414,,3,2,9,4100,0,3,5,,2,505,"NORTHSIDE AVE","2ND AVE",100.00,N,N,A,-,N,,,,,,,,,,Y,4,0,1,2,A,-,09,21804,A,N,D,C,A,A,H,-,A,D,0,,,,,Y,,A,01,0,0,1,0,0,0,0,0,0,"- ","- ",37.476921081542969,-122.20546722412109,"SAN MATEO",UNINCORPORATED,-122.20503234863281,37.476909637451172
91057935,2019,2019-08-23,9330,2019-08-14,0755,021865,,3,1,4,4109,0,1,2,,2,058,"US-101 N/B","MARSH ROAD",2640.00,S,N,A,-,Y,,,101,,,,,,N,N,4,0,1,2,A,-,03,22350,,N,C,C,A,A,H,-,A,D,0,,,,,Y,,A,01,0,0,1,0,0,0,0,0,0,"- ","- ",37.478919982910156,-122.17218780517578,"SAN MATEO","MENLO PARK",-122.17218017578125,37.47894287109375
91058022,2019,2019-08-23,9330,2019-08-14,1600,022178,,3,2,4,4127,0,1,2,,2,058,"US-101 S/B","UNIVERSITY AVENUE",528.00,S,N,A,-,Y,,,101,,,,,,S,N,4,0,1,2,A,-,03,22350,,N,C,C,A,A,H,-,A,D,0,,,,,Y,,A,01,0,0,1,0,0,0,0,0,0,"- ","- ",37.459068298339844,-122.13880157470703,"SAN MATEO","EAST PALO ALTO",-122.13877868652344,37.459102630615234
91058666,2019,2019-08-26,9335,2019-08-18,1246,022266,,7,1,5,4117,0,1,2,,2,012,"US-101 N/B","OYSTER POINT OVER-CROSSING",47.00,S,N,A,-,Y,,,101,,,,,,N,N,4,0,1,3,A,-,03,22350,,M,C,C,A,A,H,-,A,D,0,,,,,Y,,A,01,0,0,1,0,0,0,0,0,0,"- ","- ",37.663841247558594,-122.39894104003906,"SAN MATEO","SOUTH SAN FRANCISCO",-122.39892578125,37.663822174072266
91058667,2019,2019-08-26,9335,2019-08-18,1245,022266,,7,1,5,4117,0,1,2,,2,012,"US-101 N/B","OYSTER POINT OVER-CROSSING",18.00,S,N,A,-,Y,,,101,,,,,,N,N,4,0,5,3,A,-,03,22350,,N,C,C,A,A,H,-,A,D,0,,,,,Y,,A,07,0,0,5,0,0,0,0,0,0,"- ","- ",37.663650512695312,-122.39916229248047,"SAN MATEO","SOUTH SAN FRANCISCO",-122.399169921875,37.663665771484375
91058706,2019,2019-08-26,9330,2019-08-15,1735,022178,,4,2,4,4120,0,1,3,,1,035,"SR-92 E/B",PIER-1,1056.00,W,N,A,-,Y,,,92,,,,,,E,Y,4,0,1,2,A,-,08,22107,,N,C,C,A,A,H,-,A,D,0,,,,Y,Y,,A,07,0,0,1,0,0,0,0,0,0,"- ","- ",37.568561553955078,-122.2677001953125,"SAN MATEO","FOSTER CITY",-122.26776123046875,37.568626403808594
91058710,2019,2019-08-26,9330,2019-08-15,1205,021628,,4,1,5,4116,0,1,2,,2,048,"US-101 N/B",SR-92,1500.00,S,N,A,-,Y,,,101,,,,,,N,Y,3,0,1,2,A,-,03,22350,,N,C,C,A,A,H,-,A,D,0,,,,,Y,,A,01,0,1,0,0,0,0,0,0,0,"- ","- ",37.54840087890625,-122.29142761230469,"SAN MATEO","SAN MATEO",-122.29135894775391,37.548469543457031
91059247,2019,2019-08-26,9330,2019-08-16,0453,022279,,5,3,4,4109,0,1,2,,2,058,"US-101 NB","RINGWOOD AVE PED",528.00,S,N,A,-,Y,,,,,,,,,,Y,4,0,1,3,A,-,03,22350,,N,C,C,A,A,D,-,C,A,0,,,,,Y,,A,07,0,0,1,0,0,0,0,0,0,"- ","- ",37.458820343017578,-122.13789367675781,"SAN MATEO","MENLO PARK",,
91059485,2019,2019-08-26,9330,2019-08-15,0920,021865,,4,1,4,4120,0,1,3,,1,035,"SR-92 W/B","PIER 1",10560.00,E,N,A,-,Y,,,92,,,,,,W,Y,4,0,1,2,A,-,03,22350,,N,C,C,A,A,H,-,A,D,0,,,,,Y,,A,01,0,0,1,0,0,0,0,0,0,"- ","- ",37.591739654541016,-122.23995208740234,"SAN MATEO","FOSTER CITY",-122.23995971679688,37.591781616210938
91061994,2019,2019-08-29,9330,2019-08-19,0018,021843,,1,3,4,4109,0,1,2,,2,058,"US-101 NORTHBOUND","UNIVERSITY AVENUE",2112.00,N,N,A,-,Y,,,,,,,,,,Y,3,0,2,2,A,-,03,22350,,N,C,C,A,A,H,-,C,D,0,,,,,Y,,A,01,0,1,1,0,0,0,0,0,0,"- ","- ",37.464031219482422,-122.1468505859375,"SAN MATEO","MENLO PARK",-122.14686584472656,37.464069366455078
91062382,2019,2019-08-29,9330,2019-08-12,1505,021469,,1,2,5,4113,0,1,2,,2,048,"US 101 S/B","MAPLE ST O/C",343.00,S,N,A,-,Y,,,,,,,,,,Y,3,0,1,2,A,-,03,22350,,N,C,C,A,A,H,-,A,D,0,,,,Y,Y,,F,26,0,1,0,0,0,0,0,0,0,"- ","- ",37.491470336914062,-122.21970367431641,"SAN MATEO","REDWOOD CITY",-122.21968841552734,37.4915771484375
91064272,2019,2019-08-30,9330,2019-08-24,1522,021414,,6,2,5,4116,0,1,3,,2,031,"SR-92 EASTBOUND","DELAWARE ST",200.00,W,N,A,-,Y,,,92,,,,,,E,Y,4,0,1,3,A,-,03,22350,,N,C,C,A,A,H,-,A,D,0,,,,,Y,,A,07,0,0,1,0,0,0,0,0,0,"- ","- ",37.552398681640625,-122.30721282958984,"SAN MATEO","SAN MATEO",-122.30720520019531,37.552345275878906
91064371,2019,2019-08-30,9335,2019-08-20,1450,022249,,2,2,9,4100,0,1,2,,2,011,"US-101 S/B FROM SFO COLLECTOR ROAD","SFO INTERNATIONAL TERMINAL O/C",2112.00,N,N,A,-,Y,,,101,,,,R,,S,N,4,0,1,3,A,-,03,22350,,N,C,C,A,A,H,-,A,D,0,,,,,Y,,A,01,0,0,1,0,0,0,0,0,0,"- ","- ",37.619121551513672,-122.3997802734375,"SAN MATEO",UNINCORPORATED,-122.3997802734375,37.619121551513672
91064815,2019,2019-10-03,9335,2019-05-04,0036,022048,,6,3,5,4117,0,1,2,,2,012,"US-101 N/B","US-101 NORTHBOUND TO BAYSHORE BOULEVARD",40.00,S,N,A,-,Y,,,101,,,,,,N,Y,1,1,3,4,A,-,03,22350,,N,D,C,A,A,H,-,C,D,0,,,,,Y,,I,10,0,0,3,0,0,0,0,0,0,"- ","- ",37.669990539550781,-122.39251708984375,"SAN MATEO","SOUTH SAN FRANCISCO",-122.39250183105469,37.669975280761719
91065816,2019,2019-09-03,9335,2019-08-27,0839,022032,,2,1,6,4106,0,1,1,,2,021,"I-280 S/B","SAN PEDRO RD",80.00,S,N,A,-,Y,,,280,,,,,,S,N,4,0,1,3,A,-,03,22350,,N,C,C,A,A,H,-,A,D,0,,,,,Y,,A,07,0,0,1,0,0,0,0,0,0,"- ","- ",37.684680938720703,-122.47161865234375,"SAN MATEO","DALY CITY",-122.47152709960938,37.684673309326172
91066025,2019,2019-09-03,9330,2019-08-23,1650,022244,,5,2,9,4100,0,1,3,,1,011,"12599 SR-92 (SAN MATEO RD)","DIGGS CANYON RD",150.00,W,N,A,-,Y,,,92,,,,,,,N,4,0,1,2,A,-,09,21804,A,N,B,C,A,A,H,-,A,D,0,,,,,Y,,D,22,0,0,1,0,0,0,0,0,0,"- ","- ",37.478240966796875,-122.41410064697266,"SAN MATEO",UNINCORPORATED,-122.41410064697266,37.478244781494141
91066572,2019,2019-09-04,9330,2019-08-27,1433,019764,,2,2,4,4120,0,1,3,,2,031,"SR-92 WESTBOUND","VINTAGE PARK DR O/C",330.00,E,N,A,-,Y,,,92,,,,,,W,Y,2,0,1,2,A,-,07,21658,A,N,B,C,A,A,H,-,A,D,0,,,Y,,Y,,C,02,1,0,0,0,0,0,0,0,1,"- ","- ",37.561290740966797,-122.27735900878906,"SAN MATEO","FOSTER CITY",-122.27735137939453,37.561275482177734
91066889,2019,2019-09-04,9330,2019-08-28,1740,022294,,3,2,5,4116,0,1,2,,2,048,"US-101 SB FROM HILLSDALE BLVD","E. HILLSDALE BLVD OVER CROSSING",50.00,S,N,A,-,Y,,,101,,,,R,,S,N,4,0,1,2,A,-,21,22106,,N,C,C,A,A,H,-,A,A,0,,,,,Y,,A,08,0,0,1,0,0,0,0,0,0,"- ","- ",37.544910430908203,-122.28787231445312,"SAN MATEO","SAN MATEO",-122.28787231445312,37.544910430908203
9106741,2020,2020-11-12,4113,2020-05-18,1651,468,5,1,5,5,4113,0,0,0,,0,005,"EL CAMINO REAL","CHARTER ST",0.00,,Y,A,-,Y,SM,4,82,-,-,3.260,H,-,N,Y,3,0,1,2,A,-,08,22107,,N,C,C,A,A,D,-,A,D,0,,,,,Y,,A,01,0,1,0,0,0,0,0,0,0,"- ","- ",37.475399017333984,-122.22029876708984,"SAN MATEO","REDWOOD CITY",-122.21947479248047,37.474758148193359
91067704,2019,2019-09-05,9330,2019-09-04,1730,015268,,3,2,9,4100,0,1,1,,2,044,"I-280 NORTHBOUND TO SR-92 E/B",SR-92,2112.00,S,N,A,-,Y,,,280,,,,R,,N,Y,3,0,1,2,A,-,03,22350,,N,C,C,A,A,H,-,A,D,0,,,,,Y,,A,01,0,1,0,0,0,0,0,0,0,"- ","- ",37.502941131591797,-122.33132171630859,"SAN MATEO",UNINCORPORATED,-122.33132171630859,37.502941131591797
91067922,2019,2019-11-27,9330,2019-08-27,0725,020646,,2,1,9,4100,0,1,1,,2,054,"I-280 S/B","WOODSIDE RD",1400.00,N,N,A,-,Y,,,,,,,,,,Y,4,0,3,3,A,-,07,21658,A,N,C,C,A,A,H,-,A,D,0,,,,,Y,,A,08,0,0,3,0,0,0,0,0,0,"- ","- ",37.438251495361328,-122.24690246582031,"SAN MATEO",UNINCORPORATED,-122.24673461914062,37.438129425048828