CASE_ID,ACCIDENT_YEAR,PROC_DATE,JURIS,COLLISION_DATE,COLLISION_TIME,OFFICER_ID,REPORTING_DISTRICT,DAY_OF_WEEK,CHP_SHIFT,POPULATION,CNTY_CITY_LOC,SPECIAL_COND,BEAT_TYPE,CHP_BEAT_TYPE,CITY_DIVISION_LAPD,CHP_BEAT_CLASS,BEAT_NUMBER,PRIMARY_RD,SECONDARY_RD,DISTANCE,DIRECTION,INTERSECTION,WEATHER_1,WEATHER_2,STATE_HWY_IND,CALTRANS_COUNTY,CALTRANS_DISTRICT,STATE_ROUTE,ROUTE_SUFFIX,POSTMILE_PREFIX,POSTMILE,LOCATION_TYPE,RAMP_INTERSECTION,SIDE_OF_HWY,TOW_AWAY,COLLISION_SEVERITY,NUMBER_KILLED,NUMBER_INJURED,PARTY_COUNT,PRIMARY_COLL_FACTOR,PCF_CODE_OF_VIOL,PCF_VIOL_CATEGORY,PCF_VIOLATION,PCF_VIOL_SUBSECTION,HIT_AND_RUN,TYPE_OF_COLLISION,MVIW,PED_ACTION,ROAD_SURFACE,ROAD_COND_1,ROAD_COND_2,LIGHTING,CONTROL_DEVICE,CHP_ROAD_TYPE,PEDESTRIAN_ACCIDENT,BICYCLE_ACCIDENT,MOTORCYCLE_ACCIDENT,TRUCK_ACCIDENT,NOT_PRIVATE_PROPERTY,ALCOHOL_INVOLVED,STWD_VEHTYPE_AT_FAULT,CHP_VEHTYPE_AT_FAULT,COUNT_SEVERE_INJ,COUNT_VISIBLE_INJ,COUNT_COMPLAINT_PAIN,COUNT_PED_KILLED,COUNT_PED_INJURED,COUNT_BICYCLIST_KILLED,COUNT_BICYCLIST_INJURED,COUNT_MC_KILLED,COUNT_MC_INJURED,PRIMARY_RAMP,SECONDARY_RAMP,LATITUDE,LONGITUDE,COUNTY,CITY,POINT_X,POINT_Y
91393254,2021,2021-01-25,9330,2021-01-17,1130,020646,,7,1,9,4100,0,1,3,,1,011,"SR 92","SR 35 (UPPER)",350.00,E,N,A,-,Y,,,92,,,,,,,Y,2,0,1,2,A,-,03,22350,,N,C,C,A,A,H,-,A,D,0,,,Y,,Y,,C,02,1,0,0,0,0,0,0,0,1,"- ","- ",37.496170043945312,-122.36798858642578,"SAN MATEO",UNINCORPORATED,-122.36798095703125,37.496158599853516
91400442,2021,2021-02-02,9330,2021-01-29,0355,022385,,5,3,9,4100,0,1,1,,2,044,"I-280 N/B","VISTA 3 UNDER-CROSSING",1584.00,N,N,B,-,Y,,,280,,,,,,N,Y,4,0,1,1,A,-,08,22107,,N,E,I,A,B,H,-,C,D,0,,,,,Y,,A,01,0,0,1,0,0,0,0,0,0,"- ","- ",37.500789642333984,-122.32218170166016,"SAN MATEO",UNINCORPORATED,-122.32217407226562,37.500846862792969
91403316,2021,2021-02-05,9335,2021-02-04,1112,019581,,4,1,2,4103,0,1,2,,2,012,"US-101 N/B","OYSTER POINT BLVD.",1300.00,N,N,A,-,Y,,,101,,,,,,N,Y,4,0,1,2,A,-,03,22350,,F,C,C,A,A,H,-,A,D,0,,,,,Y,,A,07,0,0,1,0,0,0,0,0,0,"- ","- ",37.666538238525391,-122.39572143554688,"SAN MATEO",BRISBANE,-122.39573669433594,37.666557312011719
91406547,2021,2021-02-11,9330,2021-02-04,2500,022244,,4,4,9,4100,0,1,3,,1,020,"PIGEON POINT RD",SR-1,0.00,,N,A,-,Y,,,,,,,,,,Y,4,0,1,1,A,-,08,22107,,N,E,I,A,A,H,-,A,D,0,,,,,Y,Y,A,07,0,0,1,0,0,0,0,0,0,"- ","- ",37.186061859130859,-122.39627075195312,"SAN MATEO",UNINCORPORATED,-122.39691162109375,37.191951751708984
91406970,2021,2021-02-11,9330,2021-02-05,0745,022212,,5,1,5,4116,0,1,3,,2,031,"SR-92 W/B","DELAWARE ST",300.00,W,N,A,-,Y,,,92,,,,,,W,Y,4,0,1,2,A,-,07,21658,A,N,D,C,A,A,H,-,A,D,0,,,,,Y,,A,07,0,0,1,0,0,0,0,0,0,"- ","- ",37.55242919921875,-122.30558776855469,"SAN MATEO","SAN MATEO",-122.30559539794922,37.55267333984375
91408457,2021,2021-02-16,9330,2021-02-03,1910,020954,,3,2,9,4100,0,2,4,,1,051,"5TH AVENUE","PARK AVENUE",528.00,E,N,B,-,N,,,,,,,,,,Y,3,0,1,2,A,-,09,21804,A,N,D,C,A,A,H,-,C,D,0,,,,,Y,,D,22,0,1,0,0,0,0,0,0,0,"- ","- ",37.474739074707031,-122.20287322998047,"SAN MATEO",UNINCORPORATED,-122.2022705078125,37.475784301757812
91408459,2021,2021-02-16,9330,2021-02-06,1605,021594,,6,2,9,4100,0,1,3,,2,042,SR-35,SR-92,2112.00,S,N,A,-,Y,,,35,,,,,,,Y,3,0,1,1,A,-,03,22350,,N,F,A,A,A,H,-,A,D,0,,,Y,,Y,,C,02,0,1,0,0,0,0,0,0,1,"- ","- ",37.490310668945312,-122.36646270751953,"SAN MATEO",UNINCORPORATED,-122.36643981933594,37.490314483642578
91408552,2021,2021-02-16,9330,2021-02-01,1450,022294,,1,2,5,4113,0,1,2,,2,048,"US-101 NORTHBOUND","WHIPPLE AVE O/C",1056.00,S,N,A,-,Y,,,,,,,,,,Y,4,0,1,2,A,-,08,22107,,N,B,C,A,A,H,-,A,D,0,,,,,Y,,A,01,0,0,1,0,0,0,0,0,0,"- ","- ",37.513130187988281,-122.25331115722656,"SAN MATEO","REDWOOD CITY",-122.23284912109375,37.496330261230469
91408554,2021,2021-02-16,9330,2021-02-05,0755,022244,,5,1,5,4116,0,1,2,,2,048,"US-101 NB TO SR-92 WB","S. DELAWARE ST",2112.00,E,N,A,-,Y,,,101,,,,R,,N,N,4,0,1,3,A,-,03,22350,,N,C,C,A,A,H,-,A,D,0,,,,,Y,,D,22,0,0,1,0,0,0,0,0,0,"- ","- ",37.553089141845703,-122.29712677001953,"SAN MATEO","SAN MATEO",-122.29712677001953,37.553089141845703
9141051,2020,2020-10-14,4102,2020-08-21,1710,48800,10BC,5,5,4,4102,0,0,0,,0,003,"RALSTON AV","DAVIS DR",39.00,W,N,A,-,N,,,,,,,,,,N,3,0,1,2,A,-,03,22350,,N,C,C,A,A,H,-,A,A,0,,,Y,,Y,,C,02,0,1,0,0,0,0,0,0,1,"- ","- ",37.512569427490234,-122.30957794189453,"SAN MATEO",BELMONT,-122.30950164794922,37.512569427490234
91411444,2021,2021-02-19,9330,2021-02-06,2215,022575,,6,3,5,4116,0,1,2,,2,038,"US-101 SOUTHBOUND","3RD AVENUE",1400.00,S,N,B,-,Y,,,101,,,,,,S,Y,2,0,2,2,A,-,08,22107,,N,E,I,A,A,H,-,C,D,0,,,,,Y,Y,A,07,1,1,0,0,0,0,0,0,0,"- ","- ",37.567760467529297,-122.31092834472656,"SAN MATEO","SAN MATEO",-122.31085968017578,37.567832946777344
91413425,2021,2021-02-23,9330,2021-02-15,1830,020207,,1,2,4,4120,0,1,3,,1,035,"SR-92 E/B","FOSTER CITY BLVD",2640.00,E,N,B,-,Y,,,92,,,,,,E,Y,3,0,1,2,A,-,03,22350,,N,C,C,A,A,H,-,D,D,0,,,,,Y,,A,01,0,1,0,0,0,0,0,0,0,"- ","- ",37.573299407958984,-122.26270294189453,"SAN MATEO","FOSTER CITY",-122.26268768310547,37.573291778564453
91414171,2021,2021-02-24,9330,2021-02-17,1627,019764,,3,2,4,4104,0,1,2,,2,038,"US-101 S/B",BROADWAY,2640.00,N,N,A,-,Y,,,101,,,,,,S,N,4,0,1,2,A,-,03,22350,,N,C,C,A,A,H,-,A,D,0,,,,,Y,,A,07,0,0,1,0,0,0,0,0,0,"- ","- ",37.594928741455078,-122.36885070800781,"SAN MATEO",BURLINGAME,-122.36886596679688,37.594902038574219
9141441,2020,2020-09-18,4113,2020-07-29,1218,462,33,3,5,5,4113,0,0,0,,0,,"CHESTNUT ST","SHASTA ST",24.00,E,N,A,-,N,,,,,,,,,,N,3,0,2,2,A,-,09,21802,A,N,D,C,A,A,H,-,A,A,0,,,,,Y,,A,01,0,1,1,0,0,0,0,0,0,"- ","- ",37.479290008544922,-122.22366333007812,"SAN MATEO","REDWOOD CITY",-122.22341156005859,37.479656219482422
91414895,2021,2021-02-25,9330,2021-02-16,2305,022141,,2,3,2,4118,0,1,1,,2,054,"I-280 N/B","SR-84(WOODSIDE ROAD)",2112.00,N,N,A,-,Y,,,280,,,,,,N,N,2,0,1,2,A,-,00,21960,A,N,G,B,E,A,H,-,D,A,0,Y,,,,Y,,N,60,1,0,0,0,1,0,0,0,0,"- ","- ",37.439239501953125,-122.24772644042969,"SAN MATEO",WOODSIDE,-122.24770355224609,37.439277648925781
91414937,2021,2021-02-25,9330,2021-02-18,0713,022244,,4,1,9,4100,0,2,4,,1,051,"MIDDLEFIELD RD","DUMBARTON AVE",125.00,N,N,A,-,N,,,,,,,,,,N,4,0,1,2,A,-,08,22107,,N,B,C,A,A,H,-,A,D,0,,,,,Y,,D,22,0,0,1,0,0,0,0,0,0,"- ","- ",37.475360870361328,-122.20957946777344,"SAN MATEO",UNINCORPORATED,-122.20943450927734,37.475383758544922
9142063,2020,2020-12-03,4114,2020-07-23,1451,0048,SNB10,4,5,4,4114,0,0,0,,0,001,"EL CAMINO REAL","CITATION AV",0.00,,Y,A,-,Y,SM,4,82,-,-,19.360,I,5,N,Y,4,0,1,2,A,-,12,21453,A,N,D,C,A,A,H,-,A,A,0,,,,,Y,,A,01,0,0,1,0,0,0,0,0,0,"- ","- ",,,"SAN MATEO","SAN BRUNO",-122.42254638671875,37.638870239257812
91421437,2021,2021-03-05,9330,2021-02-12,2100,021630,,5,2,5,4116,0,1,2,,2,038,"US-101 N/B","3RD AVE",1584.00,N,N,A,-,Y,,,101,,,,,,N,Y,4,0,1,3,A,-,03,22350,,N,C,C,A,A,C,-,C,D,0,,,,,Y,,A,01,0,0,1,0,0,0,0,0,0,"- ","- ",37.575061798095703,-122.31829833984375,"SAN MATEO","SAN MATEO",-122.318359375,37.574993133544922
91421488,2021,2021-03-05,9330,2021-02-25,1415,021953,,4,2,9,4100,0,1,3,,1,021,"SR-84 (LA HONDA ROAD)",SEQUOIA,1584.00,W,N,A,-,N,,,84,,,,,,,Y,4,0,1,1,A,-,08,22107,,N,E,I,A,A,H,-,A,D,0,,,,,Y,,A,01,0,0,1,0,0,0,0,0,0,"- ","- ",37.363620758056641,-122.26039123535156,"SAN MATEO",UNINCORPORATED,-122.26042938232422,37.363563537597656
91422260,2021,2021-03-08,9330,2021-02-26,1720,022524,,5,2,5,4116,0,1,2,,2,048,"US-101 N/B FROM E. HILLSDALE BLVD. W/B","E. HILLSDALE BLVD",1056.00,N,N,A,-,Y,,,101,,,,R,,N,N,4,0,1,2,A,-,08,22107,,N,B,D,A,A,D,-,A,D,0,,,,,Y,,A,01,0,0,1,0,0,0,0,0,0,"- ","- ",37.547019958496094,-122.28994750976562,"SAN MATEO","SAN MATEO",-122.28994750976562,37.547019958496094
91423084,2021,2021-03-09,9330,2021-02-28,1955,022524,,7,2,5,4113,0,1,2,,2,048,"US-101 S/B","WOODSIDE RD",1584.00,N,N,A,-,Y,,,101,,,,,,S,N,4,0,1,2,A,-,03,22350,,N,C,C,A,A,H,-,D,D,0,,,,,Y,,A,01,0,0,1,0,0,0,0,0,0,"- ","- ",37.490970611572266,-122.21858215332031,"SAN MATEO","REDWOOD CITY",-122.21855163574219,37.491035461425781
91424142,2021,2021-03-10,9330,2021-03-01,1630,021315,,1,2,9,4100,0,1,3,,1,020,"SR-1 (CABRILLO HIGHWAY)","ROSSI RD.",1056.00,N,N,A,-,Y,,,1,,,,,,,Y,4,0,1,1,A,-,08,22107,,N,E,I,A,A,H,-,A,D,0,,,,,Y,,A,07,0,0,1,0,0,0,0,0,0,"- ","- ",37.150859832763672,-122.34954071044922,"SAN MATEO",UNINCORPORATED,-122.34954071044922,37.150859832763672
91424909,2021,2021-03-11,9330,2021-02-26,1420,021594,,5,2,9,4100,0,3,5,,2,004,"KINGS MOUTAIN ROAD",SR-35,10560.00,E,N,A,-,N,,,,,,,,,,Y,3,0,1,1,A,-,01,23152,A,N,E,I,A,A,H,-,A,D,0,,,,,Y,Y,A,01,0,1,0,0,0,0,0,0,0,"- ","- ",37.429168701171875,-122.29843902587891,"SAN MATEO",UNINCORPORATED,-122.29457092285156,37.431800842285156
91424962,2021,2021-03-11,9330,2021-03-02,0805,022590,,2,1,5,4113,0,1,2,,2,048,"US-101 N/B","WHIPPLE AVE",200.00,S,N,A,-,Y,,,101,,,,,,N,Y,3,0,1,2,A,-,08,22107,,N,D,C,A,A,D,-,A,D,0,,,,,Y,,A,07,0,1,0,0,0,0,0,0,0,"- ","- ",37.496131896972656,-122.23224639892578,"SAN MATEO","REDWOOD CITY",-122.23223876953125,37.496158599853516
91429210,2021,2021-03-17,9335,2021-03-07,1725,022241,,7,2,9,4100,0,1,3,,2,040,"SR-1 S/B","1ST ST",4134.00,N,N,A,-,Y,,,1,,,,,,S,Y,4,0,2,2,A,-,08,22107,,N,E,I,A,A,H,-,A,D,0,,,,,Y,,A,01,0,0,2,0,0,0,0,0,0,"- ","- ",37.557411193847656,-122.51389312744141,"SAN MATEO",UNINCORPORATED,-122.51388549804688,37.557415008544922
91430720,2021,2021-03-19,9330,2021-03-06,1552,021830,,6,2,5,4113,0,1,2,,2,048,"US-101 S/B","MAPLE STREET",97.00,S,N,A,-,Y,,,101,,,,,,S,Y,3,0,1,2,A,-,03,22350,,N,C,C,A,A,H,-,A,D,0,,,,,Y,,A,01,0,1,0,0,0,0,0,0,0,"- ","- ",37.492111206054688,-122.22113037109375,"SAN MATEO","REDWOOD CITY",-122.22109222412109,37.492183685302734
91430904,2021,2021-03-19,9335,2021-03-11,2225,021474,,4,3,9,4100,0,1,2,,2,011,"US-101 N/B","SAN BRUNO AVE. O/C",2865.00,S,N,A,-,Y,,,101,,,,,,N,Y,3,0,1,2,A,-,03,22350,,N,C,C,A,A,H,-,D,D,0,,,,,Y,,A,01,0,1,0,0,0,0,0,0,0,"- ","- ",37.623489379882812,-122.40070343017578,"SAN MATEO",UNINCORPORATED,-122.40065002441406,37.623508453369141
91432379,2021,2021-03-22,9330,2021-03-12,0825,022190,,5,1,4,4120,0,1,3,,1,035,"SR-92 W/B","TURNOUT #1",1056.00,W,N,A,-,Y,,,92,,,,,,W,Y,4,0,1,2,A,-,07,21658,A,N,B,C,A,A,C,-,A,D,0,,,Y,,Y,,A,07,0,0,1,0,0,0,0,0,1,"- ","- ",37.591140747070312,-122.24208068847656,"SAN MATEO","FOSTER CITY",-122.24208068847656,37.591152191162109
91433305,2021,2021-12-23,9330,2021-03-05,1550,022042,,5,2,4,4120,0,1,3,,1,035,"SR-92 E/B","FOSTER CITY BLVD",8976.00,E,N,A,-,Y,,,92,,,,,,E,Y,3,0,2,4,A,-,03,22350,,N,C,C,A,A,H,-,A,D,0,,,,,Y,,A,01,0,1,1,0,0,0,0,0,0,"- ","- ",37.583721160888672,-122.25154113769531,"SAN MATEO","FOSTER CITY",-122.25141906738281,37.583583831787109
91434783,2021,2021-03-25,9330,2021-03-18,1616,016184,,4,2,9,4100,0,1,3,,2,031,"SR-92 WB TO I-280 SB",SR-92,528.00,S,N,B,C,Y,,,,,,,,,,Y,4,0,1,1,A,-,03,22350,,N,E,I,A,B,H,-,A,D,0,,,,,Y,,A,01,0,0,1,0,0,0,0,0,0,"- ","- ",37.504741668701172,-122.33706665039062,"SAN MATEO",UNINCORPORATED,,
91435187,2021,2021-03-25,9345,2021-03-22,1705,020911,,1,2,4,4109,0,1,3,,2,084,"SR-84 N/B (DUMBARTON BRIDGE BRIDGE)","ALAMEDA COUNTY LINE",200.00,S,N,A,G,Y,,,84,,,,,,N,Y,4,0,1,3,A,-,03,22350,,N,B,C,A,A,H,-,A,D,0,,,,,Y,,A,01,0,0,1,0,0,0,0,0,0,"- ","- ",37.506511688232422,-122.11759185791016,"SAN MATEO","MENLO PARK",-122.11756134033203,37.5064697265625
91440320,2021,2021-03-31,9330,2021-03-29,1349,022575,,1,1,4,4104,0,1,2,,2,038,"US-101 SOUTHBOUND",BROADWAY,2100.00,S,N,A,-,Y,,,101,,,,,,S,Y,4,0,1,2,A,-,01,23152,F,N,C,C,A,A,D,-,A,D,0,,,,,Y,,A,07,0,0,1,0,0,0,0,0,0,"- ","- ",37.587390899658203,-122.35505676269531,"SAN MATEO",BURLINGAME,-122.35506439208984,37.587360382080078
91441031,2021,2021-04-01,9330,2021-03-23,1617,022575,,2,2,4,4102,0,1,2,,2,048,"US-101 N/B","RALSTON AVENUE",200.00,S,N,A,-,Y,,,101,,,,,,N,N,3,0,1,2,A,-,03,22350,,N,B,C,A,A,D,H,A,D,0,,,Y,,Y,,C,02,0,1,0,0,0,0,0,0,1,"- ","- ",37.525840759277344,-122.26950836181641,"SAN MATEO",BELMONT,-122.26949310302734,37.525859832763672
91445178,2021,2021-04-07,9330,2021-03-30,2005,016184,,2,2,9,4100,0,1,3,,1,056,"SR-82 N/B (EL CAMINO REAL)","BERKSHIRE AVENUE",220.00,S,N,A,-,Y,,,82,,,,,,N,N,3,0,1,2,A,-,11,21954,A,N,G,B,D,A,H,-,D,D,0,Y,,,,Y,,N,60,0,1,0,0,1,0,0,0,0,"- ","- ",37.468948364257812,-122.21122741699219,"SAN MATEO",UNINCORPORATED,-122.21131134033203,37.468841552734375
91445816,2021,2021-04-08,9330,2021-03-27,1630,021630,,6,2,5,4116,0,1,2,,2,048,"US-101 N/B","E. HILLSDALE BOULEVARD",528.00,N,N,A,-,Y,,,101,,,,,,N,N,4,0,1,3,A,-,03,22350,,N,C,C,A,A,C,-,A,D,0,,,,,Y,,A,01,0,0,1,0,0,0,0,0,0,"- ","- ",37.5465087890625,-122.28952789306641,"SAN MATEO","SAN MATEO",-122.28950500488281,37.546531677246094
9144646,2020,2020-10-07,4117,2020-08-18,1447,17KP02,23AA,2,5,5,4117,0,0,0,,0,004,"WOODSIDE CT","N TREESIDE CT",0.00,,Y,A,-,N,,,,,,,,,,N,3,0,1,2,A,-,09,21804,,N,H,G,A,A,H,-,A,D,0,,Y,,,Y,,A,01,0,1,0,0,0,0,1,0,0,"- ","- ",37.661769866943359,-122.42900848388672,"SAN MATEO","SOUTH SAN FRANCISCO",-122.42891693115234,37.661281585693359
9144648,2020,2020-10-07,4117,2020-08-04,2110,12JP07,22AE,2,5,5,4117,0,0,0,,0,003,"LUCCA DR","HILLSIDE BL",31.00,S,N,A,-,N,,,,,,,,,,N,3,0,1,1,A,-,08,22107,,N,E,I,A,A,H,-,A,D,0,,,,,Y,,A,01,0,1,0,0,0,0,0,0,0,"- ","- ",37.6673583984375,-122.42913818359375,"SAN MATEO","SOUTH SAN FRANCISCO",-122.42879486083984,37.667411804199219
9144649,2020,2020-10-08,4117,2020-08-14,0755,03JA06,19AW,5,5,5,4117,0,0,0,,0,002,"WESTBOROUGH BL","GELLERT BL",147.00,E,N,B,-,N,,,,,,,,,,Y,3,0,2,2,-,-,"- ",,,N,D,C,A,A,H,-,A,A,0,,,,,Y,,A,01,0,2,0,0,0,0,0,0,0,"- ","- ",37.643310546875,-122.45291137695312,"SAN MATEO","SOUTH SAN FRANCISCO",-122.45256805419922,37.643630981445312
9144650,2020,2020-10-07,4117,2020-08-21,1128,16AP10,17AS,5,5,5,4117,0,0,0,,0,003,"CUESTA DR","VERANO DR",0.00,,Y,F,-,Y,,,,,,,,,,N,3,0,1,2,A,-,12,22450,A,N,H,G,A,A,H,-,A,A,0,,Y,,,Y,,L,04,0,1,0,0,0,0,1,0,0,"- ","- ",37.652820587158203,-122.4459228515625,"SAN MATEO","SOUTH SAN FRANCISCO",-122.44589996337891,37.652809143066406
9144795,2020,2020-10-13,4101,2020-08-20,1145,14TB01,,4,5,2,4101,0,0,0,,0,001,"VALPARAISO AV","CRANE ST",5.00,E,N,A,-,N,,,,,,,,,,N,4,0,1,2,A,-,03,22350,,N,C,-,A,A,H,-,A,D,0,,,,,Y,,A,07,0,0,1,0,0,0,0,0,0,"- ","- ",37.453441619873047,-122.18974304199219,"SAN MATEO",ATHERTON,-122.18958282470703,37.453533172607422
9144797,2020,2020-10-13,4100,2020-08-12,2142,25241,WOOD,3,5,2,4118,0,0,0,,0,030,"PORTOLA RD","MOUNTAIN HOME RD",324.00,W,N,A,-,N,,,,,,,,,,Y,3,0,1,1,A,-,01,23152,A,N,E,I,A,-,H,-,D,D,0,,,,,Y,Y,A,01,0,1,0,0,0,0,0,0,0,"- ","- ",,,"SAN MATEO",WOODSIDE,-122.24908447265625,37.404350280761719
91448313,2021,2021-04-12,9330,2021-04-04,1800,021594,,7,2,9,4100,0,1,3,,1,020,"SR-1 N/B","COWELL RANCH ACCESS RD",2112.00,S,N,A,-,Y,,,1,,,,,,N,Y,3,0,2,1,A,-,08,22107,,N,F,I,A,A,H,-,A,D,0,,,,,Y,Y,A,01,0,1,1,0,0,0,0,0,0,"- ","- ",37.416938781738281,-122.42436218261719,"SAN MATEO",UNINCORPORATED,-122.42427062988281,37.416969299316406
91448581,2021,2021-04-12,9330,2021-03-30,1709,022595,,2,2,4,4104,0,1,2,,2,038,"US-101 S/B","POPLAR AVE",528.00,N,N,A,-,Y,,,,,,,,,,Y,3,0,1,2,A,-,08,22107,,N,C,C,A,A,H,-,A,D,0,,,,,Y,,A,01,0,1,0,0,0,0,0,0,0,"- ","- ",37.582271575927734,-122.32671356201172,"SAN MATEO",BURLINGAME,-122.32460021972656,37.580730438232422
91451886,2021,2021-04-16,9330,2021-04-10,1225,022101,,6,1,5,4116,0,1,2,,2,048,"US-101 N/B",SR-92,1056.00,S,N,A,-,Y,,,101,,,,,,N,Y,4,0,2,4,A,-,03,22350,,N,C,C,A,A,D,-,A,D,0,,,,,Y,,A,01,0,0,2,0,0,0,0,0,0,"- ","- ",37.549819946289062,-122.29274749755859,"SAN MATEO","SAN MATEO",-122.29269409179688,37.549877166748047
91452402,2021,2021-04-16,9330,2021-04-10,1855,022590,,6,2,4,4109,0,1,2,,2,058,"US-101 S/B","MARSH RD OVERCROSSING",75.00,S,N,A,-,Y,,,101,,,,,,S,Y,3,0,1,1,A,-,03,22350,,N,F,A,A,A,B,-,A,D,0,,,Y,,Y,,C,02,0,1,0,0,0,0,0,0,1,"- ","- ",37.484409332275391,-122.18434143066406,"SAN MATEO","MENLO PARK",-122.18434143066406,37.484416961669922
91453066,2021,2021-05-26,9330,2021-04-11,2050,022381,,7,2,4,4104,0,1,2,,2,038,"US-101 NB","BROADWAY OVERCROSSING",1162.00,S,N,A,-,Y,,,101,,,,,,N,N,4,0,1,2,A,-,03,22350,,N,C,C,A,A,D,-,C,D,0,,,,,Y,,D,22,0,0,1,0,0,0,0,0,0,"- ","- ",37.588451385498047,-122.35814666748047,"SAN MATEO",BURLINGAME,-122.35814666748047,37.588459014892578
91455263,2021,2021-04-21,9330,2021-03-23,1300,020778,,2,1,9,4100,0,2,4,,1,051,"5TH AVE","EDISON WAY",26.00,E,N,A,-,N,,,,,,,,,,N,3,0,1,2,A,-,03,22350,,N,C,C,A,A,H,-,A,A,0,,,,,Y,,A,01,0,1,0,0,0,0,0,0,0,"- ","- ",37.476329803466797,-122.20197296142578,"SAN MATEO",UNINCORPORATED,-122.20197296142578,37.476245880126953
91456184,2021,2021-04-22,9330,2021-03-26,0210,022385,,5,3,4,4109,0,1,2,,2,058,"US-101 N/B","WILLOW ROAD",446.00,S,N,A,-,Y,,,101,,,,,,N,Y,3,0,1,1,A,-,01,23152,A,N,E,I,A,A,H,-,C,D,0,,,,,Y,Y,A,01,0,1,0,0,0,0,0,0,0,"- ","- ",37.468650817871094,-122.15440368652344,"SAN MATEO","MENLO PARK",-122.15445709228516,37.468555450439453
91456923,2021,2021-04-23,9330,2021-03-13,1828,021830,,6,2,5,4116,0,1,2,,2,048,"US-101 N/B","E. HILLSDALE BOULEVARD",610.00,N,N,B,-,Y,,,101,,,,,,N,Y,4,0,2,2,A,-,03,22350,,N,C,C,A,A,D,-,D,D,0,,,,,Y,,A,01,0,0,2,0,0,0,0,0,0,"- ","- ",37.545970916748047,-122.28916931152344,"SAN MATEO","SAN MATEO",-122.28907012939453,37.546062469482422
9145730,2020,2020-09-17,4116,2020-07-31,1440,28187,22,5,5,5,4116,0,0,0,,0,00A,"SOUTH DELAWARE ST","CONCAR DR",0.00,,Y,A,-,N,,,,,,,,,,Y,3,0,1,2,A,-,03,22350,A,M,C,C,A,A,H,-,A,A,0,,,,,Y,,A,01,0,1,0,0,0,0,0,0,0,"- ","- ",37.554328918457031,-122.30610656738281,"SAN MATEO","SAN MATEO",-122.30609893798828,37.554340362548828
91457770,2021,2021-04-26,9330,2021-04-17,0150,022306,,6,3,4,4115,0,1,2,,2,048,"US-101 N/B","HOLLY STREET",2112.00,S,N,A,-,Y,,,101,,,,,,N,Y,3,0,1,1,A,-,01,23152,A,N,F,A,A,A,D,-,D,D,0,,,,,Y,Y,A,01,0,1,0,0,0,0,0,0,0,"- ","- ",37.508769989013672,-122.24996948242188,"SAN MATEO","SAN CARLOS",-122.25003051757812,37.508701324462891
91459038,2021,2021-04-27,9330,2021-04-18,1143,022212,,7,1,5,4116,0,1,2,,2,058,"US-101 N/B","HILLSDALE BLVD",1584.00,S,N,A,-,Y,,,101,,,,,,N,Y,4,0,4,5,A,-,03,22350,,N,C,C,A,A,D,-,A,D,0,,,,,Y,,A,01,0,0,4,0,0,0,0,0,0,"- ","- ",37.540779113769531,-122.28427124023438,"SAN MATEO","SAN MATEO",-122.28426361083984,37.540786743164062
9145945,2020,2020-09-18,4106,2020-07-23,2223,2148,8,4,5,6,4106,0,0,0,,0,004,"JOHN DALY","PARK PLAZA DR",0.00,,Y,A,-,N,,,,,,,,,,Y,3,0,1,2,-,-,"- ",,A,N,C,-,A,A,H,-,C,A,0,,,Y,,Y,,C,03,0,1,0,0,0,0,0,0,1,"- ","- ",,,"SAN MATEO","DALY CITY",-122.48223114013672,37.702098846435547
91459672,2021,2021-04-27,9330,2021-04-19,0800,021942,,1,1,4,4120,0,1,3,,1,035,"SR- 92 W/B","MARINERS ISLAND BOULEVARD",1056.00,E,N,A,-,Y,,,92,,,,,,W,Y,4,0,1,2,A,-,08,22107,,N,B,C,A,A,H,-,A,D,0,,,,,Y,,A,07,0,0,1,0,0,0,0,0,0,"- ","- ",37.558559417724609,-122.28154754638672,"SAN MATEO","FOSTER CITY",-122.28158569335938,37.558609008789062
91459710,2021,2021-04-27,9330,2021-04-21,0620,022098,,3,1,4,4104,0,1,2,,2,038,"US-101 N/B","PENINSULA AVE",4000.00,N,N,A,-,Y,,,,,,,,,,N,4,0,1,3,A,-,03,22350,,N,C,C,A,A,H,-,A,D,0,,,,,Y,,A,01,0,0,1,0,0,0,0,0,0,"- ","- ",37.351310729980469,-122.20319366455078,"SAN MATEO",BURLINGAME,-122.32865142822266,37.584480285644531
91460488,2021,2021-04-28,9330,2021-03-20,2041,022590,,6,2,9,4100,0,1,1,,2,044,"I-280 N/B","EDGEWOOD ROAD",9504.00,N,N,A,-,Y,,,280,,,,,,N,N,4,0,1,1,A,-,08,22107,,N,H,A,A,A,C,-,C,D,0,,,,,Y,,A,01,0,0,1,0,0,0,0,0,0,"- ","- ",37.473728179931641,-122.29705047607422,"SAN MATEO",UNINCORPORATED,-122.297119140625,37.473663330078125