CASE_ID,ACCIDENT_YEAR,PROC_DATE,JURIS,COLLISION_DATE,COLLISION_TIME,OFFICER_ID,REPORTING_DISTRICT,DAY_OF_WEEK,CHP_SHIFT,POPULATION,CNTY_CITY_LOC,SPECIAL_COND,BEAT_TYPE,CHP_BEAT_TYPE,CITY_DIVISION_LAPD,CHP_BEAT_CLASS,BEAT_NUMBER,PRIMARY_RD,SECONDARY_RD,DISTANCE,DIRECTION,INTERSECTION,WEATHER_1,WEATHER_2,STATE_HWY_IND,CALTRANS_COUNTY,CALTRANS_DISTRICT,STATE_ROUTE,ROUTE_SUFFIX,POSTMILE_PREFIX,POSTMILE,LOCATION_TYPE,RAMP_INTERSECTION,SIDE_OF_HWY,TOW_AWAY,COLLISION_SEVERITY,NUMBER_KILLED,NUMBER_INJURED,PARTY_COUNT,PRIMARY_COLL_FACTOR,PCF_CODE_OF_VIOL,PCF_VIOL_CATEGORY,PCF_VIOLATION,PCF_VIOL_SUBSECTION,HIT_AND_RUN,TYPE_OF_COLLISION,MVIW,PED_ACTION,ROAD_SURFACE,ROAD_COND_1,ROAD_COND_2,LIGHTING,CONTROL_DEVICE,CHP_ROAD_TYPE,PEDESTRIAN_ACCIDENT,BICYCLE_ACCIDENT,MOTORCYCLE_ACCIDENT,TRUCK_ACCIDENT,NOT_PRIVATE_PROPERTY,ALCOHOL_INVOLVED,STWD_VEHTYPE_AT_FAULT,CHP_VEHTYPE_AT_FAULT,COUNT_SEVERE_INJ,COUNT_VISIBLE_INJ,COUNT_COMPLAINT_PAIN,COUNT_PED_KILLED,COUNT_PED_INJURED,COUNT_BICYCLIST_KILLED,COUNT_BICYCLIST_INJURED,COUNT_MC_KILLED,COUNT_MC_INJURED,PRIMARY_RAMP,SECONDARY_RAMP,LATITUDE,LONGITUDE,COUNTY,CITY,POINT_X,POINT_Y
92002090,2023,2023-02-24,9330,2023-02-18,"850 ",022824,,6,1,9,4100,0,1,3,,1,021,"SR-84 (LA HONDA ROAD)","OLD LA HONDA RD",2528.00,W,N,A,-,Y,SM,,84," "," ",11.641,H,,R,Y,3,0,1,1,A,-,08,22107,,N,E,8,A,A,H,-,A,D,0,,,,,Y,,A,01,0,1,0,0,0,0,0,0,0,"- ","- ",37.35028076171875,-122.26573944091797,"SAN MATEO",UNINCORPORATED,-122.26576995849609,37.350292205810547
92007978,2023,2023-03-02,9330,2023-02-18,1120,022914,,6,1,5,4116,0,1,2,,2,048,"US-101 NORTHBOUND","HILLSDALE BOULEVARD",2000.00,S,N,A,-,Y,SM,,101," "," ",10.752,H,,R,Y,3,0,1,3,A,-,03,22350,,N,C,C,A,A,H,-,A,D,0,,,,,Y,,A,07,0,1,0,0,0,0,0,0,0,"- ","- ",37.5400390625,-122.28353118896484,"SAN MATEO","SAN MATEO",-122.2835693359375,37.540019989013672
92008775,2023,2023-03-03,9330,2023-02-19,1305,022785,,7,1,3,4110,0,1,1,,2,034,"I-280 NB","LARKSPUR DR",1584.00,N,N,A,-,Y,SM,,280," ",R,18.773,H,,R,Y,4,0,1,1,A,-,08,22107,,N,E,I,A,A,H,-,A,D,0,,,,,Y,,D,22,0,0,1,0,0,0,0,0,0,"- ","- ",37.598621368408203,-122.42234039306641,"SAN MATEO",MILLBRAE,-122.42220306396484,37.598724365234375
92008796,2023,2023-03-03,9330,2023-02-19,1630,023042,,7,2,9,4100,0,1,3,,1,021,SR-84,"HILDEBRAND ROAD",1100.00,E,N,A,-,Y,SM,,84," "," ",9.467,H,,R,Y,4,0,1,1,A,-,08,22107,,N,F,A,A,A,H,-,A,D,0,,,,,Y,,A,07,0,0,1,0,0,0,0,0,0,"- ","- ",37.327259063720703,-122.27101898193359,"SAN MATEO",UNINCORPORATED,-122.27097320556641,37.327251434326172
92010418,2023,2023-03-06,9330,2023-02-10,"810 ",023039,,5,1,5,4113,0,1,2,,2,048,"US-101 S/B","WOODSIDE ROAD",2376.00,N,N,A,-,Y,SM,,101," "," ",5.873,H,,L,Y,4,0,4,5,A,-,03,22350,,N,C,D,A,A,H,-,A,D,0,,,,,Y,,A,01,0,0,4,0,0,0,0,0,0,"- ","- ",37.491939544677734,-122.22055816650391,"SAN MATEO","REDWOOD CITY",-122.22055816650391,37.491943359375
92010720,2023,2023-03-06,9335,2023-02-28,"340 ",023119,,2,3,9,4100,0,1,3,,2,041,"SR 1 SB","NORTH ROAD EDGE OF MANOR O/C",4013.00,N,N,C,-,Y,SM,,1," "," ",45.837,H,,L,N,3,0,2,1,A,-,03,22350,,N,E,I,A,B,H,-,D,D,0,,,,,Y,,A,01,0,2,0,0,0,0,0,0,0,"- ","- ",37.657821655273438,-122.48709106445312,"SAN MATEO",UNINCORPORATED,-122.48707580566406,37.657871246337891
92014239,2023,2023-03-09,9330,2023-02-27,1300,020554,,1,1,9,4100,0,1,1,,2,044,"I-280 S/B","VISTA POINT 3",1275.00,S,N,B,C,Y,SM,,280," "," ",9.154,H,,L,Y,3,0,1,2,A,-,03,22350,,N,C,C,A,B,H,-,A,D,0,,,,,Y,,A,07,0,1,0,0,0,0,0,0,0,"- ","- ",37.49639892578125,-122.31210327148438,"SAN MATEO",UNINCORPORATED,-122.31214141845703,37.496318817138672
92016635,2023,2023-03-13,9330,2023-03-01,1335,022244,,3,1,4,4120,0,1,3,,1,035,"SR-92 (SAN MATEO BRIDGE) WESTBOUND","FOSTER CITY BOULEVARD",10560.00,E,N,A,-,Y,SM,,92," ",R,15.552,H,,L,N,4,0,1,3,A,-,03,22350,,N,C,C,A,A,H,-,A,D,0,,,,,Y,,A,01,0,0,1,0,0,0,0,0,0,"- ","- ",37.58538818359375,-122.24967193603516,"SAN MATEO","FOSTER CITY",-122.24980163574219,37.585483551025391
92016680,2023,2023-03-13,9330,2023-02-27,1000,020646,,1,1,4,4104,0,1,2,,2,038,"US-101 S/B",BROADWAY,1266.00,S,N,B,C,Y,SM,,101," "," ",16.365,H,,L,N,4,0,1,1,A,-,08,22107,,N,E,I,A,B,H,-,A,D,0,,,,,Y,,A,07,0,0,1,0,0,0,0,0,0,"- ","- ",37.588081359863281,-122.35803985595703,"SAN MATEO",BURLINGAME,-122.35797882080078,37.588176727294922
92017105,2023,2023-03-14,9330,2023-03-04,1140,022824,,6,1,4,4120,0,1,3,,1,035,"SR-92 EB","TURNOUT #1",1512.00,W,N,C,G,Y,SM,,92," ",R,16.017,H,,R,Y,4,0,1,1,A,-,08,22107,,N,E,I,A,B,H,-,A,D,0,,,,,Y,,A,07,0,0,1,0,0,0,0,0,0,"- ","- ",37.590358734130859,-122.24376678466797,"SAN MATEO","FOSTER CITY",-122.24376678466797,37.590354919433594
92018290,2023,2023-03-15,9330,2023-03-03,"750 ",022876,,5,1,5,4116,0,1,2,,2,038,"US-101 NORTHBOUND","PENINSULA AVENUE",350.00,S,N,B,-,Y,SM,,101," "," ",14.616,H,,R,N,4,0,1,3,A,-,03,22350,,N,C,C,A,A,H,-,A,D,0,,,,,Y,,A,01,0,0,1,0,0,0,0,0,0,"- ","- ",37.583560943603516,-122.32772827148438,"SAN MATEO","SAN MATEO",-122.32767486572266,37.583599090576172
92019345,2023,2023-03-16,9330,2023-03-01,1038,020554,,3,1,9,4100,0,1,1,,2,034,"I-280 S/B","TROUSDALE DR",4224.00,S,N,A,-,Y,SM,,280," ",R,16.395,H,,L,Y,4,0,1,1,A,-,08,22107,,N,E,I,A,A,H,-,A,D,0,,,,,Y,,A,01,0,0,1,0,0,0,0,0,0,"- ","- ",37.570869445800781,-122.39727020263672,"SAN MATEO",UNINCORPORATED,-122.39735412597656,37.570819854736328
92020831,2023,2023-03-17,9335,2023-03-01,2110,023111,,3,2,5,4117,0,1,2,,2,012,"US-101 N/B","SOUTH AIRPORT BOULEVARD UNDERCROSSING",627.00,S,N,A,-,Y,SM,,101," "," ",21.574,H,,R,Y,4,0,1,3,A,-,03,22350,,N,C,C,A,A,H,-,C,D,0,,,,,Y,,A,01,0,0,1,0,0,0,0,0,0,"- ","- ",37.648239135742188,-122.40635681152344,"SAN MATEO","SOUTH SAN FRANCISCO",-122.40645599365234,37.648235321044922
92021862,2023,2023-03-20,9330,2023-03-11,1050,022785,,6,1,9,4100,0,3,5,,2,511,"SAND HILL RD","PORTOLA RD",0.00,,Y,A,-,Y,,,,,,,,,,N,2,0,1,2,A,-,09,21802,A,N,D,G,A,B,H,-,A,A,0,,Y,,,Y,,A,01,1,0,0,0,0,0,1,0,0,"- ","- ",37.402420043945312,-122.2451171875,"SAN MATEO",UNINCORPORATED,-122.24507141113281,37.402397155761719
92022138,2023,2023-03-20,9330,2023-03-12,1445,023032,,7,2,9,4100,0,1,1,,2,034,"I-280 SB","BLACK MOUNTAIN RD",528.00,S,N,C,-,Y,SM,,280," ",R,14.138,H,,L,N,4,0,1,1,A,-,03,22350,,N,E,I,A,B,H,-,B,D,0,,,,,Y,,A,01,0,0,1,0,0,0,0,0,0,"- ","- ",37.546188354492188,-122.37152862548828,"SAN MATEO",UNINCORPORATED,-122.37163543701172,37.546127319335938
92022830,2023,2023-03-20,9330,2023-03-12,"725 ",022876,,7,1,4,4104,0,1,2,,2,038,"US-101 S/B",BROADWAY,1160.00,S,N,B,C,Y,SM,,101," "," ",16.385,H,,L,Y,3,0,2,1,A,-,01,23152,A,N,E,I,A,B,H,-,B,D,0,,,,,Y,Y,A,01,0,2,0,0,0,0,0,0,0,"- ","- ",37.588230133056641,-122.35836791992188,"SAN MATEO",BURLINGAME,-122.35831451416016,37.588314056396484
92025622,2023,2023-03-22,9330,2023-02-27,1635,021243,,1,2,2,4118,0,1,1,,2,044,"I-280 SOUTHBOUND","FARM HILL BOULEVARD",2200.00,N,N,B,C,Y,SM,,280," ",R,5.163,H,,L,Y,3,0,1,2,A,-,03,22350,,N,C,C,A,B,H,-,A,D,0,,,,,Y,,A,01,0,1,0,0,0,0,0,0,0,"- ","- ",37.445529937744141,-122.27169799804688,"SAN MATEO",WOODSIDE,-122.27178192138672,37.445446014404297
92027195,2023,2023-03-23,9330,2023-02-06,"900 ",021942,,1,1,4,4127,0,1,2,,2,058,"US-101 SB","WILLOW ROAD",20.00,S,N,A,-,Y,SM,,101," "," ",1.873,H,,L,Y,3,0,2,4,A,-,08,22107,,N,B,C,A,A,H,-,A,D,0,,,,,Y,,A,01,0,1,1,0,0,0,0,0,0,"- ","- ",37.468830108642578,-122.15531158447266,"SAN MATEO","EAST PALO ALTO",-122.15530395507812,37.468837738037109
92027914,2023,2023-03-24,9330,2023-03-21,1140,023133,,2,1,9,4100,0,1,1,,2,044,"I 280 N/B","VISTA #3",1584.00,S,N,C,-,Y,SM,,280," "," ",9.106,H,,R,Y,3,0,1,1,A,-,03,22350,,N,F,I,A,B,H,-,A,D,0,,,,,Y,,A,01,0,1,0,0,0,0,0,0,0,"- ","- ",37.496379852294922,-122.31114959716797,"SAN MATEO",UNINCORPORATED,-122.31114959716797,37.496387481689453
92029041,2023,2023-03-27,9330,2023-03-25,1700,023032,,6,2,9,4100,0,3,5,,2,203,"STAGE RD","SAN GREGORIO RD",2640.00,N,N,A,-,N,,,,,,,,,,N,4,0,1,1,A,-,03,22350,,N,E,I,A,A,H,-,A,D,0,,,,,Y,,A,01,0,0,1,0,0,0,0,0,0,"- ","- ",37.333721160888672,-122.39071655273438,"SAN MATEO",UNINCORPORATED,,
92030947,2023,2023-03-28,9330,2023-03-20,1840,023281,,1,2,4,4109,0,1,2,,2,058,"US 101 N/B","WILLOW ROAD",1566.00,N,N,A,-,Y,SM,,101," "," ",1.547,H,,R,Y,4,0,2,3,A,-,03,22350,,N,C,C,A,A,H,-,A,D,0,,,,,Y,,A,01,0,0,2,0,0,0,0,0,0,"- ","- ",37.466171264648438,-122.15057373046875,"SAN MATEO","MENLO PARK",-122.1505126953125,37.466236114501953
92031669,2023,2023-03-29,9330,2023-03-21,1535,023251,,2,2,9,4100,0,1,1,,2,044,"I-280 N/B","EDGEWOOD RD.",420.00,N,N,B,C,Y,SM,,280," "," ",6.722,H,,R,Y,4,0,1,3,A,-,03,22350,,N,B,C,A,B,H,-,A,D,0,,,,,Y,,A,07,0,0,1,0,0,0,0,0,0,"- ","- ",37.469230651855469,-122.29267120361328,"SAN MATEO",UNINCORPORATED,-122.29274749755859,37.469192504882812
92032381,2023,2023-03-30,9330,2023-03-22,2210,023191,,3,3,5,4116,0,1,2,,2,038,"US 101 S/B",SR-92,1163.00,N,N,C,-,Y,SM,,101," "," ",12.129,H,,L,Y,3,0,3,4,A,-,01,23153,A,N,C,E,A,B,H,-,C,D,0,,,,,Y,Y,A,01,0,1,2,0,0,0,0,0,0,"- ","- ",37.555988311767578,-122.29889678955078,"SAN MATEO","SAN MATEO",-122.29882049560547,37.556034088134766
92032743,2023,2023-03-30,9330,2023-03-29,"750 ",023254,,3,1,5,4116,0,1,2,,2,038,"US-101 N/B","PENINSULA AVENUE",459.00,S,N,C,-,Y,SM,,101," "," ",14.577,H,,R,N,4,0,1,3,A,-,03,22350,,N,C,D,A,B,H,-,A,D,0,,,,,Y,,D,22,0,0,1,0,0,0,0,0,0,"- ","- ",37.5831298828125,-122.32726287841797,"SAN MATEO","SAN MATEO",-122.32720947265625,37.583164215087891
92034544,2023,2023-03-31,9330,2023-03-23,2320,023039,,4,3,5,4113,0,1,2,,2,048,"US-101 S/B","WOODSIDE ROAD",422.00,N,N,B,-,Y,SM,,101," "," ",6.230,H,,L,Y,3,0,1,1,A,-,01,23152,A,N,F,A,A,B,H,-,C,D,0,,,Y,,Y,Y,C,02,0,1,0,0,0,0,0,0,1,"- ","- ",37.494289398193359,-122.22637176513672,"SAN MATEO","REDWOOD CITY",-122.22634887695312,37.494327545166016
92035689,2023,2023-04-03,9335,2023-03-21,2141,022860,,2,2,6,4106,0,1,1,,2,021,"I-280 N/B","SERRAMONTE BLVD UNDERCROSSING",350.00,S,N,C,-,Y,SM,,280," ",R,24.590,H,,R,Y,3,0,1,1,A,-,08,22107,,N,E,I,A,B,H,-,D,D,0,,,,,Y,,A,01,0,1,0,0,0,0,0,0,0,"- ","- ",37.66912841796875,-122.46582794189453,"SAN MATEO","DALY CITY",-122.46568298339844,37.669143676757812
92039351,2023,2023-04-07,9335,2023-03-28,"130 ",023111,,2,3,3,4110,0,1,2,,2,011,"US-101 S/B","MILLBRAE AVENUE",1972.00,N,N,A,-,Y,SM,,101," "," ",18.311,H,,L,Y,4,0,1,2,A,-,03,22350,,N,C,C,A,A,H,-,C,D,0,,,,,Y,,A,01,0,0,1,0,0,0,0,0,0,"- ","- ",37.605949401855469,-122.38571929931641,"SAN MATEO",MILLBRAE,-122.38575744628906,37.605915069580078
92039419,2023,2023-04-07,9330,2023-04-05,2040,023133,,3,2,9,4100,0,1,1,,2,054,"APLINE ROAD",I-280,282.00,E,N,A,-,N,,,,,,,,,,Y,4,0,1,2,A,-,12,22450,A,N,B,C,A,A,H,-,D,A,0,,,,,Y,,D,22,0,0,1,0,0,0,0,0,0,"- ","- ",37.410179138183594,-122.19467163085938,"SAN MATEO",UNINCORPORATED,-122.19465637207031,37.410045623779297
92039574,2023,2023-04-07,9330,2023-02-23,"715 ",022409,,4,1,9,4100,0,1,3,,1,020,SR-1,"PIGEON POINT ROAD",140.00,S,N,B,F,Y,SM,,1," "," ",7.279,H,,R,Y,4,0,1,2,A,-,03,22350,,N,A,C,A,C,H,-,A,D,0,,,,,Y,,A,01,0,0,1,0,0,0,0,0,0,"- ","- ",37.182151794433594,-122.37846374511719,"SAN MATEO",UNINCORPORATED,-122.37846374511719,37.182147979736328
92040342,2023,2023-04-10,9330,2023-03-31,1630,023032,,5,2,9,4100,0,3,5,,2,406,"OLD COUNTY ROAD","HARBOR BOULEVARD",0.00,,Y,A,-,N,,,,,,,,,,N,4,0,1,2,A,-,09,21801,,N,A,C,A,A,H,-,A,A,0,,,,,Y,,A,01,0,0,1,0,0,0,0,0,0,"- ","- ",37.517730712890625,-122.27118682861328,"SAN MATEO",UNINCORPORATED,-122.27120208740234,37.517742156982422
9204201,2020,2021-02-03,4111,2020-11-17,1121,P5104,P12,2,5,4,4111,0,0,0,,0,0P2,"CABRILLO HWY","ROCKAWAY BEACH AV",86.00,N,N,C,-,N,,,,,,,,,,N,4,0,1,2,A,-,03,22350,,N,D,C,A,B,H,-,A,D,0,,,,,Y,,I,11,0,0,1,0,0,0,0,0,0,"- ","- ",,,"SAN MATEO",PACIFICA,-122.49510955810547,37.608921051025391
92046723,2023,2023-04-17,9330,2023-04-15,1022,023039,,6,1,9,4100,0,1,1,,2,034,"BLACK MOUNTIN ROAD","I-280 N/B",0.00,,Y,A,-,Y,,,,,,,,,,N,4,0,1,2,A,-,09,21801,A,N,D,C,A,A,H,-,A,D,0,,,,,Y,,A,07,0,0,1,0,0,0,0,0,0,"- ","- ",37.547748565673828,-122.37193298339844,"SAN MATEO",UNINCORPORATED,,
92048364,2023,2023-04-19,9330,2023-04-15,2303,023060,,6,3,9,4100,0,1,1,,2,034,"I-280 S/B","MILLBRAE AVE",6336.00,S,N,A,-,Y,SM,,280," ",R,15.966,H,,L,Y,4,0,1,3,A,-,03,22350,,N,C,C,A,A,H,-,D,D,0,,,,,Y,,A,01,0,0,1,0,0,0,0,0,0,"- ","- ",37.566520690917969,-122.39183807373047,"SAN MATEO",UNINCORPORATED,-122.39182281494141,37.566551208496094
92048757,2023,2023-04-19,9345,2023-04-18,"810 ",020328,,2,1,4,4109,0,1,3,,2,084,"SR-84 N/B","SAN MATEO COUNTY LINE",300.00,S,N,A,-,Y,SM,,84," ",R,29.738,H,,R,Y,4,0,1,2,A,-,03,22350,,N,C,C,A,A,H,-,A,D,0,,,,,Y,,D,22,0,0,1,0,0,0,0,0,0,"- ","- ",37.502769470214844,-122.12306976318359,"SAN MATEO","MENLO PARK",-122.12314605712891,37.502838134765625
92048914,2023,2023-04-19,9330,2023-04-18,"840 ",023158,,2,1,4,4115,0,1,2,,2,048,"US 101 S/B","BRITTAN AVE",800.00,N,N,A,-,Y,SM,,101," "," ",7.752,H,,L,Y,4,0,1,5,A,-,07,21658,A,N,C,C,A,A,H,-,A,D,0,,,,,Y,,A,01,0,0,1,0,0,0,0,0,0,"- ","- ",37.506931304931641,-122.24826812744141,"SAN MATEO","SAN CARLOS",-122.24831390380859,37.50689697265625
92049556,2023,2023-04-20,9330,2023-04-15,"230 ",023165,,6,3,5,4116,0,1,2,,2,038,"US-101 S/B","POPLAR AVE",2640.00,N,N,A,-,Y,SM,,101," "," ",15.022,H,,L,Y,3,0,4,2,A,-,01,23153,A,N,C,C,A,A,H,-,C,D,0,,,,,Y,Y,A,01,0,3,1,0,0,0,0,0,0,"- ","- ",37.586620330810547,-122.33377838134766,"SAN MATEO","SAN MATEO",-122.33377838134766,37.586616516113281
92049912,2023,2023-04-20,9330,2023-04-14,"834 ",022785,,5,1,9,4100,0,1,1,,2,044,"I-280 N/B","FARM HILL BLVD",3530.00,N,N,A,-,Y,SM,,280," ",R,5.278,H,,R,Y,4,0,1,1,A,-,01,23152,F,N,A,I,A,A,H,-,A,D,0,,,,,Y,,D,22,0,0,1,0,0,0,0,0,0,"- ","- ",37.446910858154297,-122.27333831787109,"SAN MATEO",UNINCORPORATED,-122.27342224121094,37.446834564208984
92049926,2023,2023-04-20,9330,2023-04-17,"340 ",022754,,1,3,5,4113,0,1,2,,2,058,"US-101 S/B","MARSH ROAD",2112.00,S,N,A,-,Y,SM,,101," "," ",3.172,H,,L,Y,3,0,1,1,A,-,08,22107,,N,E,I,A,A,H,-,C,D,0,,,,,Y,,A,01,0,1,0,0,0,0,0,0,0,"- ","- ",37.480140686035156,-122.17446136474609,"SAN MATEO","REDWOOD CITY",-122.17455291748047,37.480037689208984
92050101,2023,2023-04-21,9330,2023-04-18,1530,019764,,2,2,9,4100,0,3,5,,2,003,"GOLF COURSE DR.","BLACK MOUNTAIN RD.",440.00,W,N,A,-,N,,,,,,,,,,N,4,0,2,2,D,-,00,,,N,D,C,A,A,H,-,A,D,0,,,,,Y,,-,"- ",0,0,2,0,0,0,0,0,0,"- ","- ",37.547740936279297,-122.3719482421875,"SAN MATEO",UNINCORPORATED,-122.37191772460938,37.547748565673828
92051639,2023,2023-04-24,9330,2023-04-14,"230 ",023165,,5,3,4,4104,0,1,2,,2,038,"US-101 S/B",BROADWAY,1056.00,N,N,A,-,Y,SM,,101," "," ",16.991,H,,L,Y,3,0,1,2,A,-,03,22350,,N,D,C,A,A,H,-,C,D,0,,,,,Y,,A,01,0,1,0,0,0,0,0,0,0,"- ","- ",37.593719482421875,-122.36699676513672,"SAN MATEO",BURLINGAME,-122.36701965332031,37.593696594238281
9205199,2020,2021-03-11,4113,2020-01-12,1137,475,6,7,5,5,4113,0,0,0,,0,006,"EL CAMINO  REAL","ROOSEVELT AV",0.00,,Y,A,-,N,,,,,,,,,,N,3,0,1,2,A,-,03,22350,,N,C,C,A,A,H,-,A,A,0,,,,,Y,,D,22,0,1,0,0,0,0,0,0,0,"- ","- ",37.479179382324219,-122.22547912597656,"SAN MATEO","REDWOOD CITY",-122.22557067871094,37.479099273681641
92052612,2023,2023-04-25,9330,2023-04-21,"930 ",022929,,5,1,4,4109,0,1,2,,2,058,"US-101 SOUTHBOUND FROM UNIVERSITY AVENUE","UNIVERSITY AVENUE",200.00,S,N,A,-,Y,,,,,,,,,,Y,2,0,1,1,A,-,03,22350,,N,F,A,A,A,A,-,A,A,0,,,Y,,Y,,C,02,1,0,0,0,0,0,0,0,1,"- ","- ",37.458930969238281,-122.14079284667969,"SAN MATEO","MENLO PARK",-122.13809204101562,37.458698272705078
92053928,2023,2023-04-26,9330,2023-04-18,1708,023265,,2,2,4,4127,0,1,2,,2,058,"US-101 S/B TO UNIVERSITY AVENUE","UNIVERSITY AVENUE",1056.00,N,N,A,-,Y,SM,,101," "," ",1.001,H,,L,Y,4,0,1,2,A,-,03,22350,,N,C,C,A,A,H,-,A,D,0,,,,,Y,,A,01,0,0,1,0,0,0,0,0,0,"- ","- ",37.461139678955078,-122.14259338378906,"SAN MATEO","EAST PALO ALTO",-122.14246368408203,37.461269378662109
92056617,2023,2023-04-28,9330,2023-04-26,"520 ",022409,,3,3,5,4116,0,1,3,,2,031,"SR-92 WB","W. HILLSDALE BLVD.",1000.00,E,N,A,-,Y,SM,,92," ",R,9.595,H,,L,Y,3,0,1,2,A,-,03,22350,,M,C,C,A,A,H,-,A,D,0,,,,,Y,,A,07,0,1,0,0,0,0,0,0,0,"- ","- ",37.535591125488281,-122.32920074462891,"SAN MATEO","SAN MATEO",-122.32913970947266,37.535594940185547
92057847,2023,2023-05-01,9330,2023-04-24,2348,022735,,1,3,9,4100,0,1,1,,2,044,"SARATOGA AVENUE","STATE ROUTE 85",10.00,W,N,A,-,N,,,,,,,,,,N,3,0,1,1,A,-,01,23152,A,N,E,I,A,A,H,-,C,A,0,,,,,Y,Y,A,01,0,1,0,0,0,0,0,0,0,"- ","- ",37.276611328125,-122.00753784179688,"SAN MATEO",UNINCORPORATED,,
92057871,2023,2023-05-01,9330,2023-04-21,2050,022933,,5,2,9,4100,0,1,3,,2,042,"SR-35 NB",SR-92,504.00,S,N,A,-,Y,SM,,35," "," ",22.894,H,,R,Y,2,0,2,2,A,-,05,21460,A,N,A,C,A,A,H,-,D,D,0,,,,,Y,,D,22,1,0,1,0,0,0,0,0,0,"- ","- ",37.494319915771484,-122.36797332763672,"SAN MATEO",UNINCORPORATED,-122.36796569824219,37.494319915771484
92058127,2023,2023-05-01,9330,2023-04-27,"905 ",023039,,4,1,4,4109,0,1,2,,2,058,"US-101 S/B","MARSH ROAD",1320.00,S,N,A,-,Y,SM,,101," "," ",3.323,H,,L,N,4,0,1,2,A,-,03,22350,,N,C,C,A,A,H,-,A,D,0,,,,,Y,,A,01,0,0,1,0,0,0,0,0,0,"- ","- ",37.481300354003906,-122.17671203613281,"SAN MATEO","MENLO PARK",-122.17671203613281,37.481300354003906
92059515,2023,2023-10-16,9335,2023-04-21,1534,021339,,5,2,6,4106,0,1,1,,2,021,"I-280 N/B","JOHN DALY BLVD OVERCROSSING",1690.00,S,N,A,-,Y,SM,,280," ",R,26.826,H,,R,Y,2,0,1,3,A,-,07,21658,A,N,B,C,A,A,H,-,A,D,0,,,Y,,Y,,A,01,1,0,0,0,0,0,0,0,1,"- ","- ",37.700218200683594,-122.47138214111328,"SAN MATEO","DALY CITY",-122.47135925292969,37.700218200683594
92060269,2023,2023-05-03,9330,2023-04-27,"545 ",023251,,4,3,4,4104,0,1,2,,2,038,"US-101 S/B",BROADWAY,1056.00,N,N,A,-,Y,SM,,101," "," ",16.869,H,,L,Y,4,0,1,2,A,-,08,22107,,N,B,C,A,A,H,-,B,D,0,,,,,Y,,A,01,0,0,1,0,0,0,0,0,0,"- ","- ",37.59259033203125,-122.36528778076172,"SAN MATEO",BURLINGAME,-122.36530303955078,37.592578887939453
92062700,2023,2023-05-05,9335,2023-05-04,1021,019581,,4,1,5,4117,0,1,2,,2,012,"US-101 N/B","GRAND AVE.",460.00,N,N,A,-,Y,SM,,101," "," ",22.147,H,,R,Y,4,0,3,2,A,-,07,21658,A,N,B,C,A,A,H,-,A,D,0,,,,,Y,,A,01,0,0,3,0,0,0,0,0,0,"- ","- ",37.656059265136719,-122.40653228759766,"SAN MATEO","SOUTH SAN FRANCISCO",-122.40650177001953,37.656055450439453
92063137,2023,2023-05-08,9330,2023-05-04,"820 ",023265,,4,1,5,4116,0,1,3,,1,035,"SR-92 W/B",US-101,2640.00,E,N,A,-,Y,SM,,92," ",R,12.624,H,,L,N,4,0,1,2,A,-,03,22350,,N,C,C,A,B,H,-,A,D,0,,,,,Y,,A,07,0,0,1,0,0,0,0,0,0,"- ","- ",37.555450439453125,-122.28764343261719,"SAN MATEO","SAN MATEO",-122.28763580322266,37.555446624755859
92063429,2023,2023-05-17,9330,2023-05-07,"747 ",020646,,7,1,9,4100,0,1,3,,2,031,"SR92 E/B","RALSTON AVENUE",55.00,E,N,B,-,Y,SM,,92," ",R,7.948,H,,R,Y,4,0,1,1,A,-,08,22107,,N,F,A,A,A,H,-,A,D,0,,,,,Y,,A,01,0,0,1,0,0,0,0,0,0,"- ","- ",37.512710571289062,-122.32964324951172,"SAN MATEO",UNINCORPORATED,-122.32981872558594,37.512790679931641
92063843,2023,2023-05-08,9330,2023-05-03,1545,019764,,3,2,9,4100,0,1,1,,2,044,"I-280 N/B",SR-92,5808.00,S,N,B,C,Y,SM,,280," "," ",9.617,H,,R,N,4,0,1,1,A,-,03,22350,,N,E,I,A,B,H,-,A,D,0,,,,,Y,,A,01,0,0,1,0,0,0,0,0,0,"- ","- ",37.500019073486328,-122.31919860839844,"SAN MATEO",UNINCORPORATED,-122.31913757324219,37.500133514404297