CASE_ID,ACCIDENT_YEAR,PROC_DATE,JURIS,COLLISION_DATE,COLLISION_TIME,OFFICER_ID,REPORTING_DISTRICT,DAY_OF_WEEK,CHP_SHIFT,POPULATION,CNTY_CITY_LOC,SPECIAL_COND,BEAT_TYPE,CHP_BEAT_TYPE,CITY_DIVISION_LAPD,CHP_BEAT_CLASS,BEAT_NUMBER,PRIMARY_RD,SECONDARY_RD,DISTANCE,DIRECTION,INTERSECTION,WEATHER_1,WEATHER_2,STATE_HWY_IND,CALTRANS_COUNTY,CALTRANS_DISTRICT,STATE_ROUTE,ROUTE_SUFFIX,POSTMILE_PREFIX,POSTMILE,LOCATION_TYPE,RAMP_INTERSECTION,SIDE_OF_HWY,TOW_AWAY,COLLISION_SEVERITY,NUMBER_KILLED,NUMBER_INJURED,PARTY_COUNT,PRIMARY_COLL_FACTOR,PCF_CODE_OF_VIOL,PCF_VIOL_CATEGORY,PCF_VIOLATION,PCF_VIOL_SUBSECTION,HIT_AND_RUN,TYPE_OF_COLLISION,MVIW,PED_ACTION,ROAD_SURFACE,ROAD_COND_1,ROAD_COND_2,LIGHTING,CONTROL_DEVICE,CHP_ROAD_TYPE,PEDESTRIAN_ACCIDENT,BICYCLE_ACCIDENT,MOTORCYCLE_ACCIDENT,TRUCK_ACCIDENT,NOT_PRIVATE_PROPERTY,ALCOHOL_INVOLVED,STWD_VEHTYPE_AT_FAULT,CHP_VEHTYPE_AT_FAULT,COUNT_SEVERE_INJ,COUNT_VISIBLE_INJ,COUNT_COMPLAINT_PAIN,COUNT_PED_KILLED,COUNT_PED_INJURED,COUNT_BICYCLIST_KILLED,COUNT_BICYCLIST_INJURED,COUNT_MC_KILLED,COUNT_MC_INJURED,PRIMARY_RAMP,SECONDARY_RAMP,LATITUDE,LONGITUDE,COUNTY,CITY,POINT_X,POINT_Y
92067132,2023,2023-05-11,9335,2023-05-01,"247 ",023044,,1,3,5,4117,0,1,2,,2,012,"US-101 SOUTHBOUND","GRAND AVENUE",1453.00,N,N,A,-,Y,SM,,101," "," ",22.337,H,,L,Y,3,0,1,1,A,-,01,23152,A,N,E,8,A,A,H,-,C,D,0,,,,,Y,Y,D,22,0,1,0,0,0,0,0,0,0,"- ","- ",37.658538818359375,-122.40561676025391,"SAN MATEO","SOUTH SAN FRANCISCO",-122.40547943115234,37.658493041992188
92070720,2023,2023-05-17,9335,2023-05-05,1639,021339,,5,2,4,4111,0,1,3,,2,041,"SR-1 N/B","TOM LANTOS TUNNEL",3370.00,N,N,A,-,Y,SM,,1," "," ",40.500,H,,R,Y,3,0,1,1,A,-,01,23152,A,N,E,8,A,A,H,-,A,D,0,,,,,Y,Y,D,22,0,1,0,0,0,0,0,0,0,"- ","- ",37.590400695800781,-122.50385284423828,"SAN MATEO",PACIFICA,-122.50389099121094,37.590400695800781
92070801,2023,2023-05-17,9335,2023-05-09,2059,017667,,2,2,6,4106,0,1,1,,2,021,"SR-1 S/B TO JOHN DALY BLVD.","JOHN DALY BVD.",4.00,S,N,A,-,Y,,,,,,,,,,N,3,0,1,2,A,-,10,21950,A,N,G,B,B,A,H,-,C,A,0,Y,,,,Y,,A,08,0,1,0,0,1,0,0,0,0,"- ","- ",37.704399108886719,-122.47354125976562,"SAN MATEO","DALY CITY",-122.47354125976562,37.704399108886719
92070972,2023,2023-05-17,9335,2023-05-10,1740,021418,,3,2,4,4114,0,1,2,,2,012,"US-101 N/B","SAN BRUNO AVE O/C",2545.00,S,N,A,-,Y,SM,,101," "," ",19.896,H,,R,N,4,0,1,2,A,-,03,22350,,N,C,C,A,A,H,-,A,D,0,,,,,Y,,A,01,0,0,1,0,0,0,0,0,0,"- ","- ",37.624408721923828,-122.40097045898438,"SAN MATEO","SAN BRUNO",-122.40097808837891,37.624408721923828
92071217,2023,2023-05-17,9335,2023-05-12,1529,021339,,5,2,6,4106,0,1,1,,2,021,"I-280 S/B","SCHOOL ST O/C",60.00,N,N,A,-,Y,SM,,280," ",R,26.362,H,,L,N,4,0,1,2,A,-,03,22350,,F,C,C,A,A,H,-,A,D,0,,,,,Y,,A,01,0,0,1,0,0,0,0,0,0,"- ","- ",37.693531036376953,-122.47073364257812,"SAN MATEO","DALY CITY",-122.47056579589844,37.693534851074219
92071682,2023,2023-05-18,9330,2023-05-09,2320,022898,,2,3,5,4116,0,1,3,,2,031,"SR-92 WB","DE ANZA BLVD",2200.00,W,N,A,-,Y,SM,,92," ",R,9.103,H,,L,N,3,0,1,1,A,-,01,23152,F,N,E,I,A,A,H,-,C,D,0,,,,,Y,,D,22,0,1,0,0,0,0,0,0,0,"- ","- ",37.528598785400391,-122.33128356933594,"SAN MATEO","SAN MATEO",-122.33119964599609,37.528583526611328
92071701,2023,2023-05-18,9335,2023-05-08,1010,021237,,1,1,4,4114,0,1,1,,2,038,"I-380 E/B","EL CAMINO REAL",47.00,W,N,C,-,Y,SM,,380," "," ",5.445,H,,R,N,4,0,1,3,A,-,08,22107,,N,A,C,A,B,H,-,A,D,0,,,,,Y,,A,07,0,0,1,0,0,0,0,0,0,"- ","- ",37.632778167724609,-122.41937255859375,"SAN MATEO","SAN BRUNO",-122.41933441162109,37.632724761962891
9207206,2020,2021-02-25,4116,2020-12-22,1835,27476,16,2,5,5,4116,0,0,0,,0,00A,"BALDWIN AV","SOUTH EL CAMINO REAL",0.00,,Y,A,-,Y,SM,4,82,-,-,11.921,I,5,N,N,3,0,1,2,A,-,10,21950,A,N,G,B,B,A,H,-,A,A,0,Y,,,,Y,,A,07,0,1,0,0,1,0,0,0,0,"- ","- ",37.5654296875,-122.32808685302734,"SAN MATEO","SAN MATEO",-122.32813262939453,37.565422058105469
9207207,2020,2021-02-22,4116,2020-12-22,0831,27872,61,2,5,5,4116,0,0,0,,0,00D,"S NORFOLK ST","MARINA CT",254.00,S,N,A,-,N,,,,,,,,,,Y,3,0,1,2,A,-,08,22103,,N,D,C,A,A,H,-,A,D,0,,,,,Y,,A,01,0,1,0,0,0,0,0,0,0,"- ","- ",37.548789978027344,-122.28785705566406,"SAN MATEO","SAN MATEO",-122.28766632080078,37.548992156982422
9207213,2020,2021-02-22,4116,2020-12-22,1112,27872,13,2,5,5,4116,0,0,0,,0,0DT,"N B ST",TILTON,387.00,S,N,A,-,N,,,,,,,,,,N,3,0,1,2,A,-,10,21950,,N,G,B,C,A,H,-,A,A,0,Y,,,,Y,,A,07,0,1,0,0,1,0,0,0,0,"- ","- ",37.568470001220703,-122.32573699951172,"SAN MATEO","SAN MATEO",-122.32561492919922,37.568630218505859
92074190,2023,2023-05-22,9330,2023-05-09,"800 ",023039,,2,1,4,4109,0,1,2,,2,058,"US 101 S/B","MARSH ROAD",330.00,N,N,B,-,Y,SM,,101," "," ",3.803,H,,L,Y,2,0,1,2,A,-,03,22350,,N,B,C,A,A,H,-,A,D,0,,,Y,,Y,,C,02,1,0,0,0,0,0,0,0,1,"- ","- ",37.484371185302734,-122.18447113037109,"SAN MATEO","MENLO PARK",-122.18444061279297,37.484443664550781
92074429,2023,2023-05-22,9330,2023-05-16,1650,016184,,2,2,9,4100,0,1,3,,1,011,"SR-92 EASTBOUND","CANADA RD.",65.00,W,N,A,-,Y,SM,,92," ",T,7.147,H,,R,Y,3,0,4,2,A,-,03,22350,,N,C,C,A,A,H,-,A,A,0,,,,,Y,,A,01,0,1,3,0,0,0,0,0,0,"- ","- ",37.506980895996094,-122.34162902832031,"SAN MATEO",UNINCORPORATED,-122.34161376953125,37.507034301757812
9207445,2020,2021-02-09,4100,2020-12-30,1330,25126,4100,3,5,4,4115,0,0,0,,0,051,"EL CAMINO REAL","OAK ST",0.00,,Y,A,-,N,,,,,,,,,,N,3,0,1,2,A,-,03,22350,,N,C,C,A,A,H,-,A,D,0,,,,,Y,,A,01,0,1,0,0,0,0,0,0,0,"- ","- ",,,"SAN MATEO","SAN CARLOS",-122.26454162597656,37.510589599609375
92075178,2023,2023-05-23,9330,2023-05-13,1150,023039,,6,1,5,4116,0,1,3,,2,031,"SR-92 E/B","EL CAMINO REAL",403.00,E,N,A,-,Y,SM,,92," ",R,11.290,H,,R,Y,4,0,1,2,A,-,03,22350,,N,C,C,A,A,H,-,A,D,0,,,,,Y,,A,01,0,0,1,0,0,0,0,0,0,"- ","- ",37.550998687744141,-122.3106689453125,"SAN MATEO","SAN MATEO",-122.31069183349609,37.551021575927734
92075195,2023,2023-05-23,9330,2023-05-12,2300,022792,,5,3,4,4120,0,1,3,,1,035,"SR-92 EASTBOUND","TURNOUT #1",1000.00,W,N,A,-,Y,SM,,92," ",R,16.103,H,,R,Y,3,0,1,1,A,-,01,23152,A,N,E,I,A,A,H,-,C,D,0,,,,,Y,Y,D,22,0,1,0,0,0,0,0,0,0,"- ","- ",37.59088134765625,-122.24233245849609,"SAN MATEO","FOSTER CITY",-122.24237060546875,37.590953826904297
9207626,2020,2021-02-17,4127,2020-07-10,1705,2245,4127,5,5,4,4127,0,0,0,,0,003,"AVELAR ST","AVELAR ST 781",0.00,E,N,A,-,N,,,,,,,,,,N,4,0,1,2,A,-,11,21954,A,N,G,B,D,A,H,-,A,D,0,Y,,,,Y,,N,60,0,0,1,0,1,0,0,0,0,"- ","- ",,,"SAN MATEO","EAST PALO ALTO",-122.13719940185547,37.467964172363281
92076618,2023,2023-05-24,9330,2023-05-17,1715,019432,,3,2,5,4113,0,1,2,,2,058,"US-101 N/B","WOODSIDE RD.",3168.00,S,N,A,-,Y,SM,,101," "," ",4.758,H,,R,Y,3,0,1,3,A,-,03,22350,,N,C,C,A,A,H,-,A,D,0,,,,,Y,,A,01,0,1,0,0,0,0,0,0,0,"- ","- ",37.487171173095703,-122.20162963867188,"SAN MATEO","REDWOOD CITY",-122.20163726806641,37.487117767333984
92077424,2023,2023-05-25,9330,2023-05-17,1245,023251,,3,1,5,4116,0,1,2,,2,048,"US-101 N/B",SR-92,1584.00,S,N,A,-,Y,SM,,101," "," ",11.477,H,,R,Y,4,0,1,3,A,-,03,22350,,N,C,A,A,A,H,-,A,D,0,,,,,Y,,A,01,0,0,1,0,0,0,0,0,0,"- ","- ",37.548450469970703,-122.29147338867188,"SAN MATEO","SAN MATEO",-122.29142761230469,37.548473358154297
92079597,2023,2023-05-26,9330,2023-05-25,1515,023165,,4,2,4,4109,0,1,2,,2,058,"US-101 S/B","WILLOW ROAD",5280.00,N,N,A,-,Y,SM,,101," "," ",2.987,H,,L,Y,3,0,1,2,A,-,03,22350,,N,C,C,A,A,H,-,A,D,0,,,,,Y,,A,01,0,1,0,0,0,0,0,0,0,"- ","- ",37.478549957275391,-122.17189025878906,"SAN MATEO","MENLO PARK",-122.17192840576172,37.478507995605469
92080605,2023,2023-05-29,9335,2023-05-26,"702 ",020384,,5,1,4,4111,0,1,3,,2,041,"SR-1 S/B","GATEWAY DR",3062.00,S,N,B,-,Y,SM,,1," "," ",45.915,H,,L,Y,3,0,1,1,A,-,08,22107,,N,E,I,A,B,H,-,D,D,0,,,,,Y,,A,07,0,1,0,0,0,0,0,0,0,"- ","- ",37.657939910888672,-122.48564147949219,"SAN MATEO",PACIFICA,-122.48565673828125,37.657978057861328
92082387,2023,2023-05-31,9330,2023-05-29,1230,023281,,1,1,4,4104,0,1,2,,2,038,"US-101 N/B","MILLBRAE AVENUE",3295.00,S,N,A,-,Y,,,,,,,,,,Y,3,0,1,2,A,-,08,22107,,N,D,C,A,A,H,-,A,D,0,,,,,Y,,-,"- ",0,1,0,0,0,0,0,0,0,"- ","- ",37.597560882568359,-122.37091064453125,"SAN MATEO",BURLINGAME,-122.37139892578125,37.596809387207031
92083705,2023,2023-06-01,9330,2023-05-23,1025,023251,,2,1,4,4127,0,1,2,,2,058,"US-101 S/B","WILLOW ROAD",1200.00,S,N,A,-,Y,SM,,101," "," ",1.574,H,,L,N,4,0,4,4,A,-,03,22350,,N,C,C,A,A,H,-,A,D,0,,,,Y,Y,,F,27,0,0,4,0,0,0,0,0,0,"- ","- ",37.466220855712891,-122.15093231201172,"SAN MATEO","EAST PALO ALTO",-122.15091705322266,37.466236114501953
92088236,2023,2023-06-07,9330,2023-06-02,1910,023060,,5,2,9,4100,0,3,5,,2,507,"RINGWOOD AVE E/B","TOYON ROAD",193.00,W,N,A,-,N,,,,,,,,,,N,4,0,1,2,A,-,08,22107,,N,B,C,A,A,H,-,A,D,0,,,,,Y,,D,22,0,0,1,0,0,0,0,0,0,"- ","- ",37.464038848876953,-122.17160034179688,"SAN MATEO",UNINCORPORATED,-122.17167663574219,37.464076995849609
92088240,2023,2023-06-07,9330,2023-06-03,1905,022898,,6,2,9,4100,0,1,3,,2,042,"KINGS MOUNTAIN RD","HUDDART PARK RD.",4224.00,S,N,A,-,Y,,,,,,,,,,Y,3,0,1,1,A,-,01,23152,A,N,B,I,A,A,H,-,A,D,0,,,,,Y,Y,A,01,0,1,0,0,0,0,0,0,0,"- ","- ",37.433219909667969,-122.28488159179688,"SAN MATEO",UNINCORPORATED,-122.28601837158203,37.433189392089844
92088542,2023,2023-06-07,9335,2023-05-30,1545,022187,,2,2,9,4100,0,1,2,,2,011,"US-101 S/B","THE SOUTH EDGE OF THE MILLBRAE AVE OVER-CROSSING",4171.00,S,N,A,-,Y,SM,,101," "," ",18.731,H,,L,Y,3,0,1,2,A,-,08,22107,,N,E,I,A,A,H,-,A,D,0,,,,,Y,,A,01,0,1,0,0,0,0,0,0,0,"- ","- ",37.609870910644531,-122.39160919189453,"SAN MATEO",UNINCORPORATED,-122.39173126220703,37.609752655029297
92089647,2023,2023-06-08,9330,2023-06-03,1615,023158,,6,2,9,4100,0,1,3,,1,021,"SR-84 WB","SKYLINE BLVD",7920.00,W,N,A,-,Y,SM,,84," "," ",13.580,H,,L,N,3,0,1,1,A,-,03,22350,,N,F,A,A,A,H,-,A,D,0,,,Y,,Y,,C,02,0,1,0,0,0,0,0,0,1,"- ","- ",37.370708465576172,-122.26389312744141,"SAN MATEO",UNINCORPORATED,-122.26382446289062,37.37066650390625
92095790,2023,2023-06-16,9330,2023-06-06,1744,022575,,2,2,4,4104,0,1,2,,2,038,"US-101 S/B",BROADWAY,250.00,N,N,A,-,Y,SM,,101," "," ",16.670,H,,L,Y,4,0,1,3,A,-,03,22350,,N,C,2,A,A,H,-,A,D,0,,,,,Y,,A,01,0,0,1,0,0,0,0,0,0,"- ","- ",37.590778350830078,-122.36248016357422,"SAN MATEO",BURLINGAME,-122.36250305175781,37.59075927734375
92097571,2023,2023-06-20,9330,2023-06-17,1025,022914,,6,1,5,4116,0,1,2,,2,048,"US-101 NB","E. HILLSDALE BLVD",200.00,N,N,A,-,Y,SM,,101," "," ",11.195,H,,R,Y,4,0,1,2,A,-,03,22350,,N,C,C,A,A,H,-,A,D,0,,,,,Y,,A,01,0,0,1,0,0,0,0,0,0,"- ","- ",37.545200347900391,-122.28836059570312,"SAN MATEO","SAN MATEO",-122.28837585449219,37.545188903808594
92097726,2023,2023-06-20,9330,2023-06-14,1155,021630,,3,1,5,4113,0,1,2,,2,048,"US-101 S/B","WOODSIDE ROAD",1584.00,N,N,A,-,Y,SM,,101," "," ",5.749,H,,L,N,3,0,2,2,A,-,03,22350,,N,C,C,A,A,H,-,A,D,0,,,,,Y,,A,01,0,2,0,0,0,0,0,0,0,"- ","- ",37.491100311279297,-122.21859741210938,"SAN MATEO","REDWOOD CITY",-122.21862030029297,37.491069793701172
92097906,2023,2023-06-20,9330,2023-06-13,1739,023256,,2,2,9,4100,0,3,5,,2,509,"SAND HILL ROAD","SANTA CRUZ AVENUE",20.00,W,N,A,-,N,,,,,,,,,,Y,3,0,3,3,A,-,03,22350,,N,C,C,A,A,H,-,A,A,0,,,,,Y,,A,01,0,1,2,0,0,0,0,0,0,"- ","- ",37.425571441650391,-122.192626953125,"SAN MATEO",UNINCORPORATED,-122.19252014160156,37.425823211669922
92097981,2023,2023-06-20,9330,2023-06-16,1235,023042,,5,1,5,4113,0,1,2,,2,048,"US-101 S/B","WOODSIDE RD",2400.00,N,N,A,-,Y,SM,,101," "," ",5.877,H,,L,Y,3,0,4,5,A,-,03,22350,,N,C,C,A,A,H,-,A,D,0,,,,,Y,,A,07,0,1,3,0,0,0,0,0,0,"- ","- ",37.491909027099609,-122.22067260742188,"SAN MATEO","REDWOOD CITY",-122.22062683105469,37.491973876953125
92098621,2023,2023-06-21,9335,2023-06-15,1751,017667,,4,2,4,4111,0,1,3,,2,041,"SR-1 S/B","MANOR DR.",4200.00,N,N,B,-,Y,SM,,1," "," ",46.031,H,,L,Y,3,0,1,1,A,-,08,22107,,N,E,I,A,A,H,-,A,D,0,,,Y,,Y,,C,02,0,1,0,0,0,0,0,0,1,"- ","- ",37.659130096435547,-122.48419189453125,"SAN MATEO",PACIFICA,-122.48420715332031,37.659133911132812
92098920,2023,2023-06-21,9330,2023-06-15,1740,023060,,4,2,4,4109,0,1,2,,2,058,"US-101 SOUTHBOUND","MARSH ROAD",2851.00,S,N,A,-,Y,SM,,101," "," ",3.023,H,,L,N,3,0,2,5,A,-,03,22350,,N,C,C,A,A,H,-,A,D,0,,,,,Y,,D,22,0,1,1,0,0,0,0,0,0,"- ","- ",37.478839874267578,-122.17240142822266,"SAN MATEO","MENLO PARK",-122.17243194580078,37.478801727294922
92099247,2023,2023-06-21,9330,2023-06-14,1555,019764,,3,2,5,4116,0,1,3,,2,031,"SR-92 E/B","W. HILLSDALE BLVD.",60.00,E,N,A,-,Y,SM,,92," ",R,9.431,H,,R,N,4,0,1,2,A,-,03,22350,,N,C,C,A,A,H,-,A,D,0,,,,,Y,,A,01,0,0,1,0,0,0,0,0,0,"- ","- ",37.533241271972656,-122.32939910888672,"SAN MATEO","SAN MATEO",-122.32940673828125,37.533241271972656
92099569,2023,2023-06-22,9330,2023-06-15,1656,022244,,4,2,9,4100,0,1,3,,1,011,SR-92,SR-35,4224.00,E,N,A,-,Y,SM,,92," "," ",6.106,H,,R,Y,4,0,1,1,C,-,18,,,N,E,I,A,A,H,-,A,D,0,,,,,Y,,-,"- ",0,0,1,0,0,0,0,0,0,"- ","- ",37.499919891357422,-122.35720062255859,"SAN MATEO",UNINCORPORATED,-122.35722351074219,37.500011444091797
92099572,2023,2023-06-22,9330,2023-06-20,1112,022774,,2,1,4,4127,0,1,2,,2,058,"US-101 S/B TO UNIVERSITY AVENUE","UNIVERSITY AVENUE",220.00,S,N,A,-,Y,,,,,,,,,,Y,2,0,1,1,A,-,03,22350,,N,F,A,A,A,H,-,A,D,0,,,,Y,Y,,F,27,1,0,0,0,0,0,0,0,0,"- ","- ",37.45928955078125,-122.13996887207031,"SAN MATEO","EAST PALO ALTO",-122.13996887207031,37.45928955078125
92100253,2023,2023-06-22,9330,2023-06-11,1030,022929,,7,1,5,4116,0,3,5,,2,205,"KINGS MOUNTAIN ROAD","HUDDART PARK ROAD",528.00,S,N,A,-,N,,,,,,,,,,N,4,0,1,2,A,-,03,22350,,N,C,C,A,A,H,-,A,D,0,,Y,,,Y,,L,04,0,0,1,0,0,0,1,0,0,"- ","- ",37.4334716796875,-122.29102325439453,"SAN MATEO","SAN MATEO",-122.29096984863281,37.43426513671875
9210082,2020,2021-01-11,4127,2020-10-09,2127,2245,4127,5,5,4,4127,0,0,0,,0,003,"EAST BAYSHORE RD","CLARKE AV",170.00,N,N,A,-,N,,,,,,,,,,Y,2,0,3,1,A,-,03,22350,,M,A,I,A,A,H,-,C,D,0,,,,,Y,,A,01,1,0,2,0,0,0,0,0,0,"- ","- ",,,"SAN MATEO","EAST PALO ALTO",-122.13520050048828,37.457450866699219
92102375,2023,2023-06-26,9335,2023-06-22,1610,021424,,4,2,5,4117,0,1,2,,2,012,"US-101 S/B","OYSTER POINT BLVD",300.00,N,N,A,-,Y,SM,,101," "," ",22.781,H,,L,N,4,0,1,2,A,-,03,22350,,N,C,C,A,A,H,-,A,D,0,,,,,Y,,D,22,0,0,1,0,0,0,0,0,0,"- ","- ",37.66455078125,-122.3980712890625,"SAN MATEO","SOUTH SAN FRANCISCO",-122.39812469482422,37.664596557617188
92104370,2023,2023-06-28,9330,2023-06-17,"445 ",022849,,6,3,9,4100,0,3,5,,2,505,"5TH AVENUE","WAVERLY AVENUE",25.00,W,N,A,-,N,,,,,,,,,,Y,2,0,2,4,A,-,01,23153,A,N,C,2,A,A,H,-,C,A,0,,,,,Y,Y,A,01,1,1,0,0,0,0,0,0,0,"- ","- ",37.468650817871094,-122.207763671875,"SAN MATEO",UNINCORPORATED,-122.20761871337891,37.468635559082031
92105181,2023,2023-06-29,9330,2023-06-24,"945 ",023133,,6,1,9,4100,0,1,3,,1,020,"PESCADERO CREEK RD S/B","ALPINE RD",2112.00,S,N,B,-,N,,,,,,,,,,N,4,0,1,1,A,-,03,22350,,N,E,I,A,A,H,-,A,D,0,,,,,Y,,A,01,0,0,1,0,0,0,0,0,0,"- ","- ",37.297931671142578,-122.26577758789062,"SAN MATEO",UNINCORPORATED,-122.26461791992188,37.299560546875
92108297,2023,2024-09-12,9330,2023-07-02,"445 ",022898,,7,3,4,4109,0,1,2,,2,058,"US-101 NB","MARSH ROAD",1515.00,N,N,A,-,Y,SM,,101," "," ",3.885,H,,R,N,2,0,2,1,A,-,08,22107,,N,F,I,A,A,H,-,C,D,0,,,,,Y,,A,07,2,0,0,0,0,0,0,0,0,"- ","- ",37.485080718994141,-122.18572998046875,"SAN MATEO","MENLO PARK",-122.18578338623047,37.484931945800781
92109969,2023,2023-07-05,9330,2023-06-24,1630,022960,,6,2,4,4115,0,1,2,,2,048,"US-101 NORTHBOUND","HOLLY STREET",2640.00,N,N,A,-,Y,SM,,101," "," ",8.850,H,,R,N,4,0,1,3,A,-,07,21658,A,N,C,C,A,A,H,-,A,D,0,,,,,Y,,A,07,0,0,1,0,0,0,0,0,0,"- ","- ",37.518798828125,-122.26155853271484,"SAN MATEO","SAN CARLOS",-122.26151275634766,37.518833160400391
92110757,2023,2023-07-06,9330,2023-06-26,"300 ",023251,,1,3,5,4113,0,3,5,,2,505,"HAMPSHIRE AVENUE","SAN MATEO AVENUE",0.00,,Y,A,-,N,,,,,,,,,,Y,4,0,1,3,A,-,01,23152,A,N,C,E,A,A,H,-,C,D,0,,,,,Y,Y,A,01,0,0,1,0,0,0,0,0,0,"- ","- ",37.476848602294922,-122.20847320556641,"SAN MATEO","REDWOOD CITY",-122.20844268798828,37.476917266845703
92110999,2023,2023-07-06,9335,2023-07-01,1335,023118,,6,1,4,4114,0,1,1,,2,020,"I-280 S/B","SNEATH LN",968.00,S,N,A,-,Y,SM,,280," ",R,21.123,H,,L,Y,4,0,1,2,A,-,03,22350,,N,C,C,A,A,H,-,A,D,0,,,,,Y,,A,01,0,0,1,0,0,0,0,0,0,"- ","- ",37.628440856933594,-122.43257904052734,"SAN MATEO","SAN BRUNO",-122.43257904052734,37.628444671630859
92112150,2023,2023-07-07,9330,2023-06-19,"500 ",023251,,1,3,4,4127,0,1,2,,2,058,"US-101 S/B","EMABRCADERO ROAD",600.00,N,N,A,-,Y,SCL,,101," "," ",52.522,H,,L,Y,4,0,1,2,A,-,07,21658,A,N,B,C,A,A,H,-,B,D,0,,,,,Y,,A,01,0,0,1,0,0,0,0,0,0,"- ","- ",37.452461242675781,-122.12753295898438,"SAN MATEO","EAST PALO ALTO",-122.12752532958984,37.452465057373047
92112188,2023,2023-07-07,9330,2023-06-28,1500,022244,,3,2,9,4100,0,3,5,,2,509,"ALAMEDA DE LAS PULGAS","GORDON AVENUE",0.00,,Y,A,-,N,,,,,,,,,,N,4,0,1,2,A,-,03,22350,,N,B,G,A,A,H,-,A,D,0,,Y,,,Y,,L,04,0,0,1,0,0,0,1,0,0,"- ","- ",37.432258605957031,-122.20231628417969,"SAN MATEO",UNINCORPORATED,-122.20235443115234,37.432224273681641
92112482,2023,2023-07-10,9330,2023-06-30,1045,022914,,5,1,5,4116,0,1,2,,2,038,"US-101 SB",SR-92,1795.00,N,N,A,-,Y,SM,,101," "," ",12.246,H,,L,Y,3,0,1,2,A,-,08,22107,,N,D,2,A,A,H,-,A,D,0,,,,,Y,,D,22,0,1,0,0,0,0,0,0,0,"- ","- ",37.557350158691406,-122.30029296875,"SAN MATEO","SAN MATEO",-122.30010986328125,37.557449340820312
92116824,2023,2023-07-14,9330,2023-07-02,1850,023011,,7,2,9,4100,0,1,1,,2,034,"I-280 N/B","MILLBRAE AVE",500.00,N,N,A,-,Y,SM,,280," ",R,17.823,H,,R,N,4,0,2,1,A,-,08,22107,,N,B,I,A,A,H,-,A,D,0,,,,,Y,,A,01,0,0,2,0,0,0,0,0,0,"- ","- ",37.588039398193359,-122.41130065917969,"SAN MATEO",UNINCORPORATED,-122.41120147705078,37.588100433349609
9211810,2021,2023-06-19,4100,2021-01-06,1937,25111,4100,3,5,2,4118,0,0,0,,0,030,"CANADA RD","RUNNYMEDE RD",0.00,,Y,A,-,N,,,,,,,,,,Y,1,1,0,1,A,-,03,22350,,N,E,J,A,B,H,-,D,D,0,,,,,Y,,D,22,0,0,0,0,0,0,0,0,0,"- ","- ",,,"SAN MATEO",WOODSIDE,-122.26895904541016,37.443790435791016
92119035,2023,2023-07-17,9335,2023-07-14,1137,020384,,5,1,9,4100,0,1,2,,2,011,"US-101 N/B TO I-380 W/B","SAN BRUNO AVE",300.00,S,N,A,-,Y,SM,,101," ",R,20.327,H,,R,Y,4,0,1,2,A,-,03,22350,,N,C,C,A,A,H,-,A,D,0,,,,,Y,,A,01,0,0,1,0,0,0,0,0,0,"- ","- ",37.630531311035156,-122.40226745605469,"SAN MATEO",UNINCORPORATED,-122.40249633789062,37.630512237548828
92119520,2023,2023-07-18,9330,2023-07-04,2225,022735,,2,3,4,4120,0,1,3,,1,035,"SR-92 WESTBOUND","VINTAGE PARK DRIVE",528.00,W,N,A,-,Y,SM,,92," ",R,13.129,H,,L,Y,4,0,3,2,A,-,03,22350,,N,C,C,A,A,H,-,C,D,0,,,,,Y,,A,01,0,0,3,0,0,0,0,0,0,"- ","- ",37.5595703125,-122.28009796142578,"SAN MATEO","FOSTER CITY",-122.28009033203125,37.559555053710938
92121004,2023,2023-07-19,9335,2023-07-17,"905 ",023379,,1,1,9,4100,0,1,2,,2,011,"US 101 N/B","SAN BRUNO AVE",992.00,N,N,A,-,Y,SM,,101," ",R,20.556,H,,R,N,4,0,1,2,A,-,03,22350,,N,C,C,A,A,H,-,A,D,0,,,,,Y,,A,07,0,0,1,0,0,0,0,0,0,"- ","- ",37.633808135986328,-122.40296936035156,"SAN MATEO",UNINCORPORATED,-122.40290069580078,37.633815765380859
9212155,2020,2021-02-25,4109,2020-11-26,2241,146408,18,4,5,4,4109,0,0,0,,0,004,"BAYFRONT EXPWY","UNVERSITY AV",0.00,,Y,A,-,Y,SM,4,84,-,R,28.194,I,5,N,N,3,0,2,2,A,-,09,21453,C,N,D,C,A,-,H,-,C,A,0,,,,,Y,,A,01,0,2,0,0,0,0,0,0,0,"- ","- ",37.481128692626953,-122.13970947265625,"SAN MATEO","MENLO PARK",-122.14280700683594,37.486186981201172
92122381,2023,2023-07-20,9335,2023-07-14,1819,023191,,5,2,6,4106,0,1,1,,2,021,"I-280 N/B TO HICKEY BLVD.","HICKEY BLVD.",138.00,S,N,A,-,Y,,,,,,,,,,N,4,0,1,3,A,-,03,22350,,N,C,C,A,A,H,-,A,A,0,,,,,Y,,A,01,0,0,1,0,0,0,0,0,0,"- ","- ",37.662670135498047,-122.46408843994141,"SAN MATEO","DALY CITY",-122.46408843994141,37.662670135498047