CASE_ID,ACCIDENT_YEAR,PROC_DATE,JURIS,COLLISION_DATE,COLLISION_TIME,OFFICER_ID,REPORTING_DISTRICT,DAY_OF_WEEK,CHP_SHIFT,POPULATION,CNTY_CITY_LOC,SPECIAL_COND,BEAT_TYPE,CHP_BEAT_TYPE,CITY_DIVISION_LAPD,CHP_BEAT_CLASS,BEAT_NUMBER,PRIMARY_RD,SECONDARY_RD,DISTANCE,DIRECTION,INTERSECTION,WEATHER_1,WEATHER_2,STATE_HWY_IND,CALTRANS_COUNTY,CALTRANS_DISTRICT,STATE_ROUTE,ROUTE_SUFFIX,POSTMILE_PREFIX,POSTMILE,LOCATION_TYPE,RAMP_INTERSECTION,SIDE_OF_HWY,TOW_AWAY,COLLISION_SEVERITY,NUMBER_KILLED,NUMBER_INJURED,PARTY_COUNT,PRIMARY_COLL_FACTOR,PCF_CODE_OF_VIOL,PCF_VIOL_CATEGORY,PCF_VIOLATION,PCF_VIOL_SUBSECTION,HIT_AND_RUN,TYPE_OF_COLLISION,MVIW,PED_ACTION,ROAD_SURFACE,ROAD_COND_1,ROAD_COND_2,LIGHTING,CONTROL_DEVICE,CHP_ROAD_TYPE,PEDESTRIAN_ACCIDENT,BICYCLE_ACCIDENT,MOTORCYCLE_ACCIDENT,TRUCK_ACCIDENT,NOT_PRIVATE_PROPERTY,ALCOHOL_INVOLVED,STWD_VEHTYPE_AT_FAULT,CHP_VEHTYPE_AT_FAULT,COUNT_SEVERE_INJ,COUNT_VISIBLE_INJ,COUNT_COMPLAINT_PAIN,COUNT_PED_KILLED,COUNT_PED_INJURED,COUNT_BICYCLIST_KILLED,COUNT_BICYCLIST_INJURED,COUNT_MC_KILLED,COUNT_MC_INJURED,PRIMARY_RAMP,SECONDARY_RAMP,LATITUDE,LONGITUDE,COUNTY,CITY,POINT_X,POINT_Y
92270027,2023,2023-12-25,9330,2023-10-29,"300 ",023254,,7,3,4,4127,0,1,2,,2,058,"US-101 S/B","UNIVERSITY AVENUE",1056.00,N,N,A,-,Y,SM,,101," "," ",1.172,H,,L,N,3,0,2,2,A,-,08,22107,,N,C,C,A,A,H,-,D,D,0,,,,,Y,,A,01,0,2,0,0,0,0,0,0,0,"- ","- ",37.462730407714844,-122.14499664306641,"SAN MATEO","EAST PALO ALTO",-122.14497375488281,37.462757110595703
92271156,2023,2023-12-26,9330,2023-12-14,1718,023486,,4,2,4,4104,0,1,2,,2,038,"US-101 N/B","MILLBRAE AVENUE",1588.00,S,N,A,-,Y,SM,,101," "," ",17.635,H,,R,Y,3,0,3,3,A,-,03,22350,,N,C,C,A,A,H,-,C,D,0,,,,,Y,,A,07,0,2,1,0,0,0,0,0,0,"- ","- ",37.599830627441406,-122.37586975097656,"SAN MATEO",BURLINGAME,-122.37593841552734,37.599765777587891
92271559,2023,2023-12-26,9330,2023-12-12,1540,023566,,2,2,5,4113,0,1,2,,2,058,"HURLINGAME AVE (700 BLOCK)","FAIR OAKS AVE",178.00,E,N,A,-,N,,,,,,,,,,Y,4,0,1,2,A,-,09,21804,A,N,D,C,A,A,H,-,A,D,0,,,,Y,Y,,F,27,0,0,1,0,0,0,0,0,0,"- ","- ",37.481559753417969,-122.20822906494141,"SAN MATEO","REDWOOD CITY",-122.20821380615234,37.48150634765625
92272156,2023,2023-12-27,9330,2023-12-15,1331,023486,,5,1,9,4100,0,1,3,,1,010,"SR-1 S/B","11TH ST",84.00,N,N,A,-,Y,SM,,1," "," ",36.158,H,,L,N,2,0,1,2,A,-,11,21954,A,N,G,B,D,A,D,-,A,D,0,Y,,,,Y,,N,60,1,0,0,0,1,0,0,0,0,"- ","- ",37.539791107177734,-122.51686859130859,"SAN MATEO",UNINCORPORATED,-122.51683044433594,37.539783477783203
92272470,2023,2023-12-27,9330,2023-12-18,1628,023556,,1,2,5,4116,0,1,1,,2,044,"I-280 SOUTHBOUND","VISTA 3",1000.00,S,N,C,-,Y,SM,,280," "," ",9.200,H,,L,Y,3,0,1,2,A,-,08,22107,,N,D,C,A,B,H,-,B,D,0,,,Y,,Y,,C,02,0,1,0,0,0,0,0,0,1,"- ","- ",37.496608734130859,-122.31289672851562,"SAN MATEO","SAN MATEO",-122.3128662109375,37.496646881103516
92272636,2023,2023-12-27,9330,2023-12-18,"55  ",023265,,1,3,4,4115,0,1,1,,2,054,"I-280 S/B","EDGEWOOD ROAD",4752.00,N,N,C,-,Y,SM,,280," "," ",7.560,H,,L,Y,3,0,1,1,A,-,03,22350,,N,E,I,A,B,F,-,D,D,0,,,,,Y,,A,07,0,1,0,0,0,0,0,0,0,"- ","- ",37.479541778564453,-122.29975891113281,"SAN MATEO","SAN CARLOS",-122.29962921142578,37.479545593261719
92275158,2023,2023-12-29,9335,2023-12-28,"945 ",019581,,4,1,5,4117,0,1,1,,2,020,"I-280 S/B FROM WESTBOROUGH BLVD.","WESTBOROUGH BLVD.",580.00,S,N,B,-,Y,SM,,280," ",R,22.572,H,,L,Y,4,0,1,1,A,-,03,22350,,N,E,I,A,B,H,-,A,B,0,,,,,Y,,D,22,0,0,1,0,0,0,0,0,0,"- ","- ",37.644390106201172,-122.44895935058594,"SAN MATEO","SOUTH SAN FRANCISCO",-122.44876098632812,37.644573211669922
92275653,2023,2024-01-01,9335,2023-12-22,1815,023464,,5,2,6,4106,0,1,1,,2,021,"I-280 N/B","SCHOOL STREET OVERCROSSING",200.00,S,N,A,-,Y,SM,,280," ",R,26.307,H,,R,Y,4,0,2,3,A,-,03,22350,,N,C,C,A,A,H,-,C,D,0,,,,,Y,,-,"- ",0,0,2,0,0,0,0,0,0,"- ","- ",37.6927490234375,-122.47029876708984,"SAN MATEO","DALY CITY",-122.47026824951172,37.6927490234375
92275656,2023,2024-01-01,9335,2023-12-14,"430 ",023367,,4,3,6,4106,0,1,1,,2,021,"SR-1 N/B TO I-280 N/B","SOUTHGATE AVENUE UNDERCROSSING",1531.00,N,N,A,-,Y,SM,,1," ",R,47.892,H,,R,Y,3,0,1,1,A,-,08,22107,,N,F,J,A,A,H,-,C,D,0,,,,,Y,,A,01,0,1,0,0,0,0,0,0,0,"- ","- ",37.679168701171875,-122.47106170654297,"SAN MATEO","DALY CITY",-122.47113800048828,37.679172515869141
92277332,2023,2024-01-02,9330,2023-12-21,1225,022824,,4,1,9,4100,0,1,1,,2,044,"I-280 N/B","FARM HILL BLVD",350.00,N,N,B,-,Y,SM,,280," ",R,4.753,H,,R,Y,4,0,2,3,A,-,03,22350,,N,C,C,A,A,C,-,A,D,0,,,,,Y,,A,01,0,0,2,0,0,0,0,0,0,"- ","- ",37.443878173828125,-122.26477813720703,"SAN MATEO",UNINCORPORATED,-122.26477813720703,37.443874359130859
92278272,2023,2024-01-03,9335,2023-12-30,"550 ",019581,,6,3,2,4103,0,1,2,,2,012,"US-101 S/B","US-101 N/B TO BAYSHORE BLVD. O/C",35.00,N,N,C,-,Y,SM,,101," "," ",23.310,H,,L,Y,3,0,1,2,A,-,08,22107,,N,D,C,A,B,H,-,D,D,0,,,,,Y,,A,01,0,1,0,0,0,0,0,0,0,"- ","- ",37.670440673828125,-122.39228057861328,"SAN MATEO",BRISBANE,-122.39232635498047,37.670463562011719
9228144,2020,2021-03-29,4127,2020-12-06,1322,2232,4127,7,5,4,4127,0,0,0,,0,002,"GONZAGA ST","STEVENS AV",58.00,W,N,A,-,N,,,,,,,,,,Y,3,0,1,5,A,-,01,23152,B,N,B,E,A,A,H,-,A,D,0,,,,,Y,Y,A,07,0,1,0,0,0,0,0,0,0,"- ","- ",,,"SAN MATEO","EAST PALO ALTO",-122.13491821289062,37.479946136474609
92282927,2023,2024-01-09,9335,2023-12-31,"435 ",023119,,7,3,6,4106,0,1,1,,2,021,"I-280 N/B","D STREET OVERCROSSING",1759.00,S,N,A,-,Y,SM,,280," ",R,25.343,H,,R,Y,4,0,1,2,A,-,07,21658,A,M,B,C,A,A,H,-,C,D,0,,,,,Y,,-,99,0,0,1,0,0,0,0,0,0,"- ","- ",37.678951263427734,-122.47162628173828,"SAN MATEO","DALY CITY",-122.47151947021484,37.678958892822266
92283214,2023,2024-01-09,9330,2023-12-28,1405,023486,,4,2,9,4100,0,1,3,,2,052,SR-35,"PAGE MILL ROAD",1990.00,S,N,B,C,N,,,,,,,,,,Y,3,0,1,2,A,-,08,22107,,N,E,8,A,B,H,-,A,D,0,,,,,Y,,A,01,0,1,0,0,0,0,0,0,0,"- ","- ",37.313030242919922,-122.18080139160156,"SAN MATEO",UNINCORPORATED,-122.18074035644531,37.313068389892578
92283237,2023,2024-01-09,9330,2023-12-29,1630,022960,,5,2,5,4116,0,1,2,,2,038,"US-101 N/B FROM SR-92 EB","SR-92 E/B",120.00,S,N,C,-,Y,,,,,,,,,,N,4,0,1,1,A,-,03,22350,,N,E,I,A,B,H,-,A,D,0,,,,,Y,,A,07,0,0,1,0,0,0,0,0,0,"- ","- ",37.552970886230469,-122.29396820068359,"SAN MATEO","SAN MATEO",-122.29396820068359,37.552970886230469
92285425,2023,2024-01-12,9330,2023-12-31,"410 ",022933,,7,3,5,4116,0,1,2,,2,038,"US-101 N/B","KEHOE AVENUE",110.00,S,N,A,-,Y,SM,,101," "," ",12.657,H,,R,N,3,0,1,2,A,-,08,22107,,N,B,C,A,A,H,-,C,D,0,,,,,Y,,A,01,0,1,0,0,0,0,0,0,0,"- ","- ",37.562358856201172,-122.30464935302734,"SAN MATEO","SAN MATEO",-122.30464935302734,37.562358856201172
92285936,2023,2024-01-12,9335,2023-12-19,"940 ",023592,,2,1,4,4114,0,1,1,,2,038,"I-380 E/B","CHERRY AVE",150.00,W,N,C,-,Y,SM,,380," ",T,4.960,H,,R,N,4,0,1,2,D,-,00,,,N,C,C,A,B,H,-,A,D,0,,,,,Y,,-,"- ",0,0,1,0,0,0,0,0,0,"- ","- ",37.629138946533203,-122.42701721191406,"SAN MATEO","SAN BRUNO",-122.42704772949219,37.629173278808594
92286094,2024,2024-01-12,9330,2024-01-10,1039,022279,,3,1,9,4100,0,1,1,,2,044,"I-280 S/B","VISTA #3",1584.00,S,N,B,-,Y,SM,,280," "," ",9.121,H,,L,Y,4,0,1,2,A,-,08,22107,,N,E,I,A,B,H,-,A,D,0,,,,,Y,,A,01,0,0,1,0,0,0,0,0,0,"- ","- ",37.496158599853516,-122.31157684326172,"SAN MATEO",UNINCORPORATED,-122.31158447265625,37.496143341064453
92290151,2024,2024-01-18,9330,2024-01-15,2203,023281,,1,3,4,4104,0,1,2,,2,038,"US-101 S/B","MILLBRAE AVE",1320.00,S,N,A,-,Y,SM,,101," "," ",17.651,H,,L,N,4,0,1,1,A,-,01,23152,F,N,E,I,A,A,H,-,C,D,0,,,,,Y,,A,01,0,0,1,0,0,0,0,0,0,"- ","- ",37.599830627441406,-122.37626647949219,"SAN MATEO",BURLINGAME,-122.37629699707031,37.599803924560547
92290997,2024,2024-01-18,9335,2024-01-11,"835 ",021237,,4,1,4,4114,0,1,1,,2,038,"I-380 E/B","EL CAMINO REAL",170.00,E,N,A,-,Y,SM,,380," "," ",5.506,H,,R,N,4,0,2,3,A,-,03,22350,,F,C,C,A,A,H,-,A,D,0,,,,,Y,,A,01,0,0,2,0,0,0,0,0,0,"- ","- ",37.6331787109375,-122.41838073730469,"SAN MATEO","SAN BRUNO",-122.41836547851562,37.633163452148438
92292094,2024,2024-01-19,9330,2024-01-10,1934,021243,,3,2,9,4100,0,1,1,,2,044,"I-280 NORTHBOUND",SR-92,6336.00,S,N,B,C,Y,SM,,280," "," ",9.552,H,,R,Y,3,0,1,1,A,-,08,22107,,N,E,I,A,B,H,-,D,D,0,,,,,Y,,A,01,0,1,0,0,0,0,0,0,0,"- ","- ",37.499629974365234,-122.31815338134766,"SAN MATEO",UNINCORPORATED,-122.31809234619141,37.499721527099609
92292827,2024,2024-01-22,9330,2024-01-20,"908 ",022929,,6,1,9,4100,0,1,1,,2,044,"I-280 S/B","VISTA 3",528.00,S,N,A,-,Y,SM,,280," "," ",8.943,H,,L,Y,4,0,1,1,A,-,03,22350,,N,E,I,A,A,H,-,A,D,0,,,,,Y,,A,07,0,0,1,0,0,0,0,0,0,"- ","- ",37.49530029296875,-122.30854034423828,"SAN MATEO",UNINCORPORATED,-122.30859375,37.495174407958984
92298852,2023,2024-01-29,9330,2023-12-17,2110,023253,,7,2,4,4120,0,1,3,,1,035,"SR-92 WESTBOUND","FOSTER CITY BLVD",11616.00,E,N,C,-,Y,SM,,92," ",R,15.829,H,,L,Y,3,0,2,2,A,-,03,22350,,N,C,C,A,B,H,-,C,D,0,,,,,Y,,A,01,0,1,1,0,0,0,0,0,0,"- ","- ",37.588520050048828,-122.24632263183594,"SAN MATEO","FOSTER CITY",-122.24634552001953,37.588539123535156
92298888,2023,2024-01-29,9335,2023-10-14,1445,023254,,6,2,4,4114,0,1,1,,2,021,"I-280 S/B","SNEATH LANE",75.00,S,N,B,-,Y,SM,,280," ",R,21.278,H,,L,N,3,0,1,2,A,-,03,22350,,N,C,C,A,A,H,-,A,D,0,,,,,Y,,A,01,0,1,0,0,0,0,0,0,0,"- ","- ",37.630031585693359,-122.43476104736328,"SAN MATEO","SAN BRUNO",-122.43472290039062,37.630058288574219
92300116,2024,2024-01-29,9335,2024-01-14,2250,023067,,7,3,5,4117,0,1,2,,2,011,"I-380 W/B","SAN BRUNO AVE",70.00,S,N,A,-,Y,,,,,,,,,,Y,4,0,1,1,A,-,08,22107,,N,E,I,A,A,H,-,C,D,0,,,,,Y,Y,A,01,0,0,1,0,0,0,0,0,0,"- ","- ",37.631179809570312,-122.40213012695312,"SAN MATEO","SOUTH SAN FRANCISCO",,
92300159,2024,2024-01-30,9335,2024-01-24,1801,023654,,3,2,6,4106,0,1,1,,2,021,I-280,"JOHN DALY BLVD O/C",2746.00,S,N,B,-,Y,SM,,280," ",R,26.659,H,,R,N,4,0,2,2,A,-,03,22350,,N,C,C,A,B,H,-,C,D,0,,,,,Y,,A,01,0,0,2,0,0,0,0,0,0,"- ","- ",37.697868347167969,-122.47115325927734,"SAN MATEO","DALY CITY",-122.47128295898438,37.697860717773438
92300173,2023,2024-01-30,9335,2023-10-15,"300 ",022596,,7,3,5,4117,0,1,2,,2,012,"US-101 S/B","GRAND AVENUE UNDERCROSSING",1320.00,N,N,A,-,Y,SM,,101," "," ",22.318,H,,L,N,4,0,1,3,A,-,03,22350,,N,C,C,A,A,H,-,C,D,0,,,,,Y,,A,07,0,0,1,0,0,0,0,0,0,"- ","- ",37.658130645751953,-122.4056396484375,"SAN MATEO","SOUTH SAN FRANCISCO",-122.40566253662109,37.658138275146484
92301615,2024,2024-01-31,9330,2024-01-13,2140,023251,,6,2,9,4100,0,1,1,,2,054,"I-280 S/B","SANDHILL ROAD",1200.00,N,N,C,-,Y,SM,,280," ",R,2.267,H,,L,Y,4,0,1,1,A,-,08,22107,,N,E,8,A,B,H,-,D,D,0,,,,,Y,,A,01,0,0,1,0,0,0,0,0,0,"- ","- ",37.424549102783203,-122.22963714599609,"SAN MATEO",UNINCORPORATED,-122.22954559326172,37.424629211425781
92303340,2024,2024-02-01,9330,2024-01-22,"755 ",020646,,1,1,5,4116,0,1,3,,2,031,"SR-92 W/B","MARINERS ISLAND BLVD",390.00,W,N,B,C,Y,SM,,92," ",R,12.693,H,,L,N,4,0,1,3,A,-,03,22350,,N,C,C,A,B,H,-,A,D,0,,,,Y,Y,,G,25,0,0,1,0,0,0,0,0,0,"- ","- ",37.555938720703125,-122.28656768798828,"SAN MATEO","SAN MATEO",-122.28656005859375,37.555923461914062
92304661,2023,2024-02-05,9330,2023-10-15,1828,023133,,7,2,2,4118,0,1,3,,1,021,SR-84,SR-35,154.00,W,N,A,-,Y,SM,,84," "," ",14.930,H,,R,N,3,0,1,2,A,-,09,21801,A,N,B,C,A,A,H,-,B,A,0,,,Y,,Y,,C,02,0,1,0,0,0,0,0,0,1,"- ","- ",37.386348724365234,-122.26493835449219,"SAN MATEO",WOODSIDE,-122.26493072509766,37.386314392089844
92304669,2024,2024-02-05,9330,2024-01-16,"830 ",023492,,2,1,9,4100,0,1,1,,2,044,"I-280 S/B","SAND HILL RD",2112.00,S,N,C,-,Y,SM,,280," ",R,1.045,H,,L,N,4,0,1,3,A,-,03,22350,,N,D,C,A,B,H,-,A,D,0,,,,,Y,,D,22,0,0,1,0,0,0,0,0,0,"- ","- ",37.415660858154297,-122.21086120605469,"SAN MATEO",UNINCORPORATED,-122.2108154296875,37.415691375732422
9230508,2021,2021-03-25,4114,2021-02-21,1855,0027,SNB3,7,5,4,4114,0,0,0,,0,001,"HUNTINGTON AV","SNEATH LN",276.00,N,N,A,-,N,,,,,,,,,,N,3,0,1,2,A,-,11,21955,,N,G,B,D,A,H,-,C,D,0,Y,,,,Y,Y,N,60,0,1,0,0,1,0,0,0,0,"- ","- ",,,"SAN MATEO","SAN BRUNO",-122.41900634765625,37.640018463134766
9230537,2021,2021-03-25,4116,2021-02-12,1343,28252,16,5,5,5,4116,0,0,0,,0,00A,"DE SABLA RD","BAYTREE WY",140.00,S,N,A,-,N,,,,,,,,,,N,4,0,1,2,A,-,08,22107,,N,B,C,A,A,H,-,A,D,0,,,,,Y,,A,01,0,0,1,0,0,0,0,0,0,"- ","- ",37.565719604492188,-122.32890319824219,"SAN MATEO","SAN MATEO",-122.32894897460938,37.565433502197266
92307330,2024,2024-02-06,9330,2024-01-25,"830 ",022914,,4,1,4,4104,0,1,2,,2,038,"US-101 S/B","MILLBRAE AVENUE",528.00,S,N,A,-,Y,SM,,101," "," ",17.825,H,,L,Y,4,0,1,2,A,-,03,22350,,N,C,2,A,A,H,-,A,D,0,,,,,Y,,A,01,0,0,1,0,0,0,0,0,0,"- ","- ",37.601409912109375,-122.37873840332031,"SAN MATEO",BURLINGAME,-122.37876129150391,37.601387023925781
9230744,2021,2021-03-05,4116,2021-01-25,1306,27872,24,1,5,5,4116,0,0,0,,0,00A,"EL CAMINO REAL","9TH AV",0.00,,Y,A,-,Y,SM,4,82,-,-,11.366,I,5,N,Y,3,0,2,2,A,-,12,21453,,N,A,C,A,A,H,-,A,A,0,,,,,Y,,J,48,0,1,1,0,0,0,0,0,0,"- ","- ",37.559120178222656,-122.32180786132812,"SAN MATEO","SAN MATEO",-122.32173919677734,37.559131622314453
92309646,2024,2024-02-09,9330,2024-01-29,1750,023587,,1,2,5,4113,0,1,2,,2,048,"US-101 S/B","WHIPPLE AVE",2112.00,S,N,A,-,Y,SM,,101," "," ",6.198,H,,L,Y,3,0,1,2,A,-,03,22350,,N,C,C,A,A,H,-,D,D,0,,,,,Y,,A,01,0,1,0,0,0,0,0,0,0,"- ","- ",37.494060516357422,-122.22585296630859,"SAN MATEO","REDWOOD CITY",-122.22579956054688,37.494148254394531
9231016,2021,2021-03-19,4104,2021-01-07,1337,0645,1,4,5,4,4104,0,0,0,,0,00A,"HOWARD AV","HIGHLAND AV",10.00,E,N,A,-,N,,,,,,,,,,N,3,0,1,2,A,-,03,22350,,N,C,C,A,A,H,-,A,D,0,,,,,Y,,A,01,0,1,0,0,0,0,0,0,0,"- ","- ",37.578571319580078,-122.34381103515625,"SAN MATEO",BURLINGAME,-122.34376525878906,37.578586578369141
92314048,2024,2024-02-14,9330,2024-01-31,1040,023664,,3,1,5,4116,0,1,2,,2,038,"US-101 S/B","3RD ST",3696.00,S,N,C,-,Y,SM,,101," "," ",13.256,H,,L,N,4,0,1,4,A,-,08,22107,,N,E,8,A,B,H,-,A,D,0,,,,,Y,,A,01,0,0,1,0,0,0,0,0,0,"- ","- ",37.568599700927734,-122.31175231933594,"SAN MATEO","SAN MATEO",-122.31171417236328,37.568626403808594
9231413,2021,2021-04-27,4116,2021-03-25,0910,28252,13A,4,5,5,4116,0,0,0,,0,00A,"N EL CAMINO REAL","EL CERRITO AV",0.00,,Y,A,-,Y,SM,4,82,-,-,12.073,I,5,S,N,3,0,3,2,A,-,09,21801,,N,A,C,A,A,H,-,A,A,0,,,,,Y,,A,07,0,1,2,0,0,0,0,0,0,"- ","- ",37.567008972167969,-122.33000183105469,"SAN MATEO","SAN MATEO",-122.33007049560547,37.567028045654297
92314208,2023,2024-02-14,9330,2023-08-27,"300 ",022876,,7,3,9,4100,0,1,1,,2,034,"I-280 S/B","SR-92 W/B",100.00,S,N,B,-,Y,SM,,280," "," ",10.908,H,,L,Y,4,0,1,2,A,-,03,22350,,N,D,C,A,A,H,-,D,D,0,,,,,Y,Y,A,07,0,0,1,0,0,0,0,0,0,"- ","- ",37.5076904296875,-122.33995819091797,"SAN MATEO",UNINCORPORATED,-122.33998870849609,37.507659912109375
92315114,2024,2024-02-15,9330,2024-01-30,"952 ",023664,,2,1,2,4101,0,1,1,,2,054,"I-280 S/B","SAND HILL ROAD",2600.00,N,N,A,-,Y,SM,,280," ",R,2.491,H,,L,N,4,0,1,3,A,-,03,22350,,N,C,C,A,A,H,-,A,D,0,,,,,Y,,D,22,0,0,1,0,0,0,0,0,0,"- ","- ",37.426841735839844,-122.23249053955078,"SAN MATEO",ATHERTON,-122.23249816894531,37.426834106445312
92315505,2024,2024-02-16,9330,2024-02-11,1442,023011,,7,2,5,4116,0,1,3,,2,031,"SR-92 W/B","EDGEWATER ROAD",550.00,E,N,A,-,Y,SM,,92," ",R,12.890,H,,L,N,4,0,1,2,A,-,03,22350,,N,C,C,A,A,H,-,A,D,0,,,,,Y,,A,07,0,0,1,0,0,0,0,0,0,"- ","- ",37.557430267333984,-122.28356170654297,"SAN MATEO","SAN MATEO",-122.28356170654297,37.55743408203125
92316684,2024,2024-02-19,9330,2024-02-03,2010,023693,,6,2,9,4100,0,1,1,,2,054,"I-280 S/B","SAND HILL",3168.00,N,N,B,C,Y,SM,,280," ",R,2.253,H,,L,Y,3,0,1,1,A,-,03,22350,,F,E,I,A,B,H,-,B,D,0,,,,,Y,,A,07,0,1,0,0,0,0,0,0,0,"- ","- ",37.424560546875,-122.22927856445312,"SAN MATEO",UNINCORPORATED,-122.22936248779297,37.424491882324219
92316943,2024,2024-02-19,9335,2024-01-05,1500,023536,,5,2,6,4106,0,1,1,,2,021,"I-280 SOUTHBOUND","SOUTHGATE AVE UNDERCROSSING",1584.00,N,N,A,-,Y,SM,,280," ",R,25.383,H,,L,Y,4,0,1,4,A,-,07,21658,A,N,B,C,A,A,H,-,A,D,0,,,Y,,Y,,A,07,0,0,1,0,0,0,0,0,1,"- ","- ",37.679428100585938,-122.47183990478516,"SAN MATEO","DALY CITY",-122.4718017578125,37.679431915283203
9231879,2021,2021-04-27,4104,2021-04-06,2207,0249,1,2,5,4,4104,0,0,0,,0,00A,"RT 82","CYPRESS AV",0.00,,Y,A,-,Y,SM,4,82,-,-,13.090,I,5,S,Y,2,0,2,2,D,-,00,,,N,D,C,A,A,H,-,C,A,0,,,,,Y,,-,"- ",1,1,0,0,0,0,0,0,0,"- ","- ",37.578609466552734,-122.35006713867188,"SAN MATEO",BURLINGAME,-122.34529113769531,37.575141906738281
9231898,2021,2021-04-28,4102,2021-04-06,2031,55960,2DG,2,5,4,4102,0,0,0,,0,002,"EL CAMINO REAL","DAVEY GLEN RD",712.00,S,N,A,-,Y,SM,4,82,-,-,8.170,H,-,S,N,3,0,1,2,A,-,09,21804,A,F,B,C,A,A,H,-,C,D,0,,,Y,,Y,,A,01,0,1,0,0,0,0,0,0,1,"- ","- ",37.524490356445312,-122.28147888183594,"SAN MATEO",BELMONT,-122.28200531005859,37.525516510009766
92319205,2023,2024-02-21,9335,2023-10-27,1033,023253,,5,1,6,4106,0,1,3,,2,041,"SR-1 N/B TO SR-35 N/B",SR-35,465.00,S,N,A,-,Y,,,,,,,,,,Y,4,0,2,1,A,-,03,22350,,N,E,I,A,A,H,-,A,C,0,,,,,Y,,A,01,0,0,2,0,0,0,0,0,0,"- ","- ",37.669879913330078,-122.48465728759766,"SAN MATEO","DALY CITY",-122.48465728759766,37.669879913330078
92320874,2024,2024-02-22,9330,2024-02-12,1020,023587,,1,1,9,4100,0,1,3,,1,020,SR-1,SR-84,6336.00,S,N,A,-,Y,SM,,1," "," ",16.933,H,,R,N,3,0,1,1,A,-,08,22107,,N,E,8,A,A,H,-,A,D,0,,,,,Y,,A,01,0,1,0,0,0,0,0,0,0,"- ","- ",37.306751251220703,-122.4046630859375,"SAN MATEO",UNINCORPORATED,-122.40460968017578,37.306747436523438
92321293,2024,2024-02-23,9330,2024-02-13,"930 ",023687,,2,1,4,4109,0,1,2,,2,058,"US-101 N/B","WOODSIDE ROAD",2350.00,S,N,A,-,Y,SM,,101," "," ",4.936,H,,R,N,3,0,1,2,A,-,03,22350,,N,C,C,A,A,H,-,A,D,0,,,,,Y,,A,01,0,1,0,0,0,0,0,0,0,"- ","- ",37.487560272216797,-122.20487213134766,"SAN MATEO","MENLO PARK",-122.20487976074219,37.487514495849609
92321569,2024,2024-02-23,9330,2024-02-14,1915,022837,,3,2,9,4100,0,1,3,,1,020,SR-1,"GREEN OAKS WAY",1214.00,S,N,B,C,Y,SM,,1," "," ",1.662,H,,R,N,2,0,2,1,A,-,08,22107,,N,E,I,A,B,H,-,D,D,0,,,,,Y,,A,01,1,1,0,0,0,0,0,0,0,"- ","- ",37.128860473632812,-122.31114196777344,"SAN MATEO",UNINCORPORATED,-122.31103515625,37.128913879394531
92324207,2023,2024-02-27,9335,2023-10-23,2150,023378,,1,2,2,4103,0,1,2,,2,012,"US-101 N/B","ALANA WAY UNDERCROSSING",3220.00,S,N,A,-,Y,SM,,101," "," ",25.522,H,,R,Y,3,0,2,2,A,-,01,23152,A,N,B,2,A,A,H,-,C,D,0,,,,,Y,Y,A,01,0,1,1,0,0,0,0,0,0,"- ","- ",37.700149536132812,-122.39305877685547,"SAN MATEO",BRISBANE,-122.39302062988281,37.700157165527344
92325839,2024,2024-02-28,9330,2024-02-20,1600,022792,,2,2,4,4120,0,1,3,,1,035,"SR-92 E/B","SUB 5",528.00,W,N,B,-,Y,SM,,92," ",R,18.382,H,,R,Y,3,0,1,2,A,-,03,22350,,N,C,C,A,B,H,-,D,D,0,,,,,Y,,A,01,0,1,0,0,0,0,0,0,0,"- ","- ",37.602291107177734,-122.20445251464844,"SAN MATEO","FOSTER CITY",-122.20442199707031,37.602237701416016
9232596,2021,2021-03-19,4100,2021-02-05,1905,25287,WDS,5,5,2,4118,0,0,0,,0,030,"RT 84","RT 280",0.00,,Y,A,-,Y,SM,4,84,-,-,21.510,I,5,N,Y,3,0,3,2,A,-,12,21453,A,N,D,C,A,A,H,-,C,A,0,,,,,Y,,A,01,0,3,0,0,0,0,0,0,0,"- ",SF,,,"SAN MATEO",WOODSIDE,-122.244140625,37.435028076171875
92328178,2023,2024-03-04,9335,2023-09-03,"434 ",023366,,7,3,4,4114,0,1,1,,2,038,"I-380 W/B TO EL CAMINO REAL","EL CAMINO REAL",330.00,E,N,A,-,Y,,,,,,,,,,Y,2,0,3,1,A,-,01,23152,A,N,E,I,A,A,H,-,C,D,0,,,,,Y,Y,A,01,1,1,1,0,0,0,0,0,0,"- ","- ",37.634078979492188,-122.41799926757812,"SAN MATEO","SAN BRUNO",-122.41799926757812,37.634078979492188