CASE_ID,ACCIDENT_YEAR,PROC_DATE,JURIS,COLLISION_DATE,COLLISION_TIME,OFFICER_ID,REPORTING_DISTRICT,DAY_OF_WEEK,CHP_SHIFT,POPULATION,CNTY_CITY_LOC,SPECIAL_COND,BEAT_TYPE,CHP_BEAT_TYPE,CITY_DIVISION_LAPD,CHP_BEAT_CLASS,BEAT_NUMBER,PRIMARY_RD,SECONDARY_RD,DISTANCE,DIRECTION,INTERSECTION,WEATHER_1,WEATHER_2,STATE_HWY_IND,CALTRANS_COUNTY,CALTRANS_DISTRICT,STATE_ROUTE,ROUTE_SUFFIX,POSTMILE_PREFIX,POSTMILE,LOCATION_TYPE,RAMP_INTERSECTION,SIDE_OF_HWY,TOW_AWAY,COLLISION_SEVERITY,NUMBER_KILLED,NUMBER_INJURED,PARTY_COUNT,PRIMARY_COLL_FACTOR,PCF_CODE_OF_VIOL,PCF_VIOL_CATEGORY,PCF_VIOLATION,PCF_VIOL_SUBSECTION,HIT_AND_RUN,TYPE_OF_COLLISION,MVIW,PED_ACTION,ROAD_SURFACE,ROAD_COND_1,ROAD_COND_2,LIGHTING,CONTROL_DEVICE,CHP_ROAD_TYPE,PEDESTRIAN_ACCIDENT,BICYCLE_ACCIDENT,MOTORCYCLE_ACCIDENT,TRUCK_ACCIDENT,NOT_PRIVATE_PROPERTY,ALCOHOL_INVOLVED,STWD_VEHTYPE_AT_FAULT,CHP_VEHTYPE_AT_FAULT,COUNT_SEVERE_INJ,COUNT_VISIBLE_INJ,COUNT_COMPLAINT_PAIN,COUNT_PED_KILLED,COUNT_PED_INJURED,COUNT_BICYCLIST_KILLED,COUNT_BICYCLIST_INJURED,COUNT_MC_KILLED,COUNT_MC_INJURED,PRIMARY_RAMP,SECONDARY_RAMP,LATITUDE,LONGITUDE,COUNTY,CITY,POINT_X,POINT_Y
9250291,2021,2021-04-28,4116,2021-03-17,1758,28307,12,3,5,5,4116,0,0,0,,0,00A,"N IDAHO ST","SANTA INEZ AV",0.00,,Y,A,-,N,,,,,,,,,,N,3,0,1,2,A,-,09,21802,,N,D,D,A,A,H,-,A,A,0,,,,,Y,,A,01,0,1,0,0,0,0,0,0,0,"- ","- ",37.576858520507812,-122.32247161865234,"SAN MATEO","SAN MATEO",-122.32247161865234,37.576854705810547
9250343,2021,2021-04-30,4116,2021-04-10,1816,26199,13,6,5,5,4116,0,0,0,,0,0DT,"EAST 4TH AV","B ST",0.00,,Y,A,-,N,,,,,,,,,,N,3,0,2,3,A,-,10,21950,A,N,G,B,B,A,H,-,A,A,0,Y,,,,Y,,A,01,0,2,0,0,2,0,0,0,0,"- ","- ",37.564800262451172,-122.32189178466797,"SAN MATEO","SAN MATEO",-122.32160949707031,37.564750671386719
9250344,2021,2021-04-30,4116,2021-04-01,1046,25586,24,4,5,5,4116,0,0,0,,0,00A,"CRYSTAL SPRINGS RD","W 3RD AV",114.00,E,N,A,-,N,,,,,,,,,,N,2,0,1,1,C,-,18,,,N,E,J,A,A,C,G,A,D,0,,Y,,,Y,,-,"- ",1,0,0,0,0,0,1,0,0,"- ","- ",37.559761047363281,-122.33168029785156,"SAN MATEO","SAN MATEO",-122.33142852783203,37.559986114501953
9251740,2021,2021-04-22,4106,2021-03-02,2045,2129,5,2,5,6,4106,0,0,0,,0,003,"VALE ST","MATEO AV",0.00,,Y,A,-,N,,,,,,,,,,N,3,0,1,2,A,-,12,22450,A,F,H,H,B,A,H,-,C,A,0,Y,,,,Y,,B,01,0,1,0,0,1,0,0,0,0,"- ","- ",,,"SAN MATEO","DALY CITY",-122.4669189453125,37.691551208496094
9252062,2020,2021-04-27,4127,2020-09-05,1718,2185,4127,6,5,4,4127,0,0,0,,0,004,"WEST BAYSHORE RD","COOLEY AV",293.00,S,N,A,-,N,,,,,,,,,,Y,3,0,1,2,A,-,09,21804,,N,D,C,A,A,H,-,A,D,0,,,,,Y,,A,01,0,1,0,0,0,0,0,0,0,"- ","- ",,,"SAN MATEO","EAST PALO ALTO",-122.13820648193359,37.458480834960938
9253271,2021,2021-04-29,4104,2021-03-15,1017,0168,15,1,5,4,4104,0,0,0,,0,00B,"MURCHISON DR","MAGNOLIA AV",0.00,,Y,A,-,N,,,,,,,,,,N,4,0,1,2,A,-,09,21802,A,N,D,C,A,A,H,-,A,A,0,,,,,Y,,D,22,0,0,1,0,0,0,0,0,0,"- ","- ",37.595638275146484,-122.38716888427734,"SAN MATEO",BURLINGAME,-122.38714599609375,37.595626831054688
9253712,2021,2021-04-28,4106,2021-03-30,0848,1158,7,2,5,6,4106,0,0,0,,0,002,"CHESTER ST","ABBOT AV",0.00,,Y,A,-,N,,,,,,,,,,N,3,0,1,2,A,-,10,21950,A,N,G,B,B,A,H,-,A,A,0,Y,,,,Y,,A,01,0,1,0,0,1,0,0,0,0,"- ","- ",,,"SAN MATEO","DALY CITY",-122.45770263671875,37.688518524169922
9254036,2021,2021-05-03,4106,2021-04-14,1630,2178,1,3,5,6,4106,0,0,0,,0,001,"GENEVA AV","RIO VERDE ST",157.00,E,N,A,-,N,,,,,,,,,,N,4,0,1,2,A,-,03,22350,A,N,C,C,A,A,H,-,A,D,0,,,Y,,Y,,A,01,0,0,1,0,0,0,0,0,1,"- ","- ",,,"SAN MATEO","DALY CITY",-122.41531372070312,37.706924438476562
9254060,2021,2021-04-29,4127,2021-01-30,1353,2245,4127,6,5,4,4127,0,0,0,,0,003,"UNIVERSITY AV",RUNNYMEDE,398.00,W,N,A,-,N,,,,,,,,,,N,3,0,1,2,A,-,04,21703,,N,C,C,A,A,H,-,A,D,0,,,,,Y,,A,01,0,1,0,0,0,0,0,0,0,"- ","- ",,,"SAN MATEO","EAST PALO ALTO",-122.14144897460938,37.467430114746094
9256261,2021,2021-11-30,4106,2021-03-04,2000,1180,10,4,5,6,4106,0,0,0,,0,004,"RT 35","WESTRIDGE AV",0.00,,Y,A,-,Y,SM,4,35,-,-,30.270,I,5,S,Y,1,1,0,2,A,-,11,21456,C,N,G,B,B,A,H,-,C,A,0,Y,,,,Y,,N,60,0,0,0,1,0,0,0,0,0,"- ","- ",,,"SAN MATEO","DALY CITY",-122.49281311035156,37.690475463867188
9257552,2020,2021-05-03,4127,2020-10-25,1551,2264,E,7,5,4,4127,0,0,0,,0,001,"UNIVERSITY AV","RUNNYMEDE ST",0.00,,Y,A,-,N,,,,,,,,,,Y,4,0,1,2,A,-,08,22107,,N,D,C,A,A,H,-,A,A,0,,,,,Y,,A,01,0,0,1,0,0,0,0,0,0,"- ","- ",,,"SAN MATEO","EAST PALO ALTO",-122.1414794921875,37.468521118164062
9258255,2021,2021-05-26,4116,2021-04-17,0326,28806,12,6,5,5,4116,0,0,0,,0,00A,"CYPRESS AV","S AMPHPLETT BL",172.00,W,N,A,-,N,,,,,,,,,,Y,3,0,1,2,A,-,08,22107,,M,B,E,A,A,H,-,C,D,0,,,,,Y,,A,01,0,1,0,0,0,0,0,0,0,"- ","- ",37.573169708251953,-122.31764984130859,"SAN MATEO","SAN MATEO",-122.31790924072266,37.573360443115234
9259248,2021,2021-05-18,4116,2021-05-03,1743,28071,25,1,5,5,4116,0,0,0,,0,00A,"ALAMEDA DE LAS PULGAS","ARAGON BL",28.00,N,N,A,-,N,,,,,,,,,,N,3,0,1,2,A,-,03,22350,,N,C,G,A,A,H,-,A,A,0,,Y,,,Y,,L,04,0,1,0,0,0,0,1,0,0,"- ","- ",37.551528930664062,-122.32814788818359,"SAN MATEO","SAN MATEO",-122.32820892333984,37.551540374755859
9259627,2021,2021-05-24,4116,2021-05-04,1225,28071,13A,2,5,5,4116,0,0,0,,0,00A,"EAST 3RD AV","S FREMONT ST",101.00,W,N,A,-,N,,,,,,,,,,N,3,0,1,2,A,-,03,22350,,N,C,C,A,A,H,-,A,D,0,,,,,Y,,D,72,0,1,0,0,0,0,0,0,0,"- ","- ",37.568328857421875,-122.31832122802734,"SAN MATEO","SAN MATEO",-122.31856536865234,37.568157196044922
9261159,2021,2021-05-06,4116,2021-04-13,1520,28751,13,2,5,5,4116,0,0,0,,0,0DT,"SOUTH EL CAMINO REAL","EAST 3RD AV",0.00,,Y,A,-,Y,SM,4,82,-,-,11.715,I,6,N,N,3,0,1,2,A,-,09,21453,B,F,G,B,B,A,H,-,A,A,0,Y,,,,Y,,A,01,0,1,0,0,1,0,0,0,0,"- ","- ",37.562969207763672,-122.32550811767578,"SAN MATEO","SAN MATEO",-122.32598876953125,37.563018798828125
9261875,2021,2021-06-09,4106,2021-04-13,1848,2173,5,2,5,6,4106,0,0,0,,0,003,"MISSION ST","E CAVOUR ST",0.00,,Y,A,-,N,,,,,,,,,,N,3,0,7,2,A,-,01,23153,A,N,C,C,A,A,H,-,A,D,0,,,,,Y,Y,A,01,0,7,0,0,0,0,0,0,0,"- ","- ",,,"SAN MATEO","DALY CITY",-122.46480560302734,37.695087432861328
9262200,2021,2021-05-07,4114,2021-04-23,2136,0941,SNB5,5,5,4,4114,0,0,0,,0,001,"HUNTINGTON AV","FOREST LN",250.00,S,N,A,-,N,,,,,,,,,,Y,3,0,1,2,A,-,08,22107,,N,B,E,A,A,H,-,C,D,0,,,,,Y,,A,01,0,1,0,0,0,0,0,0,0,"- ","- ",,,"SAN MATEO","SAN BRUNO",-122.41361236572266,37.633312225341797
9262658,2021,2021-05-12,4103,2021-04-01,1152,SE450,1,4,5,2,4103,0,0,0,,0,00U,"BAYSHORE BL","INDUSTRIAL WY",86.00,N,N,A,-,N,,,,,,,,,,Y,3,0,1,2,A,-,08,22100,A,N,F,C,A,A,H,-,A,D,0,,,,,Y,,A,07,0,1,0,0,0,0,0,0,0,"- ","- ",37.700950622558594,-122.40854644775391,"SAN MATEO",BRISBANE,-122.40848541259766,37.701175689697266
9262961,2021,2021-05-21,4114,2021-04-12,1508,869,SNB7,1,5,4,4114,0,0,0,,0,002,"EL CAMINO REAL","CHAPMAN AV",0.00,,Y,A,-,Y,SM,4,82,-,-,17.857,I,5,N,N,3,0,2,2,A,-,04,21703,,N,C,C,A,A,H,-,A,D,0,,,,,Y,,A,08,0,1,1,0,0,0,0,0,0,"- ","- ",,,"SAN MATEO","SAN BRUNO",-122.41007995605469,37.619430541992188
9263143,2021,2021-05-25,4116,2021-04-15,0934,28252,50,4,5,5,4116,0,0,0,,0,00D,"AIRPORT BL","PENINSULA AV",0.00,,Y,A,-,N,,,,,,,,,,N,3,0,1,2,A,-,05,21650,1,N,D,G,A,A,H,-,A,A,0,,Y,,,Y,,L,04,0,1,0,0,0,0,1,0,0,"- ","- ",37.585369110107422,-122.32765197753906,"SAN MATEO","SAN MATEO",-122.32763671875,37.585357666015625
9264594,2021,2021-06-03,4113,2021-04-01,1144,351,6,4,5,5,4113,0,0,0,,0,006,"EL CAMINO REAL","JACKSON AV",85.00,S,N,A,-,N,,,82,,,,,,,Y,3,0,1,3,A,-,04,21703,,N,C,C,A,A,H,-,A,D,0,,,,Y,Y,,D,22,0,1,0,0,0,0,0,0,0,"- ","- ",37.481498718261719,-122.22914886474609,"SAN MATEO","REDWOOD CITY",-122.22903442382812,37.481658935546875
9264985,2021,2021-05-24,4113,2021-04-28,1611,487,8,3,5,5,4113,0,0,0,,0,008,"FARM HILL BL","GLENNAN DR",0.00,,Y,A,-,N,,,,,,,,,,Y,3,0,1,2,A,-,09,21801,A,N,H,C,A,A,H,-,A,A,0,,,,,Y,,A,01,0,1,0,0,0,0,0,0,0,"- ","- ",37.458049774169922,-122.24846649169922,"SAN MATEO","REDWOOD CITY",-122.24847412109375,37.458026885986328
9264986,2021,2021-05-21,4113,2021-04-24,1436,1175,7,6,5,5,4113,0,0,0,,0,007,"WHIPPLE AV",HUDSON,19.00,W,N,A,-,N,,,,,,,,,,Y,3,0,1,2,A,-,08,22107,,N,D,C,A,A,H,-,A,D,0,,,,,Y,,A,01,0,1,0,0,0,0,0,0,0,"- ","- ",37.485298156738281,-122.24619293212891,"SAN MATEO","REDWOOD CITY",-122.2462158203125,37.485282897949219
9266761,2021,2021-06-04,4102,2021-05-22,1535,09650,2C,6,5,4,4102,0,0,0,,0,002,"EL CAMINO REAL","RALSTON AV",0.00,,Y,A,-,N,,,82,,,,,,,Y,3,0,3,4,A,-,04,21703,,N,C,C,A,A,H,-,A,A,0,,,,,Y,Y,A,01,0,2,1,0,0,0,0,0,0,"- ","- ",37.520420074462891,-122.27603149414062,"SAN MATEO",BELMONT,-122.2760009765625,37.520458221435547
9268240,2021,2021-05-26,4116,2021-05-06,1556,28307,25,4,5,5,4116,0,0,0,,0,00A,"ALAMEDA DE LAS PULGAS","MACARTHUR AV",0.00,,Y,A,-,N,,,,,,,,,,N,3,0,1,2,A,-,08,22107,,N,C,C,A,A,H,-,A,D,0,,,,,Y,,A,01,0,1,0,0,0,0,0,0,0,"- ","- ",37.549468994140625,-122.32539367675781,"SAN MATEO","SAN MATEO",-122.32548522949219,37.549385070800781
9269883,2021,2021-06-17,4127,2021-01-12,1035,2232,4127,2,5,4,4127,0,0,0,,0,002,"WEEKS ST","CAROLE CT",89.00,S,N,B,-,Y,,,,,,,,,,N,3,0,1,2,A,-,06,21750,A,N,B,C,A,A,H,-,A,D,0,,,,Y,Y,,A,01,0,1,0,0,0,0,0,0,0,"- ","- ",,,"SAN MATEO","EAST PALO ALTO",-122.13800811767578,37.470119476318359
9270982,2021,2021-06-16,4106,2021-05-02,1030,2063,8,7,5,6,4106,0,0,0,,0,004,"LAKE MERCED BL","JOHN DALY BL",0.00,,Y,A,-,N,,,,,,,,,,Y,3,0,1,2,A,-,08,22107,,N,B,C,A,A,H,-,A,A,0,,,,,Y,,A,01,0,1,0,0,0,0,0,0,0,"- ","- ",,,"SAN MATEO","DALY CITY",-122.48490905761719,37.701442718505859
9270984,2021,2021-06-16,4106,2021-05-18,1618,2177,6,2,5,6,4106,0,0,0,,0,002,"CASTLE ST","HILLSIDE BL",0.00,,Y,A,-,N,,,,,,,,,,Y,3,0,1,3,A,-,12,22450,A,F,A,C,A,A,H,-,A,D,0,,,,,Y,,A,01,0,1,0,0,0,0,0,0,0,"- ","- ",,,"SAN MATEO","DALY CITY",-122.46150970458984,37.691738128662109
9273101,2021,2021-06-15,4113,2021-05-26,1830,477,6,3,5,5,4113,0,0,0,,0,006,"HUDSON ST","VERA AV",0.00,,Y,A,-,N,,,,,,,,,,N,2,0,1,2,A,-,12,22450,A,F,B,G,A,A,H,-,A,D,0,,Y,,,Y,,L,04,1,0,0,0,0,0,1,0,0,"- ","- ",37.475471496582031,-122.23394012451172,"SAN MATEO","REDWOOD CITY",-122.23394775390625,37.475467681884766
9273212,2020,2021-06-22,4127,2020-10-28,1744,2233,4127,3,5,4,4127,0,0,0,,0,002,"FORDHAM ST","FORDHAM ST 2800",0.00,,Y,A,-,N,,,,,,,,,,Y,4,0,1,2,A,-,03,22350,,N,B,C,A,A,H,-,B,D,0,,,,,Y,,-,,0,0,1,0,0,0,0,0,0,"- ","- ",,,"SAN MATEO","EAST PALO ALTO",,
9273386,2020,2021-06-14,4127,2020-04-21,1236,2247,4127,2,5,4,4127,0,0,0,,0,003,"BELL ST","COOLEY AV",0.00,,Y,A,-,N,,,,,,,,,,N,3,0,2,2,A,-,12,22450,A,M,D,C,A,A,H,-,A,A,0,,,,,Y,,A,01,0,1,1,0,0,0,0,0,0,"- ","- ",,,"SAN MATEO","EAST PALO ALTO",-122.13932037353516,37.465969085693359
9273701,2021,2021-06-29,4106,2021-05-31,1321,2146,,1,5,6,4106,0,0,0,,0,,"SAN PEDRO","DUNKS ST",0.00,,Y,A,-,N,,,,,,,,,,N,3,0,3,2,A,-,09,21801,A,N,D,C,A,A,H,-,A,D,0,,,,,Y,,A,01,0,3,0,0,0,0,0,0,0,"- ","- ",,,"SAN MATEO","DALY CITY",-122.46985626220703,37.686454772949219
9275275,2021,2021-07-06,4100,2021-03-14,1200,21-01931,MLB,7,5,3,4110,0,0,0,,0,061,"S MAGNOLIA AV","S BROADWAY",0.00,,Y,A,-,N,,,,,,,,,,N,3,0,1,2,A,-,17,22517,,N,H,G,A,A,H,-,A,D,0,,Y,,,Y,,A,01,0,1,0,0,0,0,1,0,0,"- ","- ",,,"SAN MATEO",MILLBRAE,-122.38851165771484,37.5966796875
9278068,2021,2021-07-12,4116,2021-05-28,1603,28252,13,5,5,5,4116,0,0,0,,0,0DT,"SOUTH SAN MATEO DR","BALDWIN AV",86.00,S,N,A,G,N,,,,,,,,,,N,3,0,1,2,A,-,21,22106,,N,D,C,A,A,H,-,A,D,0,,,Y,,Y,,C,02,0,1,0,0,0,0,0,0,1,"- ","- ",37.565010070800781,-122.32608032226562,"SAN MATEO","SAN MATEO",-122.32610321044922,37.566371917724609
9278069,2021,2021-07-12,4116,2021-05-25,2154,28444,13A,2,5,5,4116,0,0,0,,0,00A,"E EL CAMINO AV","TILTON AV",344.00,N,N,A,-,N,,,,,,,,,,Y,3,0,1,3,A,-,03,22350,,N,C,C,A,A,H,-,C,D,0,,,,,Y,,A,01,0,1,0,0,0,0,0,0,0,"- ","- ",37.567008972167969,-122.33000183105469,"SAN MATEO","SAN MATEO",-122.3309326171875,37.567550659179688
9278207,2021,2021-06-25,4116,2021-05-15,1415,27730,52,6,5,5,4116,0,0,0,,0,00D,"KEHOE AV","S NORFOLK ST",0.00,,Y,A,-,N,,,,,,,,,,N,3,0,2,2,D,-,00,,,N,D,C,A,A,H,-,A,D,0,,,,,Y,,-,"- ",0,1,1,0,0,0,0,0,0,"- ","- ",37.564491271972656,-122.30236053466797,"SAN MATEO","SAN MATEO",-122.30235290527344,37.564460754394531
9278963,2021,2021-07-08,4102,2021-06-05,1511,69800,5BR,6,5,4,4102,0,0,0,,0,002,"RALSTON AV","ACADEMY AV",41.00,W,N,A,-,N,,,,,,,,,,N,3,0,1,2,A,-,09,21804,A,N,H,G,A,A,H,-,A,A,0,,Y,,,Y,,A,08,0,1,0,0,0,0,1,0,0,"- ","- ",37.512069702148438,-122.29429626464844,"SAN MATEO",BELMONT,-122.29264831542969,37.512588500976562
9278998,2021,2021-07-12,4113,2021-06-04,2159,482,2,5,5,5,4113,0,0,0,,0,002,"WHIPPLE AV","VETERANS BL",0.00,,Y,A,-,N,,,,,,,,,,N,3,0,3,2,A,-,08,22107,,N,D,C,A,A,H,-,C,A,0,,,,,Y,,A,01,0,3,0,0,0,0,0,0,0,"- ","- ",37.494171142578125,-122.23561096191406,"SAN MATEO","REDWOOD CITY",-122.23451995849609,37.494548797607422
9279000,2021,2021-07-12,4113,2021-06-02,1654,474,2,3,5,5,4113,0,0,0,,0,002,"ARGUELLO ST","STANDISH ST",0.00,,Y,A,-,N,,,,,,,,,,N,3,0,1,2,A,-,17,21209,A,N,C,C,A,A,H,-,A,D,0,,,Y,,Y,,C,03,0,1,0,0,0,0,0,0,1,"- ","- ",37.490489959716797,-122.23725891113281,"SAN MATEO","REDWOOD CITY",-122.23729705810547,37.490489959716797
9279016,2021,2021-07-09,4106,2021-06-12,2039,2142,6,6,5,6,4106,0,0,0,,0,002,"HILLSIDE BL","GAMBETTA ST",0.00,,Y,A,-,N,,,,,,,,,,Y,4,0,2,2,A,-,09,21800,A,N,D,C,A,A,H,-,C,D,0,,,,,Y,,A,01,0,0,2,0,0,0,0,0,0,"- ","- ",,,"SAN MATEO","DALY CITY",-122.46209716796875,37.698829650878906
9279949,2021,2021-07-01,4106,2021-05-25,1642,2178,9A,2,5,6,4106,0,0,0,,0,004,"PARK PLAZA DR","JOHN DALY BL",467.00,S,N,A,-,N,,,,,,,,,,N,3,0,1,2,A,-,09,21804,B,N,G,B,C,A,H,-,A,D,0,Y,,,,Y,,N,60,0,1,0,0,1,0,0,0,0,"- ","- ",37.700908660888672,-122.48181915283203,"SAN MATEO","DALY CITY",-122.48162841796875,37.700912475585938
9280242,2021,2021-06-28,4114,2021-04-17,1248,1126,SNB17,6,5,4,4114,0,0,0,,0,001,"WEST SAN BRUNO AV","RT 280",0.00,,Y,A,-,Y,SM,4,280,-,R,20.574,R,4,N,N,4,0,1,2,A,-,12,21453,A,N,D,C,A,A,H,-,A,A,0,,,,,Y,,A,01,0,0,1,0,0,0,0,0,0,"- ",NO,,,"SAN MATEO","SAN BRUNO",-122.4268798828125,37.622081756591797
9280983,2021,2021-08-18,4102,2021-06-10,1010,69800,5BR,4,5,4,4102,0,0,0,,0,002,"ACADEMY AV","RALSTON AV",0.00,,Y,A,-,N,,,,,,,,,,N,3,0,1,2,A,-,00,51802,A,N,D,C,A,A,H,-,A,A,0,,,,,Y,Y,A,01,0,1,0,0,0,0,0,0,0,"- ","- ",37.512649536132812,-122.29254150390625,"SAN MATEO",BELMONT,-122.29253387451172,37.512649536132812
9281777,2021,2021-06-23,4111,2021-05-04,2252,P5104,P14,2,5,4,4111,0,0,0,,0,0P3,"REGINA WY","CRESPI DR",7.00,W,N,A,-,N,,,,,,,,,,N,4,0,1,1,A,-,08,22107,,M,E,I,A,A,H,-,C,D,0,,,,,Y,,-,99,0,0,1,0,0,0,0,0,0,"- ","- ",37.593269348144531,-122.48872375488281,"SAN MATEO",PACIFICA,-122.48873138427734,37.593273162841797
9281846,2021,2021-07-01,4111,2021-05-08,1151,P5159,P12,6,5,4,4111,0,0,0,,0,0P2,"CABRILLO HWY","REINA DEL MAR AV",821.00,S,N,A,-,Y,SM,4,1,-,R,42.420,H,-,S,Y,4,0,1,4,A,-,03,22350,,N,C,C,A,A,H,-,A,A,0,,,,,Y,,A,01,0,0,1,0,0,0,0,0,0,"- ","- ",,,"SAN MATEO",PACIFICA,-122.48947906494141,37.612377166748047
9283717,2021,2021-07-29,4113,2021-06-21,1612,477,6,1,5,5,4113,0,0,0,,0,006,"EL CAMINO REAL","ROOSEVELT AV",0.00,,Y,A,-,N,,,82,,,,,,,N,3,0,1,2,A,-,03,22350,A,N,C,C,A,A,H,-,A,A,0,,,Y,,Y,,C,06,0,1,0,0,0,0,0,0,0,"- ","- ",37.478279113769531,-122.22540283203125,"SAN MATEO","REDWOOD CITY",-122.22503662109375,37.478782653808594
9286364,2021,2021-07-20,4113,2021-06-07,1711,487,3,1,5,5,4113,0,0,0,,0,003,"WOODSIDE RD",BROADWAY,0.00,,Y,A,-,Y,SM,4,84,-,-,25.540,H,-,N,Y,2,0,2,3,A,-,03,22350,,N,C,C,A,A,H,-,A,A,0,,,,,Y,,A,01,2,0,0,0,0,0,0,0,0,"- ","- ",37.487049102783203,-122.21421051025391,"SAN MATEO","REDWOOD CITY",-122.21408081054688,37.487026214599609
9286366,2021,2021-07-22,4113,2021-06-03,0816,384,8,4,5,5,4113,0,0,0,,0,008,"WOODSIDE RD",KENTUCKY,0.00,,Y,A,-,Y,SM,4,84,-,-,23.140,H,-,N,Y,3,0,2,3,C,-,18,,,N,A,C,A,A,H,-,A,D,0,,,,,Y,,-,"- ",0,2,0,0,0,0,0,0,0,"- ","- ",37.454719543457031,-122.22879791259766,"SAN MATEO","REDWOOD CITY",-122.22868347167969,37.454875946044922
9286525,2021,2021-08-28,4106,2021-07-02,1807,2054,3,5,5,6,4106,0,0,0,,0,002,"BRUNSWICK ST","WELLINGTON AV",24.00,S,N,A,-,N,,,,,,,,,,Y,3,0,2,4,A,-,09,21804,A,N,D,C,A,A,H,-,A,D,0,,,,,Y,,A,01,0,2,0,0,0,0,0,0,0,"- ","- ",,,"SAN MATEO","DALY CITY",-122.45995330810547,37.704795837402344
9287400,2021,2021-07-28,4113,2021-06-27,0013,471,5,7,5,5,4113,0,0,0,,0,005,"EL CAMINO REAL","HAZEL AV",0.00,,Y,A,-,Y,SM,4,82,-,-,3.342,I,5,S,Y,2,0,1,2,A,-,11,21954,A,N,G,B,D,A,H,-,C,D,0,Y,,,,Y,Y,N,60,1,0,0,0,1,0,0,0,0,"- ","- ",37.475650787353516,-122.22075653076172,"SAN MATEO","REDWOOD CITY",-122.22057342529297,37.475563049316406
92896570,2024,2024-07-30,9330,2024-07-21,1630,023587,,7,2,3,4110,0,1,2,,2,038,"US-101 S/B","MILLBRAE AVENUE",1056.00,N,N,A,-,Y,SM,,101," "," ",18.183,H,,L,Y,4,0,2,4,C,-,18,,,N,C,C,A,A,H,-,A,D,0,,,,,Y,,-,"- ",0,0,2,0,0,0,0,0,0,"- ","- ",37.604789733886719,-122.38390350341797,"SAN MATEO",MILLBRAE,-122.38394927978516,37.604740142822266
92898581,2024,2024-07-30,9330,2024-07-23,1810,023693,,2,2,4,4127,0,1,2,,2,058,"US-101 N/B","UNIVERSITY AVENUE",1320.00,S,N,A,-,Y,SM,,101," "," ",0.629,H,,R,N,4,0,1,2,A,-,03,22350,,N,C,C,A,A,H,-,A,D,0,,,,,Y,,A,01,0,0,1,0,0,0,0,0,0,"- ","- ",37.458408355712891,-122.13704681396484,"SAN MATEO","EAST PALO ALTO",-122.13710021972656,37.458351135253906
9292666,2021,2021-08-11,4106,2021-06-24,1657,2069,1,4,5,6,4106,0,0,0,,0,001,"GENEVA AV","SCHWERIN ST",0.00,,Y,A,-,N,,,,,,,,,,Y,3,0,2,3,A,-,00,23103,,F,D,C,A,A,H,-,A,A,0,,,,,Y,,A,01,0,2,0,0,0,0,0,0,0,"- ","- ",,,"SAN MATEO","DALY CITY",-122.41324615478516,37.706329345703125
9293617,2021,2021-08-04,4113,2021-07-10,1908,475,8,6,5,5,4113,0,0,0,,0,008,"WOODSIDE RD","NIMITZ AV",48.00,E,N,A,-,Y,SM,4,84,-,-,23.470,H,-,N,Y,3,0,2,2,A,-,07,21658,A,N,D,E,A,A,H,-,A,D,0,,,,,Y,Y,A,01,0,2,0,0,0,0,0,0,0,"- ","- ",37.458889007568359,-122.2265625,"SAN MATEO","REDWOOD CITY",-122.22641754150391,37.45928955078125
9295356,2021,2021-09-03,4116,2021-07-09,0803,28252,34,5,5,5,4116,0,0,0,,0,00C,"36TH AV","SOUTH EL CAMINO REAL",0.00,,Y,A,-,Y,SM,4,82,-,-,9.150,H,-,S,Y,4,0,1,2,A,-,09,21802,A,N,D,C,A,A,H,-,A,A,0,,,,Y,Y,,A,01,0,0,1,0,0,0,0,0,0,"- ","- ",37.535129547119141,-122.29524993896484,"SAN MATEO","SAN MATEO",-122.295166015625,37.534942626953125
9297702,2021,2021-08-16,4113,2021-07-23,1458,1175,3,5,5,5,4113,0,0,0,,0,003,"WOODSIDE RD",BROADWAY,0.00,,Y,A,-,N,,,84,,,,,,,N,3,0,1,2,A,-,03,22350,,N,C,C,A,A,H,-,A,A,0,,,,,Y,,D,22,0,1,0,0,0,0,0,0,0,"- ","- ",37.487049102783203,-122.21421051025391,"SAN MATEO","REDWOOD CITY",-122.21422576904297,37.487052917480469
92996759,2024,2024-07-31,9335,2024-07-24,1928,017331,,3,2,4,4114,0,1,2,,2,012,"US-101 S/B","SAN BRUNO AVE",2000.00,S,N,A,-,Y,SM,,101," "," ",19.834,H,,L,Y,4,0,1,2,A,-,01,23152,A,M,B,C,A,A,H,-,A,D,0,,,,,Y,Y,A,01,0,0,1,0,0,0,0,0,0,"- ","- ",37.623420715332031,-122.40099334716797,"SAN MATEO","SAN BRUNO",-122.40097045898438,37.623424530029297
9299701,2021,2021-09-13,4106,2021-07-07,1840,2104,13A,3,5,6,4106,0,0,0,,0,006,"SOUTHGATE AV","SERRAMONTE MALL NORTH ENTRANCE",0.00,,Y,A,-,N,,,,,,,,,,Y,3,0,2,2,A,-,12,22450,A,N,A,C,A,A,H,-,A,A,0,,,,,Y,,A,01,0,2,0,0,0,0,0,0,0,"- ","- ",,,"SAN MATEO","DALY CITY",-122.47069399999999,37.675294999999998
9299702,2021,2021-09-13,4106,2021-07-22,1326,2146,5,4,5,6,4106,0,0,0,,0,003,"JUNIPERO BL","D ST",0.00,,Y,A,-,N,,,,,,,,,,N,3,0,1,2,D,-,00,,,N,D,C,A,A,H,-,A,A,0,,,,,Y,,-,"- ",0,1,0,0,0,0,0,0,0,"- ","- ",,,"SAN MATEO","DALY CITY",-122.47072,37.683880000000002
9299873,2021,2021-10-08,4106,2021-08-03,2002,2174,6,2,5,6,4106,0,0,0,,0,002,"HILLSIDE BL","BRUNSWICK ST",0.00,,Y,A,-,N,,,,,,,,,,N,3,0,1,3,A,-,01,23152,A,F,A,C,A,A,H,-,B,A,0,,,,,Y,Y,D,22,0,1,0,0,0,0,0,0,0,"- ","- ",,,"SAN MATEO","DALY CITY",-122.46205902099609,37.704124450683594