CASE_ID,ACCIDENT_YEAR,PROC_DATE,JURIS,COLLISION_DATE,COLLISION_TIME,OFFICER_ID,REPORTING_DISTRICT,DAY_OF_WEEK,CHP_SHIFT,POPULATION,CNTY_CITY_LOC,SPECIAL_COND,BEAT_TYPE,CHP_BEAT_TYPE,CITY_DIVISION_LAPD,CHP_BEAT_CLASS,BEAT_NUMBER,PRIMARY_RD,SECONDARY_RD,DISTANCE,DIRECTION,INTERSECTION,WEATHER_1,WEATHER_2,STATE_HWY_IND,CALTRANS_COUNTY,CALTRANS_DISTRICT,STATE_ROUTE,ROUTE_SUFFIX,POSTMILE_PREFIX,POSTMILE,LOCATION_TYPE,RAMP_INTERSECTION,SIDE_OF_HWY,TOW_AWAY,COLLISION_SEVERITY,NUMBER_KILLED,NUMBER_INJURED,PARTY_COUNT,PRIMARY_COLL_FACTOR,PCF_CODE_OF_VIOL,PCF_VIOL_CATEGORY,PCF_VIOLATION,PCF_VIOL_SUBSECTION,HIT_AND_RUN,TYPE_OF_COLLISION,MVIW,PED_ACTION,ROAD_SURFACE,ROAD_COND_1,ROAD_COND_2,LIGHTING,CONTROL_DEVICE,CHP_ROAD_TYPE,PEDESTRIAN_ACCIDENT,BICYCLE_ACCIDENT,MOTORCYCLE_ACCIDENT,TRUCK_ACCIDENT,NOT_PRIVATE_PROPERTY,ALCOHOL_INVOLVED,STWD_VEHTYPE_AT_FAULT,CHP_VEHTYPE_AT_FAULT,COUNT_SEVERE_INJ,COUNT_VISIBLE_INJ,COUNT_COMPLAINT_PAIN,COUNT_PED_KILLED,COUNT_PED_INJURED,COUNT_BICYCLIST_KILLED,COUNT_BICYCLIST_INJURED,COUNT_MC_KILLED,COUNT_MC_INJURED,PRIMARY_RAMP,SECONDARY_RAMP,LATITUDE,LONGITUDE,COUNTY,CITY,POINT_X,POINT_Y
9383278,2021,2021-12-29,4113,2021-11-28,1731,469,3,7,5,5,4113,0,0,0,,0,004,"WOODSIDE RD","MIDDLEFIELD RD",0.00,,Y,A,-,N,,,84,,,,,,,N,3,0,1,2,A,-,03,22350,,N,C,C,A,A,H,-,C,A,0,,,,,Y,,A,01,0,1,0,0,0,0,0,0,0,"- ","- ",37.487049102783203,-122.21421051025391,"SAN MATEO","REDWOOD CITY",-122.21422576904297,37.487052917480469
9386331,2021,2022-01-18,4127,2021-12-03,2250,2259,4127,5,5,4,4127,0,0,0,,0,001,"BELL ST","UNIVERSITY AV",275.00,N,N,A,-,N,,,,,,,,,,N,3,0,2,2,A,-,21,22106,,N,D,C,A,A,H,-,C,A,0,,,,,Y,Y,A,01,0,2,0,0,0,0,0,0,0,"- ","- ",,,"SAN MATEO","EAST PALO ALTO",-122.14156341552734,37.465591430664062
9389576,2022,2022-02-02,4102,2022-01-10,1900,90400,8SJ,1,5,4,4102,0,0,0,,0,003,"HASKINS DR","MONTE CRESTA",49.00,W,N,A,-,N,,,,,,,,,,N,4,0,1,2,A,-,08,22107,,M,B,C,A,A,H,-,C,D,0,,,,,Y,,-,,0,0,1,0,0,0,0,0,0,"- ","- ",,,"SAN MATEO",BELMONT,-122.31046295166016,37.522151947021484
9389971,2021,2022-01-20,4106,2021-12-18,1608,2154,1,6,5,6,4106,0,0,0,,0,001,"GENEVA AV","SCHWERIN ST",48.00,W,N,A,-,N,,,,,,,,,,Y,3,0,1,3,A,-,12,21453,A,N,C,C,A,A,H,-,B,A,0,,,,,Y,,A,01,0,1,0,0,0,0,0,0,0,"- ","- ",37.706451416015625,-122.41319274902344,"SAN MATEO","DALY CITY",-122.41340637207031,37.706371307373047
9390018,2022,2022-01-28,4113,2022-01-08,1835,482,5,6,5,5,4113,0,0,0,,0,005,"EL CAMINO REAL","CENTER ST",0.00,,Y,A,-,N,,,,,,,,,,N,3,0,2,3,A,-,03,22350,,N,C,C,A,A,H,-,C,A,0,,,,,Y,Y,D,23,0,2,0,0,0,0,0,0,0,"- ","- ",37.473808288574219,-122.21823883056641,"SAN MATEO","REDWOOD CITY",-122.21826171875,37.473804473876953
9390252,2021,2022-01-24,4111,2021-11-17,1749,P5150,P07,3,5,4,4111,0,0,0,,0,0P2,MONTECITO,"BEACH BL",28.00,E,N,A,-,N,,,,,,,,,,N,3,0,1,2,A,-,00,22106,A,N,H,G,A,A,H,-,A,D,0,,Y,,,Y,,A,01,0,1,0,0,0,0,1,0,0,"- ","- ",,,"SAN MATEO",PACIFICA,-122.49407958984375,37.63275146484375
9390320,2021,2022-02-03,4106,2021-12-21,1235,2146,6,2,5,6,4106,0,0,0,,0,002,"MISSION ST","BISMARK ST",0.00,,Y,A,-,N,,,82,,,,,,,N,3,0,2,2,A,-,09,21800,A,N,D,C,A,A,H,-,A,A,0,,,,,Y,,A,01,0,1,1,0,0,0,0,0,0,"- ","- ",37.695781707763672,-122.46470642089844,"SAN MATEO","DALY CITY",-122.46463775634766,37.695770263671875
9390322,2021,2022-01-24,4106,2021-12-27,1150,2146,12,1,5,6,4106,0,0,0,,0,005,"SULLIVAN AV","SOUTHGATE AV",0.00,,Y,B,C,N,,,,,,,,,,Y,2,0,3,2,A,-,01,23152,A,N,A,C,A,B,H,-,A,A,0,,,,,Y,Y,A,01,2,1,0,0,0,0,0,0,0,"- ","- ",37.675838470458984,-122.47335052490234,"SAN MATEO","DALY CITY",-122.47335815429688,37.675827026367188
9390337,2021,2022-01-24,4111,2021-12-18,1158,P5150,P13,6,5,4,4111,0,0,0,,0,0P2,"SHARP PARK RD","COLLEGE DR",2816.00,W,N,A,-,N,,,,,,,,,,N,3,0,1,1,A,-,03,22350,A,N,H,J,A,A,H,-,A,D,0,,,Y,,Y,,C,02,0,1,0,0,0,0,0,0,1,"- ","- ",,,"SAN MATEO",PACIFICA,-122.47796630859375,37.629344940185547
9391629,2021,2022-01-20,4113,2021-12-12,1335,479,8,7,5,5,4113,0,0,0,,0,008,"VALOTA RD","KANSAS ST",100.00,N,N,C,-,N,,,,,,,,,,N,4,0,1,2,A,-,21,22106,,N,C,C,A,B,H,-,A,D,0,,,,,Y,,A,01,0,0,1,0,0,0,0,0,0,"- ","- ",37.461601257324219,-122.22933959960938,"SAN MATEO","REDWOOD CITY",-122.22911071777344,37.461803436279297
9391662,2021,2022-01-20,4113,2021-12-28,1028,488,2,2,5,5,4113,0,0,0,,0,002,"VETERANS BL","JEFFERSON AV",0.00,,Y,C,-,N,,,,,,,,,,Y,3,0,2,2,A,-,12,21453,A,N,D,C,A,B,H,-,A,A,0,,,,,Y,,A,07,0,2,0,0,0,0,0,0,0,"- ","- ",37.490470886230469,-122.22843933105469,"SAN MATEO","REDWOOD CITY",-122.22840881347656,37.490299224853516
9395924,2022,2022-02-03,4113,2022-01-12,1431,369,6,3,5,5,4113,0,0,0,,0,006,"OAK AV",VALOTA,0.00,,Y,A,-,N,,,,,,,,,,N,3,0,1,2,A,-,09,21802,,N,D,C,A,A,H,-,A,A,0,,,Y,,Y,Y,A,07,0,1,0,0,0,0,0,0,1,"- ","- ",37.467441558837891,-122.23631286621094,"SAN MATEO","REDWOOD CITY",-122.23629760742188,37.467449188232422
9400323,2021,2022-02-10,4111,2021-12-21,0814,P5162,P17,2,5,4,4111,0,0,0,,0,0P3,"SAN PEDRO AV","GRAND AV",276.00,E,N,A,-,N,,,,,,,,,,N,4,0,1,2,A,-,03,22350,,M,A,C,A,A,H,-,A,D,0,,,,,Y,,A,01,0,0,1,0,0,0,0,0,0,"- ","- ",,,"SAN MATEO",PACIFICA,-122.50730133056641,37.593830108642578
9400356,2021,2022-02-08,4111,2021-12-17,1542,P5158,P14,5,5,4,4111,0,0,0,,0,0P3,"FASSLER AV","OHLONE DR",395.00,W,N,A,-,N,,,,,,,,,,Y,3,0,1,2,A,-,06,21750,,F,E,I,A,A,H,-,A,D,0,,,,,Y,,-,99,0,1,0,0,0,0,0,0,0,"- ","- ",,,"SAN MATEO",PACIFICA,-122.492919921875,37.602882385253906
9400360,2021,2022-02-07,4116,2021-06-30,0000,2247,4127,3,5,5,4116,0,0,0,,0,002,"CLARKE AV","RUNNYMEDE ST",36.00,E,N,A,-,N,,,,,,,,,,N,3,0,1,2,A,-,09,21800,A,N,D,G,A,A,H,-,A,A,0,,,,,Y,,A,01,0,1,0,0,0,0,0,0,0,"- ","- ",,,"SAN MATEO","SAN MATEO",-122.13485717773438,37.468570709228516
9400382,2021,2022-02-07,4106,2021-10-31,1121,2081,4,7,5,6,4106,0,0,0,,0,003,"LOS BANOS AV","SAN DIEGO AV",0.00,,Y,B,-,N,,,,,,,,,,N,4,0,3,4,A,-,21,22106,,N,B,C,A,A,H,-,A,D,0,,,,,Y,,-,,0,0,3,0,0,0,0,0,0,"- ","- ",37.705471038818359,-122.46436309814453,"SAN MATEO","DALY CITY",-122.46665954589844,37.70538330078125
94020202,2024,2024-08-12,9335,2024-08-09,"610 ",023312,,5,1,6,4106,0,1,1,,2,021,"I-280 S/B","JUNIPERO SERRA BLVD O/C",120.00,N,N,B,-,Y,SM,,280," ",R,26.529,H,,L,Y,3,0,2,2,A,-,07,21658,A,F,B,C,A,A,H,-,A,D,0,,,,,Y,,-,99,0,1,1,0,0,0,0,0,0,"- ","- ",37.695838928222656,-122.47097015380859,"SAN MATEO","DALY CITY",-122.47093200683594,37.695846557617188
9405476,2022,2022-02-10,4106,2022-01-14,1800,2154,4,5,5,6,4106,0,0,0,,0,003,"DELONG ST","LOS OLIVOS AV",0.00,,Y,A,-,N,,,,,,,,,,N,4,0,1,2,A,-,10,21950,A,N,G,B,B,A,H,-,C,D,0,Y,,,,Y,,A,01,0,0,1,0,1,0,0,0,0,"- ","- ",37.706108093261719,-122.46784973144531,"SAN MATEO","DALY CITY",-122.46781158447266,37.706111907958984
9405509,2022,2022-02-10,4106,2022-01-24,1613,2154,14,1,5,6,4106,0,0,0,,0,006,"HICKEY BL","IMPERIAL WY",0.00,,Y,A,-,N,,,,,,,,,,Y,3,0,2,2,D,-,00,,,N,D,C,A,A,H,-,A,A,0,,,,,Y,,-,"- ",0,2,0,0,0,0,0,0,0,"- ","- ",37.663318634033203,-122.4639892578125,"SAN MATEO","DALY CITY",-122.46405029296875,37.663299560546875
9406047,2022,2022-05-25,4104,2022-03-25,1123,0260,4,5,5,4,4104,0,0,0,,0,00A,"RT 82","BELLEVUE AV",0.00,,Y,A,-,Y,SM,4,82,-,-,13.521,I,5,N,Y,3,0,1,2,A,-,09,21801,,N,A,C,A,A,H,-,A,A,0,,,,,Y,,A,01,0,1,0,0,0,0,0,0,0,"- ","- ",37.577098846435547,-122.35267639160156,"SAN MATEO",BURLINGAME,-122.35276031494141,37.577114105224609
9406097,2022,2022-02-16,4106,2022-01-29,1256,2154,,6,5,6,4106,0,0,0,,0,,"GENEVA AV","PUEBLO ST",19.00,W,N,A,-,N,,,,,,,,,,Y,4,0,1,4,A,-,08,22107,,M,C,E,A,A,H,-,A,D,0,,,,,Y,,A,01,0,0,1,0,0,0,0,0,0,"- ","- ",,,"SAN MATEO","DALY CITY",-122.41759490966797,37.707618713378906
9406101,2022,2022-02-17,4106,2022-01-28,0938,2175,5,5,5,6,4106,0,0,0,,0,003,"STATION AV","W MOLTKE ST",22.00,N,N,A,-,N,,,,,,,,,,N,4,0,1,3,A,-,08,22107,,N,A,E,A,A,H,-,A,D,0,,,,,Y,,D,22,0,0,1,0,0,0,0,0,0,"- ","- ",,,"SAN MATEO","DALY CITY",-122.46902465820312,37.694149017333984
94065870,2024,2024-08-12,9330,2024-07-26,1235,021339,,5,1,5,4113,0,1,2,,2,048,"US-101 S/B FROM WOODSIDE RD E/B","WOODSIDE RD",23.00,S,N,A,-,Y,SM,,84," "," ",25.609,H,,R,N,4,0,1,2,A,-,03,22350,,N,C,C,A,A,H,-,A,D,0,,,,,Y,,D,22,0,0,1,0,0,0,0,0,0,"- ","- ",37.487640380859375,-122.21388244628906,"SAN MATEO","REDWOOD CITY",-122.21396636962891,37.487655639648438
9406946,2022,2022-03-10,4106,2022-02-04,1514,2154,14,5,5,6,4106,0,0,0,,0,006,"CALLAN BL","MORTON DR",420.00,S,N,A,-,N,,,,,,,,,,N,4,0,1,2,D,-,00,,,N,G,B,D,A,H,-,A,D,0,Y,,,,Y,,-,"- ",0,0,1,0,1,0,0,0,0,"- ","- ",37.654338836669922,-122.46875,"SAN MATEO","DALY CITY",-122.47000885009766,37.6563720703125
9407207,2021,2022-03-08,4127,2021-11-24,1518,2247,4127,3,5,4,4127,0,0,0,,0,003,"DONOHOE ST","EAST BAYSHORE RD",0.00,,Y,A,-,N,,,,,,,,,,N,3,0,1,2,A,-,10,21950,,N,D,B,B,A,H,-,A,A,0,Y,,,,Y,,A,01,0,1,0,0,1,0,0,0,0,"- ","- ",,,"SAN MATEO","EAST PALO ALTO",-122.14408111572266,37.462825775146484
9407361,2022,2022-04-06,4106,2022-02-10,2315,MA460,U,4,5,6,4106,0,0,0,,0,00U,"SCHWERIN ST","GENEVA AV",25.00,N,N,A,-,N,,,,,,,,,,N,4,0,1,2,A,-,03,22350,,N,G,B,E,A,H,-,C,A,0,Y,,,,Y,,I,11,0,0,1,0,1,0,0,0,0,"- ","- ",37.706451416015625,-122.41319274902344,"SAN MATEO","DALY CITY",-122.41323089599609,37.706398010253906
9409415,2021,2022-03-08,4127,2021-05-22,2500,2263,99,6,5,4,4127,0,0,0,,0,099,"ABELIA WY","CAMELLIA DR",54.00,W,N,A,-,N,,,,,,,,,,N,4,0,1,2,A,-,08,22107,,M,C,E,A,A,H,-,C,D,0,,,,,Y,,-,99,0,0,1,0,0,0,0,0,0,"- ","- ",,,"SAN MATEO","EAST PALO ALTO",-122.12722778320312,37.456649780273438
9410373,2022,2022-03-17,4106,2022-01-15,1327,2154,5,6,5,6,4106,0,0,0,,0,003,"SCHOOL ST","MATEO ST",0.00,,Y,A,B,N,,,,,,,,,,N,4,0,1,2,D,-,00,,,M,B,C,A,A,H,-,A,D,0,,,,,Y,,-,"- ",0,0,1,0,0,0,0,0,0,"- ","- ",,,"SAN MATEO","DALY CITY",-122.46694183349609,37.693378448486328
9410421,2022,2022-02-16,4127,2022-01-14,1920,2222,4127,5,5,4,4127,0,0,0,,0,001,"MENALTO AV","EAST BAYSHORE RD",0.00,,Y,A,-,N,,,,,,,,,,N,4,0,2,2,A,-,12,22450,A,N,C,C,A,A,H,-,C,A,0,,,,,Y,,A,01,0,0,2,0,0,0,0,0,0,"- ","- ",,,"SAN MATEO","EAST PALO ALTO",-122.15087127685547,37.466648101806641
9411379,2021,2022-06-03,4127,2021-11-15,0000,2243,4127,1,5,4,4127,0,0,0,,0,004,"GREEN ST","ADDISON AV",0.00,,Y,A,-,N,,,,,,,,,,N,3,0,2,2,A,-,03,22350,,N,H,E,A,A,H,-,A,D,0,,,,,Y,,A,01,0,2,0,0,0,0,0,0,0,"- ","- ",,,"SAN MATEO","EAST PALO ALTO",-122.14888763427734,37.464633941650391
9411956,2021,2022-04-04,4102,2021-12-18,1150,31500,2C,6,5,4,4102,0,0,0,,0,002,"RALSTON AV","SOUTH RD",217.00,W,N,A,-,N,,,,,,,,,,N,3,0,1,2,D,-,00,,,N,B,C,A,A,H,-,A,D,0,,,,,Y,,-,"- ",0,1,0,0,0,0,0,0,0,"- ","- ",37.517120361328125,-122.28130340576172,"SAN MATEO",BELMONT,-122.2796630859375,37.516834259033203
9414546,2022,2022-03-24,4111,2022-01-17,1736,P5162,P12,1,5,4,4111,0,0,0,,0,0P2,"CABRILLO HWY","REINA DEL MAR AV",368.00,S,N,A,-,Y,SM,4,1,-,R,42.510,H,-,N,N,4,0,2,2,A,-,03,22350,,N,C,C,A,A,H,-,B,A,0,,,,,Y,,A,01,0,0,2,0,0,0,0,0,0,"- ","- ",,,"SAN MATEO",PACIFICA,-122.48811340332031,37.613105773925781
9414609,2022,2022-02-24,4113,2022-01-13,0811,351,1,4,5,5,4113,0,0,0,,0,001,"MARLIN DR","REDWOOD SHORES PKWY",6.00,N,N,A,-,N,,,,,,,,,,N,3,0,1,2,A,-,09,21802,A,N,H,G,A,A,H,-,A,A,0,,Y,,,Y,,A,01,0,1,0,0,0,0,1,0,0,"- ","- ",37.530559539794922,-122.24564361572266,"SAN MATEO","REDWOOD CITY",-122.24564361572266,37.530551910400391
9414613,2022,2022-02-24,4113,2022-01-20,2053,471,8,4,5,5,4113,0,0,0,,0,008,"KENSINGTON RD","MADDUX DR",0.00,,Y,A,-,N,,,,,,,,,,Y,3,0,1,2,A,-,01,23152,A,N,A,E,A,A,H,-,C,D,0,,,,,Y,,A,01,0,1,0,0,0,0,0,0,0,"- ","- ",37.456809997558594,-122.23673248291016,"SAN MATEO","REDWOOD CITY",-122.23628997802734,37.457199096679688
9414614,2022,2022-02-24,4113,2022-01-27,1637,475,3,4,5,5,4113,0,0,0,,0,003,"MAIN ST","PINE ST",0.00,,Y,A,-,N,,,,,,,,,,Y,3,0,1,3,A,-,09,21802,A,N,D,D,A,A,H,-,A,A,0,,,,,Y,,A,01,0,1,0,0,0,0,0,0,0,"- ","- ",37.479278564453125,-122.22367095947266,"SAN MATEO","REDWOOD CITY",-122.22318267822266,37.478500366210938
9414671,2022,2022-02-25,4113,2022-02-09,1456,332,5,3,5,5,4113,0,0,0,,0,005,"HUDSON ST",PALM,0.00,,Y,A,-,N,,,,,,,,,,N,3,0,1,2,A,-,09,21804,,N,H,G,A,A,H,-,A,D,0,,Y,,,Y,,A,01,0,1,0,0,0,0,1,0,0,"- ","- ",37.4705810546875,-122.22651672363281,"SAN MATEO","REDWOOD CITY",-122.22666931152344,37.469959259033203
9414673,2022,2022-02-25,4113,2022-02-07,1757,462,8,1,5,5,4113,0,0,0,,0,008,"WOODSIDE PLZ","MASSACHUSETTS AV",14.00,W,N,A,-,N,,,,,,,,,,N,4,0,1,1,A,-,09,21804,A,N,E,I,A,A,H,-,C,A,0,,,,,Y,,A,07,0,0,1,0,0,0,0,0,0,"- ","- ",37.456619262695312,-122.22989654541016,"SAN MATEO","REDWOOD CITY",-122.22904968261719,37.457168579101562
9416859,2021,2022-03-16,4127,2021-11-15,1759,2264,4127,1,5,4,4127,0,0,0,,0,001,"WEEKS ST","UNIVERSITY AV",1.00,E,N,A,-,N,,,,,,,,,,N,4,0,1,2,A,-,10,21950,,F,G,B,B,A,H,-,C,D,0,Y,,,,Y,,A,01,0,0,1,0,1,0,0,0,0,"- ","- ",,,"SAN MATEO","EAST PALO ALTO",-122.14009094238281,37.470500946044922
9416901,2022,2022-03-22,4127,2022-02-03,1335,2271,4127,4,5,4,4127,0,0,0,,0,003,"EAST BAYSHORE RD","E BAYSHORE RD 1735",112.00,S,N,A,-,N,,,,,,,,,,N,3,0,1,2,A,-,08,22107,,N,B,E,A,A,H,-,A,D,0,,,,,Y,,A,01,0,1,0,0,0,0,0,0,0,"- ","- ",,,"SAN MATEO","EAST PALO ALTO",-122.13077545166016,37.454524993896484
9418245,2022,2022-03-21,4106,2022-01-20,1520,2175,6,4,5,6,4106,0,0,0,,0,002,"ABBOT AV","PRICE ST",21.00,S,N,A,-,N,,,,,,,,,,Y,4,0,1,2,A,-,12,22450,A,N,H,C,A,A,H,-,A,A,0,,,,,Y,,A,01,0,0,1,0,0,0,0,0,0,"- ","- ",37.693061828613281,-122.46089172363281,"SAN MATEO","DALY CITY",-122.46088409423828,37.6929931640625
9423004,2022,2022-03-29,4113,2022-03-09,1711,487,2,3,5,5,4113,0,0,0,,0,002,"WHIPPLE AV","INDUSTRIAL WY",273.00,E,N,A,-,N,,,,,,,,,,N,4,0,1,2,A,-,03,22350,,F,G,B,C,A,H,-,A,D,0,Y,,,,Y,,A,01,0,0,1,0,1,0,0,0,0,"- ","- ",37.494171142578125,-122.23561096191406,"SAN MATEO","REDWOOD CITY",-122.23532104492188,37.493961334228516
9423007,2022,2022-03-28,4113,2022-03-05,0220,363,2,6,5,5,4113,0,0,0,,0,002,"VETERAN BL","WHIPPLE AV",70.00,S,N,B,-,N,,,,,,,,,,Y,2,0,2,1,A,-,01,23152,A,N,E,I,A,B,H,-,C,A,0,,,,,Y,Y,A,01,1,1,0,0,0,0,0,0,0,"- ","- ",37.494678497314453,-122.23441314697266,"SAN MATEO","REDWOOD CITY",-122.23435974121094,37.494407653808594
9423213,2022,2022-03-22,4113,2022-03-03,1543,428,4,4,5,5,4113,0,0,0,,0,004,"BAY RD","BARRON AV",0.00,,Y,C,-,N,,,,,,,,,,Y,3,0,1,2,A,-,10,21950,,F,G,B,B,B,H,-,A,D,0,Y,,,,Y,,A,01,0,1,0,0,1,0,0,0,0,"- ","- ",37.483169555664062,-122.20314025878906,"SAN MATEO","REDWOOD CITY",-122.20316314697266,37.483173370361328
9423615,2022,2022-03-29,4113,2022-02-10,1417,438,6,4,5,5,4113,0,0,0,,0,006,"ROOSEVELT AV",ADAMS,0.00,,Y,A,-,N,,,,,,,,,,N,3,0,2,2,A,-,12,22450,A,N,H,G,A,A,H,-,A,D,0,,Y,,,Y,,L,04,0,1,1,0,0,0,1,0,0,"- ","- ",37.478160858154297,-122.22676086425781,"SAN MATEO","REDWOOD CITY",-122.22676086425781,37.478141784667969
9423616,2022,2022-03-29,4113,2022-02-27,1330,487,6,7,5,5,4113,0,0,0,,0,006,"JEFFERSON AV","ADAMS ST",0.00,,Y,A,-,N,,,,,,,,,,N,3,0,1,2,A,-,08,22107,,F,E,J,D,A,H,-,A,D,0,Y,,,,Y,,A,01,0,1,0,0,1,0,0,0,0,"- ","- ",37.482341766357422,-122.23165893554688,"SAN MATEO","REDWOOD CITY",-122.23162078857422,37.481777191162109
9424907,2022,2022-04-12,4106,2022-03-18,0900,2187,5,5,5,6,4106,0,0,0,,0,003,"E MOLTKE ST","MISSION ST",0.00,,Y,A,-,N,,,,,,,,,,Y,4,0,1,3,A,-,09,21802,A,N,D,D,A,A,H,-,A,A,0,,,,,Y,,A,01,0,0,1,0,0,0,0,0,0,"- ","- ",37.694389343261719,-122.46476745605469,"SAN MATEO","DALY CITY",-122.46479034423828,37.694412231445312
9428411,2022,2022-05-13,4102,2022-04-21,1308,25,2DG,4,5,4,4102,0,0,0,,0,002,"EL CAMINO REAL","DAVEY GLEN RD",643.00,S,N,B,-,Y,SM,4,82,-,-,8.190,H,-,S,Y,2,0,1,2,A,-,09,21804,A,N,D,C,A,A,H,-,A,D,0,,,Y,,Y,,D,22,1,0,0,0,0,0,0,0,1,"- ","- ",37.525981903076172,-122.28269958496094,"SAN MATEO",BELMONT,-122.28227996826172,37.525646209716797
9429154,2022,2022-04-14,4102,2022-03-14,1812,06,2N,1,5,4,4102,0,0,0,,0,002,"EL CAMINO REAL","RUTH AV",11.00,N,N,A,-,Y,SM,4,82,-,-,8.530,H,-,N,N,4,0,1,2,A,-,03,22350,,M,C,C,A,A,H,-,A,A,0,,,,,Y,,A,01,0,0,1,0,0,0,0,0,0,"- ","- ",37.528961181640625,-122.28755950927734,"SAN MATEO",BELMONT,-122.28684997558594,37.528987884521484
9429625,2022,2022-04-13,4113,2022-03-08,0730,438,6,2,5,5,4113,0,0,0,,0,006,"HUDSON ST",OAK,73.00,N,N,A,-,N,,,,,,,,,,Y,3,0,1,2,A,-,09,21801,,N,D,C,A,A,H,-,A,D,0,,,,,Y,,A,01,0,1,0,0,0,0,0,0,0,"- ","- ",37.472671508789062,-122.23027801513672,"SAN MATEO","REDWOOD CITY",-122.23035430908203,37.472454071044922
9430322,2022,2022-04-05,4106,2022-02-08,1535,2032,7,2,5,6,4106,0,0,0,,0,002,"EAST MARKET ST","1ST AV",0.00,,Y,A,-,N,,,,,,,,,,N,3,0,1,2,A,-,10,21950,A,N,G,B,B,A,H,-,A,A,0,Y,,,,Y,,A,01,0,1,0,0,1,0,0,0,0,"- ","- ",37.689750671386719,-122.4642333984375,"SAN MATEO","DALY CITY",-122.46429443359375,37.689731597900391
9430994,2022,2022-04-18,4120,2022-03-03,1641,222,8,4,5,4,4120,0,0,0,,0,00Y,"EDGEWATER BL","HAWKSBURY LN",0.00,,Y,A,-,N,,,,,,,,,,N,3,0,1,1,-,-,"- ",,,N,A,I,A,A,H,-,A,D,0,,,,,Y,,A,01,0,1,0,0,0,0,0,0,0,"- ","- ",37.538509368896484,-122.26732635498047,"SAN MATEO","FOSTER CITY",-122.26739501953125,37.538398742675781
9433137,2022,2022-08-17,4113,2022-07-21,1639,428,6,4,5,5,4113,0,0,0,,0,006,"ROOSEVELT AV",LYONS,0.00,,Y,A,-,N,,,,,,,,,,N,3,0,1,2,A,-,10,21950,A,N,G,B,B,A,H,-,A,A,0,Y,,,,Y,Y,A,07,0,1,0,0,1,0,0,0,0,"- ","- ",37.47174072265625,-122.23483276367188,"SAN MATEO","REDWOOD CITY",-122.23484039306641,37.471744537353516
94353095,2024,2024-08-13,9330,2024-05-20,1545,023696,,1,2,5,4116,0,1,2,,2,038,"US-101 S/B","PENIINSULA AVENUE",792.00,S,N,A,-,Y,SM,,101," "," ",14.535,H,,L,N,3,0,1,2,A,-,03,22350,,N,C,C,A,A,H,-,A,D,0,,,,,Y,,A,08,0,1,0,0,0,0,0,0,0,"- ","- ",37.582611083984375,-122.32687377929688,"SAN MATEO","SAN MATEO",-122.32688903808594,37.582595825195312
94353622,2024,2024-08-14,9330,2024-08-03,"653 ",023857,,6,1,4,4115,0,1,2,,2,048,"US-101 S/B","HOLLY ST",270.85,S,N,A,-,Y,SM,,101," "," ",8.391,H,,L,Y,4,0,1,1,A,-,01,23152,A,N,E,I,A,A,H,-,B,D,0,,,,,Y,Y,A,01,0,0,1,0,0,0,0,0,0,"- ","- ",37.513820648193359,-122.25601959228516,"SAN MATEO","SAN CARLOS",-122.25608062744141,37.513778686523438
94355299,2024,2024-08-15,9335,2024-08-08,"915 ",022703,,4,1,4,4114,0,1,1,,2,038,"I-380 EASTBOUND","HUNTINGTON AVE",135.00,W,N,A,-,Y,SM,,380," "," ",5.727,H,,R,Y,4,0,2,2,A,-,07,21658,A,N,B,C,A,A,H,-,A,D,0,,,,,Y,,A,01,0,0,2,0,0,0,0,0,0,"- ","- ",37.634151458740234,-122.41462707519531,"SAN MATEO","SAN BRUNO",-122.41463470458984,37.634166717529297
94355526,2024,2024-08-15,9335,2024-08-03,1200,023474,,6,1,6,4106,0,1,3,,2,041,"SR-1 N/B","CLARINADA AVE",840.00,S,N,A,-,Y,SM,,1," ",R,47.459,H,,R,N,4,0,2,3,A,-,07,21658,A,N,B,C,A,A,H,-,A,D,0,,,Y,,Y,,A,01,0,0,2,0,0,0,0,0,2,"- ","- ",37.673561096191406,-122.47438049316406,"SAN MATEO","DALY CITY",-122.47430419921875,37.673526763916016
9435841,2022,2022-05-23,4102,2022-04-19,1458,28,1D,2,5,4,4102,0,0,0,,0,001,"RALSTON AV","GRANADA ST",194.00,W,N,A,-,N,,,,,,,,,,N,3,0,1,2,A,-,03,22350,,N,C,C,A,A,H,-,A,D,0,,,,,Y,,A,01,0,1,0,0,0,0,0,0,0,"- ","- ",37.52288818359375,-122.27330780029297,"SAN MATEO",BELMONT,-122.27370452880859,37.522453308105469
94358665,2024,2024-08-16,9330,2024-08-06,"0   ",022524,,2,3,9,4100,0,1,2,,2,178,"SR-92 W/B","PILARCITOS CREEK ROAD",2112.00,E,N,A,-,Y,SM,,92," "," ",3.661,H,,L,Y,4,0,1,1,A,-,08,22107,,N,E,I,A,A,H,-,D,D,0,,,,,Y,,A,07,0,0,1,0,0,0,0,0,0,"- ","- ",37.493309020996094,-122.37899017333984,"SAN MATEO",UNINCORPORATED,-122.37898254394531,37.493320465087891