CASE_ID,ACCIDENT_YEAR,PROC_DATE,JURIS,COLLISION_DATE,COLLISION_TIME,OFFICER_ID,REPORTING_DISTRICT,DAY_OF_WEEK,CHP_SHIFT,POPULATION,CNTY_CITY_LOC,SPECIAL_COND,BEAT_TYPE,CHP_BEAT_TYPE,CITY_DIVISION_LAPD,CHP_BEAT_CLASS,BEAT_NUMBER,PRIMARY_RD,SECONDARY_RD,DISTANCE,DIRECTION,INTERSECTION,WEATHER_1,WEATHER_2,STATE_HWY_IND,CALTRANS_COUNTY,CALTRANS_DISTRICT,STATE_ROUTE,ROUTE_SUFFIX,POSTMILE_PREFIX,POSTMILE,LOCATION_TYPE,RAMP_INTERSECTION,SIDE_OF_HWY,TOW_AWAY,COLLISION_SEVERITY,NUMBER_KILLED,NUMBER_INJURED,PARTY_COUNT,PRIMARY_COLL_FACTOR,PCF_CODE_OF_VIOL,PCF_VIOL_CATEGORY,PCF_VIOLATION,PCF_VIOL_SUBSECTION,HIT_AND_RUN,TYPE_OF_COLLISION,MVIW,PED_ACTION,ROAD_SURFACE,ROAD_COND_1,ROAD_COND_2,LIGHTING,CONTROL_DEVICE,CHP_ROAD_TYPE,PEDESTRIAN_ACCIDENT,BICYCLE_ACCIDENT,MOTORCYCLE_ACCIDENT,TRUCK_ACCIDENT,NOT_PRIVATE_PROPERTY,ALCOHOL_INVOLVED,STWD_VEHTYPE_AT_FAULT,CHP_VEHTYPE_AT_FAULT,COUNT_SEVERE_INJ,COUNT_VISIBLE_INJ,COUNT_COMPLAINT_PAIN,COUNT_PED_KILLED,COUNT_PED_INJURED,COUNT_BICYCLIST_KILLED,COUNT_BICYCLIST_INJURED,COUNT_MC_KILLED,COUNT_MC_INJURED,PRIMARY_RAMP,SECONDARY_RAMP,LATITUDE,LONGITUDE,COUNTY,CITY,POINT_X,POINT_Y
94358697,2024,2024-08-16,9330,2024-08-14,1535,023687,,3,2,4,4127,0,1,2,,2,058,"US-101 N/B","EMBARCADERO ROAD",2112.00,N,N,A,-,Y,SM,,101," "," ",0.067,H,,R,Y,2,0,3,2,A,-,03,22350,,N,C,C,A,A,H,-,A,D,0,,,,,Y,,A,01,1,1,1,0,0,0,0,0,0,"- ","- ",37.453441619873047,-122.12879943847656,"SAN MATEO","EAST PALO ALTO",-122.12879943847656,37.453441619873047
9436047,2022,2022-05-04,4113,2022-04-09,0150,459,6,6,5,5,4113,0,0,0,,0,006,"JEFFERSON AV","ST FRANCIS ST",0.00,,Y,A,-,N,,,,,,,,,,Y,3,0,1,1,A,-,01,23152,A,M,E,I,A,A,H,-,C,D,0,,,,,Y,Y,A,07,0,1,0,0,0,0,0,0,0,"- ","- ",37.473018646240234,-122.24085235595703,"SAN MATEO","REDWOOD CITY",-122.24076843261719,37.472572326660156
94360680,2024,2024-08-19,9335,2024-08-16,"759 ",019581,,5,1,9,4100,0,1,2,,2,011,"US-101 S/B","MILLBRAE AVE.",4100.00,N,N,A,-,Y,SM,,101," "," ",18.718,H,,L,Y,3,0,1,2,A,-,07,21658,A,N,B,C,A,A,H,-,A,D,0,,,,,Y,,A,07,0,1,0,0,0,0,0,0,0,"- ","- ",37.609718322753906,-122.39145660400391,"SAN MATEO",UNINCORPORATED,-122.39154815673828,37.609638214111328
9436098,2022,2022-05-03,4113,2022-03-30,1843,369,7,3,5,5,4113,0,0,0,,0,007,"GLENWOOD AV","CANYON RD",0.00,,Y,A,-,N,,,,,,,,,,Y,4,0,1,2,A,-,09,21804,A,N,H,C,A,A,H,-,A,A,0,,,,,Y,,A,01,0,0,1,0,0,0,0,0,0,"- ","- ",37.469371795654297,-122.25199890136719,"SAN MATEO","REDWOOD CITY",-122.25202941894531,37.469402313232422
9436100,2022,2022-05-03,4113,2022-03-11,0903,449,2,5,5,5,4113,0,0,0,,0,002,"WHIPPLE AV","WINSLOW AV",0.00,,Y,A,-,N,,,,,,,,,,Y,3,0,1,1,A,-,08,22107,,N,E,J,A,A,H,-,A,A,0,,,,,Y,,A,01,0,1,0,0,0,0,0,0,0,"- ","- ",37.493450164794922,-122.23612213134766,"SAN MATEO","REDWOOD CITY",-122.23602294921875,37.493461608886719
9436913,2022,2022-05-18,4104,2022-03-03,0800,0243,1,4,5,4,4104,0,0,0,,0,00A,"PENINSULA AV","DWIGHT RD",25.00,E,N,B,-,N,,,,,,,,,,N,3,0,1,2,A,-,03,22350,,N,C,C,A,B,H,-,A,A,0,,,,,Y,,D,22,0,1,0,0,0,0,0,0,0,"- ","- ",37.580410003662109,-122.33454132080078,"SAN MATEO",BURLINGAME,-122.33449554443359,37.5804443359375
94369628,2024,2024-08-26,9335,2024-08-16,1620,023378,,5,2,6,4106,0,1,1,,2,021,"I-280 N/B","KING DRIVE UNDERCROSSING",3950.00,N,N,A,-,Y,SM,,280," ",R,23.933,H,,R,N,3,0,1,1,A,-,03,22350,,N,F,A,A,A,H,-,A,D,0,,,Y,,Y,,C,02,0,1,0,0,0,0,0,0,1,"- ","- ",37.659919738769531,-122.46375274658203,"SAN MATEO","DALY CITY",-122.4637451171875,37.659923553466797
94374017,2024,2024-08-28,9335,2024-08-22,2325,023860,,4,3,5,4117,0,1,2,,2,012,"US-101 N/B","SOUTH AIRPORT BOULEVARD UNDERCROSSING",2376.00,S,N,A,-,Y,SM,,101," "," ",21.246,H,,R,N,3,0,1,1,A,-,08,22107,,N,E,I,A,A,H,-,C,D,0,,,,,Y,,A,01,0,1,0,0,0,0,0,0,0,"- ","- ",37.643470764160156,-122.40617370605469,"SAN MATEO","SOUTH SAN FRANCISCO",-122.40606689453125,37.643474578857422
94374765,2024,2024-08-29,9330,2024-08-26,1740,023693,,1,2,4,4127,0,1,2,,2,058,"US-101 S/B","SAN ANTONIO ROAD",1320.00,N,N,A,-,Y,SCL,,101," "," ",50.549,H,,L,Y,4,0,1,2,A,-,03,22350,,N,C,C,A,A,H,-,A,D,0,,,,,Y,,A,01,0,0,1,0,0,0,0,0,0,"- ","- ",37.430801391601562,-122.10417175292969,"SAN MATEO","EAST PALO ALTO",-122.10417175292969,37.430797576904297
94375749,2024,2024-08-29,9330,2024-08-22,1910,023671,,4,2,5,4116,0,1,3,,2,031,"SR-92 E/B","EL CAMINO REAL",100.00,W,N,A,-,Y,SM,,92," ",R,11.191,H,,R,Y,3,0,1,2,A,-,08,22107,,F,B,C,A,A,H,-,A,D,0,,,Y,,Y,,-,99,0,1,0,0,0,0,0,0,1,"- ","- ",37.550048828125,-122.31221771240234,"SAN MATEO","SAN MATEO",-122.31223297119141,37.550064086914062
94376432,2024,2024-08-30,9330,2024-08-23,1424,023486,,5,2,4,4104,0,1,2,,2,038,"US-101 S/B",BROADWAY,4224.00,S,N,A,-,Y,SM,,101," "," ",15.744,H,,L,N,4,0,1,2,A,-,03,22350,,M,C,C,A,A,H,-,A,D,0,,,,,Y,,D,22,0,0,1,0,0,0,0,0,0,"- ","- ",37.586910247802734,-122.34690093994141,"SAN MATEO",BURLINGAME,-122.34690093994141,37.586967468261719
94378354,2024,2024-09-02,9330,2024-08-19,1440,023640,,1,2,5,4116,0,1,2,,2,038,"US-101 N/B","3RD AVE",2376.00,N,N,A,-,Y,SM,,101," "," ",13.919,H,,R,Y,4,0,1,2,A,-,08,22107,,N,B,2,A,A,H,-,A,D,0,,,,,Y,,A,01,0,0,1,0,0,0,0,0,0,"- ","- ",37.575969696044922,-122.31938171386719,"SAN MATEO","SAN MATEO",-122.31941223144531,37.575950622558594
9438082,2022,2022-05-27,4102,2022-04-14,1600,16,6CI,4,5,4,4102,0,0,0,,0,003,"ARTHUR AV","CORONET BL",85.00,E,N,B,-,N,,,,,,,,,,N,3,0,1,3,C,-,18,,,N,A,C,A,B,C,-,A,D,0,,,Y,,Y,,-,"- ",0,1,0,0,0,0,0,0,1,"- ","- ",37.515548706054688,-122.29929351806641,"SAN MATEO",BELMONT,-122.29901885986328,37.515472412109375
94381765,2024,2024-09-26,9330,2024-09-03,"930 ",023728,,2,1,4,4109,0,1,2,,2,058,"US-101 S/B","MARSH ROAD",1441.00,N,N,A,-,Y,SM,,101," "," ",3.868,H,,L,N,4,0,2,2,A,-,03,22350,,N,C,C,A,A,H,-,A,D,0,,,,,Y,,-,"- ",0,0,2,0,0,0,0,0,0,"- ","- ",37.484649658203125,-122.18560028076172,"SAN MATEO","MENLO PARK",-122.18556976318359,37.484725952148438
94382537,2024,2024-09-05,9330,2024-08-28,1340,023664,,3,1,5,4113,0,3,5,,2,505,"FIFTH AVENUE","MIDDLEFIELD ROAD",100.00,W,N,A,-,Y,,,,,,,,,,N,4,0,1,2,A,-,09,21804,A,N,B,D,A,A,H,-,A,A,0,,,,,Y,,A,01,0,0,1,0,0,0,0,0,0,"- ","- ",37.471900939941406,-122.20461273193359,"SAN MATEO","REDWOOD CITY",-122.20466613769531,37.471855163574219
94383118,2024,2024-09-05,9330,2024-08-30,"754 ",023728,,5,1,5,4113,0,1,2,,2,048,"US-101 S/B","WHIPPLE AVENUE",3245.00,S,N,A,-,Y,SM,,101," "," ",6.004,H,,L,N,3,0,2,3,A,-,03,22350,,N,C,C,A,A,H,-,A,D,0,,,Y,,Y,,C,02,0,1,1,0,0,0,0,0,1,"- ","- ",37.492809295654297,-122.22267913818359,"SAN MATEO","REDWOOD CITY",-122.22262573242188,37.492885589599609
94383148,2024,2024-09-05,9330,2024-03-25,1445,023640,,1,2,4,4127,0,1,2,,2,058,"101 S/B FROM UNIVERSITY AVENUE","UNIVERSITY AVENUE",436.00,S,N,A,-,Y,SM,,101," "," ",0.783,H,,L,N,4,0,1,2,A,-,08,22107,,F,B,C,A,A,H,-,A,A,0,,,,,Y,Y,-,99,0,0,1,0,0,0,0,0,0,"- ","- ",37.459171295166016,-122.13948059082031,"SAN MATEO","EAST PALO ALTO",-122.1392822265625,37.459388732910156
94383162,2024,2024-09-05,9330,2024-08-30,1200,022975,,5,1,9,4100,0,1,3,,2,031,"SR-92 E/B","CANADA RD",0.00,,Y,A,-,Y,SM,,92," ",T,7.165,H,,R,Y,4,0,2,2,A,-,12,21453,A,N,D,C,A,A,H,-,A,A,0,,,,,Y,,A,01,0,0,2,0,0,0,0,0,0,"- ","- ",37.506919860839844,-122.34133148193359,"SAN MATEO",UNINCORPORATED,-122.34129333496094,37.506961822509766
94383525,2024,2024-09-06,9345,2024-08-23,1020,023998,,5,1,5,4116,0,1,3,,2,084,"SR-84 N/B","UNIVERSITY AVE",10401.00,E,N,B,-,Y,SM,,84," ",R,30.148,H,,R,Y,3,0,2,2,A,-,03,22350,,N,C,C,A,A,H,-,A,A,0,,,,Y,Y,,F,55,0,1,1,0,0,0,0,0,0,"- ","- ",37.506858825683594,-122.11731719970703,"SAN MATEO","SAN MATEO",-122.11726379394531,37.506809234619141
94383882,2024,2024-09-06,9330,2024-08-28,2115,022793,,3,2,4,4109,0,1,2,,2,058,"US-101 N/B","MARSH RD",2534.00,S,N,A,-,Y,SM,,101," "," ",3.102,H,,R,Y,4,0,1,3,A,-,03,22350,,N,C,C,A,A,D,-,C,D,0,,,,,Y,,A,07,0,0,1,0,0,0,0,0,0,"- ","- ",37.479499816894531,-122.17314910888672,"SAN MATEO","MENLO PARK",-122.17314147949219,37.479507446289062
94389268,2024,2024-09-10,9335,2024-09-06,"925 ",023167,,5,1,5,4117,0,1,2,,2,012,"US-101 S/B FROM DUBUQUE AVE","OYSTER POINT BLVD",1250.00,S,N,A,-,Y,SM,,101," "," ",22.536,H,,L,N,4,0,1,2,A,-,03,22350,,N,C,C,A,A,H,-,A,A,0,,,,,Y,,A,01,0,0,1,0,0,0,0,0,0,"- ","- ",37.661800384521484,-122.40264129638672,"SAN MATEO","SOUTH SAN FRANCISCO",-122.40252685546875,37.661689758300781
94389299,2024,2024-09-10,9330,2024-08-31,"835 ",023696,,6,1,9,4100,0,1,3,,1,020,"SR-1 S/B","SAN GREGORIO STATE BEACH PARKING LOT DRIVE WAY",0.00,,Y,A,-,Y,SM,,1," "," ",18.091,H,,L,Y,4,0,1,2,A,-,09,21801,A,N,D,C,A,A,H,-,A,D,0,,,,,Y,,A,01,0,0,1,0,0,0,0,0,0,"- ","- ",37.323150634765625,-122.40083312988281,"SAN MATEO",UNINCORPORATED,-122.40081024169922,37.323143005371094
94389339,2024,2024-09-11,9330,2024-08-22,1055,022920,,4,1,5,4113,0,1,2,,2,038,"US-101 SB/B TO SR9-92 W/B","THE SR-92 OVERCROSSING",161.00,N,N,B,-,Y,,,,,,,,,,N,3,0,1,1,A,-,03,22350,,N,F,I,A,A,H,-,A,D,0,,,,,Y,,A,07,0,1,0,0,0,0,0,0,0,"- ","- ",37.553691864013672,-122.29814147949219,"SAN MATEO","REDWOOD CITY",-122.29597473144531,37.553398132324219
94392436,2024,2024-09-13,9335,2024-09-03,1629,023979,,2,2,6,4106,0,1,1,,2,021,"I-280 N/B","SERRAMONTE BOULEVARD UNDERCROSSING",215.00,S,N,A,-,Y,SM,,280," ",R,24.591,H,,R,N,2,0,4,3,A,-,03,22350,,N,C,C,A,A,H,-,A,D,0,,,,,Y,,A,01,1,2,1,0,0,0,0,0,0,"- ","- ",37.669151306152344,-122.46578216552734,"SAN MATEO","DALY CITY",-122.46568298339844,37.669158935546875
94396252,2024,2024-09-17,9330,2024-08-29,1645,023587,,4,2,5,4113,0,1,2,,2,058,"US-101 S/B","MARSH ROAD",3696.00,N,N,A,-,Y,SM,,101," "," ",4.342,H,,L,N,4,0,1,3,A,-,08,22107,,N,B,C,A,A,H,-,A,D,0,,,Y,,Y,,C,02,0,0,1,0,0,0,0,0,1,"- ","- ",37.486038208007812,-122.19416046142578,"SAN MATEO","REDWOOD CITY",-122.19416809082031,37.486015319824219
94400954,2024,2024-09-19,9330,2024-09-12,"130 ",023975,,4,3,4,4127,0,1,2,,2,058,"US-101 S/B FROM UNIVERSITY AVE","UNIVERSITY AVE",417.00,S,N,A,-,Y,,,,,,,,,,N,3,0,1,1,A,-,01,23152,A,N,E,I,A,A,H,-,C,D,0,,,,,Y,Y,D,22,0,1,0,0,0,0,0,0,0,"- ","- ",37.459121704101562,-122.13942718505859,"SAN MATEO","EAST PALO ALTO",-122.13809204101562,37.458698272705078
94402982,2024,2024-09-20,9330,2024-03-18,2130,023687,,1,2,3,4107,0,1,3,,1,020,SR-1,"VERDE ROAD",863.00,N,N,A,-,Y,SM,,1," "," ",24.875,H,,R,Y,3,0,1,1,A,-,01,23152,A,N,E,I,A,A,H,-,D,D,0,,,,,Y,Y,A,01,0,1,0,0,0,0,0,0,0,"- ","- ",37.409019470214844,-122.42160797119141,"SAN MATEO","HALF MOON BAY",-122.42169189453125,37.409004211425781
94403020,2024,2024-09-20,9335,2024-09-14,1630,023592,,6,2,4,4114,0,1,1,,2,020,"I-280 S/B","SNEATH LANE",875.00,N,N,A,-,Y,SM,,280," ",R,21.512,H,,L,Y,3,0,4,3,A,-,03,22350,,N,C,C,A,A,H,-,A,D,0,,,,Y,Y,,F,21,0,2,2,0,0,0,0,0,0,"- ","- ",37.632530212402344,-122.43765258789062,"SAN MATEO","SAN BRUNO",-122.43759155273438,37.632560729980469
94405172,2024,2024-10-14,9330,2024-09-22,"544 ",023492,,7,3,4,4115,0,1,2,,2,048,"US-101 S/B","BRITTAN AVE",1003.00,S,N,A,-,Y,SM,,101," "," ",7.403,H,,L,Y,4,0,2,5,A,-,03,22350,,N,C,C,A,A,H,-,C,D,0,,,,,Y,,A,01,0,0,2,0,0,0,0,0,0,"- ","- ",37.503158569335938,-122.24405670166016,"SAN MATEO","SAN CARLOS",-122.24407196044922,37.503150939941406
94405226,2024,2024-09-24,9330,2024-09-13,1510,023032,,5,2,9,4100,0,1,1,,2,034,"I-280 S/B","BLACK MOUNTAIN ROAD",200.00,N,N,A,-,Y,SM,,280," ",R,14.816,H,,L,N,3,0,1,3,A,-,03,22350,,N,C,C,A,A,H,-,A,D,0,,,,,Y,,A,01,0,1,0,0,0,0,0,0,0,"- ","- ",37.554168701171875,-122.37859344482422,"SAN MATEO",UNINCORPORATED,-122.37864685058594,37.554149627685547
94406703,2024,2024-09-24,9330,2024-09-16,1730,022837,,1,2,5,4116,0,1,3,,2,031,"SR-92 W/B","DELAWARE STREET",215.00,E,N,A,-,Y,SM,,92," ",R,11.664,H,,L,N,4,0,1,2,A,-,03,22350,,N,C,C,A,A,H,-,A,D,0,,,,,Y,,A,01,0,0,1,0,0,0,0,0,0,"- ","- ",37.552661895751953,-122.30457305908203,"SAN MATEO","SAN MATEO",-122.30457305908203,37.552700042724609
9440674,2022,2022-05-09,4102,2022-04-08,0751,10,1D,5,5,4,4102,0,0,0,,0,001,"RALSTON AV","FURLONG ST",6.00,E,N,A,-,N,,,,,,,,,,N,3,0,1,2,A,-,08,22107,,N,H,G,A,A,H,-,A,D,0,,Y,,,Y,,L,04,0,1,0,0,0,0,1,0,0,"- ","- ",37.522270202636719,-122.27372741699219,"SAN MATEO",BELMONT,-122.27379608154297,37.522354125976562
94410083,2024,2024-09-26,9330,2024-09-16,"845 ",022768,,1,1,9,4100,0,1,1,,2,054,"I-280 S/B","SR-84 (WOODSIDE RD)",3168.00,S,N,B,-,Y,SM,,280," ",R,2.694,H,,L,Y,4,0,1,4,A,-,03,22350,,N,C,C,A,A,H,-,A,D,0,,,,,Y,,D,22,0,0,1,0,0,0,0,0,0,"- ","- ",37.428791046142578,-122.23519897460938,"SAN MATEO",UNINCORPORATED,-122.23518371582031,37.428806304931641
94410940,2024,2024-09-27,9330,2024-09-16,1335,023857,,1,1,5,4113,0,1,2,,2,048,"US-101 N/B FROM SEAPORT BLVD W/B","SEAPORT BLVD",447.10,N,N,B,-,Y,SM,,101," "," ",5.487,H,,R,Y,3,0,3,1,A,-,01,23152,A,N,E,I,A,A,H,-,A,D,0,,,,,Y,Y,A,07,0,3,0,0,0,0,0,0,0,"- ","- ",37.489631652832031,-122.21424102783203,"SAN MATEO","REDWOOD CITY",-122.21431732177734,37.489482879638672
94411523,2024,2024-09-27,9330,2024-09-20,1132,022212,,5,1,5,4116,0,1,3,,2,031,"SR-92 E/B FROM EL CAMINO REAL (SR-82) S/B","EL CAMINO REAL (SR-82)",3.00,S,N,A,-,Y,SM,,82," "," ",10.500,H,,L,N,4,0,1,2,A,-,10,21950,A,N,G,B,C,A,H,-,A,A,0,Y,,,,Y,,A,07,0,0,1,0,1,0,0,0,0,"- ","- ",37.549598693847656,-122.31156921386719,"SAN MATEO","SAN MATEO",-122.31146240234375,37.549671173095703
9441173,2022,2022-05-26,4106,2022-03-04,1130,2070,13,5,5,6,4106,0,0,0,,0,006,"CALLAN BL","SOUTHGATE BL",0.00,,Y,A,-,N,,,,,,,,,,N,3,0,2,2,A,-,09,21801,,N,A,C,A,A,H,-,A,A,0,,,,,Y,,A,08,0,1,1,0,0,0,0,0,0,"- ","- ",37.675758361816406,-122.47190093994141,"SAN MATEO","DALY CITY",-122.47185516357422,37.675735473632812
9441176,2022,2022-05-17,4106,2022-03-25,1447,2154,,5,5,6,4106,0,0,0,,0,,"SERRAMONTE BL","JUNIPERO SERRA BL",497.00,W,N,A,B,N,,,,,,,,,,Y,4,0,1,2,A,-,03,22350,,N,C,C,A,A,H,-,A,D,0,,,,,Y,,A,01,0,0,1,0,0,0,0,0,0,"- ","- ",,,"SAN MATEO","DALY CITY",-122.46581268310547,37.669826507568359
94411997,2024,2024-09-30,9330,2024-09-23,1338,019764,,1,1,9,4100,0,1,3,,1,011,"SR-92 W/B","CANADA RD.",35.00,E,N,A,-,N,,,,,,,,,,Y,4,0,2,2,A,-,03,22350,,N,C,C,A,A,H,-,A,A,0,,,,,Y,,A,01,0,0,2,0,0,0,0,0,0,"- ","- ",37.507068634033203,-122.34113311767578,"SAN MATEO",UNINCORPORATED,-122.3411865234375,37.507080078125
94412001,2024,2024-09-30,9330,2024-09-25,"626 ",022754,,3,1,4,4109,0,1,2,,2,058,"US-101 S/B","WILLOW ROAD",1214.00,S,N,A,-,Y,SM,,101," "," ",1.622,H,,L,Y,4,0,2,2,A,-,03,22350,,F,D,C,A,A,H,-,D,D,0,,,,,Y,,A,07,0,0,2,0,0,0,0,0,0,"- ","- ",37.466678619384766,-122.15158081054688,"SAN MATEO","MENLO PARK",-122.15160369873047,37.466651916503906
94412008,2024,2024-09-30,9330,2024-09-23,1100,023864,,1,1,4,4102,0,1,2,,2,048,"US-101 N/B","HOLLY STREET",3274.00,S,N,A,-,Y,SM,,101," "," ",7.514,H,,R,N,4,0,1,1,A,-,08,22107,,N,E,I,A,A,H,-,A,D,0,,,,,Y,,A,01,0,0,1,0,0,0,0,0,0,"- ","- ",37.504501342773438,-122.24523162841797,"SAN MATEO",BELMONT,-122.24526214599609,37.504474639892578
94416948,2024,2024-10-02,9330,2024-09-23,1420,023640,,1,2,5,4113,0,1,2,,2,048,"US-101 S/B","WHIPPLE AVENUE",3696.00,N,N,A,-,Y,SM,,101," "," ",7.368,H,,L,N,4,0,2,3,A,-,08,22107,,N,B,C,A,A,H,-,A,D,0,,,,Y,Y,,A,07,0,0,2,0,0,0,0,0,0,"- ","- ",37.502719879150391,-122.24372100830078,"SAN MATEO","REDWOOD CITY",-122.24364471435547,37.502773284912109
94418669,2023,2025-01-08,9330,2023-10-12,2155,023251,,4,2,9,4100,0,3,5,,2,002,"PESCADERO CREEK ROAD",SR-1,0.00,,Y,A,-,Y,,,,,,,,,,Y,1,1,2,1,A,-,01,23152,A,N,E,8,A,A,H,-,C,A,0,,,,,Y,Y,A,01,0,0,2,0,0,0,0,0,0,"- ","- ",37.259799957275391,-122.41358184814453,"SAN MATEO",UNINCORPORATED,-122.41316986083984,37.259693145751953
9441952,2022,2022-05-13,4119,2022-02-11,0017,2102,,5,5,2,4119,0,0,0,,0,002,"A ST","EL CAMINO REAL",0.00,,Y,A,-,N,,,,,,,,,,Y,3,0,1,2,A,-,00,12500,A,N,D,C,A,A,H,-,C,A,0,,,,,Y,,A,01,0,1,0,0,0,0,0,0,0,"- ","- ",,,"SAN MATEO",BROADMOOR,-122.46478271484375,37.686088562011719
94422471,2024,2024-10-08,9330,2024-09-27,2100,023253,,5,2,2,4118,0,1,1,,2,054,"I-280 N/B","FARM HILL BLVD",2640.00,S,N,A,-,Y,SM,,280," ",R,4.111,H,,R,Y,4,0,1,1,A,-,08,22107,,N,E,I,A,A,H,-,D,D,0,,,,,Y,,A,01,0,0,1,0,0,0,0,0,0,"- ","- ",37.443119049072266,-122.25337219238281,"SAN MATEO",WOODSIDE,-122.25334167480469,37.443153381347656
94423030,2024,2024-10-08,9330,2024-09-28,"433 ",023974,,6,3,5,4116,0,1,2,,2,038,"US-101 S/B",SR-92,3115.00,N,N,A,-,Y,SM,,101," "," ",12.488,H,,L,Y,3,0,1,2,A,-,03,22350,,N,C,C,A,A,H,-,C,D,0,,,,,Y,,A,01,0,1,0,0,0,0,0,0,0,"- ","- ",37.560340881347656,-122.30281066894531,"SAN MATEO","SAN MATEO",-122.30274963378906,37.560375213623047
94423634,2024,2024-10-08,9330,2024-09-18,"0   ",023975,,3,3,9,4100,0,1,1,,2,034,"I-280 S/B","TROUSDALE DRIVE",3150.00,S,N,E,-,Y,SM,,280," ",R,16.601,H,,L,N,3,0,1,2,A,-,08,22107,,N,C,C,A,B,H,-,D,D,0,,,,,Y,,-,"- ",0,1,0,0,0,0,0,0,0,"- ","- ",37.5731201171875,-122.39971923828125,"SAN MATEO",UNINCORPORATED,-122.399658203125,37.573150634765625
9442478,2022,2022-05-20,4106,2022-02-17,1257,1137,13B,4,5,6,4106,0,0,0,,0,006,"HICKEY BL","GELLERT BL",0.00,,Y,A,-,N,,,,,,,,,,Y,2,0,3,2,D,-,00,,,N,D,C,A,A,H,-,A,A,0,,,,,Y,,-,"- ",1,0,2,0,0,0,0,0,0,"- ","- ",37.664569854736328,-122.46901702880859,"SAN MATEO","DALY CITY",-122.46923065185547,37.664459228515625
94426781,2024,2024-10-10,9330,2024-09-30,2135,023253,,1,2,5,4116,0,1,2,,2,038,"US-101 S/B","3RD AVENUE",1584.00,N,N,A,-,Y,SM,,101," "," ",13.823,H,,L,Y,3,0,5,2,A,-,01,23152,A,N,C,C,A,A,H,-,C,D,0,,,,,Y,Y,A,01,0,1,4,0,0,0,0,0,0,"- ","- ",37.574790954589844,-122.31838989257812,"SAN MATEO","SAN MATEO",-122.31838989257812,37.574790954589844
94426941,2024,2024-10-10,9330,2024-09-24,"800 ",023864,,2,1,4,4109,0,1,2,,2,058,"US-101 S/B","MARSH ROAD",200.00,N,N,A,-,Y,SM,,101," "," ",3.917,H,,L,Y,4,0,1,4,A,-,03,22350,,M,C,C,A,A,H,-,A,D,0,,,,,Y,,I,09,0,0,1,0,0,0,0,0,0,"- ","- ",37.484958648681641,-122.18643951416016,"SAN MATEO","MENLO PARK",-122.18645477294922,37.484912872314453
94426984,2024,2024-10-10,9330,2024-09-28,2150,023566,,6,2,5,4116,0,1,2,,2,038,"US-101 N/B","3RD AVE",200.00,S,N,A,-,Y,SM,,101," "," ",13.184,H,,R,N,4,0,2,2,A,-,08,22107,,M,B,C,A,A,H,-,C,D,0,,,,,Y,,A,07,0,0,2,0,0,0,0,0,0,"- ","- ",37.568000793457031,-122.31069946289062,"SAN MATEO","SAN MATEO",-122.31073760986328,37.567974090576172
94427002,2024,2024-10-11,9330,2024-09-29,1548,023587,,7,2,5,4113,0,1,2,,2,048,"US-101 S/B","WHIPPLE AVENUE",3168.00,N,N,A,-,Y,SM,,101," "," ",7.316,H,,L,N,3,0,1,2,A,-,03,22350,,N,C,C,A,A,D,-,A,D,0,,,,,Y,,D,22,0,1,0,0,0,0,0,0,0,"- ","- ",37.502201080322266,-122.24304962158203,"SAN MATEO","REDWOOD CITY",-122.24302673339844,37.502216339111328
94429257,2024,2024-10-14,9330,2024-09-27,2113,023974,,5,2,5,4116,0,1,3,,2,031,"SR-92 E/B","DELAWARE STREET",1267.00,E,N,A,-,Y,SM,,92," ",R,11.857,H,,R,N,3,0,1,2,A,-,03,22350,,N,C,C,A,A,H,-,C,D,0,,,,,Y,,A,01,0,1,0,0,0,0,0,0,0,"- ","- ",37.55255126953125,-122.30101013183594,"SAN MATEO","SAN MATEO",-122.30101013183594,37.552482604980469
94432089,2024,2024-10-15,9330,2024-10-07,1820,023975,,1,2,5,4113,0,1,2,,2,058,"US-101 N/B","WOODSIDE ROAD",2640.00,N,N,A,-,Y,SM,,101," "," ",5.832,H,,R,N,3,0,1,1,C,-,18,,,N,E,J,A,A,H,-,C,D,0,,,,,Y,,-,"- ",0,1,0,0,0,0,0,0,0,"- ","- ",37.491611480712891,-122.21993255615234,"SAN MATEO","REDWOOD CITY",-122.21980285644531,37.491794586181641
94432401,2024,2024-10-16,9335,2024-10-03,2110,023860,,4,2,5,4117,0,1,2,,2,011,"US-101 N/B","MILLBRAE AVE",450.00,N,N,A,-,Y,SM,,101," "," ",18.035,H,,R,Y,3,0,1,2,A,-,03,22350,,N,C,C,A,A,H,-,C,D,0,,,,,Y,,A,01,0,1,0,0,0,0,0,0,0,"- ","- ",37.603519439697266,-122.38156127929688,"SAN MATEO","SOUTH SAN FRANCISCO",-122.38159942626953,37.603485107421875