CASE_ID,ACCIDENT_YEAR,PROC_DATE,JURIS,COLLISION_DATE,COLLISION_TIME,OFFICER_ID,REPORTING_DISTRICT,DAY_OF_WEEK,CHP_SHIFT,POPULATION,CNTY_CITY_LOC,SPECIAL_COND,BEAT_TYPE,CHP_BEAT_TYPE,CITY_DIVISION_LAPD,CHP_BEAT_CLASS,BEAT_NUMBER,PRIMARY_RD,SECONDARY_RD,DISTANCE,DIRECTION,INTERSECTION,WEATHER_1,WEATHER_2,STATE_HWY_IND,CALTRANS_COUNTY,CALTRANS_DISTRICT,STATE_ROUTE,ROUTE_SUFFIX,POSTMILE_PREFIX,POSTMILE,LOCATION_TYPE,RAMP_INTERSECTION,SIDE_OF_HWY,TOW_AWAY,COLLISION_SEVERITY,NUMBER_KILLED,NUMBER_INJURED,PARTY_COUNT,PRIMARY_COLL_FACTOR,PCF_CODE_OF_VIOL,PCF_VIOL_CATEGORY,PCF_VIOLATION,PCF_VIOL_SUBSECTION,HIT_AND_RUN,TYPE_OF_COLLISION,MVIW,PED_ACTION,ROAD_SURFACE,ROAD_COND_1,ROAD_COND_2,LIGHTING,CONTROL_DEVICE,CHP_ROAD_TYPE,PEDESTRIAN_ACCIDENT,BICYCLE_ACCIDENT,MOTORCYCLE_ACCIDENT,TRUCK_ACCIDENT,NOT_PRIVATE_PROPERTY,ALCOHOL_INVOLVED,STWD_VEHTYPE_AT_FAULT,CHP_VEHTYPE_AT_FAULT,COUNT_SEVERE_INJ,COUNT_VISIBLE_INJ,COUNT_COMPLAINT_PAIN,COUNT_PED_KILLED,COUNT_PED_INJURED,COUNT_BICYCLIST_KILLED,COUNT_BICYCLIST_INJURED,COUNT_MC_KILLED,COUNT_MC_INJURED,PRIMARY_RAMP,SECONDARY_RAMP,LATITUDE,LONGITUDE,COUNTY,CITY,POINT_X,POINT_Y
94595246,2025,2025-03-03,9330,2025-02-19,1810,023158,,3,2,5,4116,0,1,2,,2,038,"US-101 N/B","PENINSULA AVE",387.00,S,N,A,-,Y,SM,,101," "," ",14.613,H,,R,N,4,0,1,5,A,-,03,22350,,N,A,C,A,A,H,-,C,D,0,,,,,Y,,A,07,0,0,1,0,0,0,0,0,0,"- ","- ",37.583530426025391,-122.32766723632812,"SAN MATEO","SAN MATEO",-122.32762908935547,37.58355712890625
9459579,2022,2022-06-27,4106,2022-02-10,1400,2183,7,4,5,6,4106,0,0,0,,0,002,"ABBOT AV","CHESTER ST",0.00,,Y,A,-,N,,,,,,,,,,N,3,0,1,2,A,-,10,21950,A,N,G,B,B,A,H,-,A,A,0,Y,,,,Y,Y,A,01,0,1,0,0,1,0,0,0,0,"- ","- ",37.688518524169922,-122.45815277099609,"SAN MATEO","DALY CITY",-122.45770263671875,37.688518524169922
94597657,2025,2025-03-05,9330,2025-02-21,1515,023693,,5,2,9,4100,0,3,5,,2,505,"BAY ROAD","TENTH AVENUE",0.00,,Y,A,-,N,,,,,,,,,,N,4,0,1,2,A,-,08,22107,,N,E,8,A,A,H,-,A,D,0,,,,,Y,,A,01,0,0,1,0,0,0,0,0,0,"- ","- ",37.479801177978516,-122.19403076171875,"SAN MATEO",UNINCORPORATED,-122.19438171386719,37.480014801025391
94598362,2025,2025-03-07,9330,2025-02-25,"320 ",023254,,2,3,5,4116,0,1,2,,2,038,"US-101 N/B","PENINSULA AVENUE",528.00,S,N,A,-,Y,SM,,101," "," ",14.554,H,,R,N,4,0,1,2,A,-,07,21658,A,N,C,C,A,A,H,-,C,D,0,,,,,Y,,-,"- ",0,0,1,0,0,0,0,0,0,"- ","- ",37.582958221435547,-122.32688140869141,"SAN MATEO","SAN MATEO",-122.32694244384766,37.582920074462891
94598379,2024,2025-03-07,9330,2024-08-02,2200,023570,,5,3,4,4109,0,1,2,,2,058,"US-101 SB","MARSH ROAD",980.00,S,N,A,-,Y,SM,,101," "," ",3.400,H,,L,Y,4,0,1,4,A,-,01,23152,A,N,C,C,A,A,D,-,D,A,0,,,,,Y,Y,A,07,0,0,1,0,0,0,0,0,0,"- ","- ",37.481948852539062,-122.17778015136719,"SAN MATEO","MENLO PARK",-122.17780303955078,37.481925964355469
9460166,2022,2022-06-28,4113,2022-06-13,0650,494,2,1,5,5,4113,0,0,0,,0,002,"WHIPPLE AV","INDUSTRIAL WY",128.00,E,N,A,-,N,,,,,,,,,,Y,3,0,1,1,A,-,08,22107,,N,E,I,A,A,H,-,A,D,0,,,,,Y,,A,01,0,1,0,0,0,0,0,0,0,"- ","- ",37.493450164794922,-122.23612213134766,"SAN MATEO","REDWOOD CITY",-122.23569488525391,37.493698120117188
94602349,2025,2025-03-18,9330,2025-02-27,1826,024137,,4,2,5,4113,0,1,2,,2,048,"US-101 N/B","WOODSIDE ROAD",1004.00,N,N,A,-,Y,SM,,101," "," ",5.605,H,,R,Y,4,0,1,2,A,-,03,22350,,N,C,C,A,A,H,-,D,D,0,,,,,Y,,A,01,0,0,1,0,0,0,0,0,0,"- ","- ",37.490200042724609,-122.21620178222656,"SAN MATEO","REDWOOD CITY",-122.2161865234375,37.490219116210938
94603815,2025,2025-03-18,9330,2025-02-28,1320,023640,,5,1,9,4100,0,1,3,,1,021,"SR-84 W/B",SR-35,19536.00,W,N,A,-,Y,SM,,84," "," ",9.889,H,,L,N,3,0,1,1,A,-,03,22350,,N,E,I,A,A,H,-,A,D,0,,,Y,,Y,,C,02,0,1,0,0,0,0,0,0,1,"- ","- ",37.332809448242188,-122.27142333984375,"SAN MATEO",UNINCORPORATED,-122.2713623046875,37.332817077636719
94604266,2025,2025-03-18,9335,2025-03-03,2335,024128,,1,3,5,4117,0,1,2,,2,012,"US-101 N/B","GRAND AVENUE UNDERCROSSING",1110.00,N,N,A,-,Y,SM,,101," "," ",22.296,H,,R,Y,3,0,1,1,A,-,08,22107,,N,E,I,A,A,H,-,C,D,0,,,,,Y,,A,01,0,1,0,0,0,0,0,0,0,"- ","- ",37.657699584960938,-122.40579986572266,"SAN MATEO","SOUTH SAN FRANCISCO",-122.40573883056641,37.657680511474609
94605362,2025,2025-03-18,9335,2025-03-02,"525 ",023504,,7,3,4,4114,0,1,1,,2,038,"I-380 E/B","EL CAMINO REAL",1006.00,W,N,B,C,Y,SM,,380," "," ",5.262,H,,R,Y,4,0,1,1,A,-,08,22107,,N,E,I,A,B,H,-,C,D,0,,,,,Y,,A,01,0,0,1,0,0,0,0,0,0,"- ","- ",37.631549835205078,-122.42234802246094,"SAN MATEO","SAN BRUNO",-122.42221832275391,37.631374359130859
94606664,2025,2025-03-18,9330,2025-03-02,"100 ",023570,,7,3,9,4100,0,1,1,,2,044,"I-280 S/B",SR-92,10.00,S,N,C,-,Y,SM,,280," "," ",10.854,H,,L,Y,4,0,2,2,A,-,01,23152,F,N,A,C,A,B,H,-,D,D,0,,,,,Y,,A,01,0,0,2,0,0,0,0,0,0,"- ","- ",37.507129669189453,-122.33914947509766,"SAN MATEO",UNINCORPORATED,-122.33913421630859,37.50714111328125
9460855,2022,2022-11-14,4106,2022-04-26,1119,2146,12,2,5,6,4106,0,0,0,,0,005,"DEL PRADO DR","MARIPOSA AV",0.00,,Y,A,-,N,,,,,,,,,,N,4,0,1,2,A,-,22,23123,5,N,C,E,A,A,H,-,A,D,0,,,,,Y,,M,94,0,0,1,0,0,0,0,0,0,"- ","- ",,,"SAN MATEO","DALY CITY",-122.47988891601562,37.679939270019531
94608596,2025,2025-03-18,9335,2025-03-06,1055,024211,,4,1,9,4100,0,1,2,,2,011,"US-101 SOUTHBOUND","MILLBRAE AVE",2165.00,N,N,A,-,Y,SM,,101," "," ",18.364,H,,L,N,4,0,1,2,D,-,00,,,N,C,C,A,A,H,-,A,D,0,,,,,Y,,-,"- ",0,0,1,0,0,0,0,0,0,"- ","- ",37.606410980224609,-122.38648986816406,"SAN MATEO",UNINCORPORATED,-122.38650512695312,37.606395721435547
94608641,2025,2025-03-18,9335,2025-03-12,1018,022187,,3,1,4,4114,0,1,1,,2,020,"I-280 N/B","THE SNEATH LANE OVER-CROSSING",377.00,S,N,C,-,Y,SM,,280," ",R,21.229,H,,R,Y,4,0,1,1,A,-,08,22107,,N,E,I,A,B,H,-,A,D,0,,,,,Y,,A,01,0,0,1,0,0,0,0,0,0,"- ","- ",37.629619598388672,-122.43390655517578,"SAN MATEO","SAN BRUNO",-122.43383026123047,37.629688262939453
94610329,2025,2025-03-18,9330,2025-03-17,1803,024314,,1,2,2,4118,0,1,1,,2,044,"I-280 S/B","FARM HILL ROAD",1970.00,N,N,B,C,Y,SM,,280," ",R,5.098,H,,L,N,3,0,1,1,A,-,03,22350,,N,E,I,A,B,H,-,A,D,0,,,,,Y,,A,01,0,1,0,0,0,0,0,0,0,"- ","- ",37.444988250732422,-122.27072906494141,"SAN MATEO",WOODSIDE,-122.27078247070312,37.444911956787109
94613228,2025,2025-03-24,9330,2025-03-21,1350,023640,,5,1,9,4100,0,1,1,,2,044,"I-280 N/B TO SR-92 E/B",SR-92,1584.00,S,N,A,-,Y,SM,,280," "," ",10.402,H,,R,N,4,0,1,2,A,-,03,22350,,N,C,C,A,A,H,-,A,D,0,,,,,Y,,D,22,0,0,1,0,0,0,0,0,0,"- ","- ",37.503509521484375,-122.33226013183594,"SAN MATEO",UNINCORPORATED,-122.33236694335938,37.503398895263672
94613233,2025,2025-03-24,9330,2025-03-14,1330,023728,,5,1,4,4127,0,3,5,,2,071,"ARGUELLO WAY","BUCKEYE AVENUE",0.00,,Y,B,C,N,,,,,,,,,,N,3,0,1,1,A,-,03,22350,,N,F,A,A,B,H,-,A,D,0,,Y,,,Y,,L,04,0,1,0,0,0,0,1,0,0,"- ","- ",37.426689147949219,-122.16419982910156,"SAN MATEO","EAST PALO ALTO",,
9462609,2022,2022-10-28,4120,2022-05-11,0819,196,2,3,5,4,4120,0,0,0,,0,00X,"GULL AV","GULL AV 872",0.00,,N,A,-,N,,,,,,,,,,N,3,0,1,2,A,-,08,22107,,N,B,C,A,A,H,-,A,D,0,,,,,Y,,A,07,0,1,0,0,0,0,0,0,0,"- ","- ",37.567291259765625,-122.26058959960938,"SAN MATEO","FOSTER CITY",-122.258425,37.566653000000002
94626282,2025,2025-03-25,9330,2025-03-21,1340,024314,,5,1,5,4113,0,1,2,,2,048,"US-101 S/B","WHIPPLE AVENUE",1760.00,S,N,A,-,Y,SM,,101," "," ",6.283,H,,L,N,4,0,2,2,A,-,07,21658,A,N,B,C,A,A,H,-,A,D,0,,,,,Y,,A,07,0,0,2,0,0,0,0,0,0,"- ","- ",37.49462890625,-122.22724151611328,"SAN MATEO","REDWOOD CITY",-122.22725677490234,37.494598388671875
94627950,2025,2025-03-26,9335,2025-03-17,1525,024042,,1,2,4,4114,0,1,1,,2,038,"I-380 W/B TO EL CAMINO REAL","EL CAMINO REAL",70.00,E,N,A,-,Y,SM,,82," "," ",19.047,H,,R,N,4,0,1,2,A,-,03,22350,,N,C,C,A,A,H,-,A,A,0,,,,,Y,,A,01,0,0,1,0,0,0,0,0,0,"- ","- ",37.634300231933594,-122.41944885253906,"SAN MATEO","SAN BRUNO",-122.41971588134766,37.634201049804688
9462870,2022,2022-08-09,4113,2022-06-22,1744,491,6,3,5,5,4113,0,0,0,,0,006,"EL CAMINO REAL","ROOSEVELT AV",0.00,,Y,A,-,Y,SM,4,82,-,-,3.730,H,-,S,N,4,0,1,2,A,-,04,21703,,N,C,C,A,A,H,-,A,A,0,,,,,Y,,A,01,0,0,1,0,0,0,0,0,0,"- ","- ",37.479179382324219,-122.22547912597656,"SAN MATEO","REDWOOD CITY",-122.22584533691406,37.479270935058594
94629507,2025,2025-03-27,9330,2025-03-21,2030,023640,,5,2,9,4100,0,3,5,,2,509,"VALPARAISO AVENUE","SHERMAN AVENUE",0.00,,Y,A,-,N,,,,,,,,,,N,4,0,1,2,A,-,09,21801,A,M,D,C,A,A,H,-,D,D,0,,,,,Y,,A,08,0,0,1,0,0,0,0,0,0,"- ","- ",37.436588287353516,-122.20372009277344,"SAN MATEO",UNINCORPORATED,-122.20375061035156,37.436588287353516
94630911,2025,2025-03-28,9330,2025-03-25,1610,022837,,2,2,4,4120,0,1,3,,1,035,"SR-92 E/B","FOSTER CITY BOULEVARD",6336.00,E,N,A,-,Y,SM,,92," ",R,16.581,H,,R,N,4,0,1,3,A,-,03,22350,,N,C,C,A,A,H,-,A,D,0,,,,,Y,,A,07,0,0,1,0,0,0,0,0,0,"- ","- ",37.593330383300781,-122.23438262939453,"SAN MATEO","FOSTER CITY",-122.234375,37.59332275390625
94631517,2025,2025-03-31,9335,2025-03-23,1733,022186,,7,2,5,4117,0,1,2,,2,012,"US-101 S/B","SOUTH AIRPORT BOULEVARD",820.00,N,N,A,-,Y,SM,,101," "," ",21.872,H,,L,Y,3,0,1,1,A,-,08,22107,,N,E,I,A,A,H,-,A,D,0,,,,,Y,,A,07,0,1,0,0,0,0,0,0,0,"- ","- ",37.652359008789062,-122.40695953369141,"SAN MATEO","SOUTH SAN FRANCISCO",-122.40705108642578,37.652355194091797
94631555,2025,2025-03-31,9330,2025-03-30,1435,024324,,7,2,4,4102,0,1,2,,2,048,"US-101 S/B TO RALSTON AVENUE","RALSTON AVENUE",1056.00,N,N,A,-,Y,SM,,101," "," ",9.767,H,,L,N,4,0,1,2,A,-,03,22350,,M,C,C,A,A,H,-,A,D,0,,,,,Y,,-,99,0,0,1,0,0,0,0,0,0,"- ","- ",37.528469085693359,-122.27300262451172,"SAN MATEO",BELMONT,-122.27285003662109,37.528579711914062
94631962,2025,2025-03-31,9335,2025-03-24,1905,024297,,1,2,6,4106,0,1,1,,2,021,"I-280 N/B","SERRAMONTE BOULEVARD",1056.00,N,N,A,-,Y,SM,,280," ",R,24.840,H,,R,Y,4,0,1,1,A,-,08,22107,,N,E,I,A,A,H,-,A,D,0,,,,,Y,,-,"- ",0,0,1,0,0,0,0,0,0,"- ","- ",37.672611236572266,-122.46714782714844,"SAN MATEO","DALY CITY",-122.46730804443359,37.672531127929688
9463424,2022,2022-07-21,4113,2022-06-01,0000,474,7,3,5,5,4113,0,0,0,,0,007,"BREWSTER AV","OPAL ST",0.00,,Y,A,-,N,,,,,,,,,,N,3,0,1,2,A,-,06,21750,,F,H,G,A,A,H,-,A,D,0,,Y,,,Y,,A,01,0,1,0,0,0,0,1,0,0,"- ","- ",37.477619171142578,-122.24820709228516,"SAN MATEO","REDWOOD CITY",-122.24822235107422,37.477619171142578
9463427,2022,2022-07-21,4113,2022-06-25,0015,467,5,6,5,5,4113,0,0,0,,0,005,"OAKWOOD DR","EL CAMINO REAL",0.00,,Y,A,-,N,,,,,,,,,,Y,3,0,1,3,A,-,03,22350,,M,A,E,A,A,H,-,C,D,0,,,,,Y,Y,A,01,0,1,0,0,0,0,0,0,0,"- ","- ",37.470539093017578,-122.21375274658203,"SAN MATEO","REDWOOD CITY",-122.21376037597656,37.470527648925781
9463430,2022,2022-09-06,4113,2022-06-14,1900,401,3,2,5,5,4113,0,0,0,,0,003,"MIDDLEFIELD RD","PINE ST",0.00,,Y,A,-,N,,,,,,,,,,N,3,0,1,2,A,-,09,21803,B,N,H,G,A,A,H,-,A,D,0,,,Y,,Y,,A,01,0,1,0,0,0,0,0,0,1,"- ","- ",37.481098175048828,-122.21898651123047,"SAN MATEO","REDWOOD CITY",-122.22084808349609,37.481857299804688
94641337,2025,2025-04-08,9335,2025-04-04,1352,023504,,5,1,4,4111,0,1,3,,2,041,"SR-1 S/B","PALOMA AVE OVER CROSS",530.00,S,N,A,-,Y,SM,,1," ",R,44.106,H,,L,Y,4,0,1,2,A,-,03,22350,,N,C,C,A,A,E,-,A,A,0,,,,,Y,,A,01,0,0,1,0,0,0,0,0,0,"- ","- ",37.634979248046875,-122.48989868164062,"SAN MATEO",PACIFICA,-122.48989105224609,37.634979248046875
94642179,2025,2025-04-09,9330,2025-04-04,1450,024137,,5,2,5,4113,0,1,2,,2,048,"US-101 S/B","WOODSIDE ROAD",1926.00,N,N,A,-,Y,SM,,101," "," ",5.783,H,,L,N,4,0,1,2,A,-,03,22350,,N,C,C,A,A,H,-,A,D,0,,,,,Y,,A,01,0,0,1,0,0,0,0,0,0,"- ","- ",37.491260528564453,-122.21920013427734,"SAN MATEO","REDWOOD CITY",-122.21916198730469,37.491313934326172
94643455,2025,2025-04-09,9330,2025-03-01,1645,024324,,6,2,5,4113,0,1,2,,2,058,"US-101 S/B","MARSH RD.",2640.00,N,N,A,-,Y,SM,,101," "," ",4.098,H,,L,Y,3,0,1,2,A,-,07,21658,A,N,B,C,A,A,H,-,A,D,0,,,,,Y,,A,01,0,1,0,0,0,0,0,0,0,"- ","- ",37.485420227050781,-122.18972015380859,"SAN MATEO","REDWOOD CITY",-122.18971252441406,37.485466003417969
94644861,2025,2025-04-10,9330,2025-04-01,"301 ",024307,,2,3,9,4100,0,1,3,,1,011,"SR-92 W/B","I-280 SB OVERCROSSING",2270.00,W,N,A,-,Y,SM,,92," ",T,6.764,H,,L,Y,3,0,1,1,A,-,03,22350,,N,E,8,A,A,H,-,D,D,0,,,,,Y,,A,01,0,1,0,0,0,0,0,0,0,"- ","- ",37.511009216308594,-122.34577178955078,"SAN MATEO",UNINCORPORATED,-122.34577178955078,37.511009216308594
94647249,2025,2025-04-14,9330,2025-04-02,1720,024317,,3,2,5,4116,0,1,2,,2,038,"US-101 S/B","POPLAR AVE",652.00,N,N,A,-,Y,SM,,101," "," ",14.449,H,,L,Y,4,0,1,2,A,-,03,22350,,N,C,C,A,A,H,-,A,D,0,,,,,Y,,A,01,0,0,1,0,0,0,0,0,0,"- ","- ",37.581638336181641,-122.32586669921875,"SAN MATEO","SAN MATEO",-122.32585906982422,37.581645965576172
94647253,2025,2025-04-14,9330,2025-04-10,1004,023011,,4,1,4,4109,0,1,2,,2,058,"US-101 S/B","MARSH ROAD",3168.00,S,N,A,-,Y,SM,,101," "," ",2.922,H,,L,N,4,0,4,2,A,-,03,22350,,N,C,C,A,A,H,-,A,D,0,,,,,Y,,A,07,0,0,4,0,0,0,0,0,0,"- ","- ",37.478008270263672,-122.17098236083984,"SAN MATEO","MENLO PARK",-122.17101287841797,37.477970123291016
9464970,2022,2022-12-08,4111,2022-10-07,1142,P5150,P02,5,5,4,4111,0,0,0,,0,0P1,"HICKEY BL","GATEWAY DR",0.00,,Y,A,-,N,,,,,,,,,,N,3,0,2,2,A,-,10,21950,A,F,G,B,D,A,H,-,A,D,0,Y,,,,Y,Y,A,01,0,1,1,0,1,0,0,0,0,"- ","- ",,,"SAN MATEO",PACIFICA,-122.47798919677734,37.659690856933594
94651910,2025,2025-04-16,9330,2025-04-01,"110 ",023254,,2,3,5,4116,0,1,2,,2,038,"US-101 S/B","POPLAR AVENUE",1056.00,N,N,B,-,Y,SM,,101," "," ",14.569,H,,L,N,4,0,2,2,A,-,03,22350,,N,C,C,A,B,H,-,D,D,0,,,,,Y,,A,01,0,0,2,0,0,0,0,0,0,"- ","- ",37.582969665527344,-122.3272705078125,"SAN MATEO","SAN MATEO",-122.32728576660156,37.582958221435547
94653052,2025,2025-08-18,9330,2025-04-08,"815 ",022754,,2,1,9,4100,0,3,5,,2,005,"ALPINE ROAD E/B","I-280 N/B TO W/B ALPINE ROAD",0.00,,Y,A,-,N,,,,,,,,,,N,4,0,1,2,A,-,09,21802,B,N,D,C,A,A,H,-,A,D,0,,,,,Y,,-,"- ",0,0,1,0,0,0,0,0,0,"- ","- ",37.410198211669922,-122.19447326660156,"SAN MATEO",UNINCORPORATED,-122.194552,37.410220000000002
94655432,2025,2025-04-21,9335,2025-04-10,1550,023504,,4,2,4,4114,0,1,1,,2,020,"I-280 N/B","SNEATH LN OVER CROSS",175.00,N,N,A,-,Y,SM,,280," ",R,21.345,H,,R,N,4,0,1,2,C,-,18,,,N,C,C,A,A,H,-,A,D,0,,,,,Y,,-,"- ",0,0,1,0,0,0,0,0,0,"- ","- ",37.630859375,-122.43527221679688,"SAN MATEO","SAN BRUNO",-122.43531799316406,37.630821228027344
94656332,2025,2025-04-21,9330,2025-04-10,2300,023664,,4,3,4,4109,0,1,2,,2,058,"US-101 N/B","MARSH RD",36.00,S,N,A,-,Y,SM,,101," "," ",3.583,H,,R,N,2,0,1,2,A,-,07,21658,A,F,B,C,A,C,H,-,C,D,0,,,Y,,Y,Y,C,02,1,0,0,0,0,0,0,0,1,"- ","- ",37.483428955078125,-122.18038940429688,"SAN MATEO","MENLO PARK",-122.18043518066406,37.483356475830078
94658422,2025,2025-04-22,9330,2025-04-12,2500,024224,,6,4,4,4109,0,3,5,,2,509,"ALEMEDA DE LAS PULGAS","AVY AVENUE",0.00,,Y,A,-,N,,,,,,,,,,N,4,0,2,3,A,-,08,22107,,F,C,G,A,A,H,-,A,A,0,,Y,,,Y,,A,07,0,0,2,0,0,0,2,0,0,"- ","- ",37.431800842285156,-122.20168304443359,"SAN MATEO","MENLO PARK",-122.20151519775391,37.431793212890625
94658985,2025,2025-04-22,9330,2025-04-12,1215,021339,,6,1,5,4116,0,1,2,,2,038,"US-101 N/B","MONTE DIABLO PEDESTRIAN OVERCROSSING",65.00,S,N,A,-,Y,SM,,101," "," ",13.939,H,,R,Y,3,0,1,2,A,-,03,22350,,N,C,C,A,A,H,-,A,D,0,,,,,Y,,A,01,0,1,0,0,0,0,0,0,0,"- ","- ",37.576129913330078,-122.31970977783203,"SAN MATEO","SAN MATEO",-122.31964874267578,37.576171875
94659011,2025,2025-04-22,9330,2025-04-12,2315,024299,,6,3,2,4118,0,3,5,,2,503,"WOODSIDE ROAD","ALAMEDA DE LAS PULGAS",0.00,,Y,A,-,N,,,,,,,,,,N,4,0,1,2,A,-,07,21658,A,N,B,C,A,A,H,-,C,A,0,,,,,Y,,A,07,0,0,1,0,0,0,0,0,0,"- ","- ",37.448528289794922,-122.23162078857422,"SAN MATEO",WOODSIDE,-122.23165130615234,37.448692321777344
94660556,2025,2025-04-23,9330,2025-04-16,"629 ",024394,,3,1,4,4109,0,1,2,,2,058,"US-101 SOUTHBOUND","MARSH RD",528.00,S,N,A,-,Y,SM,,101," "," ",3.483,H,,L,N,4,0,1,3,A,-,07,21658,A,N,B,C,A,A,H,-,A,D,0,,,,,Y,,D,22,0,0,1,0,0,0,0,0,0,"- ","- ",37.482578277587891,-122.17903137207031,"SAN MATEO","MENLO PARK",-122.17903137207031,37.482578277587891
94663297,2025,2025-04-24,9330,2025-04-14,"515 ",024299,,1,3,5,4116,0,1,3,,1,035,"SR-92 E/B","SUB 4",2534.00,E,N,A,-,Y,SM,,92," ",R,16.837,H,,R,Y,4,0,1,2,A,-,03,22350,,N,C,C,A,A,H,-,C,D,0,,,,,Y,,A,01,0,0,1,0,0,0,0,0,0,"- ","- ",37.594551086425781,-122.23023986816406,"SAN MATEO","SAN MATEO",-122.23023223876953,37.594535827636719
94667994,2025,2025-04-29,9335,2025-04-22,"720 ",024297,,2,1,5,4116,0,1,2,,2,012,"US-101 SOUTHBOUND","ALANA WAY",1109.00,S,N,A,-,Y,SM,,101," "," ",25.925,H,,L,Y,4,0,1,3,A,-,04,21703,,N,C,C,A,A,H,-,A,D,0,,,,,Y,,A,01,0,0,1,0,0,0,0,0,0,"- ","- ",37.705768585205078,-122.39450836181641,"SAN MATEO","SAN MATEO",-122.39455413818359,37.705764770507812
9466914,2022,2023-02-02,4101,2022-12-12,0937,17DR01,,1,5,2,4101,0,0,0,,0,,"ATHERTON AV","MULBERRY LN",0.00,,Y,B,-,N,,,,,,,,,,N,4,0,1,3,A,-,05,21752,D,N,D,C,A,B,H,-,A,D,0,,,,,Y,,A,07,0,0,1,0,0,0,0,0,0,"- ","- ",37.441310882568359,-122.2159423828125,"SAN MATEO",ATHERTON,-122.21601104736328,37.441314697265625
94669636,2025,2025-04-30,9335,2025-04-19,"345 ",024124,,6,3,9,4100,0,1,2,,2,011,"US-101 N/B","SAN BRUNO AVE",1742.00,S,N,A,-,Y,SM,,101," "," ",20.058,H,,R,Y,4,0,1,2,A,-,01,23152,G,N,C,C,A,A,H,-,C,D,0,,,,,Y,Y,A,01,0,0,1,0,0,0,0,0,0,"- ","- ",37.626670837402344,-122.4017333984375,"SAN MATEO",UNINCORPORATED,-122.40175628662109,37.626663208007812
94678070,2025,2025-05-07,9330,2025-04-22,1400,024443,,2,2,9,4100,0,1,1,,2,054,"I-280 N/B","ALPINE ROAD",1531.00,S,N,A,-,Y,SM,,280," ",R,0.348,H,,R,Y,3,0,1,1,A,-,08,22107,,N,E,8,A,A,H,-,A,D,0,,,,,Y,,A,07,0,1,0,0,0,0,0,0,0,"- ","- ",37.410751342773438,-122.19989013671875,"SAN MATEO",UNINCORPORATED,-122.19980621337891,37.410911560058594
94678682,2025,2025-05-07,9335,2025-04-26,1315,024449,,6,1,5,4117,0,1,2,,2,012,"US-101 SOUTHBOUND","SILVER AVENUE",94.00,N,N,A,-,Y,SF,,101," "," ",1.798,H,,L,N,3,0,1,2,A,-,17,23114,A,N,E,J,A,A,H,-,A,D,0,,,,,Y,,D,22,0,1,0,0,0,0,0,0,0,"- ","- ",37.732940673828125,-122.405517578125,"SAN MATEO","SOUTH SAN FRANCISCO",-122.40550994873047,37.732944488525391
94679311,2025,2025-05-15,9330,2025-04-26,1500,023864,,6,2,4,4127,0,1,2,,2,058,"US-101 N/B","UNIVERSITY AVENUE",135.00,N,N,B,-,Y,SM,,101," "," ",0.922,H,,R,Y,2,0,1,3,A,-,01,23152,A,N,B,2,A,A,H,-,A,D,0,,,Y,,Y,Y,C,02,1,0,0,0,0,0,0,0,1,"- ","- ",37.460868835449219,-122.1414794921875,"SAN MATEO","EAST PALO ALTO",-122.14143371582031,37.460914611816406
94680273,2025,2025-05-08,9335,2025-05-07,1525,022860,,3,2,6,4106,0,1,1,,2,021,"I-280 N/B","KING DRIVE",700.00,N,N,A,-,Y,SM,,280," ",R,23.312,H,,R,N,4,0,2,3,A,-,04,21703,,N,C,C,A,A,H,-,A,D,0,,,,,Y,,A,07,0,0,2,0,0,0,0,0,0,"- ","- ",37.653629302978516,-122.45577239990234,"SAN MATEO","DALY CITY",-122.45571136474609,37.653675079345703
94680781,2025,2025-05-08,9330,2025-04-27,1945,023864,,7,2,9,4100,0,1,3,,1,011,"SR-92 E/B",SR-35,2851.00,W,N,B,-,Y,SM,,92," "," ",4.552,H,,R,Y,4,0,1,1,A,-,03,22350,,N,E,I,A,B,H,-,A,D,0,,,Y,,Y,,C,02,0,0,1,0,0,0,0,0,1,"- ","- ",37.487468719482422,-122.37042999267578,"SAN MATEO",UNINCORPORATED,-122.37041473388672,37.487476348876953
94682961,2025,2025-05-12,9330,2025-05-09,"940 ",023857,,5,1,4,4104,0,1,2,,2,038,"US-101 S/B",BROADWAY,1162.00,N,N,A,-,Y,SM,,101," "," ",16.842,H,,L,Y,3,0,1,1,A,-,03,22350,,N,F,A,A,A,H,-,A,D,0,,,Y,,Y,,C,02,0,1,0,0,0,0,0,0,1,"- ","- ",37.592258453369141,-122.36499786376953,"SAN MATEO",BURLINGAME,-122.36492156982422,37.592334747314453