CASE_ID,ACCIDENT_YEAR,PROC_DATE,JURIS,COLLISION_DATE,COLLISION_TIME,OFFICER_ID,REPORTING_DISTRICT,DAY_OF_WEEK,CHP_SHIFT,POPULATION,CNTY_CITY_LOC,SPECIAL_COND,BEAT_TYPE,CHP_BEAT_TYPE,CITY_DIVISION_LAPD,CHP_BEAT_CLASS,BEAT_NUMBER,PRIMARY_RD,SECONDARY_RD,DISTANCE,DIRECTION,INTERSECTION,WEATHER_1,WEATHER_2,STATE_HWY_IND,CALTRANS_COUNTY,CALTRANS_DISTRICT,STATE_ROUTE,ROUTE_SUFFIX,POSTMILE_PREFIX,POSTMILE,LOCATION_TYPE,RAMP_INTERSECTION,SIDE_OF_HWY,TOW_AWAY,COLLISION_SEVERITY,NUMBER_KILLED,NUMBER_INJURED,PARTY_COUNT,PRIMARY_COLL_FACTOR,PCF_CODE_OF_VIOL,PCF_VIOL_CATEGORY,PCF_VIOLATION,PCF_VIOL_SUBSECTION,HIT_AND_RUN,TYPE_OF_COLLISION,MVIW,PED_ACTION,ROAD_SURFACE,ROAD_COND_1,ROAD_COND_2,LIGHTING,CONTROL_DEVICE,CHP_ROAD_TYPE,PEDESTRIAN_ACCIDENT,BICYCLE_ACCIDENT,MOTORCYCLE_ACCIDENT,TRUCK_ACCIDENT,NOT_PRIVATE_PROPERTY,ALCOHOL_INVOLVED,STWD_VEHTYPE_AT_FAULT,CHP_VEHTYPE_AT_FAULT,COUNT_SEVERE_INJ,COUNT_VISIBLE_INJ,COUNT_COMPLAINT_PAIN,COUNT_PED_KILLED,COUNT_PED_INJURED,COUNT_BICYCLIST_KILLED,COUNT_BICYCLIST_INJURED,COUNT_MC_KILLED,COUNT_MC_INJURED,PRIMARY_RAMP,SECONDARY_RAMP,LATITUDE,LONGITUDE,COUNTY,CITY,POINT_X,POINT_Y
94858866,2025,2025-09-25,9330,2025-09-18,1550,024313,,4,2,5,4116,0,1,2,,2,038,"US-101 S/B",SR-92,2798.00,N,N,B,-,Y,SM,,101," "," ",12.420,H,,L,N,4,0,1,2,A,-,08,22107,,N,D,C,A,A,H,-,A,D,0,,,,,Y,,D,22,0,0,1,0,0,0,0,0,0,"- ","- ",37.5595703125,-122.30197906494141,"SAN MATEO","SAN MATEO",-122.30197906494141,37.5595703125
94858883,2025,2025-09-25,9330,2025-09-17,1644,019764,,3,2,9,4100,0,3,5,,2,305,"PARROTT DR.","BEL AIRE RD.",0.00,,Y,A,-,N,,,,,,,,,,N,4,0,1,2,A,-,12,22450,A,N,D,G,A,A,H,-,A,A,0,,,Y,,Y,,O,05,0,0,1,0,0,0,0,0,1,"- ","- ",37.535079956054688,-122.34438323974609,"SAN MATEO",UNINCORPORATED,-122.34439086914062,37.535068511962891
94860607,2025,2025-09-26,9330,2025-07-27,1430,024313,,7,2,4,4104,0,1,2,,2,038,"US-101 N/B","MILLBRAE AVENUE",1373.00,S,N,A,-,Y,SM,,101," "," ",17.677,H,,R,N,3,0,1,2,A,-,08,22107,,N,B,C,A,A,H,-,A,D,0,,,,,Y,,A,01,0,1,0,0,0,0,0,0,0,"- ","- ",37.600181579589844,-122.37650299072266,"SAN MATEO",BURLINGAME,-122.37653350830078,37.600147247314453
94861032,2025,2025-09-26,9330,2025-09-23,1720,024721,,2,2,5,4113,0,1,2,,2,048,"US-101 S/B","WHIPPLE AVE",0.50,S,N,A,-,Y,SM,,101," "," ",6.129,H,,L,Y,4,0,1,3,A,-,03,22350,,N,C,C,A,A,H,-,A,D,0,,,,,Y,,A,01,0,0,1,0,0,0,0,0,0,"- ","- ",37.493728637695312,-122.22466278076172,"SAN MATEO","REDWOOD CITY",-122.22465515136719,37.493736267089844
94861723,2025,2025-09-26,9330,2025-09-19,"634 ",023728,,5,1,3,4110,0,1,2,,2,038,"US-101 N/B TO MILLBRAE AVENUE","MILLBRAE AVENUE",220.00,S,N,A,-,Y,,,,,,,,,,N,4,0,1,1,A,-,03,22350,,N,E,I,A,A,H,-,A,D,0,,,,,Y,,A,01,0,0,1,0,0,0,0,0,0,"- ","- ",37.602500915527344,-122.37895202636719,"SAN MATEO",MILLBRAE,-122.37924957275391,37.601940155029297
9486203,2022,2022-09-16,4113,2022-08-23,2320,459,6,2,5,5,4113,0,0,0,,0,006,"EL CAMINO REAL","OAK AV",0.00,,Y,A,-,N,,,,,,,,,,Y,4,0,2,2,A,-,12,21453,,N,A,C,A,A,H,-,C,A,0,,,,,Y,,A,07,0,0,2,0,0,0,0,0,0,"- ","- ",37.477680206298828,-122.22341156005859,"SAN MATEO","REDWOOD CITY",-122.22350311279297,37.477584838867188
9486204,2022,2022-09-16,4113,2022-08-18,1846,495,3,4,5,5,4113,0,0,0,,0,003,"MAIN ST","PINE ST",0.00,,Y,A,-,N,,,,,,,,,,N,4,0,2,3,A,-,09,21802,A,N,D,C,A,A,H,-,A,A,0,,,,,Y,,A,01,0,0,2,0,0,0,0,0,0,"- ","- ",37.478488922119141,-122.22315979003906,"SAN MATEO","REDWOOD CITY",-122.22318267822266,37.478500366210938
9486207,2022,2022-09-16,4113,2022-08-12,1551,469,7,5,5,5,4113,0,0,0,,0,007,"GLENWOOD AV","CANYON RD",0.00,,Y,A,-,N,,,,,,,,,,N,3,0,1,2,A,-,00,22517,A,N,H,G,A,A,H,-,A,D,0,,Y,,,Y,,A,01,0,1,0,0,0,0,1,0,0,"- ","- ",37.468929290771484,-122.25267028808594,"SAN MATEO","REDWOOD CITY",-122.25202941894531,37.469402313232422
9486209,2022,2022-09-16,4113,2022-08-09,0850,479,2,2,5,5,4113,0,0,0,,0,002,"VETERANS BL","WHIPPLE AV",0.00,,Y,A,-,N,,,,,,,,,,N,4,0,1,3,C,-,18,,,N,B,C,A,A,H,-,A,A,0,,,,,Y,,-,"- ",0,0,1,0,0,0,0,0,0,"- ","- ",37.494678497314453,-122.23441314697266,"SAN MATEO","REDWOOD CITY",-122.23451995849609,37.494548797607422
94864761,2025,2025-09-29,9330,2025-09-18,1620,023671,,4,2,5,4116,0,1,2,,2,038,"US-101 S/B",SR-92,2112.00,N,N,A,-,Y,SM,,101," "," ",12.405,H,,L,N,4,0,1,2,A,-,03,22350,,M,C,C,A,A,H,-,A,D,0,,,,,Y,,A,07,0,0,1,0,0,0,0,0,0,"- ","- ",37.559379577636719,-122.30182647705078,"SAN MATEO","SAN MATEO",-122.30181884765625,37.55938720703125
94865069,2025,2025-09-29,9330,2025-09-18,2100,023458,,4,2,4,4104,0,1,2,,2,038,"US-101 S/B FROM MILLBRAE AVENUE E/B","MILLBRAE AVENUE",32.00,S,N,B,-,Y,,,,,,,,,,N,2,0,1,2,A,-,10,21950,A,F,G,B,C,A,H,-,C,D,0,Y,,,,Y,,-,99,1,0,0,0,1,0,0,0,0,"- ","- ",37.601051330566406,-122.38258361816406,"SAN MATEO",BURLINGAME,-122.38030242919922,37.602371215820312
9486835,2022,2022-09-22,4113,2022-09-02,0940,486,6,5,5,5,4113,0,0,0,,0,006,"EL CAMINO REAL","ROOSEVELT AV",0.00,,Y,A,-,N,,,,,,,,,,N,3,0,2,2,A,-,03,22350,,F,C,C,A,A,H,-,A,A,0,,,,Y,Y,,A,01,0,2,0,0,0,0,0,0,0,"- ","- ",37.479179382324219,-122.22547912597656,"SAN MATEO","REDWOOD CITY",-122.22557067871094,37.479095458984375
94868762,2025,2025-10-01,9330,2025-09-25,2000,022929,,4,2,5,4116,0,1,2,,2,048,"US-101 N/B","E. HILLSDALE BLVD",3168.00,S,N,A,-,Y,SM,,101," "," ",10.515,H,,R,N,3,0,1,3,A,-,03,22350,,N,C,C,A,A,H,-,A,D,0,,,,,Y,,A,07,0,1,0,0,0,0,0,0,0,"- ","- ",37.537239074707031,-122.28103637695312,"SAN MATEO","SAN MATEO",-122.28102874755859,37.537246704101562
94870221,2025,2025-10-02,9335,2025-09-17,2300,024080,,3,3,4,4114,0,1,1,,2,038,"I-380 E/B","EL CAMINO REAL",635.00,W,N,A,-,Y,SM,,380," "," ",5.324,H,,R,N,4,0,1,3,A,-,08,22107,,F,B,C,A,A,H,-,C,D,0,,,,,Y,,A,01,0,0,1,0,0,0,0,0,0,"- ","- ",37.631851196289062,-122.42125701904297,"SAN MATEO","SAN BRUNO",-122.42124938964844,37.631832122802734
9487485,2022,2022-10-06,4111,2022-07-31,1155,P5150,P07,7,5,4,4111,0,0,0,,0,0P2,"PALMETTO AV","MONTECITO AV",93.00,N,N,A,-,N,,,,,,,,,,Y,3,0,3,2,A,-,08,22107,,F,B,C,A,A,H,-,A,D,0,,,,,Y,,A,01,0,3,0,0,0,0,0,0,0,"- ","- ",,,"SAN MATEO",PACIFICA,-122.49231719970703,37.632999420166016
94878351,2025,2025-10-08,9330,2025-10-07,2010,022929,,2,2,9,4100,0,1,1,,2,044,"I-280 N/B TO SR-92 E/B","SR-92 E/B",100.00,S,N,A,-,Y,,,,,,,,,,Y,3,0,1,1,C,-,18,,,N,E,H,A,A,H,-,A,D,0,,,,,Y,,-,"- ",0,1,0,0,0,0,0,0,0,"- ","- ",37.507110595703125,-122.33558654785156,"SAN MATEO",UNINCORPORATED,-122.33834075927734,37.506996154785156
94880269,2025,2025-10-09,9330,2025-10-01,"222 ",023274,,3,3,9,4100,0,3,5,,2,505,"SECOND AVENUE","EDISON WAY",37.00,W,N,B,-,N,,,,,,,,,,Y,3,0,1,8,A,-,01,23152,A,N,B,4,A,A,H,-,C,D,0,,,,,Y,Y,D,22,0,1,0,0,0,0,0,0,0,"- ","- ",37.475639343261719,-122.20584106445312,"SAN MATEO",UNINCORPORATED,-122.20571899414062,37.475765228271484
94882430,2025,2025-10-13,9330,2025-07-12,"215 ",024224,,6,3,5,4113,0,1,2,,2,058,"US-101 S/B","WOODSIDE ROAD",1531.00,S,N,A,-,Y,SM,,101," "," ",5.089,H,,L,N,4,0,2,2,A,-,01,23152,A,N,C,C,A,A,D,-,C,D,0,,,,,Y,Y,A,01,0,0,2,0,0,0,0,0,0,"- ","- ",37.48760986328125,-122.20778656005859,"SAN MATEO","REDWOOD CITY",-122.207763671875,37.487720489501953
94882869,2025,2025-10-13,9330,2025-10-02,1028,023265,,4,1,4,4109,0,1,2,,2,058,"US-101 S/B","WILLOW ROAD",2640.00,N,N,B,-,Y,SM,,101," "," ",3.111,H,,L,Y,4,0,2,4,A,-,08,22107,,N,B,C,A,B,H,-,A,D,0,,,,,Y,,D,22,0,0,2,0,0,0,0,0,0,"- ","- ",37.479579925537109,-122.17365264892578,"SAN MATEO","MENLO PARK",-122.17369079589844,37.479534149169922
94883777,2025,2025-10-13,9330,2025-10-06,"20  ",023494,,1,3,5,4116,0,1,2,,2,048,"US-101 S/B","HILLSDALE BOULEVARD",1795.00,S,N,A,-,Y,SM,,101," "," ",10.951,H,,L,Y,4,0,2,3,A,-,03,22350,,N,C,C,A,A,H,-,C,D,0,,,,,Y,,A,01,0,0,2,0,0,0,0,0,0,"- ","- ",37.542240142822266,-122.28591156005859,"SAN MATEO","SAN MATEO",-122.28594970703125,37.542217254638672
94885227,2025,2025-10-14,9330,2025-10-08,"810 ",022754,,3,1,9,4100,0,1,1,,2,034,"I-280 N/B","BLACK MOUNTAIN ROAD",1056.00,S,N,B,-,Y,SM,,280," ",R,13.960,H,,R,N,4,0,3,3,A,-,03,22350,A,N,C,C,A,A,H,-,A,D,0,,,,,Y,,A,07,0,0,3,0,0,0,0,0,0,"- ","- ",37.544368743896484,-122.36891937255859,"SAN MATEO",UNINCORPORATED,-122.36890411376953,37.544380187988281
94886356,2025,2025-10-14,9330,2025-10-13,1515,023060,,1,2,9,4100,0,1,1,,2,054,"I-280 S/B","SANDHILL ROAD",3168.00,N,N,B,C,Y,SM,,280," ",R,2.209,H,,L,N,4,0,1,1,A,-,03,22350,,N,E,I,A,B,H,-,A,D,0,,,,,Y,,A,01,0,0,1,0,0,0,0,0,0,"- ","- ",37.424140930175781,-122.22869110107422,"SAN MATEO",UNINCORPORATED,-122.22877502441406,37.424064636230469
94888313,2025,2025-10-16,9330,2025-10-11,1705,023728,,6,2,4,4104,0,1,2,,2,038,"US-101 S/B",BROADWAY,656.00,N,N,A,-,Y,SM,,101," "," ",16.763,H,,L,N,4,0,1,2,A,-,03,22350,,N,C,C,A,A,H,-,A,D,0,,,,,Y,,A,07,0,0,1,0,0,0,0,0,0,"- ","- ",37.591629028320312,-122.36379241943359,"SAN MATEO",BURLINGAME,-122.36380767822266,37.591609954833984
94890125,2025,2025-10-16,9330,2025-10-05,1433,023696,,7,2,9,4100,0,1,3,,1,011,"SR-35 S/B","SR-92 E/B",10.80,S,N,A,-,Y,SM,,35," "," ",23.027,H,,L,Y,3,0,1,2,A,-,09,21801,A,N,D,C,A,A,H,-,A,D,0,,,,,Y,,A,01,0,1,0,0,0,0,0,0,0,"- ","- ",37.495460510253906,-122.36891174316406,"SAN MATEO",UNINCORPORATED,-122.36888885498047,37.495468139648438
94890141,2025,2025-10-16,9330,2025-10-05,1922,023696,,7,2,3,4110,0,1,1,,2,034,"I-280 S/B","HILLCREST BOULEVARD",211.00,S,N,A,-,Y,SM,,280," ",R,17.974,H,,L,Y,3,0,1,2,A,-,03,22350,,N,C,C,A,A,H,-,D,D,0,,,,,Y,,A,01,0,1,0,0,0,0,0,0,0,"- ","- ",37.589641571044922,-122.41319274902344,"SAN MATEO",MILLBRAE,-122.41313934326172,37.589668273925781
94890347,2025,2025-10-17,9330,2025-09-23,2015,024721,,2,2,4,4115,0,1,3,,2,042,"US-101 N/B","HOLLY STREET",1678.00,S,N,A,-,Y,SM,,101," "," ",8.072,H,,R,Y,3,0,4,2,A,-,01,23152,F,F,C,2,A,A,H,-,C,D,0,,,,,Y,,A,07,0,3,1,0,0,0,0,0,0,"- ","- ",37.510509490966797,-122.25202178955078,"SAN MATEO","SAN CARLOS",-122.25205993652344,37.510478973388672
94891172,2025,2025-10-17,9335,2025-10-12,"215 ",024274,,7,3,6,4106,0,1,1,,2,021,"I-280 SOUTHBOUND","SCHOOL STREET OVERCROSSING",1000.00,S,N,A,-,Y,SM,,280," ",R,26.146,H,,L,Y,3,0,1,2,A,-,03,22350,,N,C,C,A,A,H,-,C,D,0,,,,,Y,,A,01,0,1,0,0,0,0,0,0,0,"- ","- ",37.690509796142578,-122.47057342529297,"SAN MATEO","DALY CITY",-122.47052764892578,37.690509796142578
94891294,2025,2025-10-17,9330,2025-09-07,1545,023974,,7,2,4,4109,0,1,2,,2,058,"US-101 N/B","UNIVERSITY AVE",528.00,N,N,A,-,Y,SM,,101," "," ",0.978,H,,R,Y,4,0,3,3,A,-,08,22107,,N,E,8,A,A,H,-,A,D,0,,,,,Y,,A,01,0,0,3,0,0,0,0,0,0,"- ","- ",37.461311340332031,-122.14232635498047,"SAN MATEO","MENLO PARK",-122.14224243164062,37.461399078369141
94891340,2025,2025-10-17,9335,2025-10-09,"740 ",022187,,4,1,4,4114,0,1,1,,2,038,"I-380 E/B","THE CHERRY AVENUE UNDER-CROSSING",1020.00,E,N,A,-,Y,SM,,380," "," ",5.193,H,,R,Y,3,0,1,2,A,-,07,21658,A,N,B,C,A,A,H,-,A,D,0,,,Y,,Y,,A,01,0,1,0,0,0,0,0,0,1,"- ","- ",37.630889892578125,-122.42331695556641,"SAN MATEO","SAN BRUNO",-122.42330169677734,37.630870819091797
94892987,2025,2025-10-20,9330,2025-08-30,1255,023664,,6,1,9,4100,0,3,5,,2,205,"STAGE ROAD","POMPONIO CREEK ROAD",1584.00,S,N,A,-,N,,,,,,,,,,N,2,0,2,2,A,-,05,21660,,N,A,6,A,A,F,-,A,D,0,,Y,Y,,Y,,-,"- ",2,0,0,0,0,0,1,0,1,"- ","- ",37.299980163574219,-122.38435363769531,"SAN MATEO",UNINCORPORATED,-122.38286590576172,37.299976348876953
94893392,2025,2025-10-20,9330,2025-04-26,"225 ",024313,,6,3,5,4116,0,1,2,,2,038,"US-101 S/B FROM POPLAR AVENUE","POPLAR AVENUE",205.00,S,N,A,-,Y,SM,,101," "," ",14.291,H,,L,N,3,0,2,1,A,-,01,23153,A,N,E,8,A,A,H,-,C,D,0,,,,,Y,Y,A,01,0,2,0,0,0,0,0,0,0,"- ","- ",37.579750061035156,-122.32421875,"SAN MATEO","SAN MATEO",-122.32398223876953,37.579914093017578
94895679,2025,2025-10-21,9330,2025-06-27,2202,023537,,5,3,5,4113,0,1,1,,2,044,"EDGEWOOD ROAD","CRESTVIEW DRIVE",2577.00,W,N,A,-,N,,,,,,,,,,Y,3,0,1,3,A,-,05,21460,A,N,A,C,A,A,H,-,D,D,0,,,,,Y,Y,A,07,0,1,0,0,0,0,0,0,0,"- ","- ",37.470458984375,-122.28762054443359,"SAN MATEO","REDWOOD CITY",-122.28717041015625,37.47088623046875
94896695,2025,2025-10-21,9330,2025-03-14,2322,023974,,5,3,4,4120,0,1,3,,1,035,SR-92,"FOSTER CITY BLVD",12144.00,E,N,A,-,Y,SM,,92," ",R,15.857,H,,R,Y,1,1,2,2,A,-,03,22350,,N,C,2,A,A,H,-,C,D,0,,,,,Y,,A,01,1,0,1,0,0,0,0,0,0,"- ","- ",37.588718414306641,-122.24591064453125,"SAN MATEO","FOSTER CITY",-122.24594116210938,37.588741302490234
94901249,2025,2025-10-24,9335,2025-10-19,1022,019581,,7,1,9,4100,0,1,2,,2,011,"US-101 S/B","SAN BRUNO AVE.",475.00,N,N,A,-,Y,SM,,101," ",R,20.488,H,,L,Y,3,0,1,2,A,-,08,22107,,N,D,C,A,A,H,-,A,D,0,,,,,Y,,A,07,0,1,0,0,0,0,0,0,0,"- ","- ",37.632770538330078,-122.40294647216797,"SAN MATEO",UNINCORPORATED,-122.40302276611328,37.632766723632812
94901796,2024,2025-10-27,9330,2024-12-21,"143 ",023687,,6,3,5,4113,0,1,2,,2,048,"US-101 N/B","WHIPPLE AVENUE",1536.00,S,N,A,-,Y,SM,,101," "," ",5.949,H,,R,Y,1,1,2,2,A,-,08,22107,,F,C,E,A,A,D,-,D,D,0,,,,,Y,,A,07,0,1,1,0,0,0,0,0,0,"- ","- ",37.492618560791016,-122.22164916992188,"SAN MATEO","REDWOOD CITY",-122.22164154052734,37.492633819580078
94902919,2025,2025-10-27,9330,2025-10-25,1428,023728,,6,2,5,4116,0,1,3,,2,031,"SR-92 E/B","WEST HILLSDALE BLVD.",19.00,E,N,B,-,Y,SM,,92," ",R,9.404,H,,R,N,4,0,2,2,A,-,03,22350,,N,B,C,A,B,H,-,A,D,0,,,,,Y,,A,01,0,0,2,0,0,0,0,0,0,"- ","- ",37.532871246337891,-122.32955932617188,"SAN MATEO","SAN MATEO",-122.32953643798828,37.532863616943359
94903322,2025,2025-10-27,9330,2025-10-19,1754,024313,,7,2,9,4100,0,1,3,,1,020,"SR-1 S/B","WHITEHOUSE CANYON ROAD",5386.00,S,N,A,-,Y,SM,,1," "," ",3.049,H,,L,N,4,0,1,1,C,-,18,,,N,H,7,A,A,H,-,A,D,0,,,Y,,Y,,-,"- ",0,0,1,0,0,0,0,0,1,"- ","- ",37.142570495605469,-122.32731628417969,"SAN MATEO",UNINCORPORATED,-122.32730865478516,37.142589569091797
94905962,2025,2025-10-29,9330,2025-10-07,1505,023493,,2,2,4,4120,0,1,3,,1,035,"SR-92 EB","MARINERS ISLAND BLVD",410.00,W,N,A,-,Y,SM,,92," ",R,12.691,H,,R,Y,4,0,1,4,A,-,03,22350,,N,C,C,A,A,H,-,A,D,0,,,,,Y,,A,01,0,0,1,0,0,0,0,0,0,"- ","- ",37.555770874023438,-122.28646850585938,"SAN MATEO","FOSTER CITY",-122.28644561767578,37.555736541748047
94906026,2025,2025-10-29,9330,2025-10-23,1045,023011,,4,1,4,4109,0,1,2,,2,058,"US-101 S/B","MARSH ROAD",2640.00,S,N,A,-,Y,SM,,101," "," ",3.118,H,,L,Y,4,0,1,2,A,-,03,22350,,N,C,C,A,A,H,-,A,D,0,,,,,Y,,A,07,0,0,1,0,0,0,0,0,0,"- ","- ",37.479621887207031,-122.17375946044922,"SAN MATEO","MENLO PARK",-122.17378997802734,37.479591369628906
94907019,2025,2025-10-29,9330,2025-10-27,1628,023158,,1,2,5,4116,0,1,2,,2,038,"US-101 SB","POPLAR AVE",4330.00,N,N,A,-,Y,SM,,101," "," ",15.209,H,,L,N,4,0,2,2,A,-,03,22350,,N,C,C,A,A,H,-,A,C,0,,,,,Y,,A,07,0,0,2,0,0,0,0,0,0,"- ","- ",37.586658477783203,-122.33718109130859,"SAN MATEO","SAN MATEO",-122.33718109130859,37.586715698242188
94907477,2025,2025-10-29,9335,2025-10-16,1531,024050,,4,2,6,4106,0,1,3,,2,035,"SR-35 N/B","WESTMOOR AVENUE",1160.00,S,N,A,-,Y,SM,,35," "," ",29.469,H,,R,Y,4,0,1,2,A,-,03,22350,,N,C,C,A,A,H,-,A,D,0,,,,,Y,,D,22,0,0,1,0,0,0,0,0,0,"- ","- ",37.680099487304688,-122.48982238769531,"SAN MATEO","DALY CITY",-122.48983001708984,37.680099487304688
94908627,2025,2025-10-30,9330,2025-10-27,1705,023158,,1,2,5,4116,0,1,2,,2,038,"US-101 S/B",BROADWAY,1795.00,S,N,A,-,Y,SM,,101," "," ",16.333,H,,L,N,4,0,1,2,A,-,03,22350,,N,C,C,A,A,H,-,A,D,0,,,,,Y,,A,01,0,0,1,0,0,0,0,0,0,"- ","- ",37.587909698486328,-122.35749053955078,"SAN MATEO","SAN MATEO",-122.35745239257812,37.587982177734375
94909540,2025,2025-11-13,9330,2025-10-11,2020,023696,,6,2,2,4118,0,1,1,,2,054,"I-280 N/B","FARM HILL BOULEVARD",3485.00,S,N,A,-,Y,SM,,280," ",R,3.958,H,,R,N,4,0,1,2,A,-,08,22107,,M,B,C,A,A,H,-,D,D,0,,,,,Y,,A,01,0,0,1,0,0,0,0,0,0,"- ","- ",37.441818237304688,-122.25110626220703,"SAN MATEO",WOODSIDE,-122.25113677978516,37.441795349121094
94910987,2025,2025-10-31,9335,2025-10-22,1335,022186,,3,1,4,4111,0,1,3,,2,041,"SR-1 S/B","GATEWAY DRIVE",3010.00,S,N,B,-,Y,SM,,1," "," ",45.945,H,,L,Y,4,0,1,1,A,-,03,22350,,N,E,I,A,A,H,-,A,D,0,,,,,Y,,A,01,0,0,1,0,0,0,0,0,0,"- ","- ",37.658210754394531,-122.48519897460938,"SAN MATEO",PACIFICA,-122.48516845703125,37.658168792724609
94911086,2025,2025-10-31,9335,2025-10-23,1842,024535,,4,2,4,4114,0,1,1,,2,020,"I-280 N/B","JENEVEIN AVENUE",89.00,N,N,A,-,Y,SM,,280," ",R,20.268,H,,R,N,4,0,1,3,A,-,03,22350,,N,C,C,A,A,H,-,D,D,0,,,,,Y,,A,07,0,0,1,0,0,0,0,0,0,"- ","- ",37.618080139160156,-122.42445373535156,"SAN MATEO","SAN BRUNO",-122.42436981201172,37.618099212646484
94912501,2025,2025-11-05,9330,2025-10-22,1700,024394,,3,2,4,4109,0,1,2,,2,058,"US-101 SOUTHBOUND","WILLOW ROAD",2006.00,S,N,A,-,Y,SM,,101," "," ",1.476,H,,L,N,4,0,1,3,A,-,03,22350,,N,C,C,A,A,H,-,A,D,0,,,Y,,Y,,C,02,0,0,1,0,0,0,0,0,1,"- ","- ",37.465381622314453,-122.14946746826172,"SAN MATEO","MENLO PARK",-122.14948272705078,37.465366363525391
9491398,2022,2022-09-08,4104,2022-07-03,0130,0263,1,7,5,4,4104,0,0,0,,0,00A,"PENNINSULA AV","DWIGHT RD",10.00,E,N,C,-,N,,,,,,,,,,N,4,0,3,2,A,-,06,21755,A,N,B,C,A,B,H,-,C,A,0,,,,,Y,,A,01,0,0,3,0,0,0,0,0,0,"- ","- ",37.580410003662109,-122.33454132080078,"SAN MATEO",BURLINGAME,-122.33453369140625,37.580417633056641
94914899,2025,2025-11-06,9330,2025-10-31,"830 ",021339,,5,1,3,4110,0,1,2,,2,038,"US-101 N/B","MILLBRAE AVE",2319.00,S,N,A,-,Y,SM,,101," "," ",17.500,H,,R,N,4,0,1,2,A,-,07,21658,A,N,B,C,A,A,H,-,A,D,0,,,Y,,Y,,D,22,0,0,1,0,0,0,0,0,1,"- ","- ",37.5985107421875,-122.37409210205078,"SAN MATEO",MILLBRAE,-122.37406158447266,37.598541259765625
94915169,2025,2025-11-07,9330,2025-11-03,1740,023947,,1,2,4,4127,0,1,2,,2,058,"US-101 S/B","UNIVERSITY AVE",2112.00,N,N,A,-,Y,SM,,101," "," ",0.081,H,,L,Y,4,0,1,3,A,-,03,22350,,N,C,C,A,A,H,-,C,D,0,,,,,Y,,A,07,0,0,1,0,0,0,0,0,0,"- ","- ",37.453418731689453,-122.12904357910156,"SAN MATEO","EAST PALO ALTO",-122.12906646728516,37.453388214111328
94916813,2025,2025-11-07,9330,2025-09-30,1750,024721,,2,2,5,4116,0,1,3,,2,031,"SR-92 E/B","W. HILLSDALE BLVD",1120.00,W,N,A,-,Y,SM,,92," ",R,9.167,H,,R,N,4,0,1,2,A,-,08,22107,,M,B,C,A,A,H,-,C,D,0,,,,,Y,,A,01,0,0,1,0,0,0,0,0,0,"- ","- ",37.529460906982422,-122.33071136474609,"SAN MATEO","SAN MATEO",-122.33074951171875,37.529468536376953
94916841,2025,2025-11-07,9330,2025-08-31,2340,024317,,7,3,5,4113,0,1,2,,2,058,"US-101 N/B","MARSH RD",386.00,S,N,A,-,Y,SM,,101," "," ",3.520,H,,R,N,4,0,1,2,A,-,03,22350,,M,C,C,A,A,H,-,C,D,0,,,,,Y,,-,99,0,0,1,0,0,0,0,0,0,"- ","- ",37.482921600341797,-122.17942810058594,"SAN MATEO","REDWOOD CITY",-122.17940521240234,37.482952117919922
94917142,2025,2025-11-10,9330,2025-10-14,2340,023254,,2,3,5,4116,0,1,2,,2,038,"US-101 S/B","POPLAR AVE",1056.00,N,N,C,-,Y,SM,,101," "," ",14.492,H,,L,Y,4,0,1,3,A,-,07,21658,A,N,B,C,A,B,H,-,C,D,0,,,,,Y,,A,07,0,0,1,0,0,0,0,0,0,"- ","- ",37.582099914550781,-122.32640075683594,"SAN MATEO","SAN MATEO",-122.32637023925781,37.582118988037109
94917956,2025,2025-11-10,9330,2025-11-04,"700 ",022409,,2,1,9,4100,0,1,1,,2,044,"I-280 SB","VISTA #3 ACCESS ROAD",1650.00,S,N,A,-,Y,SM,,280," "," ",9.092,H,,L,Y,4,0,2,2,A,-,03,22350,,N,C,C,A,A,H,-,A,D,0,,,,,Y,,A,01,0,0,2,0,0,0,0,0,0,"- ","- ",37.495849609375,-122.31118011474609,"SAN MATEO",UNINCORPORATED,-122.31110382080078,37.495986938476562
94918216,2025,2025-11-10,9335,2025-10-15,1630,024080,,3,2,4,4114,0,1,1,,2,020,"I-280 S/B","WESTBOROUGH BOULEVARD",992.00,N,N,A,-,Y,SM,,280," ",R,22.832,H,,L,Y,3,0,1,2,A,-,07,21658,A,F,E,I,A,A,H,-,A,D,0,,,,,Y,,-,99,0,1,0,0,0,0,0,0,0,"- ","- ",37.647750854492188,-122.451171875,"SAN MATEO","SAN BRUNO",-122.45124053955078,37.647724151611328