CASE_ID,ACCIDENT_YEAR,PROC_DATE,JURIS,COLLISION_DATE,COLLISION_TIME,OFFICER_ID,REPORTING_DISTRICT,DAY_OF_WEEK,CHP_SHIFT,POPULATION,CNTY_CITY_LOC,SPECIAL_COND,BEAT_TYPE,CHP_BEAT_TYPE,CITY_DIVISION_LAPD,CHP_BEAT_CLASS,BEAT_NUMBER,PRIMARY_RD,SECONDARY_RD,DISTANCE,DIRECTION,INTERSECTION,WEATHER_1,WEATHER_2,STATE_HWY_IND,CALTRANS_COUNTY,CALTRANS_DISTRICT,STATE_ROUTE,ROUTE_SUFFIX,POSTMILE_PREFIX,POSTMILE,LOCATION_TYPE,RAMP_INTERSECTION,SIDE_OF_HWY,TOW_AWAY,COLLISION_SEVERITY,NUMBER_KILLED,NUMBER_INJURED,PARTY_COUNT,PRIMARY_COLL_FACTOR,PCF_CODE_OF_VIOL,PCF_VIOL_CATEGORY,PCF_VIOLATION,PCF_VIOL_SUBSECTION,HIT_AND_RUN,TYPE_OF_COLLISION,MVIW,PED_ACTION,ROAD_SURFACE,ROAD_COND_1,ROAD_COND_2,LIGHTING,CONTROL_DEVICE,CHP_ROAD_TYPE,PEDESTRIAN_ACCIDENT,BICYCLE_ACCIDENT,MOTORCYCLE_ACCIDENT,TRUCK_ACCIDENT,NOT_PRIVATE_PROPERTY,ALCOHOL_INVOLVED,STWD_VEHTYPE_AT_FAULT,CHP_VEHTYPE_AT_FAULT,COUNT_SEVERE_INJ,COUNT_VISIBLE_INJ,COUNT_COMPLAINT_PAIN,COUNT_PED_KILLED,COUNT_PED_INJURED,COUNT_BICYCLIST_KILLED,COUNT_BICYCLIST_INJURED,COUNT_MC_KILLED,COUNT_MC_INJURED,PRIMARY_RAMP,SECONDARY_RAMP,LATITUDE,LONGITUDE,COUNTY,CITY,POINT_X,POINT_Y
6550815,2014,2016-05-12,9335,2014-07-07,1953,020772,,1,2,6,4106,0,1,1,,2,021,"RT 280","D ST",700.00,S,N,B,-,Y,SM,4,280,-,R,25.550,H,-,S,Y,4,0,1,2,A,-,03,22350,,N,C,C,A,A,H,-,A,D,1,,,,,Y,,A,01,0,0,1,0,0,0,0,0,0,"- ","- ",37.68159,-122.47177000000001,"SAN MATEO","DALY CITY",-122.47169125000001,37.681744260000002
6551234,2014,2014-08-22,4117,2014-07-07,1551,03JA06,17AR,1,5,5,4117,0,0,0,,0,003,"JUNIPERO SERRA BL","ARROYO DR",0.00,,Y,A,-,N,,,,,,,,,,N,4,0,1,3,A,-,09,21802,A,N,D,C,A,A,H,-,A,A,0,,,,,Y,,A,01,0,0,1,0,0,0,0,0,0,"- ","- ",,,"SAN MATEO","SOUTH SAN FRANCISCO",-122.45039985,37.64848997
6556936,2014,2016-05-14,9330,2014-07-01,1440,020750,,2,2,5,4116,0,1,2,,2,038,"RT 101","KEHOE AV",1056.00,S,N,A,-,Y,SM,4,101,-,-,12.490,H,-,N,Y,3,0,2,1,A,-,08,22107,,N,E,I,A,A,H,-,A,D,1,,,,,Y,,D,22,0,1,1,0,0,0,0,0,0,"- ","- ",37.560720000000003,-122.30256,"SAN MATEO","SAN MATEO",-122.30235996,37.560272349999998
6558077,2014,2014-08-12,4109,2014-06-22,1050,15262,17,7,5,4,4109,0,0,0,,0,003,"WILLOW ALY","IVY DR",0.00,,Y,A,-,N,,,,,,,,,,N,4,0,2,2,A,-,09,21800,A,N,D,C,A,A,H,-,A,D,0,,,,,Y,,D,22,0,0,2,0,0,0,0,0,0,"- ","- ",,,"SAN MATEO","MENLO PARK",-122.15364998,37.47600997
6559675,2014,2014-07-30,4106,2014-04-23,1820,1253,1,3,5,6,4106,0,0,0,,0,001,"ORIENTE ST","OTTILIA ST",238.00,N,N,A,-,N,,,,,,,,,,N,3,0,1,1,A,-,03,22350,,N,H,A,A,A,H,-,A,D,0,,,,,Y,,A,01,0,1,0,0,0,0,0,0,0,"- ","- ",,,"SAN MATEO","DALY CITY",-122.41459304,37.705465670000002
6559819,2014,2014-08-20,4106,2014-05-21,1850,1272,9A,3,5,6,4106,0,0,0,,0,004,SOUTHGATE,"PALMCREST DR",0.00,,Y,B,-,N,,,,,,,,,,N,4,0,1,2,A,-,10,21950,A,N,G,B,B,A,H,-,B,A,0,Y,,,,Y,,A,01,0,0,1,0,1,0,0,0,0,"- ","- ",37.698180000000001,-122.48168,"SAN MATEO","DALY CITY",-122.48181988,37.698019940000002
6559823,2014,2016-04-14,4106,2014-05-17,1120,1249,9,6,5,6,4106,0,0,0,,0,004,"SKYLINE BL","WESTMOOR AV",43.00,N,N,B,-,Y,SM,4,35,-,-,29.700,I,5,N,N,3,0,1,2,A,-,03,22350,,N,C,C,A,A,H,-,A,D,0,,,,,Y,,A,01,0,1,0,0,0,0,0,0,0,"- ","- ",37.683639999999997,-122.48896999999999,"SAN MATEO","DALY CITY",-122.48912597,37.683317899999999
6565454,2014,2016-05-17,4113,2014-07-18,1726,369,7,5,5,5,4113,0,0,0,,0,007,"EL CAMINO REAL","AVONDALE RD",0.00,,Y,A,-,Y,SM,4,82,-,-,5.036,I,5,S,Y,4,0,3,2,A,-,09,21801,A,N,D,C,A,A,H,-,A,D,0,,,,,Y,,A,01,0,0,3,0,0,0,0,0,0,"- ","- ",,,"SAN MATEO","REDWOOD CITY",-122.24283398,37.49243019
6565458,2014,2014-08-26,4116,2014-07-18,1655,421,5,5,5,5,4116,0,0,0,,0,099,"EL CAMINO REAL","DUMBARTON AV",200.00,S,N,A,-,N,,,,,,,,,,N,4,0,1,2,A,-,03,22350,,N,C,C,A,A,H,-,A,D,0,,,,,Y,,A,01,0,0,1,0,0,0,0,0,0,"- ","- ",,,"SAN MATEO","SAN MATEO",-122.21314794,37.4702822
6566968,2014,2016-05-14,9330,2014-07-10,1705,020162,,4,2,5,4116,0,1,2,,2,048,"RT 101","HILLSDALE BL",500.00,S,N,A,-,Y,SM,4,101,-,-,10.860,H,-,N,Y,4,0,1,4,A,-,03,22350,,N,C,C,A,A,H,-,A,D,1,,,,,Y,,A,07,0,0,1,0,0,0,0,0,0,"- ","- ",,,"SAN MATEO","SAN MATEO",-122.28471482,37.54124882
6572209,2014,2014-08-05,4111,2014-06-10,1600,P5130,P03,2,5,4,4111,0,0,0,,0,0P1,"PALMETTO AV","WEST MANOR DR",0.00,,Y,A,-,N,,,,,,,,,,N,4,0,1,2,A,-,09,21802,A,N,D,C,A,A,H,-,A,A,0,,,Y,,Y,,-,,0,0,1,0,0,0,0,0,1,"- ","- ",,,"SAN MATEO",PACIFICA,-122.49113986,37.649289920000001
6573374,2014,2016-05-19,4109,2014-07-10,1123,15174,18,4,5,4,4109,0,0,0,,0,003,"RT 84","WILLOW RD",42.00,S,N,A,-,Y,SM,4,84,-,R,27.670,H,-,S,N,4,0,1,2,A,-,03,22350,,N,C,C,A,A,H,-,A,A,0,,,,Y,Y,,F,26,0,0,1,0,0,0,0,0,0,"- ","- ",,,"SAN MATEO","MENLO PARK",-122.15011475999999,37.482120940000001
6573602,2014,2014-08-26,9330,2014-07-10,1743,20464,,4,2,9,4100,0,3,5,,2,503,"ALAMEDA DE LAS PULGAS","HULL AV",30.00,S,N,A,-,N,,,,,,,,,,Y,4,0,1,3,A,-,03,22350,,N,C,C,A,A,H,-,A,D,0,,,,,Y,,A,01,0,0,1,0,0,0,0,0,0,"- ","- ",37.447499999999998,-122.2298,"SAN MATEO",UNINCORPORATED,-122.22976375,37.447464349999997
6573620,2014,2014-08-28,4109,2014-07-07,1500,13938,25,1,5,4,4109,0,0,0,,0,002,"RAVENSWOOD AV","ALMA ST",0.00,,Y,A,-,N,,,,,,,,,,N,3,0,1,2,A,-,08,22107,,N,H,G,A,A,H,-,A,D,0,,Y,,,Y,,A,07,0,1,0,0,0,0,1,0,0,"- ","- ",,,"SAN MATEO","MENLO PARK",-122.18045986,37.453870000000002
6576700,2014,2016-05-17,9335,2014-07-17,0955,018053,,4,1,9,4100,0,1,2,,2,011,"RT 101","SAN FRANCISCO AIRPORT",1710.00,S,N,A,-,Y,SM,4,101,-,-,18.770,H,-,N,Y,2,0,3,3,A,-,07,21658,A,N,D,C,A,A,H,-,A,D,1,,,,,Y,,A,01,1,0,2,0,0,0,0,0,0,"- ","- ",37.610230000000001,-122.39203000000001,"SAN MATEO",UNINCORPORATED,-122.3911701,37.609758739999997
6576871,2014,2016-05-13,4127,2014-07-17,1722,2166,4127,4,5,4,4127,0,0,0,,0,003,"DONOHOE ST","RT 101",0.00,,Y,A,-,Y,SM,4,101,-,-,1.094,R,4,N,Y,4,0,3,3,A,-,07,21658,A,N,D,C,A,A,H,-,A,A,0,,,,,Y,,A,01,0,0,3,0,0,0,0,0,0,"- ",NF,,,"SAN MATEO","EAST PALO ALTO",-122.14391587,37.462372389999999
6576921,2014,2016-05-14,4117,2014-07-19,1031,10SM11,19BK,6,5,5,4117,0,0,0,,0,002,"JUNIPER SERRA BL","WESTBOROUGH BL",5.00,N,N,A,-,Y,SM,4,280,-,R,22.994,R,4,N,N,4,0,1,2,A,-,04,21703,,N,C,C,A,A,H,-,A,A,0,,,Y,,Y,,C,02,0,0,1,0,0,0,0,0,1,"- ","- ",,,"SAN MATEO","SOUTH SAN FRANCISCO",-122.45233387,37.650170680000002
6580988,2014,2014-09-03,4101,2014-07-23,1706,09KH02,,3,5,2,4101,0,0,0,,0,001,"MIDDLEFIELD RD","PLACITAS AV",117.00,S,N,A,-,N,,,,,,,,,,N,4,0,2,2,A,-,03,22350,,N,C,C,A,A,H,-,A,D,0,,,,,Y,,A,07,0,0,2,0,0,0,0,0,0,"- ","- ",,,"SAN MATEO",ATHERTON,-122.19779,37.469999999999999
6581300,2014,2016-04-14,4106,2014-06-23,1220,1253,5,1,5,6,4106,0,0,0,,0,003,"MISSION ST","SCHOOL ST",131.00,N,N,A,-,Y,SM,4,82,-,-,24.060,H,-,S,N,4,0,2,3,A,-,03,22350,,N,C,C,A,A,H,-,A,D,0,,,,,Y,,A,01,0,0,2,0,0,0,0,0,0,"- ","- ",37.693530000000003,-122.46513,"SAN MATEO","DALY CITY",-122.46494405999999,37.693754740000003
6583063,2014,2014-09-04,4113,2014-08-02,1530,389,2,6,5,5,4113,0,0,0,,0,002,"WHIPPLE AV","VETERANS BL",30.00,W,N,A,-,N,,,,,,,,,,N,4,0,1,2,A,-,03,22350,,N,C,C,A,A,H,-,A,A,0,,,,Y,Y,,F,27,0,0,1,0,0,0,0,0,0,"- ","- ",37.48912,-122.23639,"SAN MATEO","REDWOOD CITY",-122.23459619,37.494494250000002
6586677,2014,2016-05-14,9330,2014-07-25,1300,20760,,5,1,4,4115,0,1,2,,2,048,"RT 101","HOLLY ST",2112.00,S,N,A,-,Y,SM,4,101,-,-,8.000,H,-,N,Y,4,0,1,2,A,-,08,22107,,N,B,C,A,A,H,-,A,D,1,,,,,Y,,A,07,0,0,1,0,0,0,0,0,0,"- ","- ",37.508980000000001,-122.25022,"SAN MATEO","SAN CARLOS",-122.25118009000001,37.509711780000004
6586693,2014,2016-05-14,9330,2014-07-24,1645,20464,,4,2,5,4113,0,1,2,,2,048,"RT 101","WHIPPLE AV",1584.00,N,N,A,-,Y,SM,4,101,-,-,6.920,H,-,N,N,4,0,1,2,A,-,03,22350,,N,C,C,A,A,H,-,A,D,1,,,,,Y,,A,01,0,0,1,0,0,0,0,0,0,"- ","- ",37.499299999999998,-122.2385,"SAN MATEO","REDWOOD CITY",-122.23779974999999,37.498185339999999
6587445,2014,2016-05-12,9335,2014-08-05,0810,17806,,2,1,6,4106,0,1,1,,2,021,"RT 280","HICKEY BL",525.00,N,N,B,-,Y,SM,4,280,-,R,24.330,H,-,S,Y,4,0,2,3,A,-,03,22350,,N,C,C,A,A,H,-,A,D,1,,,,,Y,,A,01,0,0,2,0,0,0,0,0,0,"- ","- ",37.66554,-122.46596,"SAN MATEO","DALY CITY",-122.46588744,37.665374640000003
6587449,2014,2016-05-14,9335,2014-08-04,1201,18053,,1,1,9,4100,0,1,2,,2,011,"RT 101","SAN BRUNO AV",5000.00,S,N,A,-,Y,SM,4,101,-,-,19.440,H,-,S,Y,4,0,1,2,A,-,03,22350,,N,C,C,A,A,H,-,A,D,1,,,,,Y,,A,07,0,0,1,0,0,0,0,0,0,"- ","- ",37.617559999999997,-122.39893000000001,"SAN MATEO",UNINCORPORATED,-122.398781,37.616915120000002
6589780,2014,2014-08-22,4100,2014-07-21,0641,18320,11,1,5,4,4115,0,0,0,,0,005,"LAUREL ST","SAN CARLOS AV",0.00,,Y,B,-,N,,,,,,,,,,N,4,0,1,2,A,-,12,21453,A,N,D,C,A,A,H,-,A,A,0,,,,,Y,,A,01,0,0,1,0,0,0,0,0,0,"- ","- ",,,"SAN MATEO","SAN CARLOS",-122.26122998,37.506539930000002
6592092,2014,2016-05-14,9330,2014-07-24,1510,012628,,4,2,9,4100,0,3,5,,2,511,"ALPINE RD","RT 280",0.00,,Y,A,-,Y,SM,4,280,-,R,0.214,R,4,N,Y,4,0,1,2,A,-,09,21802,B,N,D,C,A,A,H,-,A,A,1,,,,,Y,,A,01,0,0,1,0,0,0,0,0,0,"- ","- ",37.410269999999997,-122.19462,"SAN MATEO",UNINCORPORATED,-122.197596,37.410197609999997
6592720,2014,2016-05-12,9335,2014-08-03,0140,020658,,7,3,6,4106,0,1,1,,2,021,"RT 280","HICKEY BL",500.00,N,N,A,-,Y,SM,4,280,-,R,24.320,H,-,S,N,2,0,4,2,A,-,08,22107,,N,F,C,A,A,H,-,D,D,1,,,,,Y,,A,01,2,1,1,0,0,0,0,0,0,"- ","- ",,,"SAN MATEO","DALY CITY",-122.46588565,37.665227190000003
6598648,2014,2016-04-29,4111,2014-08-02,1445,P5136,P1,6,5,4,4111,0,0,0,,0,0P3,"CABRILLO HWY","SEABOWL LN",59.00,N,N,A,-,Y,SM,4,1,-,-,41.910,H,-,N,N,3,0,1,4,A,-,04,21703,,F,C,C,A,A,H,-,A,A,0,,,,,Y,,A,01,0,1,0,0,0,0,0,0,0,"- ","- ",,,"SAN MATEO",PACIFICA,-122.49654284,37.607869569999998
6599038,2014,2016-05-18,4111,2014-07-15,2034,P5108,P05,2,5,4,4111,0,0,0,,0,0P1,"RT 35","MANOR DR",106.00,N,N,A,-,Y,SM,4,35,-,-,26.880,H,-,N,Y,4,0,1,1,A,-,01,23152,,N,F,I,A,A,H,-,C,A,0,,,,,Y,Y,A,01,0,0,1,0,0,0,0,0,0,"- ","- ",,,"SAN MATEO",PACIFICA,-122.47110741,37.646405770000001
6599753,2014,2014-09-11,4111,2014-07-23,1314,P5015,P11,3,5,4,4111,0,0,0,,0,0P2,"REINA DEL MAR AV","NATAQUA AV",89.00,W,N,A,-,N,,,,,,,,,,N,4,0,1,1,A,-,08,22107,,N,B,I,A,A,H,-,A,D,0,,,,,Y,,A,08,0,0,1,0,0,0,0,0,0,"- ","- ",,,"SAN MATEO",PACIFICA,-122.47641732,37.61220634
6601439,2014,2014-09-12,4102,2014-08-20,1759,07000,5,3,5,4,4102,0,0,0,,0,002,"RALSTON AV","NOTRE DAME AV",87.00,W,N,A,-,N,,,,,,,,,,N,4,0,1,2,A,-,03,22350,,N,C,C,A,A,H,-,A,D,0,,,,,Y,,A,01,0,0,1,0,0,0,0,0,0,"- ","- ",,,"SAN MATEO",BELMONT,-122.28786587,37.513957400000002
6602753,2014,2014-09-12,4114,2014-08-05,1700,0035,2,2,5,4,4114,0,0,0,,0,001,"SAN BRUNO AV","2ND AV",0.00,,Y,A,-,N,,,,,,,,,,Y,4,0,1,2,A,-,07,21658,A,N,D,C,A,A,H,-,A,A,0,,,,,Y,,A,01,0,0,1,0,0,0,0,0,0,"- ","- ",,,"SAN MATEO","SAN BRUNO",-122.41034999,37.630829900000002
6603210,2014,2014-09-03,4113,2014-08-16,1239,369,4,6,5,5,4113,0,0,0,,0,004,"15TH AV","FLORENCE ST",0.00,,Y,A,-,N,,,,,,,,,,N,4,0,1,2,A,-,01,23153,B,N,G,B,B,A,H,-,A,D,0,Y,,,,Y,Y,A,01,0,0,1,0,1,0,0,0,0,"- ","- ",,,"SAN MATEO","REDWOOD CITY",-122.1898815,37.478510999999997
6603557,2014,2014-09-12,4113,2014-08-20,1146,403,3,3,5,5,4113,0,0,0,,0,003,"WOODSIDE RD","MIDDLEFIELD RD",0.00,,Y,A,-,N,,,,,,,,,,Y,2,0,1,5,A,-,08,22107,,N,B,C,A,A,H,-,A,A,0,,,Y,,Y,,A,01,1,0,0,0,0,0,0,0,1,"- ","- ",,,"SAN MATEO","REDWOOD CITY",-122.21916993000001,37.48110999
6603644,2014,2016-05-23,9330,2014-08-20,0743,018406,,3,1,4,4120,0,1,3,,1,035,"RT 92","PIER 1",10.00,W,N,B,-,Y,SM,4,92,-,R,14.440,H,-,W,N,4,0,1,2,A,-,03,22350,,N,C,C,A,A,H,-,A,D,4,,,,,Y,,A,08,0,0,1,0,0,0,0,0,0,"- ","- ",37.573450000000001,-122.26282,"SAN MATEO","FOSTER CITY",-122.26274599,37.573406110000001
6603649,2014,2016-05-14,9330,2014-08-19,1650,20297,,2,2,4,4127,0,1,2,,2,058,"RT 101","UNIVERSITY AV",500.00,S,N,A,-,Y,SM,4,101,-,-,0.640,H,-,N,N,4,0,1,2,A,-,03,22350,,N,C,C,A,A,H,-,A,D,1,,,,,Y,,A,01,0,0,1,0,0,0,0,0,0,"- ","- ",37.45926,-122.13885000000001,"SAN MATEO","EAST PALO ALTO",-122.13725838000001,37.458446979999998
6603651,2014,2016-05-14,9330,2014-08-18,1733,019960,,1,2,5,4113,0,1,2,,2,048,"RT 101","HOLLY ST",3696.00,S,N,A,-,Y,SM,4,101,-,-,7.700,H,-,N,Y,4,0,1,2,A,-,03,22350,,N,C,C,A,A,H,-,A,D,1,,,,,Y,,A,01,0,0,1,0,0,0,0,0,0,"- ","- ",37.501379999999997,-122.24184,"SAN MATEO","REDWOOD CITY",-122.24753212,37.506479040000002
6603677,2014,2016-05-14,9330,2014-08-21,0720,018406,,4,1,5,4116,0,1,2,,2,038,"RT 101","3RD AV",1584.00,N,N,B,-,Y,SM,4,101,-,-,13.760,H,-,S,N,4,0,2,2,A,-,03,22350,,N,C,C,A,A,H,-,A,D,1,,,,,Y,,A,01,0,0,2,0,0,0,0,0,0,"- ","- ",37.574109999999997,-122.31767000000001,"SAN MATEO","SAN MATEO",-122.3176493,37.57409972
6603888,2014,2016-05-14,9330,2014-08-14,1840,020580,,4,2,5,4113,0,1,2,,2,058,"RT 101","WOODSIDE RD",2640.00,S,N,A,-,Y,SM,4,101,-,-,4.890,H,-,N,Y,4,0,1,3,A,-,03,22350,,N,C,C,A,A,H,-,A,D,1,,,,,Y,,A,08,0,0,1,0,0,0,0,0,0,"- ","- ",37.48742,-122.20466,"SAN MATEO","REDWOOD CITY",-122.2039084,37.487396310000001
6603896,2014,2014-09-08,9330,2014-08-13,1915,019055,,3,2,9,4100,0,3,5,,2,002,"PESCADERO CREEK RD","NATIVE SONS RD",250.00,W,N,A,-,N,,,,,,,,,,Y,3,0,1,1,A,-,08,22107,,N,E,I,A,A,H,-,A,D,0,,,,,Y,,A,07,0,1,0,0,0,0,0,0,0,"- ","- ",37.254989999999999,-122.34507000000001,"SAN MATEO",UNINCORPORATED,-122.34580099999999,37.255098709999999
6603912,2014,2016-05-14,9330,2014-08-16,1240,19646,,6,1,4,4102,0,1,2,,2,048,"RT 101","RALSTON AV",2640.00,S,N,A,-,Y,SM,4,101,-,-,9.050,H,-,N,Y,3,0,1,2,A,-,03,22350,,N,C,C,A,A,H,-,A,D,1,,,Y,,Y,,C,02,0,1,0,0,0,0,0,0,1,"- ","- ",,,"SAN MATEO",BELMONT,-122.26396726,37.520980459999997
6604034,2014,2016-05-18,9330,2014-08-16,1445,20379,,6,2,4,4127,0,1,2,,2,058,"RT 101","UNIVERSITY AV",530.00,S,N,A,-,Y,SM,4,101,-,-,0.790,H,-,N,Y,4,0,1,2,A,-,03,22350,,N,C,C,A,A,H,-,A,D,1,,,,,Y,,A,01,0,0,1,0,0,0,0,0,0,"- ","- ",37.454149999999998,-122.13003,"SAN MATEO","EAST PALO ALTO",-122.13945615,37.459765840000003
6604202,2014,2016-05-16,9335,2014-08-14,2043,19666,,4,2,6,4106,0,1,1,,2,021,"RT 280","JUNIPERO SERRO",500.00,S,N,-,-,Y,SM,4,280,-,R,25.080,H,-,N,Y,4,0,3,3,A,-,03,22350,,N,C,C,A,A,H,-,D,D,1,,,,,Y,,A,08,0,0,3,0,0,0,0,0,0,"- ","- ",,,"SAN MATEO","DALY CITY",-122.46959841,37.67540185
6605441,2014,2016-05-17,9330,2014-08-21,0910,018406,,4,1,5,4116,0,1,2,,2,038,"RT 101","3RD AV",2112.00,N,N,A,-,Y,SM,4,101,-,-,13.860,H,-,S,N,4,0,1,3,A,-,03,22350,,N,C,C,A,A,H,-,A,D,1,,,,,Y,,A,07,0,0,1,0,0,0,0,0,0,"- ","- ",37.575229999999998,-122.31883999999999,"SAN MATEO","SAN MATEO",-122.31883299,37.575199120000001
6606254,2014,2014-10-09,4101,2014-07-23,1534,14TB01,,3,5,2,4101,0,0,0,,0,003,"RT 82","ALMENDRAL AV",20.00,S,N,A,-,Y,SM,4,82,-,-,2.177,I,5,S,Y,1,1,1,2,A,-,10,21950,A,N,G,B,B,A,H,-,A,A,0,Y,,,,Y,,A,01,0,0,1,1,0,0,0,0,0,"- ","- ",,,"SAN MATEO",ATHERTON,-122.20471601,37.464395920000001
6606298,2014,2015-12-18,9335,2014-06-22,1859,020403,,7,2,6,4106,0,1,3,,2,041,"RT 1","SOUTHGATE AV",935.00,N,N,A,-,Y,SM,4,1,-,R,47.730,R,2,S,Y,1,1,0,1,A,-,08,22107,,N,F,I,A,A,H,-,A,D,1,,,Y,,Y,Y,C,02,0,0,0,0,0,0,0,1,0,FR,"- ",37.678550000000001,-122.47244000000001,"SAN MATEO","DALY CITY",-122.47250602,37.67691662
6607711,2014,2014-09-08,4106,2014-07-25,0746,2070,2,5,5,6,4106,0,0,0,,0,001,"POLARIS WY","CANYON DR",0.00,,Y,A,-,N,,,,,,,,,,Y,2,0,1,2,A,-,09,21800,B,N,B,C,A,A,H,-,A,D,0,,,Y,,Y,,C,02,1,0,0,0,0,0,0,0,1,"- ","- ",37.706769999999999,-122.43586000000001,"SAN MATEO","DALY CITY",-122.43598992,37.706859960000003
6609209,2014,2016-05-14,9335,2014-08-28,1815,015042,,4,2,9,4100,0,1,2,,2,011,"RT 380","RT 101",400.00,W,N,A,-,Y,SM,4,380,-,-,5.989,R,2,E,Y,4,0,1,2,A,-,03,22350,,N,B,C,A,A,H,-,A,D,1,,,,,Y,,A,01,0,0,1,0,0,0,0,0,0,"- ","- ",,,"SAN MATEO",UNINCORPORATED,-122.41000481,37.633836860000002
6609230,2014,2016-05-19,4109,2014-08-03,1100,14487,17,7,5,4,4109,0,0,0,,0,003,"RT 84","MARSH RD",120.00,S,N,A,-,Y,SM,4,84,-,R,26.020,H,-,N,N,3,0,1,2,A,-,03,22350,,N,H,C,A,A,A,-,A,A,0,,,Y,,Y,,-,"- ",0,1,0,0,0,0,0,0,1,"- ","- ",,,"SAN MATEO","MENLO PARK",-122.1791841,37.486117059999998
6609873,2014,2016-05-14,9335,2014-08-19,1250,017806,,2,1,4,4114,0,1,1,,2,038,"RT 380","SAN MATEO AV",612.00,E,N,B,-,Y,SM,4,380,-,-,5.990,H,-,E,Y,4,0,1,3,A,-,08,22107,,F,H,A,A,A,H,-,A,D,1,,,Y,,Y,,-,99,0,0,1,0,0,0,0,0,1,TO,"- ",37.633679999999998,-122.40893,"SAN MATEO","SAN BRUNO",-122.4099812,37.633834929999999
6611972,2014,2014-09-16,4105,2014-07-22,1123,1094,,2,5,1,4105,0,0,0,,0,,"JUNIPER SERRA BL","D ST",455.00,S,N,A,-,N,,,,,,,,,,N,4,0,1,2,A,-,05,21650,1,N,H,G,A,A,H,-,A,D,0,,Y,,,Y,,L,04,0,0,1,0,0,0,1,0,0,"- ","- ",37.682400000000001,-122.47056000000001,"SAN MATEO",COLMA,-122.47077,37.6826346
6612372,2014,2016-05-14,4117,2014-08-11,1432,04JL03,25AH,1,5,5,4117,0,0,0,,0,003,"CHESTNUT AV","RT 82",20.00,E,N,A,-,Y,SM,4,82,-,-,20.662,I,6,N,N,4,0,1,2,A,-,08,22107,,N,D,C,A,A,H,-,A,A,0,,,,,Y,,A,01,0,0,1,0,0,0,0,0,0,"- ","- ",37.654910000000001,-122.43415,"SAN MATEO","SOUTH SAN FRANCISCO",-122.43452566000001,37.655256729999998
6612425,2014,2016-01-13,4117,2014-08-16,1451,00KS20,16AA,6,5,5,4117,0,0,0,,0,002,"JUNIPERO SERRA BL","AVALON DR",5.00,N,N,B,-,N,,,,,,,,,,N,4,0,1,2,A,-,03,22350,,N,C,C,A,A,H,-,A,A,0,,,,,Y,,A,08,0,0,1,0,0,0,0,0,0,"- ","- ",37.646039999999999,-122.43503,"SAN MATEO","SOUTH SAN FRANCISCO",-122.44152010000001,37.640031139999998
6612621,2014,2016-05-09,9335,2014-08-30,1300,20281,,6,1,4,4114,0,1,1,,2,020,"RT 280","AVALON DR",275.00,S,N,A,-,Y,SM,4,280,-,R,21.931,R,1,S,Y,4,0,1,2,A,-,03,22350,,N,C,C,A,A,H,-,A,D,1,,,Y,,Y,,A,07,0,0,1,0,0,0,0,0,1,FR,"- ",37.381880000000002,-122.26295,"SAN MATEO","SAN BRUNO",-122.44070352999999,37.6379801
6612705,2014,2016-05-09,9330,2014-09-02,1645,16184,,2,2,9,4100,0,1,1,,2,044,"RT 280","FARM HILL BL",528.00,N,N,A,-,Y,SM,4,280,-,R,4.810,H,-,S,Y,3,0,1,1,A,-,08,22107,,N,E,I,A,A,H,-,A,D,1,,,,,Y,,A,01,0,1,0,0,0,0,0,0,0,"- ","- ",37.447200000000002,-122.27415999999999,"SAN MATEO",UNINCORPORATED,-122.26619149,37.443631459999999
6617072,2014,2014-09-18,4100,2014-05-29,1900,19180,11,4,5,4,4115,0,0,0,,0,005,"ELM ST","SCHOOL ST",0.00,,Y,A,-,N,,,,,,,,,,N,3,0,1,2,A,-,08,22107,,N,B,G,A,A,H,-,A,D,0,,Y,,,Y,,A,08,0,1,0,0,0,0,1,0,0,"- ","- ",,,"SAN MATEO","SAN CARLOS",-122.25929995,37.501989930000001
6617528,2014,2016-05-14,4101,2014-08-23,2156,13DL03,,6,5,2,4101,0,0,0,,0,002,"EL CAMINO REAL","ENCINAL AV",0.00,,Y,A,-,Y,SM,4,82,-,-,1.275,I,5,S,N,3,0,1,2,A,-,01,23152,A,N,H,G,A,A,H,-,C,A,0,,Y,,,Y,Y,A,01,0,1,0,0,0,0,1,0,0,"- ","- ",,,"SAN MATEO",ATHERTON,-122.1907819,37.457439950000001
6617967,2014,2014-09-17,4102,2014-08-22,1904,31500,8,5,5,4,4102,0,0,0,,0,003,"CIPRIANI BL","PONCE AV",128.00,S,N,A,-,N,,,,,,,,,,Y,3,0,1,1,A,-,01,23152,B,N,E,I,A,A,H,-,A,D,0,,,,,Y,Y,A,01,0,1,0,0,0,0,0,0,0,"- ","- ",,,"SAN MATEO",BELMONT,-122.30358390000001,37.514441769999998
6619067,2014,2016-05-17,9330,2014-09-11,0748,14857,,4,1,4,4102,0,1,2,,2,048,"RT 101","RALSTON AV",800.00,N,N,A,-,Y,SM,4,101,-,-,9.700,H,-,S,Y,3,0,1,2,A,-,03,22350,,N,C,C,A,A,H,-,A,D,1,,,,,Y,,-,,0,1,0,0,0,0,0,0,0,"- ","- ",37.527790000000003,-122.27209999999999,"SAN MATEO",BELMONT,-122.27199413,37.52783694
6619327,2014,2016-05-14,4109,2014-07-15,1348,15262,25A,2,5,4,4109,0,0,0,,0,001,"RT 82","RAVENSWOOD AV",0.00,,Y,A,-,Y,SM,4,82,-,-,0.691,I,5,N,N,3,0,1,2,A,-,11,21955,,N,H,G,A,A,H,-,A,A,0,,Y,,,Y,,L,04,0,1,0,0,0,0,1,0,0,"- ","- ",,,"SAN MATEO","MENLO PARK",-122.18177626000001,37.452958029999998
6619968,2014,2016-05-17,9330,2014-09-09,1735,019738,,2,2,5,4116,0,1,2,,2,038,"RT 101","POPLAR AV",1056.00,S,N,A,-,Y,SM,4,101,-,-,14.100,H,-,S,Y,4,0,1,2,A,-,03,22350,,N,C,C,A,A,-,-,A,D,1,,,,,Y,,D,22,0,0,1,0,0,0,0,0,0,"- ","- ",,,"SAN MATEO","SAN MATEO",-122.32170538,37.577831740000001