CASE_ID,ACCIDENT_YEAR,PROC_DATE,JURIS,COLLISION_DATE,COLLISION_TIME,OFFICER_ID,REPORTING_DISTRICT,DAY_OF_WEEK,CHP_SHIFT,POPULATION,CNTY_CITY_LOC,SPECIAL_COND,BEAT_TYPE,CHP_BEAT_TYPE,CITY_DIVISION_LAPD,CHP_BEAT_CLASS,BEAT_NUMBER,PRIMARY_RD,SECONDARY_RD,DISTANCE,DIRECTION,INTERSECTION,WEATHER_1,WEATHER_2,STATE_HWY_IND,CALTRANS_COUNTY,CALTRANS_DISTRICT,STATE_ROUTE,ROUTE_SUFFIX,POSTMILE_PREFIX,POSTMILE,LOCATION_TYPE,RAMP_INTERSECTION,SIDE_OF_HWY,TOW_AWAY,COLLISION_SEVERITY,NUMBER_KILLED,NUMBER_INJURED,PARTY_COUNT,PRIMARY_COLL_FACTOR,PCF_CODE_OF_VIOL,PCF_VIOL_CATEGORY,PCF_VIOLATION,PCF_VIOL_SUBSECTION,HIT_AND_RUN,TYPE_OF_COLLISION,MVIW,PED_ACTION,ROAD_SURFACE,ROAD_COND_1,ROAD_COND_2,LIGHTING,CONTROL_DEVICE,CHP_ROAD_TYPE,PEDESTRIAN_ACCIDENT,BICYCLE_ACCIDENT,MOTORCYCLE_ACCIDENT,TRUCK_ACCIDENT,NOT_PRIVATE_PROPERTY,ALCOHOL_INVOLVED,STWD_VEHTYPE_AT_FAULT,CHP_VEHTYPE_AT_FAULT,COUNT_SEVERE_INJ,COUNT_VISIBLE_INJ,COUNT_COMPLAINT_PAIN,COUNT_PED_KILLED,COUNT_PED_INJURED,COUNT_BICYCLIST_KILLED,COUNT_BICYCLIST_INJURED,COUNT_MC_KILLED,COUNT_MC_INJURED,PRIMARY_RAMP,SECONDARY_RAMP,LATITUDE,LONGITUDE,COUNTY,CITY,POINT_X,POINT_Y
6621151,2014,2014-10-02,4104,2014-09-02,1205,0216,1,2,5,4,4104,0,0,0,,0,00A,"CALIFORNIA DR","HOWARD AV",185.00,S,N,A,-,N,,,,,,,,,,N,3,0,1,3,A,-,07,21658,A,N,B,G,A,A,H,-,A,D,0,,Y,,,Y,,L,04,0,1,0,0,0,0,1,0,0,"- ","- ",37.576860000000003,-122.3498,"SAN MATEO",BURLINGAME,-122.34289744,37.578559490000004
6621172,2014,2016-04-28,4104,2014-08-01,0659,0199,20,5,5,4,4104,0,0,0,,0,00C,"ROLLINS RD",BROADWAY,0.00,,Y,A,-,Y,SM,4,101,-,-,16.662,R,4,S,N,4,0,1,2,D,-,00,,,N,D,C,A,A,H,-,A,A,0,,,,,Y,,-,"- ",0,0,1,0,0,0,0,0,0,"- ","- ",,,"SAN MATEO",BURLINGAME,-122.36238576,37.590681949999997
6621175,2014,2014-09-24,4104,2014-08-13,0933,0204,1,3,5,4,4104,0,0,0,,0,00A,"CALIFORNIA DR","PENINSULA AV",0.00,,Y,A,-,N,,,,,,,,,,Y,4,0,2,2,A,-,09,21801,A,N,D,C,A,A,H,-,A,A,0,,,,,Y,,A,01,0,0,2,0,0,0,0,0,0,"- ","- ",,,"SAN MATEO",BURLINGAME,-122.33936993,37.57705996
6621178,2014,2014-09-24,4104,2014-08-16,0750,0197,1,6,5,4,4104,0,0,0,,0,00A,"HOWARD AV","CALIFORNIA DR",0.00,,Y,B,-,N,,,,,,,,,,N,3,0,1,2,A,-,10,21950,A,N,G,B,B,A,H,-,A,A,0,Y,,,,Y,,A,01,0,1,0,0,1,0,0,0,0,"- ","- ",37.576949999999997,-122.34978,"SAN MATEO",BURLINGAME,-122.34345991000001,37.578799920000002
6623851,2014,2014-09-29,4106,2014-07-26,1046,2070,6,6,5,6,4106,0,0,0,,0,002,"CASTLE ST","3RD AV",0.00,,Y,A,-,N,,,,,,,,,,N,4,0,1,2,A,-,09,21802,A,N,D,C,A,A,H,-,A,A,0,,,,,Y,,A,01,0,0,1,0,0,0,0,0,0,"- ","- ",37.691699999999997,-122.46213,"SAN MATEO","DALY CITY",-122.46250997,37.691719980000002
6625911,2014,2014-09-24,4113,2014-08-29,1242,320,4,5,5,5,4113,0,0,0,,0,004,"MIDDLEFIELD RD","DOUGLASS AV",50.00,N,N,A,-,N,,,,,,,,,,Y,4,0,2,2,A,-,08,22102,,N,D,C,A,A,H,-,A,A,0,,,,,Y,,-,,0,0,2,0,0,0,0,0,0,"- ","- ",37.476349999999996,-122.20908,"SAN MATEO","REDWOOD CITY",-122.21299140000001,37.477738889999998
6627003,2014,2016-05-18,9330,2014-09-13,1414,020646,,6,2,5,4113,0,1,2,,2,048,"RT 101","WOODSIDE RD",990.00,N,N,B,-,Y,SM,4,101,-,-,5.244,R,1,S,N,4,0,2,2,A,-,03,22350,,N,C,C,A,A,H,-,A,D,1,,,,,Y,,A,01,0,0,2,0,0,0,0,0,0,"- ","- ",37.489899999999999,-122.2165,"SAN MATEO","REDWOOD CITY",-122.21044240000001,37.488238369999998
6630732,2014,2016-01-13,9330,2014-09-13,0340,020337,,6,3,9,4100,0,3,5,,2,109,"EL GRANADA BL","SAN PEDRO RD",1056.00,E,N,A,-,N,,,,,,,,,,Y,3,0,1,4,A,-,01,23152,A,N,B,E,A,A,H,-,C,D,0,,,,,Y,Y,A,01,0,1,0,0,0,0,0,0,0,"- ","- ",,,"SAN MATEO",UNINCORPORATED,-122.46362000000001,37.506770000000003
6632116,2014,2014-10-10,4113,2014-09-11,0715,407,5,4,5,5,4113,0,0,0,,0,005,"HESS RD","GENEVA AV",15.00,N,N,A,-,N,,,,,,,,,,N,4,0,1,2,A,-,09,21804,A,N,D,C,A,A,H,-,A,D,0,,,,,Y,,A,01,0,0,1,0,0,0,0,0,0,"- ","- ",,,"SAN MATEO","REDWOOD CITY",-122.22510909,37.471982949999997
6632120,2014,2014-10-10,4113,2014-09-11,1458,361,2,4,5,5,4113,0,0,0,,0,002,"INDUSTRIAL WY","1800 INDUSTRIAL WY",0.00,,Y,A,-,N,,,,,,,,,,N,3,0,1,2,A,-,09,21804,A,N,B,C,A,A,H,-,A,D,0,,,,,Y,,A,01,0,1,0,0,0,0,0,0,0,"- ","- ",,,"SAN MATEO","REDWOOD CITY",-122.23885864,37.496396269999998
6632236,2014,2014-10-13,4102,2014-09-06,1014,31500,2,6,5,4,4102,0,0,0,,0,002,"RALSTON AV","6TH AV",0.00,,Y,A,-,N,,,,,,,,,,Y,4,0,1,2,A,-,12,21453,A,N,D,C,A,A,H,-,A,A,0,,,,,Y,,A,01,0,0,1,0,0,0,0,0,0,"- ","- ",37.519370000000002,-122.27744,"SAN MATEO",BELMONT,-122.27734997,37.519229940000002
6632343,2014,2014-09-26,4109,2014-07-25,1540,13938,30,5,5,4,4109,0,0,0,,0,001,"SAND HILL RD","MONTE ROSA DR",0.00,,Y,A,-,N,,,,,,,,,,N,3,0,4,2,A,-,03,22350,,N,C,C,A,A,H,-,A,D,0,,,,,Y,,A,01,0,2,2,0,0,0,0,0,0,"- ","- ",,,"SAN MATEO","MENLO PARK",-122.20642994000001,37.421129929999999
6632438,2014,2014-10-09,4117,2014-09-20,1130,12RK10,17BH,6,5,5,4117,0,0,0,,0,002,"HILL ST","FAIRWAY DR",0.00,,Y,A,-,N,,,,,,,,,,N,4,0,1,2,A,-,10,21950,A,F,G,B,B,A,H,-,A,A,0,Y,,,,Y,Y,-,99,0,0,1,0,1,0,0,0,0,"- ","- ",,,"SAN MATEO","SOUTH SAN FRANCISCO",-122.43182998,37.648749960000004
6632622,2014,2014-09-26,9330,2014-07-28,1425,012628,,1,2,9,4100,0,3,5,,2,303,"GOLF COURSE DR",SKYLINE,382.00,E,N,A,-,N,,,,,,,,,,N,2,0,1,2,A,-,09,21801,A,F,E,I,A,A,H,-,A,D,0,,,,,Y,,A,01,1,0,0,0,0,0,0,0,0,"- ","- ",37.548540000000003,-122.37071,"SAN MATEO",UNINCORPORATED,-122.37242539,37.547388150000003
6632962,2014,2014-11-04,4127,2014-09-17,1831,279,4127,3,5,4,4127,0,0,0,,0,002,"UNIVERSITY AV","PURDUE AV",0.00,,Y,A,-,N,,,,,,,,,,Y,4,0,2,2,A,-,09,21801,B,N,D,G,A,A,H,-,A,A,0,,Y,Y,,Y,,C,02,0,0,2,0,0,0,1,0,1,"- ","- ",,,"SAN MATEO","EAST PALO ALTO",-122.13965987,37.479489970000003
6633071,2014,2014-11-06,9335,2014-09-13,1505,020132,,6,2,9,4100,0,3,5,,2,001,"HILLSIDE BL","DOLORES WY",40.00,E,N,A,-,N,,,,,,,,,,Y,4,0,2,3,A,-,03,22350,,N,C,C,A,A,H,-,A,D,0,,,,,Y,,D,22,0,0,2,0,0,0,0,0,0,"- ","- ",,,"SAN MATEO",UNINCORPORATED,-122.42982198,37.667892780000003
6634878,2014,2016-05-17,9330,2014-09-18,0825,016324,,4,1,5,4113,0,1,2,,2,148,"RT 101","WHIPPLE AV",970.00,S,N,A,B,Y,SM,4,101,-,-,6.440,H,-,N,Y,4,0,1,3,A,-,03,22350,,N,C,C,A,A,H,-,A,D,1,,,,,Y,,D,22,0,0,1,0,0,0,0,0,0,"- ","- ",37.294350000000001,-122.13473,"SAN MATEO","REDWOOD CITY",-122.22990697,37.495500380000003
6634880,2014,2014-11-04,9330,2014-09-22,0952,020760,,1,1,9,4100,0,2,4,,1,051,"MIDDLEFIELD RD","5TH AV",0.00,,Y,A,-,N,,,,,,,,,,Y,4,0,2,3,A,-,09,21801,A,N,D,C,A,A,H,-,A,A,0,,,,,Y,,A,01,0,0,2,0,0,0,0,0,0,"- ","- ",34.47213,-122.20449000000001,"SAN MATEO",UNINCORPORATED,-122.20450993999999,37.472099929999999
6635577,2014,2016-05-18,9330,2014-09-19,1905,020579,,5,2,5,4116,0,1,2,,2,038,"RT 101","PENINSULA AV",850.00,S,N,A,-,Y,SM,4,101,-,-,14.530,H,-,N,Y,4,0,2,2,A,-,03,22350,,N,C,C,A,A,H,-,A,D,1,,,,,Y,,A,01,0,0,2,0,0,0,0,0,0,"- ","- ",37.582830000000001,-122.32684999999999,"SAN MATEO","SAN MATEO",-122.32663753999999,37.582640390000002
6635916,2014,2016-05-14,9335,2014-09-13,1100,019631,,6,1,4,4114,0,1,1,,2,038,"RT 380","EL CAMINO REAL",1500.00,E,N,A,-,Y,SM,4,380,-,-,5.750,H,-,W,Y,4,0,1,2,A,-,07,21658,A,N,C,C,A,A,H,-,A,D,1,,,,,Y,,A,01,0,0,1,0,0,0,0,0,0,"- ","- ",,,"SAN MATEO","SAN BRUNO",-122.4143792,37.634426929999997
6640476,2014,2014-10-09,4109,2014-09-01,1318,145426,26,1,5,4,4109,0,0,0,,0,001,"LIVE OAK AV","RT 82",311.00,W,N,A,-,N,,,,,,,,,,Y,3,0,4,2,A,-,08,22107,,N,D,E,A,A,H,-,A,D,0,,,,,Y,,A,07,0,1,3,0,0,0,0,0,0,"- ","- ",,,"SAN MATEO","MENLO PARK",-122.18119919,37.451591800000003
6640529,2014,2016-05-17,9335,2014-09-18,1930,020658,,4,2,9,4100,0,1,2,,2,011,"RT 101","MILLBRAE AV",5000.00,N,N,A,-,Y,SM,4,101,-,-,18.900,H,-,N,Y,4,0,1,2,A,-,03,22350,,N,C,C,A,A,H,-,A,D,1,,,Y,,Y,,C,02,0,0,1,0,0,0,0,0,1,"- ","- ",37.611229999999999,-122.39381,"SAN MATEO",UNINCORPORATED,-122.3929127,37.61085722
6640533,2014,2016-05-17,9335,2014-09-18,1720,020563,,4,2,2,4103,0,1,2,,2,012,"RT 101","SIERRA POINT PKWY",500.00,S,N,A,-,Y,SM,4,101,-,-,23.570,H,-,S,Y,3,0,2,2,A,-,03,22350,,N,C,C,A,A,H,-,A,D,1,,,,,Y,,A,01,0,1,1,0,0,0,0,0,0,"- ","- ",37.402410000000003,-122.23244,"SAN MATEO",BRISBANE,-122.39057280999999,37.672810239999997
6640634,2014,2016-05-12,9335,2014-09-22,1023,018053,,1,1,6,4106,0,1,1,,2,021,"RT 280","SCHOOL ST",3085.00,N,N,A,-,Y,SM,4,280,-,R,26.760,H,-,S,Y,4,0,1,1,A,-,08,22107,,N,E,I,A,A,H,-,A,D,1,,,,,Y,,A,01,0,0,1,0,0,0,0,0,0,"- ","- ",,,"SAN MATEO","DALY CITY",-122.47164488,37.699116510000003
6640699,2014,2014-10-08,4109,2014-08-29,1045,15174,25,5,5,4,4109,0,0,0,,0,002,"RAVENSWOOD AV","LAUREL ST",0.00,,Y,A,-,N,,,,,,,,,,N,3,0,1,2,A,-,10,21950,A,N,G,B,B,A,H,-,A,A,0,Y,,,,Y,,A,01,0,1,0,0,1,0,0,0,0,"- ","- ",,,"SAN MATEO","MENLO PARK",-122.17909,37.455649970000003
6640715,2014,2016-05-19,4109,2014-08-12,1120,14448,17,2,5,4,4109,0,0,0,,0,003,"RT 84","CHILCO ST",0.00,,Y,A,-,Y,SM,4,84,-,R,26.740,H,-,S,Y,4,0,1,2,A,-,03,22350,,N,C,C,A,A,H,-,A,A,0,,,,,Y,,A,01,0,0,1,0,0,0,0,0,0,"- ","- ",,,"SAN MATEO","MENLO PARK",-122.16677482,37.483172860000003
6641645,2014,2016-04-29,4111,2014-09-15,1805,P5124,P14,1,5,4,4111,0,0,0,,0,0P3,"CABRILLO HWY","FASSLER AV",11.00,N,N,A,-,Y,SM,4,1,-,-,42.014,I,5,N,N,4,0,1,2,A,-,04,21703,,N,C,C,A,A,H,-,A,A,0,,,,,Y,,D,73,0,0,1,0,0,0,0,0,0,"- ","- ",,,"SAN MATEO",PACIFICA,-122.49518533,37.608720310000002
6642585,2014,2016-05-14,9335,2014-09-21,1453,020779,,7,2,4,4111,0,1,3,,2,041,"RT 1","MANOR DR",2112.00,N,N,A,-,Y,SM,4,1,-,-,27.260,H,-,N,Y,4,0,2,3,A,-,03,22350,,N,C,C,A,A,C,-,A,D,0,,,,,Y,,A,01,0,0,2,0,0,0,0,0,0,"- ","- ",37.655500000000004,-122.49115,"SAN MATEO",PACIFICA,-122.42821527,37.44329175
6642587,2014,2016-05-17,9330,2014-09-24,0840,020750,,3,1,4,4104,0,1,2,,2,038,"RT 101","PENINSULA AV",500.00,S,N,B,-,Y,SM,4,101,-,-,14.600,H,-,N,Y,3,0,1,2,A,-,08,22107,,N,C,C,A,A,H,-,A,D,1,,,Y,,Y,,C,02,0,1,0,0,0,0,0,0,1,"- ","- ",37.583109999999998,-122.32709,"SAN MATEO",BURLINGAME,-122.32746407,37.583408669999997
6642589,2014,2016-05-17,9335,2014-09-23,1710,019581,,2,2,2,4103,0,1,2,,2,012,"RT 101","SIERRA POINT PKWY",800.00,S,N,A,-,Y,SM,4,101,-,-,23.510,H,-,N,Y,4,0,1,2,A,-,02,22400,A,F,F,I,A,A,H,-,A,D,1,,,Y,,Y,,A,01,0,0,1,0,0,0,0,0,1,"- ","- ",37.672420000000002,-122.39053,"SAN MATEO",BRISBANE,-122.3911926,37.671525029999998
6646175,2014,2016-05-18,4113,2014-09-13,1253,369,4,6,5,5,4113,0,0,0,,0,004,BROADWAY,"WOODSIDE RD",18.00,S,N,A,-,Y,SM,4,101,-,-,5.552,R,1,S,Y,4,0,2,2,A,-,03,22350,,N,C,C,A,A,H,-,A,A,0,,,,,Y,,A,01,0,0,2,0,0,0,0,0,0,"- ","- ",,,"SAN MATEO","REDWOOD CITY",-122.21559788,37.489778370000003
6647910,2014,2016-05-14,9335,2014-09-25,0557,017806,,4,3,4,4114,0,1,1,,2,038,"RT 380","EL CAMINO REAL",1056.00,W,N,B,-,Y,SM,4,380,-,-,5.250,H,-,E,Y,4,0,1,2,A,-,03,22350,,N,E,I,A,B,H,-,A,D,1,,,,,Y,,A,01,0,0,1,0,0,0,0,0,0,"- ","- ",37.631300000000003,-122.42192,"SAN MATEO","SAN BRUNO",-122.42242773,37.631275049999999
6648920,2014,2014-10-17,4113,2014-09-15,0828,374,7,1,5,5,4113,0,0,0,,0,007,"HOPKINS AV","GRAND ST",0.00,,Y,A,-,N,,,,,,,,,,Y,4,0,1,2,A,-,09,21802,A,N,H,C,A,A,H,-,A,A,0,,,,,Y,,A,08,0,0,1,0,0,0,0,0,0,"- ","- ",,,"SAN MATEO","REDWOOD CITY",-122.24355989999999,37.484469920000002
6651091,2014,2014-10-10,4111,2014-09-21,1012,P5106,P04,7,5,4,4111,0,0,0,,0,0P1,"OCEANA BL","AVALON DR",15.00,N,N,B,-,N,,,,,,,,,,N,4,0,1,2,A,-,09,21804,A,N,D,C,A,A,H,-,A,D,0,,,Y,,Y,,A,01,0,0,1,0,0,0,0,0,1,"- ","- ",,,"SAN MATEO",PACIFICA,-122.49089357,37.647211110000001
6651614,2014,2014-10-21,4117,2014-09-17,0730,00JB04,19BC,3,5,5,4117,0,0,0,,0,002,"OLYMPIC DR","SHANNON DR",0.00,,Y,B,C,N,,,,,,,,,,N,4,0,1,2,A,-,21,22106,,F,G,B,B,B,H,-,A,A,0,Y,,,,Y,,-,99,0,0,1,0,1,0,0,0,0,"- ","- ",,,"SAN MATEO","SOUTH SAN FRANCISCO",-122.45451989999999,37.638939989999997
6657201,2014,2016-05-09,9330,2014-09-23,0238,019960,,2,3,9,4100,0,1,1,,2,034,"RT 280","RT 92",1056.00,N,N,A,-,Y,SM,4,280,-,R,11.220,H,-,S,Y,4,0,2,2,A,-,01,23152,A,N,C,C,A,A,H,-,D,D,1,,,,,Y,Y,A,07,0,0,2,0,0,0,0,0,0,"- ","- ",37.512279999999997,-122.34702,"SAN MATEO",UNINCORPORATED,-122.34290838,37.509421070000002
6659647,2014,2016-06-16,9330,2014-10-07,2140,019691,,2,2,9,4100,0,1,3,,1,011,"RT 92","RT 35",2640.00,E,N,E,-,Y,SM,4,92,-,-,5.550,H,-,E,Y,3,0,1,1,A,-,03,22350,,N,E,I,A,A,H,-,D,D,0,,,Y,,Y,,C,02,0,1,0,0,0,0,0,0,1,"- ","- ",,,"SAN MATEO",UNINCORPORATED,-122.36330479,37.496068170000001
6664618,2014,2014-12-15,9330,2014-10-05,1925,020580,,7,2,3,4107,0,1,3,,1,010,"CAPISTRANO RD","RT 1",1056.00,W,N,E,-,N,,,,,,,,,,N,3,0,1,2,A,-,11,21950,B,N,G,B,D,A,H,-,C,D,0,Y,,,,Y,,N,60,0,1,0,0,1,0,0,0,0,"- ","- ",,,"SAN MATEO","HALF MOON BAY",-122.4877,37.507124300000001
6666135,2014,2014-12-09,4117,2014-09-30,0837,11TL02,01AF,2,5,5,4117,0,0,0,,0,004,"FORBES BL","GULL DR",200.00,E,N,B,-,N,,,,,,,,,,N,4,0,1,1,A,-,08,22107,,N,A,I,A,A,H,-,A,D,0,,,,,Y,,A,01,0,0,1,0,0,0,0,0,0,"- ","- ",,,"SAN MATEO","SOUTH SAN FRANCISCO",-122.38437541,37.659190000000002
6666155,2014,2014-12-09,4117,2014-09-21,1550,13SS03,22AA,7,5,5,4117,0,0,0,,0,003,"EVERGREEN DR","CRESTWOOD DR",50.00,E,N,A,-,N,,,,,,,,,,N,4,0,2,2,A,-,09,21804,B,N,C,C,A,A,H,-,A,D,0,,,,,Y,,A,01,0,0,2,0,0,0,0,0,0,"- ","- ",,,"SAN MATEO","SOUTH SAN FRANCISCO",-122.43712187,37.668920249999999
6666356,2014,2014-12-17,4113,2014-10-06,1024,328,3,1,5,5,4113,0,0,0,,0,003,"MIDDLEFIELD RD","CHESTNUT ST",0.00,,Y,A,-,N,,,,,,,,,,Y,4,0,2,2,A,-,12,21453,A,N,D,C,A,A,H,-,A,A,0,,,,,Y,,A,01,0,0,2,0,0,0,0,0,0,"- ","- ",,,"SAN MATEO","REDWOOD CITY",-122.22164993,37.482209930000003
6666380,2014,2014-12-17,9330,2014-10-14,0840,016324,,2,1,9,4100,0,3,5,,2,509,"ALAMEDA DE LAS PULGAS","AVY AV",0.00,,Y,A,-,N,,,,,,,,,,N,3,0,1,2,A,-,08,22107,,F,D,C,A,A,H,-,A,D,0,,Y,,,Y,,-,99,0,1,0,0,0,0,1,0,0,"- ","- ",37.255450000000003,-122.12521,"SAN MATEO",UNINCORPORATED,-122.20151996,37.431789909999999
6666412,2014,2014-12-30,9335,2014-10-07,2000,016108,,2,2,2,4103,0,1,2,,2,012,"RT 101","SIERRA POINT PKWY",20.00,S,N,B,-,Y,,,101,,,,,,,Y,3,0,1,2,C,-,18,,,N,H,J,A,A,H,-,D,D,0,,,Y,Y,Y,,-,"- ",0,1,0,0,0,0,0,0,1,"- ","- ",37.673450000000003,-122.39006000000001,"SAN MATEO",BRISBANE,-122.39014118,37.673498989999999
6666589,2014,2016-07-07,9330,2014-10-10,2330,020750,,5,3,5,4113,0,1,2,,2,048,"RT 101","WHIPPLE AV",300.00,,N,A,-,Y,SM,4,101,-,-,6.570,H,-,N,Y,3,0,1,5,A,-,07,21658,A,F,D,C,A,A,H,-,C,D,1,,,,,Y,Y,-,99,0,1,0,0,0,0,0,0,0,"- ","- ",37.496119999999998,-122.23202000000001,"SAN MATEO","REDWOOD CITY",-122.23216619,37.496137240000003
6666597,2014,2014-12-23,9330,2014-10-17,1220,020382,,5,1,9,4100,0,3,5,,2,509,"ALAMEDA DE LAS PULGAS","CEDAR AV",20.00,S,N,A,-,N,,,,,,,,,,Y,4,0,1,2,A,-,03,22350,,N,C,C,A,A,H,-,A,D,0,,,,,Y,,A,07,0,0,1,0,0,0,0,0,0,"- ","- ",37.434489999999997,-122.20686000000001,"SAN MATEO",UNINCORPORATED,-122.20665076,37.434431940000003
6666874,2014,2014-11-14,4104,2014-10-06,1330,0168,12,1,5,4,4104,0,0,0,,0,00B,"HILLSIDE DR","CASTILLO AV",75.00,E,N,A,-,N,,,,,,,,,,Y,4,0,1,2,A,-,08,22107,,N,B,C,A,A,H,-,A,D,0,,,,,Y,,A,01,0,0,1,0,0,0,0,0,0,"- ","- ",,,"SAN MATEO",BURLINGAME,-122.37780974,37.580807790000001
6667259,2014,2016-07-07,9330,2014-10-08,1940,019960,,3,2,5,4116,0,1,2,,2,048,"RT 101","HILLSDALE BL",20.00,N,N,A,-,Y,SM,4,101,-,-,11.282,R,1,S,N,4,0,1,2,A,-,03,22350,,N,C,C,A,A,H,-,A,A,1,,,,,Y,,D,22,0,0,1,0,0,0,0,0,0,SF,"- ",37.544029999999999,-122.28919,"SAN MATEO","SAN MATEO",-122.28950407000001,37.54604861
6667507,2014,2014-11-04,4113,2014-09-23,1613,315,2,2,5,5,4113,0,0,0,,0,002,"SEAPORT BL","RT 101",300.00,E,N,A,-,Y,,,,,,,,,,N,4,0,1,2,A,-,03,22350,,N,C,C,A,A,H,-,A,D,0,,,,,Y,,A,01,0,0,1,0,0,0,0,0,0,"- ","- ",,,"SAN MATEO","REDWOOD CITY",,
6670098,2014,2014-10-27,4127,2014-07-12,0202,2151,4127,6,5,4,4127,0,0,0,,0,,"BAY RD","PULGAS AV",84.00,N,N,A,-,N,,,,,,,,,,Y,3,0,2,1,A,-,01,23152,A,N,A,J,A,A,H,-,C,A,0,,,,,Y,Y,A,01,0,1,1,0,0,0,0,0,0,"- ","- ",,,"SAN MATEO","EAST PALO ALTO",-122.1315991,37.472991440000001
6670241,2014,2014-10-27,4106,2014-07-29,1919,2080,3,2,5,6,4106,0,0,0,,0,002,"PEORIA ST","BELLEVUE AV",38.00,,N,A,-,N,,,,,,,,,,N,3,0,1,3,A,-,01,23152,F,N,E,I,A,A,H,-,A,D,0,,,,,Y,,A,01,0,1,0,0,0,0,0,0,0,"- ","- ",,,"SAN MATEO","DALY CITY",-122.45835997,37.703049960000001
6672088,2014,2014-11-13,4111,2014-09-23,2000,P5122,P06,2,5,4,4111,0,0,0,,0,0P1,"MANOR DR","PERRY AV",27.00,W,N,A,-,N,,,,,,,,,,Y,4,0,1,2,A,-,12,22450,A,F,G,B,D,A,H,-,C,A,0,Y,,,,Y,,A,01,0,0,1,0,1,0,0,0,0,"- ","- ",,,"SAN MATEO",PACIFICA,-122.48635728000001,37.648973820000002
6674740,2014,2014-12-26,9330,2014-10-23,1815,17984,,4,2,4,4109,0,1,2,,2,058,"RT 101","MARSH RD",1584.00,N,N,A,-,Y,,,101,,,,,,,N,4,0,1,2,A,-,07,21658,A,N,C,C,A,A,H,-,D,D,0,,,,,Y,,A,08,0,0,1,0,0,0,0,0,0,"- ","- ",37.484940000000002,-122.18631000000001,"SAN MATEO","MENLO PARK",-122.18632106,37.484886670000002
6676142,2014,2016-05-18,4100,2014-09-30,1240,18880,5H,2,5,3,4110,0,0,0,,0,061,"MILLBRAE AV","RT 101",191.00,W,N,A,-,Y,SM,4,101,-,-,17.901,R,4,N,Y,3,0,2,2,A,-,04,21703,,N,C,C,A,-,H,-,A,D,0,,,,,Y,,A,01,0,1,1,0,0,0,0,0,0,"- ",NO,,,"SAN MATEO",MILLBRAE,-122.37967519,37.602177930000003
6676548,2014,2014-12-18,4113,2014-10-17,1905,409,7,5,5,5,4113,0,0,0,,0,007,"JEFFERSON AV",HIGHLAND,0.00,,Y,A,-,N,,,,,,,,,,Y,2,0,1,2,A,-,09,21801,A,N,D,C,A,A,H,-,C,A,0,,,Y,,Y,,C,02,1,0,0,0,0,0,0,0,1,"- ","- ",,,"SAN MATEO","REDWOOD CITY",-122.25360997999999,37.465219900000001
6676589,2014,2014-12-11,4117,2014-10-04,1910,06WG04,14AE,6,5,5,4117,0,0,0,,0,002,"SOUTH SPRUCE AV","HUNTINGTON AV",0.00,,Y,A,-,N,,,,,,,,,,N,4,0,1,2,A,-,10,21950,A,F,G,B,B,A,H,-,C,A,0,Y,,,,Y,,-,99,0,0,1,0,1,0,0,0,0,"- ","- ",,,"SAN MATEO","SOUTH SAN FRANCISCO",-122.42265995,37.644979939999999
6678131,2015,2016-02-22,4111,2015-11-23,1523,P5122,P02,1,5,4,4111,0,0,0,,0,0P1,"RT 35","KING DR",4.00,S,N,A,-,Y,SM,4,35,-,-,27.090,I,5,S,Y,1,1,0,2,A,-,10,21950,A,N,G,B,B,A,H,-,A,A,0,Y,,,,Y,,A,07,0,0,0,1,0,0,0,0,0,"- ","- ",,,"SAN MATEO",PACIFICA,-122.47187732,37.64916221
6678148,2015,2016-02-19,4109,2015-12-19,0643,14487,99,6,5,4,4109,0,0,0,,0,099,"SAND HILL RD","SANTA CRUZ AV",0.00,,Y,C,-,N,,,,,,,,,,Y,1,1,0,2,A,-,11,21950,B,N,G,B,B,B,H,-,C,A,0,Y,,,,Y,,N,60,0,0,0,1,0,0,0,0,0,"- ","- ",37.425800000000002,-122.19228,"SAN MATEO","MENLO PARK",-122.19246988,37.425859889999998
6678374,2017,2018-01-30,4127,2017-06-16,1450,2166,4127,5,5,4,4127,0,0,0,,0,001,"UNIVERSITY AV","KAVANAUGH DR",0.00,,Y,A,-,N,,,,,,,,,,Y,1,1,3,3,A,-,12,21453,A,N,D,C,A,A,H,-,A,A,0,,,,,Y,,A,01,2,1,0,0,0,0,0,0,0,"- ","- ",,,"SAN MATEO","EAST PALO ALTO",-122.13965996,37.475499880000001
6678387,2017,2019-04-05,4117,2017-11-12,0004,17BH03,10AE,7,5,5,4117,0,0,0,,0,002,"RT 82","HAZELWOOD DR",181.00,N,N,A,-,Y,SM,4,82,-,-,19.690,H,-,S,N,1,1,0,2,A,-,11,21955,,F,G,B,D,A,H,-,C,A,0,Y,,,,Y,Y,A,01,0,0,0,1,0,0,0,0,0,"- ","- ",37.642679999999999,-122.42501,"SAN MATEO","SOUTH SAN FRANCISCO",-122.42538326,37.64305512
6678720,2014,2016-06-27,9335,2014-10-22,1517,018053,,3,2,5,4117,0,1,2,,2,012,"RT 101","OYSTER POINT BL",1584.00,N,N,A,-,Y,SM,4,101,-,-,23.010,H,-,N,Y,4,0,2,2,A,-,08,22107,,N,C,C,A,A,H,-,A,D,1,,,,,Y,,D,22,0,0,2,0,0,0,0,0,0,"- ","- ",,,"SAN MATEO","SOUTH SAN FRANCISCO",-122.39583505,37.666453619999999
6680912,2014,2014-12-18,4114,2014-10-03,0820,0019,SNB6,5,5,4,4114,0,0,0,,0,002,"HUNTINGTON AV","SAN BRUNO AV WEST",0.00,,Y,A,-,N,,,,,,,,,,Y,4,0,1,2,A,-,12,21453,A,N,A,C,A,A,H,-,A,A,0,,,,,Y,,A,01,0,0,1,0,0,0,0,0,0,"- ","- ",,,"SAN MATEO","SAN BRUNO",-122.41198987999999,37.630589919999998
6682427,2014,2014-11-06,4106,2014-08-07,2231,2036,3,4,5,6,4106,0,0,0,,0,002,"MISSION ST","TEMPLETON AV",68.00,N,N,B,-,N,,,,,,,,,,N,3,0,1,2,A,-,01,21200,5,N,C,G,A,A,H,-,C,D,0,,Y,,,Y,Y,L,04,0,1,0,0,0,0,1,0,0,"- ","- ",37.708019999999998,-122.45471999999999,"SAN MATEO","DALY CITY",-122.45483317999999,37.708072280000003