CASE_ID,ACCIDENT_YEAR,PROC_DATE,JURIS,COLLISION_DATE,COLLISION_TIME,OFFICER_ID,REPORTING_DISTRICT,DAY_OF_WEEK,CHP_SHIFT,POPULATION,CNTY_CITY_LOC,SPECIAL_COND,BEAT_TYPE,CHP_BEAT_TYPE,CITY_DIVISION_LAPD,CHP_BEAT_CLASS,BEAT_NUMBER,PRIMARY_RD,SECONDARY_RD,DISTANCE,DIRECTION,INTERSECTION,WEATHER_1,WEATHER_2,STATE_HWY_IND,CALTRANS_COUNTY,CALTRANS_DISTRICT,STATE_ROUTE,ROUTE_SUFFIX,POSTMILE_PREFIX,POSTMILE,LOCATION_TYPE,RAMP_INTERSECTION,SIDE_OF_HWY,TOW_AWAY,COLLISION_SEVERITY,NUMBER_KILLED,NUMBER_INJURED,PARTY_COUNT,PRIMARY_COLL_FACTOR,PCF_CODE_OF_VIOL,PCF_VIOL_CATEGORY,PCF_VIOLATION,PCF_VIOL_SUBSECTION,HIT_AND_RUN,TYPE_OF_COLLISION,MVIW,PED_ACTION,ROAD_SURFACE,ROAD_COND_1,ROAD_COND_2,LIGHTING,CONTROL_DEVICE,CHP_ROAD_TYPE,PEDESTRIAN_ACCIDENT,BICYCLE_ACCIDENT,MOTORCYCLE_ACCIDENT,TRUCK_ACCIDENT,NOT_PRIVATE_PROPERTY,ALCOHOL_INVOLVED,STWD_VEHTYPE_AT_FAULT,CHP_VEHTYPE_AT_FAULT,COUNT_SEVERE_INJ,COUNT_VISIBLE_INJ,COUNT_COMPLAINT_PAIN,COUNT_PED_KILLED,COUNT_PED_INJURED,COUNT_BICYCLIST_KILLED,COUNT_BICYCLIST_INJURED,COUNT_MC_KILLED,COUNT_MC_INJURED,PRIMARY_RAMP,SECONDARY_RAMP,LATITUDE,LONGITUDE,COUNTY,CITY,POINT_X,POINT_Y
6733686,2014,2014-12-31,4113,2014-11-17,1941,427,2,1,5,5,4113,0,0,0,,0,002,PERRY,BROADWAY,120.00,N,N,A,-,N,,,,,,,,,,N,4,0,1,2,A,-,11,21954,A,N,G,B,D,A,H,-,C,D,0,Y,,,,Y,,N,60,0,0,1,0,1,0,0,0,0,"- ","- ",37.486130000000003,-122.2332,"SAN MATEO","REDWOOD CITY",-122.23332096999999,37.486556010000001
6733690,2014,2016-06-24,4113,2014-11-06,0000,428,5,4,5,5,4113,0,0,0,,0,005,"KENTFIELD AV","WOODSIDE RD",0.00,,Y,A,-,Y,SM,4,84,-,-,23.718,I,5,S,N,2,0,1,2,A,-,11,21456,B,N,G,B,B,A,H,-,A,A,0,Y,,,,Y,,N,60,1,0,0,0,1,0,0,0,0,"- ","- ",37.457459999999998,-122.22693,"SAN MATEO","REDWOOD CITY",-122.22507853,37.462678330000003
6733706,2014,2014-12-31,4113,2014-11-26,1554,421,3,3,5,5,4113,0,0,0,,0,003,BROADWAY,CHESTNUT,150.00,S,N,A,-,N,,,,,,,,,,N,4,0,1,2,A,-,07,21658,A,N,B,C,A,A,H,-,A,D,0,,,,,Y,,A,01,0,0,1,0,0,0,0,0,0,"- ","- ",,,"SAN MATEO","REDWOOD CITY",-122.21826,37.487000000000002
6735116,2014,2014-12-17,4106,2014-09-25,1115,1094,13,4,5,6,4106,0,0,0,,0,006,"HICKEY BL","CAMPUS DR",60.00,E,N,A,-,N,,,,,,,,,,Y,4,0,1,3,A,-,03,22350,,N,C,C,A,A,H,-,A,A,0,,,,,Y,,A,01,0,0,1,0,0,0,0,0,0,"- ","- ",37.673520000000003,-122.47073,"SAN MATEO","DALY CITY",-122.47547264000001,37.66470589
6735451,2014,2015-02-13,4113,2014-12-22,0724,403,4,1,5,5,4113,0,0,0,,0,004,"5TH AV","HOOVER ST",0.00,,Y,A,-,N,,,,,,,,,,N,3,0,1,2,A,-,09,21802,A,N,H,G,A,A,H,-,A,A,0,,Y,,,Y,,L,04,0,1,0,0,0,0,1,0,0,"- ","- ",,,"SAN MATEO","REDWOOD CITY",-122.19646996,37.485289999999999
6735621,2014,2015-01-16,4109,2014-11-10,1408,15164,17,1,5,4,4109,0,0,0,,0,003,"HAMILTON AV","SEVIER AV",0.00,,Y,A,-,N,,,,,,,,,,N,4,0,1,1,A,-,08,22107,,N,E,I,A,A,D,-,A,A,0,,,,,Y,,D,22,0,0,1,0,0,0,0,0,0,"- ","- ",,,"SAN MATEO","MENLO PARK",-122.15469994999999,37.479399970000003
6737252,2014,2016-07-06,9335,2014-12-04,1625,020157,,4,2,6,4106,0,1,1,,2,021,"RT 280","SERRAMONTE BL",10.00,N,N,A,-,Y,SM,4,280,-,R,24.821,R,1,S,N,4,0,1,2,A,-,03,22350,,N,C,C,A,A,H,-,A,A,1,,,,,Y,,A,01,0,0,1,0,0,0,0,0,0,TO,"- ",37.670000000000002,-122.467,"SAN MATEO","DALY CITY",-122.46751643,37.672296799999998
6737256,2014,2016-07-07,9335,2014-12-06,1133,019581,,6,1,6,4106,0,1,1,,2,021,"RT 280","SERRAMONTE BL",1800.00,N,N,B,-,Y,SM,4,280,-,R,24.990,H,-,S,Y,4,0,3,5,A,-,08,22107,,N,C,C,A,A,H,-,A,D,1,,,,,Y,,A,01,0,0,3,0,0,0,0,0,0,"- ","- ",37.673920000000003,-122.46874,"SAN MATEO","DALY CITY",-122.46900347,37.674311400000001
6737264,2014,2016-06-27,9335,2014-12-08,0615,018053,,1,1,5,4117,0,1,2,,2,012,"RT 101","OYSTER POINT BL",460.00,N,N,A,-,Y,SM,4,101,-,-,22.922,R,1,N,Y,4,0,1,2,A,-,03,22350,,N,C,C,A,A,H,-,D,A,1,,,,,Y,,A,01,0,0,1,0,0,0,0,0,0,FR,"- ",37.664459999999998,-122.39755,"SAN MATEO","SOUTH SAN FRANCISCO",-122.39671113999999,37.665619980000002
6737457,2014,2015-01-20,9330,2014-11-23,1520,20467,,7,2,9,4100,0,1,3,,2,052,"RT 35","CRAZY PETES RD",20.00,N,N,A,-,Y,,,35,,,,,,,N,3,0,2,2,A,-,06,21750,,N,H,G,A,A,H,-,A,D,0,,Y,Y,,Y,,C,02,0,1,1,0,0,0,1,0,1,"- ","- ",37.331000000000003,-122.2111,"SAN MATEO",UNINCORPORATED,-122.21116995,37.330908649999998
6737883,2014,2016-06-16,4104,2014-12-01,1746,0237,1,1,5,4,4104,0,0,0,,0,00A,"EL CAMINO REAL","CYPRESS AV",15.00,N,N,A,-,Y,SM,4,82,-,-,13.100,H,-,S,N,4,0,1,2,A,-,03,22350,,N,C,C,A,A,H,-,C,A,0,,,,,Y,,A,01,0,0,1,0,0,0,0,0,0,"- ","- ",,,"SAN MATEO",BURLINGAME,-122.3454613,37.575187110000002
6742387,2014,2016-03-08,4106,2014-10-16,1717,1182,3,4,5,6,4106,0,0,0,,0,002,"MISSION ST","EVERGREEN AV",0.00,,Y,A,-,N,,,,,,,,,,N,2,0,2,3,A,-,10,21950,A,N,G,B,B,A,H,-,A,A,0,Y,,,,Y,,A,01,1,1,0,0,2,0,0,0,0,"- ","- ",37.707459999999998,-122.45663,"SAN MATEO","DALY CITY",-122.45672987,37.707419969999997
6743925,2014,2015-01-26,4117,2014-11-17,2300,13DF04,05AA,1,5,5,4117,0,0,0,,0,001,"PRODUCE AV","TERMINAL CT",528.00,N,N,A,-,N,,,,,,,,,,Y,3,0,1,6,A,-,01,23152,A,N,F,E,A,A,H,-,C,D,0,,,,,Y,Y,-,,0,1,0,0,0,0,0,0,0,"- ","- ",,,"SAN MATEO","SOUTH SAN FRANCISCO",-122.40688534,37.647657070000001
6748025,2014,2016-07-07,9330,2014-11-30,0035,020577,,7,3,5,4116,0,1,2,,2,038,"RT 101","3RD AV",30.00,S,N,C,-,Y,SM,4,101,-,-,13.260,H,-,S,Y,4,0,1,2,A,-,08,22107,,N,C,C,A,B,H,-,C,D,1,,,,,Y,,A,01,0,0,1,0,0,0,0,0,0,"- ","- ",,,"SAN MATEO","SAN MATEO",-122.31171635,37.568631269999997
6748029,2014,2016-06-27,9330,2014-11-30,1250,020894,,7,1,5,4116,0,1,2,,2,048,"RT 101","RALSTON AV",2640.00,N,N,B,-,Y,SM,4,101,-,-,10.050,H,-,N,Y,3,0,1,2,A,-,08,22107,,N,A,C,A,B,H,-,A,D,1,,,,,Y,,A,07,0,1,0,0,0,0,0,0,0,"- ","- ",,,"SAN MATEO","SAN MATEO",-122.27594182,37.531741930000003
6748334,2014,2015-02-02,9330,2014-12-04,0800,020397,,4,1,9,4100,0,3,5,,2,505,"MIDDLEFIELD RD","7TH AV",0.00,,Y,A,-,N,,,,,,,,,,Y,4,0,1,2,A,-,09,21802,A,N,D,C,A,A,H,-,A,A,0,,,,,Y,,A,01,0,0,1,0,0,0,0,0,0,"- ","- ",,,"SAN MATEO",UNINCORPORATED,-122.20285989,37.47101997
6750029,2014,2016-07-07,9335,2014-12-18,1145,020892,,4,1,4,4114,0,1,1,,2,020,"RT 280","RT 380",5.00,S,N,B,-,Y,SM,4,280,-,R,21.080,H,-,N,Y,3,0,1,2,A,-,08,22107,,N,E,I,A,A,H,-,A,D,1,,,,,Y,,D,22,0,1,0,0,0,0,0,0,0,"- ","- ",37.628239999999998,-122.43195,"SAN MATEO","SAN BRUNO",-122.43190423,37.628229159999997
6752479,2014,2015-02-04,4104,2014-12-15,0700,0168,20,1,5,4,4104,0,0,0,,0,00C,"BROADWAY AV","ROLLINS RD",0.00,,Y,C,-,N,,,,,,,,,,N,4,0,1,2,A,-,03,22350,,N,C,C,A,B,H,-,C,A,0,,,,,Y,,A,07,0,0,1,0,0,0,0,0,0,"- ","- ",,,"SAN MATEO",BURLINGAME,-122.36232986,37.588969910000003
6752606,2014,2016-06-16,9330,2014-12-13,1510,020467,,6,2,9,4100,0,1,3,,1,011,"RT 92","RT 35",410.00,E,N,A,-,Y,SM,4,92,-,-,5.260,H,-,W,Y,4,0,1,2,A,-,09,21802,A,N,A,C,A,A,H,-,A,A,0,,,,,Y,,A,07,0,0,1,0,0,0,0,0,0,"- ","- ",37.496200000000002,-122.3677,"SAN MATEO",UNINCORPORATED,-122.36797952000001,37.496161229999998
6752610,2014,2015-02-05,9330,2014-12-18,1000,020894,,4,1,4,4104,0,1,2,,2,038,"RT 101",BROADWAY,300.00,S,N,A,-,Y,,,101,,,,,,,Y,3,0,2,1,A,-,03,22350,,N,E,I,A,A,H,-,A,D,0,,,,,Y,,A,01,0,1,1,0,0,0,0,0,0,FR,"- ",37.588720000000002,-122.35948,"SAN MATEO",BURLINGAME,-122.35942083,37.588823599999998
6753277,2015,2016-10-11,9330,2015-01-12,1810,16184,,1,2,5,4116,0,1,3,,2,031,"RT 92","ALAMEDA DE LAS PULGAS",100.00,E,N,A,-,Y,SM,4,92,-,R,10.580,H,-,E,N,4,0,2,3,A,-,03,22350,,N,C,C,A,A,H,-,D,D,1,,,,,Y,,D,22,0,0,2,0,0,0,0,0,0,"- ","- ",37.547150000000002,-122.32239,"SAN MATEO","SAN MATEO",-122.32259872,37.547117190000002
6754212,2014,2016-07-07,9330,2014-12-12,0852,20489,,5,1,5,4116,0,1,2,,2,048,"RT 101","HILLSDALE BL",100.00,S,N,C,-,Y,SM,4,101,-,-,11.130,H,-,S,Y,4,0,2,3,A,-,03,22350,,N,C,C,A,B,H,-,A,D,1,,,,,Y,,A,08,0,0,2,0,0,0,0,0,0,"- ","- ",37.544130000000003,-122.28773,"SAN MATEO","SAN MATEO",-122.28787637000001,37.544282680000002
6754810,2015,2015-02-25,4113,2015-01-06,0825,,,2,5,5,4113,0,0,0,,0,,"MIDDLEFIELD RD","WILLOW ST",0.00,,Y,A,-,N,,,,,,,,,,Y,4,0,2,2,B,-,22,,,N,D,C,A,A,H,-,A,A,0,,,,,Y,,J,48,0,0,2,0,0,0,0,0,0,"- ","- ",,,"SAN MATEO","REDWOOD CITY",-122.21704995,37.480099899999999
6756005,2014,2016-06-16,4101,2014-12-16,1715,95AK01,,2,5,2,4101,0,0,0,,0,001,"RT 82","ASHFIELD RD",50.00,N,N,C,-,Y,SM,4,82,-,-,1.790,H,-,N,N,4,0,1,2,A,-,03,22350,,N,C,C,A,B,H,-,D,D,0,,,,,Y,,A,01,0,0,1,0,0,0,0,0,0,"- ","- ",,,"SAN MATEO",ATHERTON,-122.19871383,37.461405669999998
6756194,2014,2016-07-07,9330,2014-12-23,2135,020761,,2,2,5,4116,0,1,2,,2,048,"RT 101","RT 92",1584.00,S,N,A,-,Y,SM,4,101,-,-,11.430,H,-,N,Y,4,0,2,2,A,-,07,21658,A,N,B,C,A,A,H,-,C,D,1,,,,,Y,,A,01,0,0,2,0,0,0,0,0,0,"- ","- ",37.509430000000002,-122.2508,"SAN MATEO","SAN MATEO",-122.29083369999999,37.547930870000002
6756202,2014,2016-07-07,9330,2014-12-22,1815,020761,,1,2,5,4113,0,1,2,,2,048,"RT 101","WOODSIDE RD",2112.00,N,N,B,-,Y,SM,4,101,-,-,5.780,H,-,N,Y,4,0,1,2,A,-,03,22350,,N,C,C,A,A,H,-,C,D,1,,,,,Y,,A,01,0,0,1,0,0,0,0,0,0,"- ","- ",37.491019999999999,-122.21781,"SAN MATEO","REDWOOD CITY",-122.21902177,37.491451679999997
6756210,2014,2016-07-07,9330,2014-12-20,2325,020577,,6,3,9,4100,0,1,1,,2,034,"RT 280","BUNKER HILL DR",47.00,S,N,B,-,Y,SM,4,280,-,R,12.636,R,4,S,Y,3,0,1,1,A,-,01,23152,A,N,E,I,A,B,H,-,C,D,1,,,,,Y,Y,A,01,0,1,0,0,0,0,0,0,0,TO,"- ",,,"SAN MATEO",UNINCORPORATED,-122.35917412000001,37.52697242
6756233,2014,2015-02-05,9330,2014-12-17,0910,016534,,3,1,4,4104,0,1,2,,2,038,"RT 101","BROADWAY AV",528.00,N,N,B,-,Y,,,,,,,,,,N,4,0,2,2,A,-,03,22350,,N,C,C,A,A,H,-,A,D,0,,,,,Y,,A,07,0,0,2,0,0,0,0,0,0,"- ","- ",,,"SAN MATEO",BURLINGAME,-122.36309756,37.591151680000003
6761156,2014,2016-05-14,4114,2014-09-18,0655,20779,,4,5,4,4114,0,0,0,,0,,"EL CAMINO REAL","RT 380",235.00,N,N,C,-,Y,SM,4,380,-,-,5.304,R,2,W,Y,4,0,1,2,A,-,03,22350,,N,C,C,A,B,H,-,A,D,0,,,,,Y,,A,01,0,0,1,0,0,0,0,0,0,"- ","- ",37.633719999999997,-122.41981,"SAN MATEO","SAN BRUNO",-122.42174647,37.631939430000003
6763155,2014,2016-06-16,4114,2014-12-08,2122,034,SNB4,1,5,4,4114,0,0,0,,0,001,"EL CAMINO REAL","COMMODORE DR",0.00,,Y,A,-,Y,SM,4,82,-,-,19.070,H,-,S,Y,4,0,1,2,A,-,09,21801,A,N,A,C,A,A,H,-,C,A,0,,,,,Y,,D,82,0,0,1,0,0,0,0,0,0,"- ","- ",,,"SAN MATEO","SAN BRUNO",-122.4201123,37.634692170000001
6764170,2014,2015-02-02,4117,2014-12-05,1045,4RC07,03AA,5,5,5,4117,0,0,0,,0,004,"DUBUQUE AV","EAST GRAND AV",2112.00,N,N,A,-,N,,,,,,,,,,Y,3,0,1,2,A,-,09,21804,A,N,D,C,A,A,H,-,A,D,0,,,,,Y,,A,01,0,1,0,0,0,0,0,0,0,"- ","- ",37.660640000000001,-122.40486,"SAN MATEO","SOUTH SAN FRANCISCO",-122.40341973,37.66054106
6765889,2014,2016-07-07,9330,2014-12-26,1730,020577,,5,2,5,4116,0,1,2,,2,048,"RT 101","EAST HILLSDALE BL",55.00,S,N,A,-,Y,SM,4,101,-,-,11.031,R,1,S,Y,4,0,5,3,A,-,03,22350,,N,C,C,A,A,H,-,C,A,1,,,,,Y,,A,01,0,0,5,0,0,0,0,0,0,"- ","- ",37.540889999999997,-122.28480999999999,"SAN MATEO","SAN MATEO",-122.28680301999999,37.543118249999999
6766117,2015,2016-09-07,9330,2015-01-07,1950,20170,,3,2,4,4115,0,1,2,,2,048,"RT 101","HOLLY ST",274.00,N,N,A,-,Y,SM,4,101,-,-,8.285,R,2,N,Y,4,0,2,1,B,-,22,,,N,E,I,A,A,H,-,D,D,1,,,,,Y,,J,48,0,0,2,0,0,0,0,0,0,TO,"- ",37.515239999999999,-122.256,"SAN MATEO","SAN CARLOS",-122.25466298000001,37.512765199999997
6770420,2014,2016-07-07,9335,2014-11-20,1125,019202,,4,1,6,4106,0,1,1,,2,021,"RT 280","SERRAMONTE BL",150.00,S,N,C,-,Y,SM,4,280,-,R,24.600,H,-,N,Y,3,0,1,1,A,-,08,22107,,N,E,I,A,B,H,-,A,D,1,,,,,Y,,A,01,0,1,0,0,0,0,0,0,0,"- ","- ",37.669370000000001,-122.46575,"SAN MATEO","DALY CITY",-122.46587424000001,37.66933453
6772722,2014,2015-02-12,4117,2014-12-17,1145,11TL02,01AQ,3,5,5,4117,0,0,0,,0,001,"EAST GRAND AV","GATEWAY BL",15.00,E,N,B,-,N,,,,,,,,,,N,4,0,1,2,A,-,03,22350,,F,C,C,A,B,H,-,A,A,0,,,,,Y,,D,22,0,0,1,0,0,0,0,0,0,"- ","- ",37.654580000000003,-122.40278000000001,"SAN MATEO","SOUTH SAN FRANCISCO",-122.40218994999999,37.654619279999999
6773450,2014,2015-03-27,4113,2014-12-12,0659,427,3,5,5,5,4113,0,0,0,,0,003,"VETERANS BL","MAPLE ST",75.00,N,N,B,-,N,,,,,,,,,,N,4,0,1,2,A,-,10,21950,A,N,G,B,B,B,H,-,B,A,0,Y,,,,Y,Y,A,01,0,0,1,0,1,0,0,0,0,"- ","- ",,,"SAN MATEO","REDWOOD CITY",-122.22210593,37.489369369999999
6773458,2014,2016-06-16,4113,2014-12-04,1730,391,6,4,5,5,4113,0,0,0,,0,006,"EL CAMINO REAL","LINCOLN AV",20.00,N,N,A,-,Y,SM,4,82,-,-,3.800,H,-,S,N,4,0,1,2,A,-,03,22350,,M,C,C,A,A,H,-,A,D,0,,,,,Y,,A,01,0,0,1,0,0,0,0,0,0,"- ","- ",,,"SAN MATEO","REDWOOD CITY",-122.22674317000001,37.480008249999997
6773497,2014,2015-02-13,4113,2014-12-19,1309,320,3,5,5,5,4113,0,0,0,,0,003,"JEFFERSON AV","FRANKLIN ST",0.00,,Y,B,-,N,,,,,,,,,,Y,4,0,1,2,A,-,03,22350,,N,C,C,A,B,H,-,A,A,0,,,,,Y,,-,,0,0,1,0,0,0,0,0,0,"- ","- ",37.484110000000001,-122.22931,"SAN MATEO","REDWOOD CITY",-122.22971990000001,37.483469960000001
6774694,2014,2015-01-28,4106,2014-09-14,0213,2057,7,7,5,6,4106,0,0,0,,0,002,"CHESTER ST",LISBON,0.00,,Y,A,-,N,,,,,,,,,,Y,4,0,1,5,A,-,01,23153,,N,D,C,A,A,H,-,C,A,0,,,,,Y,Y,A,01,0,0,1,0,0,0,0,0,0,"- ","- ",,,"SAN MATEO","DALY CITY",-122.45820995,37.68794991
6775623,2014,2016-06-16,4104,2014-12-19,1740,0216,4,5,5,4,4104,0,0,0,,0,00A,"EL CAMINO REAL","CHAPIN AV",15.00,N,N,C,-,Y,SM,4,82,-,-,13.450,H,-,S,N,4,0,1,2,A,-,03,22350,,N,C,C,A,B,H,-,B,A,0,,,,,Y,,A,07,0,0,1,0,0,0,0,0,0,"- ","- ",,,"SAN MATEO",BURLINGAME,-122.35154544,37.57679134
6775824,2014,2016-06-16,4114,2014-12-29,1957,0022,SNB6,1,5,4,4114,0,0,0,,0,002,"ANGUS AV","RT 82",15.00,E,N,A,-,Y,SM,4,82,-,-,18.323,I,6,N,N,4,0,1,2,A,-,03,22350,,M,C,C,A,A,H,-,C,A,0,,,Y,,Y,,A,01,0,0,1,0,0,0,0,0,1,"- ","- ",37.625590000000003,-122.41415000000001,"SAN MATEO","SAN BRUNO",-122.41430612000001,37.625309199999997
6776316,2014,2016-07-07,9330,2014-12-28,0300,20606,,7,3,9,4100,0,1,1,,2,044,"RT 280 N","FARM HILL RD",6600.00,N,N,A,-,Y,SM,4,280,-,R,5.950,H,-,N,Y,3,0,1,1,A,-,01,23152,A,N,E,I,A,A,H,-,C,D,1,,,,,Y,Y,D,22,0,1,0,0,0,0,0,0,0,"- ","- ",37.452440000000003,-122.28153,"SAN MATEO",UNINCORPORATED,-122.28251576,37.452979290000002
6779289,2014,2016-06-27,9335,2014-12-22,1820,020889,,1,2,9,4100,0,1,2,,2,011,"RT 101","SAN BRUNO AV",3168.00,S,N,A,-,Y,SM,4,101,-,-,19.440,H,-,N,Y,4,0,2,2,A,-,03,22350,,N,C,C,A,A,H,-,C,D,1,,,,,Y,,A,01,0,0,2,0,0,0,0,0,0,"- ","- ",37.616570000000003,-122.39824,"SAN MATEO",UNINCORPORATED,-122.39844777,37.617063430000002
6779490,2014,2015-02-12,4111,2014-12-06,0910,P5015,P13,6,5,4,4111,0,0,0,,0,0P2,"SHARP PARK RD","GYPSY HILL RD",300.00,W,N,B,-,N,,,,,,,,,,Y,4,0,1,1,A,-,03,22350,,N,E,I,A,B,H,-,A,D,0,,,,,Y,,A,01,0,0,1,0,0,0,0,0,0,"- ","- ",,,"SAN MATEO",PACIFICA,-122.47820548,37.628926659999998
6780810,2014,2016-06-27,9335,2014-11-06,2009,016108,,4,2,5,4117,0,1,2,,2,012,"RT 101","S SAN FRANCISCO",300.00,N,N,A,-,Y,SM,4,101,-,-,23.320,H,-,S,Y,4,0,1,2,A,-,08,22107,,N,B,C,A,A,H,-,C,D,1,,,,,Y,,A,01,0,0,1,0,0,0,0,0,0,"- ","- ",,,"SAN MATEO","SOUTH SAN FRANCISCO",-122.39274355000001,37.66998203
6780858,2014,2016-02-29,4100,2014-10-27,1516,19620,11,1,5,4,4115,0,0,0,,0,005,"CHERRY ST","WALNUT ST",80.00,E,N,A,-,N,,,,,,,,,,Y,3,0,1,2,A,-,08,22107,,N,C,E,A,A,H,-,A,D,0,,,,,Y,,A,01,0,1,0,0,0,0,0,0,0,"- ","- ",,,"SAN MATEO","SAN CARLOS",-122.26038426,37.504694870000002
6781295,2015,2016-10-14,9335,2015-01-14,1317,19007,,3,1,9,4100,0,1,2,,2,011,"RT 101","SAN BRUNO AV",100.00,N,N,A,-,Y,SM,4,101,-,-,19.990,H,-,N,N,4,0,1,3,A,-,03,22350,,N,-,C,A,A,H,-,A,D,1,,,,,Y,,A,07,0,0,1,0,0,0,0,0,0,"- ","- ",,,"SAN MATEO",UNINCORPORATED,-122.40127443999999,37.625280330000002
6781790,2015,2016-10-06,4113,2015-01-12,0844,328,3,1,5,5,4113,0,0,0,,0,003,"WOODSIDE RD","RT 101",0.00,,Y,A,-,Y,SM,4,101,-,-,5.551,R,4,N,N,4,0,1,2,A,-,08,22107,,N,H,G,A,A,H,-,A,D,0,,Y,,,Y,,A,01,0,0,1,0,0,0,1,0,0,"- ","- ",37.488889999999998,-122.21315,"SAN MATEO","REDWOOD CITY",-122.2154457,37.489910879999996
6783638,2015,2016-09-28,9330,2015-02-26,0720,20397,,4,1,4,4120,0,1,3,,1,035,"RT 92","COUNTY LINE",5280.00,W,N,A,-,Y,SM,4,92,-,R,17.800,H,-,W,N,4,0,1,2,A,-,03,22350,,N,C,C,A,A,H,-,A,D,4,,,,,Y,,D,22,0,0,1,0,0,0,0,0,0,"- ","- ",,,"SAN MATEO","FOSTER CITY",-122.21325491,37.59973858
6784416,2014,2015-01-21,4106,2014-09-28,2015,2062,5,7,5,6,4106,0,0,0,,0,003,"JUNIPERO SERRA BL",EASTMOOR,0.00,,Y,A,-,N,,,280,,,,,,,N,4,0,1,2,A,-,07,21658,A,N,B,C,A,A,H,-,C,A,0,,,,,Y,,A,01,0,0,1,0,0,0,0,0,0,"- ","- ",37.685279999999999,-122.47087999999999,"SAN MATEO","DALY CITY",-122.47134079,37.68530698
6785304,2015,2016-09-12,9335,2015-01-10,1338,20132,,6,1,4,4114,0,1,1,,2,020,"RT 280","AVALON DR",2112.00,S,N,A,-,Y,SM,4,280,-,R,21.640,H,-,S,Y,4,0,1,2,A,-,08,22107,,N,B,C,A,A,H,-,A,D,1,,,,,Y,,A,01,0,0,1,0,0,0,0,0,0,"- ","- ",37.634650000000001,-122.43895000000001,"SAN MATEO","SAN BRUNO",-122.43868559000001,37.634157899999998
6787620,2015,2015-11-13,9330,2015-01-13,1620,16184,,2,2,4,4120,0,1,3,,2,031,"RT 92","FOSTER CITY BL",300.00,W,N,A,-,Y,SM,4,92,-,R,13.340,H,-,E,Y,4,0,1,2,A,-,03,22350,,N,C,C,A,A,H,-,A,D,1,,,,,Y,,A,01,0,0,1,0,0,0,0,0,0,"- ","- ",37.562139999999999,-122.27518000000001,"SAN MATEO","FOSTER CITY",-122.27701333,37.561192849999998
6787624,2015,2016-09-07,9330,2015-01-13,1000,16534,,2,1,5,4116,0,1,2,,2,038,"RT 101","PENNSYLVANIA AV",528.00,S,N,A,-,Y,SM,4,101,-,-,16.480,H,-,N,N,4,0,1,3,A,-,03,22350,,N,C,C,A,A,H,-,A,D,1,,,,,Y,,A,07,0,0,1,0,0,0,0,0,0,"- ","- ",,,"SAN MATEO","SAN MATEO",-122.35963977999999,37.589223279999999
6789593,2015,2015-02-24,4117,2015-01-09,1720,04JL03,01AK,5,5,5,4117,0,0,0,,0,001,"GATEWAY BL","SOUTH AIRPORT BL",528.00,N,N,A,-,N,,,,,,,,,,N,3,0,1,2,A,-,09,21801,A,N,H,G,A,A,H,-,C,D,0,,Y,,,Y,,A,01,0,1,0,0,0,0,1,0,0,"- ","- ",37.649700000000003,-122.40553,"SAN MATEO","SOUTH SAN FRANCISCO",-122.40427059,37.650729599999998
6789622,2014,2015-02-09,4117,2014-12-25,1859,12BS04,24AA,4,5,5,4117,0,0,0,,0,004,"ORANGE AV","BADEN AV",0.00,,Y,A,-,N,,,,,,,,,,Y,3,0,1,2,A,-,09,21800,,N,B,C,A,A,H,-,D,D,0,,,,,Y,,A,01,0,1,0,0,0,0,0,0,0,"- ","- ",37.657060000000001,-122.4234,"SAN MATEO","SOUTH SAN FRANCISCO",-122.42341992,37.65706994
6790193,2015,2016-10-19,4117,2015-01-03,1810,9SL05,25AA,6,5,5,4117,0,0,0,,0,003,"RT 82","SOUTHWOOD DR",65.00,S,N,A,-,Y,SM,4,82,-,-,20.470,H,-,N,N,4,0,1,2,A,-,09,21804,A,N,D,C,A,A,H,-,C,D,0,,,,,Y,,A,01,0,0,1,0,0,0,0,0,0,"- ","- ",37.65258,-122.43698000000001,"SAN MATEO","SOUTH SAN FRANCISCO",-122.43228473000001,37.652927859999998
6791949,2015,2016-10-19,4104,2015-01-08,1935,0221,8,4,5,4,4104,0,0,0,,0,00A,"EL CAMINO REAL","CARMELITA AV",0.00,,Y,A,-,Y,SM,4,82,-,-,14.266,I,5,N,N,3,0,1,2,A,-,10,21950,A,N,G,B,B,A,H,-,C,A,0,Y,,,Y,Y,,F,76,0,1,0,0,1,0,0,0,0,"- ","- ",37.58305,-122.36434,"SAN MATEO",BURLINGAME,-122.36403051000001,37.582938040000002
6792968,2015,2016-09-07,9330,2015-01-22,0500,016324,,4,3,9,4100,0,1,3,,1,020,"RT 1","TUNITAS CREEK RD",3696.00,S,N,B,-,Y,SM,4,1,-,-,20.280,H,-,N,Y,4,0,1,1,A,-,08,22107,,N,E,I,A,A,H,-,D,D,0,,,,,Y,,A,01,0,0,1,0,0,0,0,0,0,"- ","- ",37.35004,-122.89801,"SAN MATEO",UNINCORPORATED,-122.39760783,37.349242969999999
6793032,2015,2015-02-19,4102,2015-01-18,1520,15200,1,7,5,4,4102,0,0,0,,0,001,"RALSTON AV","ISLAND PKWY",0.00,,Y,A,-,N,,,,,,,,,,N,3,0,1,1,A,-,08,22101,D,N,E,I,A,A,H,-,A,A,0,,,,,Y,,A,01,0,1,0,0,0,0,0,0,0,"- ","- ",,,"SAN MATEO",BELMONT,-122.26900994,37.527179959999998
6793315,2014,2015-02-09,4113,2014-12-21,1811,419,5,7,5,5,4113,0,0,0,,0,005,"WOODSIDE RD","BONITA ST",96.00,W,N,A,-,N,,,,,,,,,,Y,4,0,3,2,A,-,03,22350,,N,C,C,A,A,H,-,D,A,0,,,,,Y,,A,01,0,0,3,0,0,0,0,0,0,"- ","- ",,,"SAN MATEO","REDWOOD CITY",-122.22377762000001,37.468020299999999
6793802,2014,2015-02-03,4100,2014-10-02,1528,13750,1P,4,5,2,4118,0,0,0,,0,030,"RT 84","RT 280",0.00,,Y,A,-,Y,,,,,,,,,,Y,4,0,1,2,A,-,"- ",,,N,D,C,A,A,H,-,A,A,0,,,,,Y,,D,22,0,0,1,0,0,0,0,0,0,"- ",SF,,,"SAN MATEO",WOODSIDE,,