CASE_ID,ACCIDENT_YEAR,PROC_DATE,JURIS,COLLISION_DATE,COLLISION_TIME,OFFICER_ID,REPORTING_DISTRICT,DAY_OF_WEEK,CHP_SHIFT,POPULATION,CNTY_CITY_LOC,SPECIAL_COND,BEAT_TYPE,CHP_BEAT_TYPE,CITY_DIVISION_LAPD,CHP_BEAT_CLASS,BEAT_NUMBER,PRIMARY_RD,SECONDARY_RD,DISTANCE,DIRECTION,INTERSECTION,WEATHER_1,WEATHER_2,STATE_HWY_IND,CALTRANS_COUNTY,CALTRANS_DISTRICT,STATE_ROUTE,ROUTE_SUFFIX,POSTMILE_PREFIX,POSTMILE,LOCATION_TYPE,RAMP_INTERSECTION,SIDE_OF_HWY,TOW_AWAY,COLLISION_SEVERITY,NUMBER_KILLED,NUMBER_INJURED,PARTY_COUNT,PRIMARY_COLL_FACTOR,PCF_CODE_OF_VIOL,PCF_VIOL_CATEGORY,PCF_VIOLATION,PCF_VIOL_SUBSECTION,HIT_AND_RUN,TYPE_OF_COLLISION,MVIW,PED_ACTION,ROAD_SURFACE,ROAD_COND_1,ROAD_COND_2,LIGHTING,CONTROL_DEVICE,CHP_ROAD_TYPE,PEDESTRIAN_ACCIDENT,BICYCLE_ACCIDENT,MOTORCYCLE_ACCIDENT,TRUCK_ACCIDENT,NOT_PRIVATE_PROPERTY,ALCOHOL_INVOLVED,STWD_VEHTYPE_AT_FAULT,CHP_VEHTYPE_AT_FAULT,COUNT_SEVERE_INJ,COUNT_VISIBLE_INJ,COUNT_COMPLAINT_PAIN,COUNT_PED_KILLED,COUNT_PED_INJURED,COUNT_BICYCLIST_KILLED,COUNT_BICYCLIST_INJURED,COUNT_MC_KILLED,COUNT_MC_INJURED,PRIMARY_RAMP,SECONDARY_RAMP,LATITUDE,LONGITUDE,COUNTY,CITY,POINT_X,POINT_Y
7207447,2016,2016-03-16,4109,2016-02-01,1510,14048,28,1,5,4,4109,0,0,0,,0,001,"ELDER AV","VALPARAISO AV",0.00,,Y,A,-,N,,,,,,,,,,N,3,0,1,2,A,-,06,21755,,N,H,G,A,A,H,-,A,A,0,,Y,,,Y,,L,04,0,1,0,0,0,0,1,0,0,"- ","- ",37.440950000000001,-122.20005999999999,"SAN MATEO","MENLO PARK",-122.20005992,37.440969899999999
7208942,2016,2016-03-16,4102,2016-02-17,1624,48600,8,3,5,4,4102,0,0,0,,0,003,"RALSTON AV","DAVIS DR",0.00,,Y,B,C,N,,,,,,,,,,Y,4,0,1,2,A,-,04,21703,,N,C,C,A,B,H,-,A,A,0,,,,,Y,,A,07,0,0,1,0,0,0,0,0,0,"- ","- ",37.512250000000002,-122.30412,"SAN MATEO",BELMONT,-122.30936987,37.51254994
7210051,2016,2016-03-23,4103,2016-02-12,2335,PE300,1,5,5,2,4103,0,0,0,,0,00U,"BAYSHORE BL","INDUSTRIAL WY",0.00,,N,B,-,N,,,,,,,,,,N,4,0,1,2,A,-,03,22350,,M,C,C,A,A,H,-,C,A,0,,,Y,,Y,,-,,0,0,1,0,0,0,0,0,1,"- ","- ",37.70431,-122.40746,"SAN MATEO",BRISBANE,-122.40848996,37.700939939999998
7210536,2016,2016-04-05,4113,2016-03-11,2112,444,6,5,5,5,4113,0,0,0,,0,006,"OAK AV","ADAMS ST",33.00,E,N,C,-,N,,,,,,,,,,N,3,0,1,2,A,-,11,21954,A,N,G,B,E,B,H,-,C,A,0,Y,,,,Y,Y,N,60,0,1,0,0,1,0,0,0,0,"- ","- ",,,"SAN MATEO","REDWOOD CITY",-122.224689,37.47664365
7210642,2016,2016-03-28,4103,2016-03-01,1210,OL400,1,2,5,2,4103,0,0,0,,0,00U,"N HILL RD","GUADALUPE CANYON",997.00,S,N,A,-,N,,,,,,,,,,Y,2,0,2,1,A,-,03,22350,,N,F,A,A,A,H,-,A,D,0,,,,,Y,,A,01,1,1,0,0,0,0,0,0,0,"- ","- ",37.690890000000003,-122.4062,"SAN MATEO",BRISBANE,-122.4075026,37.690243520000003
7211340,2016,2016-03-29,4113,2016-03-07,2145,394,2,1,5,5,4113,0,0,0,,0,002,"ALLERTON ST",HOWLAND,78.00,S,N,A,-,N,,,,,,,,,,Y,3,0,1,5,A,-,11,21950,B,N,B,C,-,A,H,-,C,D,0,Y,,,,Y,Y,N,60,0,1,0,0,0,0,0,0,0,"- ","- ",37.49174,-122.23694,"SAN MATEO","REDWOOD CITY",-122.23582536000001,37.492294209999997
7213524,2016,2017-02-13,4114,2016-02-04,1100,0035,SNB32,4,5,4,4114,0,0,0,,0,003,"RT 35","SNEATH LN",78.00,S,N,A,-,Y,SM,4,35,-,-,24.840,H,-,N,N,4,0,1,3,A,-,03,22350,,N,C,C,A,A,H,-,A,A,0,,,,,Y,,A,01,0,0,1,0,0,0,0,0,0,"- ","- ",,,"SAN MATEO","SAN BRUNO",-122.44718967999999,37.624225940000002
7213752,2016,2017-02-11,4100,2016-01-31,1733,18710,5A,7,5,3,4107,0,0,0,,0,075,"RT 1","FILBERT ST",0.00,,Y,A,G,Y,SM,4,1,-,-,28.350,I,5,S,Y,4,0,1,2,A,-,08,22107,,N,D,C,A,A,H,-,B,D,0,,,,,Y,,A,01,0,0,1,0,0,0,0,0,0,"- ","- ",,,"SAN MATEO","HALF MOON BAY",-122.43418373999999,37.458390530000003
8002954,2016,2016-04-01,4100,2016-03-08,1902,17340,SNC,2,5,4,4115,0,0,0,,0,052,"HOWARD AV","INDUSTRIAL RD",0.00,,Y,A,-,N,,,,,,,,,,N,4,0,1,2,A,-,10,21950,A,N,A,B,B,B,H,-,C,A,0,Y,,,,Y,,A,01,0,0,1,0,1,0,0,0,0,"- ","- ",,,"SAN MATEO","SAN CARLOS",-122.24606993,37.501589969999998
8003671,2016,2017-02-11,4114,2016-03-12,2345,43,SNB99,6,5,4,4114,0,0,0,,0,001,"RT 82","RT 380",0.00,,Y,B,-,Y,SM,4,380,-,-,5.628,R,4,W,Y,4,0,2,2,A,-,12,21453,A,N,D,C,A,B,H,-,C,A,0,,,,,Y,,-,"- ",0,0,2,0,0,0,0,0,0,"- ",WF,,,"SAN MATEO","SAN BRUNO",-122.41651475,37.634118379999997
8003952,2016,2017-02-13,4114,2016-02-25,0603,0063,SNB5,4,5,4,4114,0,0,0,,0,001,"RT 82","EUCLID AV",0.00,,Y,A,-,Y,SM,4,82,-,-,18.737,I,5,N,N,4,0,1,2,A,-,21,22106,,N,C,C,A,A,H,-,C,A,0,,,,,Y,,A,07,0,0,1,0,0,0,0,0,0,"- ","- ",,,"SAN MATEO","SAN BRUNO",-122.41782704000001,37.630729670000001
8004103,2016,2016-03-30,4114,2016-02-22,1830,0035,SNB5,1,5,4,4114,0,0,0,,0,001,"SAN BRUNO AV WEST","EASTON AV",0.00,,Y,A,-,N,,,,,,,,,,N,3,0,1,2,A,-,10,21950,A,N,G,B,B,A,H,-,C,D,0,Y,,,,Y,,A,01,0,1,0,0,1,0,0,0,0,"- ","- ",,,"SAN MATEO","SAN BRUNO",-122.41436,37.629679959999997
8006025,2016,2016-03-24,4103,2016-01-08,2356,FL300,1,5,5,2,4103,0,0,0,,0,00U,"MARIPOSA ST","SAN BRUNO AV",102.00,W,N,C,-,N,,,,,,,,,,N,3,0,1,2,A,-,08,22107,,N,D,E,A,B,H,-,C,D,0,,,,,Y,,A,01,0,1,0,0,0,0,0,0,0,"- ","- ",37.683399999999999,-122.40201999999999,"SAN MATEO",BRISBANE,-122.40178156,37.683678819999997
8008510,2019,2019-08-01,4113,2019-06-16,0800,469,3,7,5,5,4113,0,0,0,,0,003,"WOODSIDE RD","MIDDLEFIELD RD",132.00,W,N,A,-,N,,,,,,,,,,N,3,0,1,2,A,-,03,22350,,N,C,C,A,A,H,-,A,D,0,,,,,Y,,A,01,0,1,0,0,0,0,0,0,0,"- ","- ",,,"SAN MATEO","REDWOOD CITY",-122.21938323974609,37.480792999267578
8010791,2016,2017-02-13,4109,2016-03-22,2045,14494,26,2,5,4,4109,0,0,0,,0,001,"MIDDLE AV","RT 82",225.00,W,N,A,-,Y,SM,4,82,-,-,7.900,I,6,S,Y,3,0,2,2,A,-,04,21703,,N,C,C,A,A,H,-,C,D,0,,,,,Y,,A,01,0,2,0,0,0,0,0,0,0,"- ","- ",37.450360000000003,-122.17914,"SAN MATEO","MENLO PARK",-122.27861141,37.52263919
8012305,2016,2016-04-06,4120,2016-02-12,1355,201,10,5,5,4,4120,0,0,0,,0,00Y,"METRO CENTER BL","METRO CENTER BL 1001",0.00,,Y,A,-,N,,,,,,,,,,Y,3,0,1,2,A,-,09,21804,,N,A,G,A,A,H,-,A,A,0,,Y,,,Y,,A,01,0,1,0,0,0,0,1,0,0,"- ","- ",37.56176,-122.27469000000001,"SAN MATEO","FOSTER CITY",-122.27422357,37.561052930000002
8012372,2016,2016-04-07,4114,2016-03-23,1434,0024,SNB2,3,5,4,4114,0,0,0,,0,001,"SAN BRUNO AV","7TH AV",15.00,W,N,A,-,N,,,,,,,,,,Y,4,0,1,2,A,-,09,21802,A,N,D,C,A,A,H,-,A,D,0,,,,,Y,,A,08,0,0,1,0,0,0,0,0,0,"- ","- ",,,"SAN MATEO","SAN BRUNO",-122.40552181,37.63091
8013062,2016,2017-02-13,4111,2016-03-04,2248,P5136,P12,5,5,4,4111,0,0,0,,0,002,"RT 1","ROCKAWAY BEACH AV",35.00,E,N,C,-,Y,SM,4,1,-,-,42.014,I,5,S,N,4,0,2,2,A,-,12,21453,A,N,D,D,A,B,H,-,C,A,0,,,,,Y,,A,01,0,0,2,0,0,0,0,0,0,"- ","- ",,,"SAN MATEO",PACIFICA,-122.49526544,37.608806790000003
8013075,2016,2016-04-13,4111,2016-03-30,1616,P5015,P02,3,5,4,4111,0,0,0,,0,0P1,"GATEWAY DR","SEABREEZE CT",45.00,S,N,A,-,N,,,,,,,,,,Y,4,0,1,2,A,-,08,22107,,N,C,E,A,A,H,-,A,D,0,,,,,Y,,A,01,0,0,1,0,0,0,0,0,0,"- ","- ",,,"SAN MATEO",PACIFICA,-122.48431290000001,37.66529877
8013773,2016,2016-04-14,4117,2016-03-25,1255,06AP03,28AD,5,5,5,4117,0,0,0,,0,003,"HILTON AV","HICKEY BL",0.00,,Y,A,-,N,,,,,,,,,,N,3,0,1,2,A,-,21,22106,,N,G,B,B,A,H,-,A,A,0,Y,,,,Y,,A,07,0,1,0,0,1,0,0,0,0,"- ","- ",37.665860000000002,-122.45618,"SAN MATEO","SOUTH SAN FRANCISCO",-122.45593999,37.665649899999998
8014747,2016,2016-05-09,4106,2016-03-09,1200,1272,14,3,5,6,4106,0,0,0,,0,006,"SURREY CT",MARBLY,24.00,E,N,B,C,N,,,,,,,,,,Y,3,0,1,2,A,-,09,21801,A,N,A,C,A,B,H,-,A,D,0,,,,,Y,,A,01,0,1,0,0,0,0,0,0,0,"- ","- ",,,"SAN MATEO","DALY CITY",-122.46756376,37.661095950000004
8014751,2016,2017-02-09,4106,2016-03-13,0001,1130,4,7,5,6,4106,0,0,0,,0,003,"MISSION ST","COMO AV",0.00,,Y,B,-,Y,SM,4,82,-,-,24.510,I,5,N,N,4,0,2,3,A,-,09,21802,A,N,D,C,A,B,H,-,C,A,0,,,,,Y,,A,01,0,0,2,0,0,0,0,0,0,"- ","- ",37.700200000000002,-122.46379,"SAN MATEO","DALY CITY",-122.46371794,37.700206420000001
8014755,2016,2016-05-09,4106,2016-03-31,1639,1180,7,4,5,6,4106,0,0,0,,0,002,"HILLSIDE BL","E MARKET AV",0.00,,Y,A,-,N,,,,,,,,,,N,4,0,1,2,A,-,09,21806,A,N,D,D,A,A,H,-,A,A,0,,,,,Y,,A,01,0,0,1,0,0,0,0,0,0,"- ","- ",37.689959999999999,-122.46118,"SAN MATEO","DALY CITY",-122.46116988999999,37.689959880000004
8018386,2016,2016-04-26,4117,2016-03-18,2157,16BG01,27AO,5,5,5,4117,0,0,0,,0,002,"WESTBOROUGH BL","GALWAY DR",0.00,,Y,A,-,N,,,,,,,,,,Y,4,0,1,2,A,-,12,21453,A,N,D,C,A,A,H,-,C,A,0,,,,,Y,,A,01,0,0,1,0,0,0,0,0,0,"- ","- ",37.643219999999999,-122.45719,"SAN MATEO","SOUTH SAN FRANCISCO",-122.45726000000001,37.643099919999997
8020060,2016,2016-04-18,4102,2016-03-28,0757,53200,10,1,5,4,4102,0,0,0,,0,003,"RALSTON AV","BELMONT CANYON RD",55.00,E,N,A,F,N,,,,,,,,,,Y,4,0,3,3,A,-,03,22350,,N,C,C,A,A,H,-,A,D,0,,,,,Y,,E,22,0,0,3,0,0,0,0,0,0,"- ","- ",37.511060000000001,-122.32147000000001,"SAN MATEO",BELMONT,-122.32245077,37.511059590000002
8021140,2016,2017-02-11,4114,2016-03-21,1554,0905,SNB7,1,5,4,4114,0,0,0,,0,002,"RT 82","TAYLOR AV",100.00,S,N,B,C,Y,SM,4,82,-,-,17.970,H,-,N,N,4,0,2,3,A,-,03,22350,,N,C,C,A,B,H,-,A,A,0,,,,,Y,,D,22,0,0,2,0,0,0,0,0,0,"- ","- ",,,"SAN MATEO","SAN BRUNO",-122.41111468,37.62084977
8021321,2016,2016-04-19,4114,2016-03-15,1514,0058,SNB1,2,5,4,4114,0,0,0,,0,001,"SAN MATEO AV","TANFORAN AV",262.00,S,N,A,-,N,,,,,,,,,,Y,4,0,1,2,A,-,09,21801,,N,A,C,A,A,H,-,A,D,0,,,,,Y,,A,01,0,0,1,0,0,0,0,0,0,"- ","- ",,,"SAN MATEO","SAN BRUNO",-122.41158467,37.640450690000002
8024563,2016,2016-05-13,4113,2016-04-19,1935,295,2,2,5,5,4113,0,0,0,,0,002,"VETERANS BL","JEFFERSON AV",0.00,,Y,A,-,N,,,,,,,,,,Y,4,0,2,2,A,-,12,21453,A,N,D,C,A,A,H,-,A,A,0,,,,,Y,,A,01,0,0,2,0,0,0,0,0,0,"- ","- ",37.490459999999999,-122.22839,"SAN MATEO","REDWOOD CITY",-122.22840986,37.490299999999998
8026915,2016,2016-08-29,4113,2016-04-05,1354,387,8,2,5,5,4113,0,0,0,,0,008,"MASSACHUSETTS AV","VIRGINIA AV",355.00,S,N,A,-,N,,,,,,,,,,Y,4,0,1,3,A,-,05,21650,,N,B,E,A,A,H,-,A,A,0,,,,,Y,,A,07,0,0,1,0,0,0,0,0,0,"- ","- ",37.456620000000001,-122.2299,"SAN MATEO","REDWOOD CITY",-122.22933419,37.457140600000002
8030170,2016,2017-02-11,4100,2016-03-22,2042,19900,J,2,5,3,4110,0,0,0,,0,062,"RT 82","SAN DIEGO",60.00,S,N,A,-,Y,SM,4,82,-,-,17.260,H,-,N,N,3,0,1,2,A,-,11,21954,A,N,G,B,D,A,H,-,C,D,0,Y,,,,Y,Y,N,60,0,1,0,0,1,0,0,0,0,"- ","- ",,,"SAN MATEO",MILLBRAE,-122.40361876999999,37.612513509999999
8030237,2016,2017-02-11,4100,2016-03-29,2302,19900,5T,2,5,3,4110,0,0,0,,0,062,"RT 82","MEADOW GLEN AV",461.00,S,N,A,-,Y,SM,4,82,-,-,16.580,H,-,N,N,2,0,1,2,A,-,11,21954,A,F,G,B,D,A,H,-,C,D,0,Y,,,,Y,Y,N,60,1,0,0,0,1,0,0,0,0,"- ","- ",,,"SAN MATEO",MILLBRAE,-122.3955797,37.605023979999999
8032941,2016,2016-05-05,4106,2016-03-05,1453,2035,7,6,5,6,4106,0,0,0,,0,002,"EAST MARKET ST","2ND AV",39.00,E,N,B,C,N,,,,,,,,,,N,4,0,1,2,A,-,21,22106,,N,D,C,A,B,H,-,A,D,0,,,,,Y,,A,01,0,0,1,0,0,0,0,0,0,"- ","- ",37.689749999999997,-122.46334,"SAN MATEO","DALY CITY",-122.46318518,37.689729999999997
8032947,2016,2016-05-04,4106,2016-04-05,0757,1094,5,2,5,6,4106,0,0,0,,0,003,"JUNIPERO SERRA BL","90TH ST",0.00,,Y,A,-,N,,,280,,,,,,,Y,4,0,2,2,A,-,09,21802,A,N,D,C,A,A,H,-,A,A,0,,,,,Y,,A,01,0,0,2,0,0,0,0,0,0,"- ","- ",37.691139999999997,-122.47102,"SAN MATEO","DALY CITY",-122.47052558,37.691139440000001
8032953,2016,2016-05-05,4106,2016-03-09,0900,1272,12,3,5,6,4106,0,0,0,,0,005,"SAINT FRANCIS BL","SOUTH GATE AV",9.00,S,N,B,C,N,,,,,,,,,,N,3,0,1,2,A,-,10,21950,A,N,G,B,B,B,H,-,A,A,0,Y,,,,Y,,A,01,0,1,0,0,1,0,0,0,0,"- ","- ",37.681269999999998,-122.49120000000001,"SAN MATEO","DALY CITY",-122.47959557,37.675828590000002
8032988,2016,2017-02-09,4106,2016-03-19,1607,2087,4,6,5,6,4106,0,0,0,,0,003,"JOHN DALY BL","JUNIPERO SERRO",0.00,,Y,A,-,Y,SM,4,1,-,-,48.554,R,4,N,N,2,0,1,3,A,-,00,23153,E,N,D,C,A,A,H,-,A,A,0,,,,,Y,,A,01,1,0,0,0,0,0,0,0,0,"- ","- ",37.704999999999998,-122.47076,"SAN MATEO","DALY CITY",-122.47104495000001,37.708209940000003
8033012,2016,2016-05-05,4106,2016-02-21,0652,1249,6,7,5,6,4106,0,0,0,,0,002,"ABBOT AV","THEIRS ST",36.00,N,N,A,-,N,,,,,,,,,,N,4,0,1,8,A,-,03,22350,,N,A,E,A,A,G,-,B,A,0,,,,,Y,,A,01,0,0,1,0,0,0,0,0,0,"- ","- ",37.697220000000002,-122.46096,"SAN MATEO","DALY CITY",-122.46114409,37.697508849999998
8033908,2016,2016-05-10,4111,2016-04-09,1924,P5058,P02,6,5,4,4111,0,0,0,,0,0P1,"GATEWAY DR","HICKEY BL",0.00,,Y,C,-,N,,,,,,,,,,N,4,0,1,2,A,-,09,21804,,N,D,C,A,B,H,-,C,D,0,,,,,Y,,A,01,0,0,1,0,0,0,0,0,0,"- ","- ",37.659660000000002,-122.47797,"SAN MATEO",PACIFICA,-122.47798997,37.659689970000002
8035122,2016,2016-05-12,4102,2016-04-20,1530,29350,3,3,5,4,4102,0,0,0,,0,002,"TALBRYN DR","PALOMA AV",0.00,,Y,A,-,N,,,,,,,,,,N,3,0,1,2,A,-,12,22450,A,N,H,G,A,A,H,-,A,A,0,,Y,,,Y,,L,04,0,1,0,0,0,0,1,0,0,"- ","- ",37.515329999999999,-122.27535,"SAN MATEO",BELMONT,-122.27534989999999,37.515319910000002
8039291,2016,2016-05-26,4114,2016-04-29,1920,0030,SNB2,5,5,4,4114,0,0,0,,0,001,"4TH AV","PINE ST",0.00,,Y,A,-,N,,,,,,,,,,N,3,0,1,1,A,-,01,23152,A,N,E,I,A,A,H,-,A,A,0,,,,,Y,Y,-,,0,1,0,0,0,0,0,0,0,"- ","- ",,,"SAN MATEO","SAN BRUNO",-122.40759989999999,37.628869899999998
8039364,2016,2016-05-25,4114,2016-05-07,1156,0896,SNB5,6,5,4,4114,0,0,0,,0,001,"MILLS AV","EUCLID AV",0.00,,Y,C,-,N,,,,,,,,,,Y,3,0,2,2,A,-,12,22450,A,N,D,C,A,B,H,-,A,A,0,,,,,Y,,A,01,0,1,1,0,0,0,0,0,0,"- ","- ",,,"SAN MATEO","SAN BRUNO",-122.41387,37.632109909999997
8039551,2016,2016-05-13,4113,2016-04-16,0000,431,6,6,5,5,4113,0,0,0,,0,006,"EL CAMINO REAL","MAPLE ST",0.00,S,N,A,-,N,,,,,,,,,,N,4,0,3,5,A,-,03,22350,,N,C,C,A,A,H,-,A,A,0,,,,,Y,,A,08,0,0,3,0,0,0,0,0,0,"- ","- ",,,"SAN MATEO","REDWOOD CITY",-122.22719995,37.480289929999998
8040182,2016,2016-05-13,4113,2016-05-02,0654,382,3,1,5,5,4113,0,0,0,,0,003,"MIDDLEFIELD RD","PINE ST",25.00,W,N,A,-,N,,,,,,,,,,N,3,0,1,2,A,-,11,21954,A,N,G,B,E,A,H,-,A,D,0,Y,,,,Y,,N,60,0,1,0,0,1,0,0,0,0,"- ","- ",37.481830000000002,-122.22087999999999,"SAN MATEO","REDWOOD CITY",-122.22092667,37.48189137
8040190,2016,2016-05-13,4113,2016-05-04,1635,440,8,3,5,5,4113,0,0,0,,0,008,"MCGARVEY AV","FARM HILL BL",25.00,N,N,A,-,N,,,,,,,,,,N,3,0,1,2,A,-,03,22350,A,N,B,G,A,A,H,-,A,D,0,,Y,,,Y,,L,04,0,1,0,0,0,0,1,0,0,"- ","- ",37.460889999999999,-122.24991,"SAN MATEO","REDWOOD CITY",-122.24982701,37.460926489999999
8040387,2016,2016-05-16,4114,2016-04-28,1655,0037,SNB8,4,5,4,4114,0,0,0,,0,002,"SAN ANTONIO AV","SAN BENITO AV",101.00,N,N,B,-,N,,,,,,,,,,N,3,0,1,2,A,-,06,21750,A,N,B,C,A,A,H,-,A,D,0,,,Y,,Y,,A,08,0,1,0,0,0,0,0,0,1,"- ","- ",,,"SAN MATEO","SAN BRUNO",-122.40277983,37.616167750000002
8042804,2016,2016-05-18,4117,2016-04-22,0815,12PF06,19BB,5,5,5,4117,0,0,0,,0,002,"SHANNON DR","OLYMPIC DR",128.00,W,N,B,-,N,,,,,,,,,,Y,2,0,1,4,A,-,08,22107,,N,B,E,A,A,H,-,A,A,0,,,,,Y,,A,01,1,0,0,0,0,0,0,0,0,"- ","- ",37.639009999999999,-122.45479,"SAN MATEO","SOUTH SAN FRANCISCO",-122.4549524,37.639004540000002
8044308,2016,2017-02-18,4104,2016-05-02,0635,0211,20,1,5,4,4104,0,0,0,,0,00C,BROADWAY,"RT 101",0.00,,Y,B,-,Y,SCL,4,101,-,-,16.701,R,4,S,Y,3,0,1,2,D,-,00,,,N,D,C,A,A,H,-,A,A,0,,,,,Y,,-,"- ",0,1,0,0,0,0,0,0,0,"- ","- ",,,"SAN MATEO",BURLINGAME,-121.64213314,37.142044689999999
8044348,2016,2016-05-24,4114,2016-05-14,0110,16070,J,6,5,4,4114,0,0,0,,0,060,"LOMITA AV","BAYVIEW AV",214.00,E,N,A,-,N,,,,,,,,,,Y,4,0,1,5,A,-,01,23152,A,M,C,E,A,A,H,-,C,D,0,,,,,Y,,A,01,0,0,1,0,0,0,0,0,0,"- ","- ",,,"SAN MATEO","SAN BRUNO",-122.41532874000001,37.609636440000003
8044350,2016,2017-02-18,4100,2016-04-19,2024,16330,1L,2,5,2,4118,0,0,0,,0,003,"WOODSIDE RD","RT 280",0.00,,Y,A,-,Y,SM,4,280,-,-,21.587,I,5,S,Y,3,0,3,2,A,-,12,21453,A,N,D,C,A,A,H,-,C,A,0,,,,,Y,,A,01,0,1,2,0,0,0,0,0,0,"- ",NO,37.268999999999998,-122.1434,"SAN MATEO",WOODSIDE,-122.43495333,37.630230269999998
8044397,2016,2016-05-25,4100,2016-04-28,2200,17990,MLB,4,5,3,4110,0,0,0,,0,061,"CALIFORNIA DR","MURCHISON DR",947.00,N,N,A,-,N,,,,,,,,,,N,3,0,1,2,A,-,03,22350,,N,G,B,D,A,H,-,C,D,0,Y,,,,Y,,A,01,0,1,0,0,1,0,0,0,0,"- ","- ",,,"SAN MATEO",MILLBRAE,-122.38647,37.598889999999997
8044569,2016,2017-02-11,4104,2016-05-04,0917,0230,4,3,5,4,4104,0,0,0,,0,00A,"EL CAMINO REAL","CHAPIN AV",0.00,,Y,A,-,Y,SM,4,82,-,-,13.440,I,5,N,Y,4,0,1,2,A,-,09,21801,A,N,D,C,A,A,H,-,A,A,0,,,,,Y,,A,07,0,0,1,0,0,0,0,0,0,"- ","- ",,,"SAN MATEO",BURLINGAME,-122.35137831,37.576747240000003
8046391,2016,2016-05-23,4127,2016-03-31,2057,2228,4127,4,5,4,4127,0,0,0,,0,003,"PULGAS AV","PULGAS AV 2274",0.00,,N,A,-,N,,,,,,,,,,N,3,0,1,1,A,-,08,22107,,N,A,-,A,A,H,-,C,D,0,,Y,,,Y,,L,04,0,1,0,0,0,0,1,0,0,"- ","- ",,,"SAN MATEO","EAST PALO ALTO",-122.13026047,37.467782810000003
8048410,2016,2017-02-18,4100,2016-04-03,1934,18710,5D,7,5,3,4107,0,0,0,,0,075,"RT 92","MAIN ST",2640.00,E,N,A,-,Y,SM,4,92,-,-,0.700,H,-,E,Y,4,0,1,2,A,-,01,23152,,N,B,C,A,A,H,-,B,D,0,,,,,Y,Y,A,01,0,0,1,0,0,0,0,0,0,"- ","- ",,,"SAN MATEO","HALF MOON BAY",-122.42211417999999,37.470916920000001
8051193,2016,2016-06-02,4113,2016-04-30,1849,359,3,6,5,5,4113,0,0,0,,0,003,"HILTON ST","ELM ST",0.00,,Y,A,-,N,,,,,,,,,,N,4,0,1,2,A,-,09,21800,B,N,H,C,A,A,H,-,A,D,0,,,,,Y,,A,01,0,0,1,0,0,0,0,0,0,"- ","- ",,,"SAN MATEO","REDWOOD CITY",-122.22278999,37.484989990000003
8052560,2016,2016-06-07,4113,2016-02-05,1444,369,4113,5,5,5,4113,0,0,0,,0,006,"HUDSON ST","ROOSEVELT AV",15.00,N,N,A,-,N,,,,,,,,,,N,4,0,1,2,A,-,03,22350,,N,C,C,A,A,H,-,A,A,0,,,,,Y,,A,01,0,0,1,0,0,0,0,0,0,"- ","- ",,,"SAN MATEO","REDWOOD CITY",-122.23213042,37.473943319999997
8054101,2016,2016-06-03,4113,2016-05-07,0323,424,4,6,5,5,4113,0,0,0,,0,004,"FLYNN AV",MIDDLEFIELD,6.00,W,N,A,-,N,,,,,,,,,,Y,3,0,1,2,A,-,01,23152,,N,D,C,A,A,H,-,C,A,0,,,,,Y,Y,A,01,0,1,0,0,0,0,0,0,0,"- ","- ",37.478949999999998,-122.21471,"SAN MATEO","REDWOOD CITY",-122.21475,37.478909999999999
8054815,2016,2016-08-08,4117,2016-06-03,1748,00KS20,14AB,5,5,5,4117,0,0,0,,0,001,"MANZANITA AV","MYRTLE AV",245.00,N,N,A,-,N,,,,,,,,,,Y,3,0,1,3,A,-,01,23152,A,N,B,E,A,A,H,-,A,D,0,,,,,Y,Y,A,01,0,1,0,0,0,0,0,0,0,"- ","- ",37.649009999999997,-122.42180999999999,"SAN MATEO","SOUTH SAN FRANCISCO",-122.42159187999999,37.648908169999999
8057614,2016,2016-06-18,4113,2016-05-15,1819,446,11,7,5,5,4113,0,0,0,,0,"3 2","BROADWAY ST","MARSHAL ST",0.00,,Y,A,-,N,,,,,,,,,,N,4,0,5,2,A,-,04,21703,,N,C,C,A,A,H,-,A,A,0,,,,,Y,,-,,0,0,5,0,0,0,0,0,0,"- ","- ",37.487670000000001,-122.22638999999999,"SAN MATEO","REDWOOD CITY",-122.23235990000001,37.486619949999998
8057620,2016,2016-06-18,4113,2016-05-19,1926,295,3,4,5,5,4113,0,0,0,,0,003,"MIDDLEFIELD RD","CASSIA ST",0.00,,Y,A,-,N,,,,,,,,,,N,4,0,1,2,D,-,00,,,N,D,C,A,A,H,-,A,A,0,,,,,Y,,-,"- ",0,0,1,0,0,0,0,0,0,"- ","- ",37.483600000000003,-122.22479,"SAN MATEO","REDWOOD CITY",-122.22479994,37.483609899999998
8057644,2016,2016-06-15,4113,2016-05-22,0216,424,3,7,5,5,4113,0,0,0,,0,003,BROADWAY,"BEECH ST",26.00,N,N,A,-,N,,,,,,,,,,Y,3,0,2,3,A,-,01,23153,,N,C,E,A,A,H,-,C,D,0,,,,,Y,Y,A,01,0,1,1,0,0,0,0,0,0,"- ","- ",37.487160000000003,-122.22145,"SAN MATEO","REDWOOD CITY",-122.22114000000001,37.48686
8058746,2016,2017-02-09,4106,2016-02-21,1712,2063,4,7,5,6,4106,0,0,0,,0,003,"MISSION ST","EASTLAKE BL",6.00,N,N,A,-,Y,SM,4,82,-,-,24.470,H,-,N,N,2,0,1,2,A,-,11,21950,B,N,G,B,B,A,-,-,C,B,0,Y,,,,Y,,N,60,1,0,0,0,1,0,0,0,0,"- ","- ",37.699570000000001,-122.46387,"SAN MATEO","DALY CITY",-122.46387175,37.69963843
8058810,2016,2016-06-21,4117,2016-05-20,1305,84MS01,01AQ,5,5,5,4117,0,0,0,,0,001,"EAST GRAND AV","E GRAND AV 100",0.00,,Y,B,-,N,,,,,,,,,,N,4,0,1,2,A,-,21,22106,,N,D,G,A,A,H,-,A,A,0,,Y,,,Y,,D,82,0,0,1,0,0,0,1,0,0,"- ","- ",37.654710000000001,-122.40774,"SAN MATEO","SOUTH SAN FRANCISCO",-122.40539074,37.654430820000002