CASE_ID,ACCIDENT_YEAR,PROC_DATE,JURIS,COLLISION_DATE,COLLISION_TIME,OFFICER_ID,REPORTING_DISTRICT,DAY_OF_WEEK,CHP_SHIFT,POPULATION,CNTY_CITY_LOC,SPECIAL_COND,BEAT_TYPE,CHP_BEAT_TYPE,CITY_DIVISION_LAPD,CHP_BEAT_CLASS,BEAT_NUMBER,PRIMARY_RD,SECONDARY_RD,DISTANCE,DIRECTION,INTERSECTION,WEATHER_1,WEATHER_2,STATE_HWY_IND,CALTRANS_COUNTY,CALTRANS_DISTRICT,STATE_ROUTE,ROUTE_SUFFIX,POSTMILE_PREFIX,POSTMILE,LOCATION_TYPE,RAMP_INTERSECTION,SIDE_OF_HWY,TOW_AWAY,COLLISION_SEVERITY,NUMBER_KILLED,NUMBER_INJURED,PARTY_COUNT,PRIMARY_COLL_FACTOR,PCF_CODE_OF_VIOL,PCF_VIOL_CATEGORY,PCF_VIOLATION,PCF_VIOL_SUBSECTION,HIT_AND_RUN,TYPE_OF_COLLISION,MVIW,PED_ACTION,ROAD_SURFACE,ROAD_COND_1,ROAD_COND_2,LIGHTING,CONTROL_DEVICE,CHP_ROAD_TYPE,PEDESTRIAN_ACCIDENT,BICYCLE_ACCIDENT,MOTORCYCLE_ACCIDENT,TRUCK_ACCIDENT,NOT_PRIVATE_PROPERTY,ALCOHOL_INVOLVED,STWD_VEHTYPE_AT_FAULT,CHP_VEHTYPE_AT_FAULT,COUNT_SEVERE_INJ,COUNT_VISIBLE_INJ,COUNT_COMPLAINT_PAIN,COUNT_PED_KILLED,COUNT_PED_INJURED,COUNT_BICYCLIST_KILLED,COUNT_BICYCLIST_INJURED,COUNT_MC_KILLED,COUNT_MC_INJURED,PRIMARY_RAMP,SECONDARY_RAMP,LATITUDE,LONGITUDE,COUNTY,CITY,POINT_X,POINT_Y
8059707,2016,2016-06-11,4106,2016-05-26,1908,2055,13,4,5,6,4106,0,0,0,,0,006,"HICKEY BL","ST FRANCIS",0.00,,Y,A,-,N,,,,,,,,,,N,3,0,1,1,A,-,01,23152,,N,E,J,A,A,H,-,A,D,0,,,,,Y,Y,A,07,0,1,0,0,0,0,0,0,0,"- ","- ",37.66328,-122.47569,"SAN MATEO","DALY CITY",-122.47579989,37.663329930000003
8059711,2016,2016-06-11,4106,2016-05-10,1520,1180,5,2,5,6,4106,0,0,0,,0,003,"SAN PEDRO RD","JUNIPERO SERRA BL",0.00,,Y,A,-,N,,,,,,,,,,N,4,0,2,2,A,-,04,21703,,N,C,C,A,A,H,-,A,A,0,,,,,Y,,A,01,0,0,2,0,0,0,0,0,0,"- ","- ",37.68571,-122.47078999999999,"SAN MATEO","DALY CITY",-122.47075997,37.685669900000001
8059739,2016,2016-06-11,4106,2016-05-11,2120,1263,1,3,5,6,4106,0,0,0,,0,001,"GENEVA AV","ORIENTE ST",0.00,,Y,B,-,N,,,,,,,,,,N,4,0,3,2,A,-,09,21802,A,N,D,C,A,A,H,-,C,D,0,,,,,Y,,A,01,0,0,3,0,0,0,0,0,0,"- ","- ",37.729309999999998,-122.40769,"SAN MATEO","DALY CITY",-122.41407988,37.706629919999997
8062066,2016,2016-07-13,4117,2016-06-16,1019,06AP03,01AD,4,5,5,4117,0,0,0,,0,004,"EAST GRAND AV","GATEWAY BL",0.00,,Y,A,-,N,,,,,,,,,,Y,2,0,3,2,A,-,09,21453,C,N,D,C,A,A,H,-,A,A,0,,,,,Y,,A,01,1,1,1,0,0,0,0,0,0,"- ","- ",37.654640000000001,-122.40226,"SAN MATEO","SOUTH SAN FRANCISCO",-122.40223987,37.654629960000001
8063499,2016,2017-02-09,4100,2016-06-07,0857,18650,0J,2,5,3,4107,0,0,0,,0,007,"106TH AV","FURTADO LN",0.00,,Y,B,-,Y,SM,4,1,-,-,31.300,I,5,N,Y,4,0,1,2,A,-,03,22350,,N,C,C,A,D,H,-,A,D,0,,,,Y,Y,,A,01,0,0,1,0,0,0,0,0,0,"- ","- ",,,"SAN MATEO","HALF MOON BAY",-122.45578664999999,37.495265500000002
8063580,2016,2017-02-17,4100,2016-05-03,0940,12810,1F,2,5,2,4118,0,0,0,,0,003,"RT 84","MPM 84 SM 15.62",0.00,,N,A,-,Y,SM,4,84,-,-,15.600,H,-,N,N,4,0,1,1,A,-,03,22350,,N,E,I,A,A,G,-,A,D,0,,Y,,,Y,,L,04,0,0,1,0,0,0,1,0,0,"- ","- ",,,"SAN MATEO",WOODSIDE,-122.2625176,37.389992479999997
8064194,2016,2016-06-21,4127,2016-05-10,1908,2233,4127,2,5,4,4127,0,0,0,,0,003,"AZALIA DR","VERBENA DR",0.00,,Y,A,-,N,,,,,,,,,,Y,3,0,1,2,A,-,12,22450,A,N,D,D,A,A,H,-,A,A,0,,,Y,,Y,,C,03,0,1,0,0,0,0,0,0,1,"- ","- ",,,"SAN MATEO","EAST PALO ALTO",-122.12793994,37.458789969999998
8064422,2016,2016-06-21,4127,2016-06-06,1942,2229,4127,1,5,4,4127,0,0,0,,0,003,"PULGAS AV","CYPRESS ST",0.00,,Y,A,-,N,,,,,,,,,,N,4,0,1,3,A,-,09,21801,B,N,D,C,A,A,H,-,A,A,0,,,,,Y,,A,01,0,0,1,0,0,0,0,0,0,"- ","- ",,,"SAN MATEO","EAST PALO ALTO",-122.13019987,37.465959929999997
8064532,2016,2016-06-21,4102,2016-05-23,1731,53200,3,1,5,4,4102,0,0,0,,0,002,"6TH AV","ONEILL AV",0.00,,Y,A,-,N,,,,,,,,,,N,4,0,1,2,A,-,10,21950,A,N,G,B,-,A,H,-,A,A,0,Y,,,,Y,,A,01,0,0,1,0,1,0,0,0,0,"- ","- ",37.517629999999997,-122.27502,"SAN MATEO",BELMONT,-122.27522994,37.517409929999999
8065210,2016,2017-02-18,4100,2016-04-11,1630,19820,,1,5,3,4110,0,0,0,,0,062,"RT 82","CENTER ST",96.00,S,N,A,-,Y,SM,4,82,-,-,16.830,H,-,N,Y,4,0,1,1,A,-,03,22350,,N,E,I,A,A,H,-,A,D,0,,,,,Y,,A,01,0,0,1,0,0,0,0,0,0,"- ","- ",,,"SAN MATEO",MILLBRAE,-122.39879333,37.607624979999997
8068236,2016,2017-02-04,4102,2016-06-01,1026,53200,1,3,5,4,4102,0,0,0,,0,001,"RT 82","HARBOR BL",0.00,,Y,A,-,Y,SM,4,82,-,-,7.380,I,5,N,N,4,0,1,2,A,-,04,21703,,N,C,C,A,A,H,-,A,A,0,,,,,Y,,A,01,0,0,1,0,0,0,0,0,0,"- ","- ",37.517029999999998,-122.27203,"SAN MATEO",BELMONT,-122.27204967999999,37.517148849999998
8068548,2016,2017-02-04,4102,2016-06-11,0825,81264,1,6,5,4,4102,0,0,0,,0,001,"EL CAMINO REAL","HARBOR BL",0.00,,Y,A,-,Y,SM,4,82,-,-,7.370,H,-,N,Y,4,0,1,3,A,-,03,22350,,N,C,C,A,A,H,-,A,A,0,,,,,Y,,A,01,0,0,1,0,0,0,0,0,0,"- ","- ",37.517029999999998,-122.27203,"SAN MATEO",BELMONT,-122.27192716,37.517046929999999
8069078,2016,2016-06-28,4113,2016-06-09,1800,434,6,4,5,5,4113,0,0,0,,0,006,"HUDSON ST","JEFFERSON AV",0.00,,Y,A,-,N,,,,,,,,,,N,3,0,1,2,A,-,08,22107,,N,H,G,A,A,H,-,A,A,0,,Y,,,Y,,A,07,0,1,0,0,0,0,1,0,0,"- ","- ",37.477510000000002,-122.2364,"SAN MATEO","REDWOOD CITY",-122.23639991,37.477509920000003
8069131,2016,2017-02-11,4111,2016-06-11,1147,P5121,P12,6,5,4,4111,0,0,0,,0,0P2,"CABRILLO HWY","SAN MARLO WY",314.00,N,N,A,-,Y,SM,4,1,-,-,42.190,H,-,S,N,4,0,2,4,A,-,03,22350,,N,C,C,A,A,H,-,A,D,0,,,,,Y,,A,01,0,0,2,0,0,0,0,0,0,"- ","- ",,,"SAN MATEO",PACIFICA,-122.49287303,37.610306110000003
8069295,2016,2016-06-28,4113,2016-06-08,1725,440,8,3,5,5,4113,0,0,0,,0,008,"WOODSIDE RD","MASSACHUSETTS AV",220.00,W,N,A,-,N,,,84,,,,,,,N,4,0,2,2,A,-,07,21658,A,N,D,C,A,A,H,-,A,D,0,,,,,Y,,A,01,0,0,2,0,0,0,0,0,0,"- ","- ",37.456409999999998,-122.22759000000001,"SAN MATEO","REDWOOD CITY",-122.22787768000001,37.456553040000003
8073364,2016,2016-07-08,4120,2016-05-26,1815,131,10,4,5,4,4120,0,0,0,,0,00Y,"EAST HILLSDALE BL","LIGHT STANDARD #1046",36.00,W,N,A,-,N,,,,,,,,,,N,3,0,4,3,A,-,03,22350,,N,C,C,A,A,H,-,A,D,0,,,,,Y,,D,22,0,1,3,0,0,0,0,0,0,"- ","- ",37.558520000000001,-122.27136,"SAN MATEO","FOSTER CITY",,
8073658,2016,2016-07-06,4120,2016-05-13,1610,201,9,5,5,4,4120,0,0,0,,0,00Y,"HILLSDALE BL","EDGEWATER BL",80.00,W,N,A,-,N,,,,,,,,,,Y,4,0,1,2,A,-,21,22106,,N,C,C,A,A,H,-,A,A,0,,,,,Y,,A,07,0,0,1,0,0,0,0,0,0,"- ","- ",37.554279999999999,-122.27746999999999,"SAN MATEO","FOSTER CITY",-122.27779108999999,37.554238400000003
8076268,2016,2016-07-11,4113,2016-06-22,1007,381,3,3,5,5,4113,0,0,0,,0,003,"LATHROP ST","CHESTNUT AV",61.00,S,N,A,-,N,,,,,,,,,,N,3,0,1,2,A,-,17,22517,,N,H,G,A,A,H,-,A,A,0,,Y,,,Y,,A,01,0,1,0,0,0,0,1,0,0,"- ","- ",37.47869,-122.22439,"SAN MATEO","REDWOOD CITY",-122.22451484,37.478777090000001
8079698,2016,2016-08-02,4113,2016-07-21,1300,359,6,4,5,5,4113,0,0,0,,0,006,"EBENER ST","REDWOOD AV",0.00,,Y,A,-,N,,,,,,,,,,Y,4,0,1,2,A,-,00,22802,A,N,B,C,A,A,H,-,A,D,0,,,,,Y,,A,01,0,0,1,0,0,0,0,0,0,"- ","- ",37.472450000000002,-122.22776,"SAN MATEO","REDWOOD CITY",-122.22774997,37.472439909999999
8079710,2016,2016-08-02,4113,2016-07-21,0940,351,4,4,5,5,4113,0,0,0,,0,003,"WILLOW ST","MIDDLEFIELD RD",0.00,,Y,A,-,N,,,,,,,,,,N,4,0,1,2,A,-,10,21950,,N,G,B,B,A,H,-,A,A,0,Y,,,,Y,,A,01,0,0,1,0,1,0,0,0,0,"- ","- ",37.482190000000003,-122.2216,"SAN MATEO","REDWOOD CITY",-122.21704995,37.480099899999999
8082088,2016,2016-07-13,4106,2016-05-07,1430,2115,5,6,5,6,4106,0,0,0,,0,003,"SCHOOL ST","BRUNO ST",0.00,,Y,A,-,N,,,,,,,,,,N,4,0,2,2,A,-,03,22350,,N,C,C,A,A,H,-,A,D,0,,,,,Y,,A,01,0,0,2,0,0,0,0,0,0,"- ","- ",37.693390000000001,-122.46590999999999,"SAN MATEO","DALY CITY",-122.46589998,37.693379970000002
8082092,2016,2016-07-13,4106,2016-05-22,0810,1180,4,7,5,6,4106,0,0,0,,0,003,"JUNIPERO SERRA BL","JOHN DALY BL",0.00,,Y,A,-,N,,,,,,,,,,Y,4,0,1,2,A,-,12,21453,A,N,D,D,A,A,H,-,A,D,0,,,,,Y,,A,01,0,0,1,0,0,0,0,0,0,"- ","- ",37.705069999999999,-122.4682,"SAN MATEO","DALY CITY",-122.47086994999999,37.704979969999997
8082126,2016,2016-07-19,4106,2016-06-01,1650,1180,5,3,5,6,4106,0,0,0,,0,003,"EDGEWORTH AV","89TH ST",0.00,,Y,A,-,N,,,,,,,,,,N,4,0,1,2,A,-,09,21802,A,N,D,C,A,A,H,-,A,D,0,,,,,Y,,A,01,0,0,1,0,0,0,0,0,0,"- ","- ",,,"SAN MATEO","DALY CITY",-122.47450997999999,37.691799920000001
8082130,2016,2016-07-15,4106,2016-06-06,0830,1094,6,1,5,6,4106,0,0,0,,0,002,"WYANDOTTE AV","EAST MARKET ST",41.00,N,N,B,-,N,,,,,,,,,,N,4,0,1,2,A,-,11,21954,A,N,G,B,D,A,H,-,A,D,0,Y,,,,Y,,N,60,0,0,1,0,1,0,0,0,0,"- ","- ",37.690559999999998,-122.45987,"SAN MATEO","DALY CITY",-122.45988138,37.690669839999998
8082142,2016,2016-07-15,4106,2016-06-01,1226,2035,5,3,5,6,4106,0,0,0,,0,003,"WASHINGTON ST","JUNIPERO SERRA BL",0.00,,Y,A,-,N,,,,,,,,,,Y,4,0,1,2,A,-,09,21801,A,N,A,C,A,A,H,-,A,A,0,,,,,Y,,A,01,0,0,1,0,0,0,0,0,0,"- ","- ",37.687890000000003,-122.47116,"SAN MATEO","DALY CITY",-122.47030994000001,37.68789993
8083938,2016,2016-07-19,4114,2016-05-08,1335,0037,SNB6,7,5,4,4114,0,0,0,,0,002,"ANGUS AV W","MASSON AV",25.00,W,N,A,-,N,,,,,,,,,,N,3,0,1,2,A,-,01,23152,A,N,B,E,A,A,H,-,A,D,0,,,,,Y,Y,A,01,0,1,0,0,0,0,0,0,0,"- ","- ",,,"SAN MATEO","SAN BRUNO",-122.41158684,37.626318660000003
8085044,2016,2016-07-19,4109,2016-06-22,1739,15164,99,3,5,4,4109,0,0,0,,0,001,"SAND HILL RD","MONTE ROSA DR",1050.00,W,N,A,-,N,,,,,,,,,,Y,4,0,1,2,A,-,03,22350,,N,C,C,A,A,H,-,B,D,0,,,,,Y,,A,01,0,0,1,0,0,0,0,0,0,"- ","- ",37.419690000000003,-122.22110000000001,"SAN MATEO","MENLO PARK",-122.20996576,37.42054074
8085050,2016,2016-07-27,4114,2016-06-20,1008,0062,SNB24,1,5,4,4114,0,0,0,,0,003,"CRESTWOOD DR","VALLEYWOOD DR",600.00,S,N,A,-,N,,,,,,,,,,Y,2,0,1,3,C,-,18,,,N,C,E,A,A,H,-,A,D,0,,,,,Y,,-,"- ",1,0,0,0,0,0,0,0,0,"- ","- ",,,"SAN MATEO","SAN BRUNO",-122.43952111999999,37.634516949999998
8085076,2016,2016-07-19,4109,2016-06-25,0357,15262,17A,6,5,4,4109,0,0,0,,0,002,"BOHANNON DR","SCOTT DR",0.00,,Y,A,-,N,,,,,,,,,,N,4,0,1,1,A,-,03,22350,,N,H,A,A,A,G,-,C,A,0,,,Y,,Y,,C,02,0,0,1,0,0,0,0,0,1,"- ","- ",37.477530000000002,-122.17859,"SAN MATEO","MENLO PARK",-122.17774985,37.481579920000001
8085119,2016,2016-07-19,4114,2016-06-19,1017,0037,SNB5,7,5,4,4114,0,0,0,,0,001,"SAN BRUNO AV WEST","EASTON AV",0.00,,Y,A,-,N,,,,,,,,,,Y,4,0,2,4,A,-,09,21802,A,N,D,C,A,A,H,-,A,A,0,,,,,Y,,A,01,0,0,2,0,0,0,0,0,0,"- ","- ",,,"SAN MATEO","SAN BRUNO",-122.41436,37.629679959999997
8085199,2016,2017-03-02,4114,2016-07-04,1258,0825,SNB4,1,5,4,4114,0,0,0,,0,001,"EL CAMINO REAL","SNEATH LN",140.00,S,N,A,-,Y,SM,4,82,-,-,19.180,H,-,S,N,4,0,1,3,A,-,03,22350,,N,C,C,A,A,H,-,A,D,0,,,,,Y,,A,07,0,0,1,0,0,0,0,0,0,"- ","- ",,,"SAN MATEO","SAN BRUNO",-122.42111368,37.636411590000002
8085847,2016,2016-07-22,4113,2016-07-05,1306,443,6,2,5,5,4113,0,0,0,,0,006,"EL CAMINO REAL","LINCOLN AV",100.00,N,N,A,-,N,,,82,,,,,,,Y,4,0,2,2,A,-,03,22350,,M,C,C,A,A,H,-,A,D,0,,,,,Y,,A,01,0,0,2,0,0,0,0,0,0,"- ","- ",37.479889999999997,-122.22648,"SAN MATEO","REDWOOD CITY",-122.22651344000001,37.479844759999999
8086755,2016,2016-07-14,4102,2016-06-29,0805,27750,2,3,5,4,4102,0,0,0,,0,002,"RALSTON AV",SOUTH,194.00,E,N,A,-,N,,,,,,,,,,N,4,0,1,1,A,-,05,21650,1,N,H,J,A,A,H,-,A,A,0,,Y,,,Y,,L,04,0,0,1,0,0,0,1,0,0,"- ","- ",37.517530000000001,-122.27844,"SAN MATEO",BELMONT,-122.27831392,37.51726206
8087914,2016,2016-07-25,4113,2016-07-18,2017,351,11,1,5,5,4113,0,0,0,,0,002,"MARSHALL ST","MIDDLEFIELD RD",40.00,S,N,A,-,N,,,,,,,,,,N,4,0,1,2,A,-,04,21703,,N,C,C,A,A,H,-,A,A,0,,,,,Y,,A,07,0,0,1,0,0,0,0,0,0,"- ","- ",37.487540000000003,-122.22922,"SAN MATEO","REDWOOD CITY",-122.22922,37.487520000000004
8090405,2016,2016-07-26,4114,2016-07-03,1224,0905,SNB2,7,5,4,4114,0,0,0,,0,001,"SAN BRUNO AVENUE","3RD AV",50.00,W,N,A,-,N,,,,,,,,,,N,4,0,1,2,A,-,03,22350,,M,A,C,A,A,H,-,A,D,0,,,,,Y,,A,01,0,0,1,0,0,0,0,0,0,"- ","- ",,,"SAN MATEO","SAN BRUNO",-122.40961256999999,37.630854309999997
8091198,2016,2016-07-28,4117,2016-07-18,1949,04RC07,06AC,1,5,5,4117,0,0,0,,0,004,"RANDOLPH AV","NORTH SPRUCE AV",15.00,W,N,B,-,N,,,,,,,,,,N,3,0,1,2,A,-,09,21804,A,N,A,C,A,A,H,-,A,A,0,,,Y,,Y,,C,02,0,1,0,0,0,0,0,0,1,"- ","- ",37.666020000000003,-122.40702,"SAN MATEO","SOUTH SAN FRANCISCO",-122.40704872000001,37.666034089999997
8091842,2016,2016-08-02,4117,2016-07-06,0556,04CD02,02AB,3,5,5,4117,0,0,0,,0,004,"OYSTER POINT BL","GULL DR",4.00,W,N,A,-,N,,,,,,,,,,Y,4,0,2,1,A,-,03,22350,,N,E,I,A,A,H,-,B,A,0,,,,,Y,,A,01,0,0,2,0,0,0,0,0,0,"- ","- ",37.662480000000002,-122.3861,"SAN MATEO","SOUTH SAN FRANCISCO",-122.38612372999999,37.662578689999997
8091882,2016,2017-03-02,4117,2016-07-10,1315,06KW06,21AK,7,5,5,4117,0,0,0,,0,003,"MCLELLAN DR","RT 82",13.00,E,N,A,-,Y,SM,4,82,-,-,21.501,I,6,N,N,4,0,1,2,A,-,03,22350,,N,C,C,A,A,H,-,A,A,0,,,,,Y,,A,01,0,0,1,0,0,0,0,0,0,"- ","- ",37.663580000000003,-122.44609,"SAN MATEO","SOUTH SAN FRANCISCO",-122.44553021,37.663382929999997
8091895,2016,2017-02-18,4109,2016-04-05,1538,14437,17A,2,5,4,4109,0,0,0,,0,002,"MARSH RD","RT 101",71.00,W,N,A,-,Y,SM,4,101,-,-,3.479,R,4,S,N,4,0,2,2,A,-,03,22350,,N,C,C,A,A,H,-,A,A,0,,,,,Y,,A,01,0,0,2,0,0,0,0,0,0,"- ",SF,37.481349999999999,-122.18356,"SAN MATEO","MENLO PARK",-122.17899937999999,37.482561920000002
8091898,2016,2016-08-01,4109,2016-03-26,1350,145601,26,6,5,4,4109,0,0,0,,0,001,"HOOVER ST","VALPARAISO AV",15.00,S,N,A,-,N,,,,,,,,,,N,2,0,1,2,A,-,10,21950,A,N,G,B,B,A,H,-,A,A,0,Y,,,,Y,,A,01,1,0,0,0,1,0,0,0,0,"- ","- ",37.454920000000001,-122.18841999999999,"SAN MATEO","MENLO PARK",-122.18836718,37.454906909999998
8091906,2016,2016-08-01,4109,2016-03-30,2320,145614,17,3,5,4,4109,0,0,0,,0,003,"CHILCO ST","HAMILTON AV",40.00,E,N,A,-,N,,,,,,,,,,Y,3,0,1,1,A,-,01,23152,A,M,E,I,A,A,H,-,C,D,0,,,,,Y,Y,A,01,0,1,0,0,0,0,0,0,0,"- ","- ",37.478259999999999,-122.161,"SAN MATEO","MENLO PARK",-122.16095344,37.478163789999996
8096389,2016,2016-08-08,4109,2016-05-18,1443,14916,21,3,5,4,4109,0,0,0,,0,002,"MENALTO AV","OKEEFE ST",0.00,,Y,A,-,N,,,,,,,,,,N,3,0,1,2,A,-,12,22450,,N,H,G,A,A,H,-,A,D,0,,Y,,,Y,,L,04,0,1,0,0,0,0,1,0,0,"- ","- ",37.462110000000003,-122.1516,"SAN MATEO","MENLO PARK",-122.15169988,37.462839989999999
8098352,2016,2016-08-05,4100,2016-07-20,1812,80130,HMB,3,5,3,4107,0,0,0,,0,075,"MAIN ST","LEWIS FOSTER DR",0.00,,Y,A,-,N,,,,,,,,,,N,3,0,3,2,A,-,04,21703,,N,C,C,A,A,H,-,A,D,0,,,,,Y,,-,,0,1,2,0,0,0,0,0,0,"- ","- ",,,"SAN MATEO","HALF MOON BAY",-122.43213992,37.469589999999997
8108219,2016,2016-08-23,4113,2016-07-27,2100,440,7,3,5,5,4113,0,0,0,,0,007,"WHIPPLE AV","CLINTON ST",90.00,W,N,A,-,N,,,,,,,,,,N,4,0,2,2,A,-,09,21804,A,N,C,C,A,A,H,-,C,D,0,,,,,Y,,A,01,0,0,2,0,0,0,0,0,0,"- ","- ",37.488430000000001,-122.24227,"SAN MATEO","REDWOOD CITY",-122.24248586,37.488262390000003
8112900,2016,2016-09-06,4113,2016-08-12,1303,446,3,5,5,5,4113,0,0,0,,0,003,"WOODSIDE RD","MIDDLEFIELD RD",0.00,,Y,A,-,N,,,84,,,,,,,N,4,0,1,3,A,-,03,22350,,N,C,C,A,A,H,-,A,A,0,,,,,Y,,A,01,0,0,1,0,0,0,0,0,0,"- ","- ",37.481099999999998,-122.21899000000001,"SAN MATEO","REDWOOD CITY",-122.21907124000001,37.481149459999997
8113166,2016,2017-01-23,4117,2016-08-27,1524,14MN05,,6,5,5,4117,0,0,0,,0,003,"WESTBOROUGH BL","RT 82",0.00,,Y,A,-,Y,SM,4,82,-,-,20.650,I,5,S,N,4,0,1,2,A,-,09,21453,C,N,D,C,A,A,H,-,A,A,0,,,,,Y,,A,01,0,0,1,0,0,0,0,0,0,"- ","- ",37.774929999999998,-122.41942,"SAN MATEO","SOUTH SAN FRANCISCO",-122.4343732,37.655144929999999
8113347,2016,2016-09-07,4120,2016-08-13,0910,201,2,6,5,4,4120,0,0,0,,0,00X,"BEACH PARK BL","SANDERLING ST",400.00,S,N,A,-,N,,,,,,,,,,Y,4,0,1,2,A,-,09,21804,A,N,B,C,A,A,H,-,A,D,0,,,,,Y,,A,01,0,0,1,0,0,0,0,0,0,"- ","- ",37.567660000000004,-122.25322,"SAN MATEO","FOSTER CITY",-122.25333754,37.567991540000001
8113383,2016,2016-09-08,4106,2016-07-24,0847,1265,03,7,5,6,4106,0,0,0,,0,002,"FLOURNOY ST","MISSION ST",108.00,W,N,A,-,N,,,,,,,,,,Y,4,0,1,4,A,-,01,23152,,N,A,E,A,A,H,-,A,D,0,,,,,Y,Y,A,01,0,0,1,0,0,0,0,0,0,"- ","- ",,,"SAN MATEO","DALY CITY",-122.459216,37.706840819999996
8113401,2016,2016-09-27,4106,2016-07-22,2050,2115,13,5,5,6,4106,0,0,0,,0,006,"SAINT FRANCIS BL","SERRAMONTE BL",0.00,,Y,A,-,N,,,,,,,,,,Y,4,0,1,2,A,-,01,23152,A,N,D,C,A,A,H,-,C,B,0,,,,,Y,Y,A,01,0,0,1,0,0,0,0,0,0,"- ","- ",37.669130000000003,-122.48016,"SAN MATEO","DALY CITY",-122.48012996,37.66906994
8113810,2016,2016-09-12,4104,2016-08-15,1633,0211,20,1,5,4,4104,0,0,0,,0,00C,"ADRIAN RD","ADRIAN CT",1014.00,S,N,A,-,N,,,,,,,,,,Y,4,0,2,4,A,-,00,23104,A,N,D,C,A,A,H,-,A,D,0,,,,,Y,,A,01,0,0,2,0,0,0,0,0,0,"- ","- ",37.598379999999999,-122.37604,"SAN MATEO",BURLINGAME,-122.37566377,37.59896234
8116924,2016,2017-02-13,4106,2016-06-21,1943,2053,14,2,5,6,4106,0,0,0,,0,006,"HICKEY BL","RT 280",0.00,,Y,A,-,Y,SM,4,280,-,R,24.081,R,4,S,Y,4,0,5,4,A,-,03,22350,,N,C,C,A,A,H,-,A,A,0,,,,,Y,,A,01,0,0,5,0,0,0,0,0,0,"- ","- ",37.664140000000003,-122.46811,"SAN MATEO","DALY CITY",-122.46545266,37.661779510000002
8116928,2016,2016-09-06,4106,2016-06-20,0940,1094,13,1,5,6,4106,0,0,0,,0,006,"CALLAN BL","SOUTHGATE AV",20.00,S,N,A,-,N,,,,,,,,,,N,3,0,1,2,A,-,10,21950,A,N,G,B,B,A,H,-,A,A,0,Y,,,,Y,,A,01,0,1,0,0,1,0,0,0,0,"- ","- ",37.675750000000001,-122.47189,"SAN MATEO","DALY CITY",-122.47187553000001,37.675688940000001
8121987,2016,2016-09-19,4103,2016-08-28,0241,SH450,1,7,5,2,4103,0,0,0,,0,00U,"LAGOON RD","EDGE OF LAGOON RD",6.00,S,N,A,-,N,,,,,,,,,,N,3,0,2,2,A,-,01,23152,A,N,F,A,A,A,H,-,D,D,0,,,,,Y,Y,-,,0,2,0,0,0,0,0,0,0,"- ","- ",37.689660000000003,-122.39174,"SAN MATEO",BRISBANE,,
8122987,2016,2016-09-20,4109,2016-08-01,1601,15164,,1,5,4,4109,0,0,0,,0,002,"MIDDLEFIELD RD","RINGWOOD AV",0.00,,Y,A,-,N,,,,,,,,,,Y,4,0,1,3,A,-,03,22350,,N,C,C,A,A,H,-,A,A,0,,,,,Y,,A,07,0,0,1,0,0,0,0,0,0,"- ","- ",37.459569999999999,-122.1739,"SAN MATEO","MENLO PARK",-122.17394989,37.459549959999997
8123042,2016,2016-09-16,4106,2016-07-17,0705,1160,13,7,5,6,4106,0,0,0,,0,006,"SAINT FRANCIS BL","SERRAMONTE BL",252.00,N,N,E,-,N,,,,,,,,,,Y,4,0,1,3,A,-,01,23152,A,N,A,E,A,B,H,-,A,D,0,,,,,Y,Y,A,07,0,0,1,0,0,0,0,0,0,"- ","- ",37.669829999999997,-122.47984,"SAN MATEO","DALY CITY",-122.48014999999999,37.669761880000003
8124102,2016,2016-09-21,4114,2016-08-18,1724,0035,SNB6,4,5,4,4114,0,0,0,,0,002,"ANGUS AV W","HUNTINGTON AV",0.00,,Y,A,-,N,,,,,,,,,,N,3,0,1,2,A,-,12,22450,A,N,H,G,A,A,H,-,A,A,0,,Y,,,Y,,L,04,0,1,0,0,0,0,1,0,0,"- ","- ",,,"SAN MATEO","SAN BRUNO",-122.40978998,37.626579890000002
8126525,2016,2017-02-28,4104,2016-09-12,1823,0169,,1,5,4,4104,0,0,0,,0,00A,"RT 82","FLORIBUNDA AV",0.00,,Y,A,-,Y,SM,4,82,-,-,13.690,I,5,N,Y,4,0,2,3,A,-,03,22350,,N,C,C,A,A,H,-,B,A,0,,,,,Y,,A,01,0,0,2,0,0,0,0,0,0,"- ","- ",37.578310000000002,-122.35484,"SAN MATEO",BURLINGAME,-122.35544412,37.578177969999999
8127677,2016,2017-02-28,4114,2016-09-10,1020,0059,SNB7,6,5,4,4114,0,0,0,,0,002,"RT 82","CRYSTAL SPRING RD",118.00,S,N,A,-,Y,SM,4,82,-,-,17.900,H,-,S,N,3,0,1,2,A,-,17,22517,,N,A,G,A,A,H,-,A,D,0,,Y,,,Y,,A,01,0,1,0,0,0,0,1,0,0,"- ","- ",,,"SAN MATEO","SAN BRUNO",-122.41047383999999,37.619966159999997
8127847,2016,2016-10-11,4114,2016-08-30,1722,0035,SNB2,2,5,4,4114,0,0,0,,0,001,"4TH AV","ANGUS AV",255.00,S,N,B,-,N,,,,,,,,,,Y,4,0,1,3,A,-,01,23152,A,M,F,E,A,A,H,-,A,D,0,,,,,Y,Y,A,01,0,0,1,0,0,0,0,0,0,"- ","- ",,,"SAN MATEO","SAN BRUNO",-122.40629095,37.626603920000001
8129646,2016,2016-09-23,4113,2016-08-20,1412,444,8,6,5,5,4113,0,0,0,,0,008,"VALOTA RD","MADISON AV",0.00,,Y,A,-,N,,,,,,,,,,N,4,0,1,2,A,-,00,21703,A,N,C,C,A,A,H,-,A,A,0,,,,,Y,,D,22,0,0,1,0,0,0,0,0,0,"- ","- ",,,"SAN MATEO","REDWOOD CITY",-122.24099990000001,37.471629980000003
8129818,2016,2016-11-10,4113,2016-09-09,0922,445,2,5,5,5,4113,0,0,0,,0,002,"VETERANS BL","MIDDLEFIELD RD",0.00,,Y,A,-,N,,,,,,,,,,Y,3,0,1,2,A,-,09,21453,,N,D,C,A,A,H,-,A,A,0,,,,,Y,,A,01,0,1,0,0,0,0,0,0,0,"- ","- ",37.491250000000001,-122.22873,"SAN MATEO","REDWOOD CITY",-122.22939993,37.490649990000001