CASE_ID,ACCIDENT_YEAR,PROC_DATE,JURIS,COLLISION_DATE,COLLISION_TIME,OFFICER_ID,REPORTING_DISTRICT,DAY_OF_WEEK,CHP_SHIFT,POPULATION,CNTY_CITY_LOC,SPECIAL_COND,BEAT_TYPE,CHP_BEAT_TYPE,CITY_DIVISION_LAPD,CHP_BEAT_CLASS,BEAT_NUMBER,PRIMARY_RD,SECONDARY_RD,DISTANCE,DIRECTION,INTERSECTION,WEATHER_1,WEATHER_2,STATE_HWY_IND,CALTRANS_COUNTY,CALTRANS_DISTRICT,STATE_ROUTE,ROUTE_SUFFIX,POSTMILE_PREFIX,POSTMILE,LOCATION_TYPE,RAMP_INTERSECTION,SIDE_OF_HWY,TOW_AWAY,COLLISION_SEVERITY,NUMBER_KILLED,NUMBER_INJURED,PARTY_COUNT,PRIMARY_COLL_FACTOR,PCF_CODE_OF_VIOL,PCF_VIOL_CATEGORY,PCF_VIOLATION,PCF_VIOL_SUBSECTION,HIT_AND_RUN,TYPE_OF_COLLISION,MVIW,PED_ACTION,ROAD_SURFACE,ROAD_COND_1,ROAD_COND_2,LIGHTING,CONTROL_DEVICE,CHP_ROAD_TYPE,PEDESTRIAN_ACCIDENT,BICYCLE_ACCIDENT,MOTORCYCLE_ACCIDENT,TRUCK_ACCIDENT,NOT_PRIVATE_PROPERTY,ALCOHOL_INVOLVED,STWD_VEHTYPE_AT_FAULT,CHP_VEHTYPE_AT_FAULT,COUNT_SEVERE_INJ,COUNT_VISIBLE_INJ,COUNT_COMPLAINT_PAIN,COUNT_PED_KILLED,COUNT_PED_INJURED,COUNT_BICYCLIST_KILLED,COUNT_BICYCLIST_INJURED,COUNT_MC_KILLED,COUNT_MC_INJURED,PRIMARY_RAMP,SECONDARY_RAMP,LATITUDE,LONGITUDE,COUNTY,CITY,POINT_X,POINT_Y
84867679,2025,2025-10-23,4100,2025-08-20,2059,25961,,3,5,3,4107,0,0,0,,0,070,"MAIN ST","SR 92",0.00,,Y,A,-,N,,,,,,,,,,N,3,0,2,2,A,-,01,23152,F,N,D,C,A,A,H,-,C,A,0,,,,,Y,,A,01,0,2,0,0,0,0,0,0,0,"- ","- ",,,"SAN MATEO","HALF MOON BAY",-122.43010711669922,37.467891693115234
84868677,2025,2025-10-01,4114,2025-09-15,1146,0941,,1,5,4,4114,0,0,0,,0,003,"WESTBOROUGH BL","SKYLINE BL",15.00,E,-,A,-,Y,,,,,,,,,,Y,3,0,3,4,A,-,03,22350,,N,D,C,A,A,H,-,A,D,0,,,,,Y,,A,01,0,3,0,0,0,0,0,0,0,"- ","- ",,,"SAN MATEO","SAN BRUNO",-122.46407318115234,37.638931274414062
84869725,2025,2025-10-02,4116,2025-09-03,1702,27730,,3,5,5,4116,0,0,0,,0,00A,"N GRANT ST","TILTON AV",0.00,,Y,A,-,N,,,,,,,,,,N,3,0,1,2,A,-,09,21804,A,N,D,G,A,A,H,-,A,D,0,,Y,,,Y,,L,04,0,1,0,0,0,0,1,0,0,"- ","- ",37.572879791259766,-122.32147216796875,"SAN MATEO","SAN MATEO",-122.32148742675781,37.5728759765625
84871838,2025,2025-10-03,4116,2025-09-27,"42  ",29369,,6,5,5,4116,0,0,0,,0,00A,"SOUTH DELAWARE ST","E 5TH AVE",0.00,,Y,A,-,N,,,,,,,,,,Y,3,0,3,2,A,-,01,23152,A,N,D,C,A,A,H,-,C,A,0,,,,,Y,Y,A,01,0,3,0,0,0,0,0,0,0,"- ","- ",37.565769195556641,-122.31857299804688,"SAN MATEO","SAN MATEO",-122.31855773925781,37.565746307373047
84877604,2025,2025-10-08,4100,2025-09-22,1607,19590,,1,5,6,4106,0,0,0,,0,,"500 JOHN DALY BL","WEST CURBLINE OF NIANTIC AV",6.00,E,-,A,-,N,,,,,,,,,,N,3,0,1,2,A,-,10,21950,A,N,G,B,C,A,H,-,A,D,0,Y,,,,Y,,I,09,0,1,0,0,1,0,0,0,0,"- ","- ",,,"SAN MATEO","DALY CITY",,
84879717,2025,2025-10-09,4100,2025-09-07,1257,25887,,7,5,3,4110,0,0,0,,0,062,SR82,"SAN DIEGO",76.21,S,-,A,-,N,,,,,,,,,,N,3,0,1,2,A,-,07,21658,,N,C,C,A,A,H,-,A,D,0,,,,,Y,,A,01,0,1,0,0,0,0,0,0,0,"- ","- ",,,"SAN MATEO",MILLBRAE,-122.40364837646484,37.612449645996094
84884682,2025,2025-10-14,4100,2025-09-23,1740,26155,,2,5,4,4115,0,0,0,,0,,"EL CAMINO REAL","WHITE OAK WY",0.00,,Y,A,-,Y,,,,,,,,,,N,3,0,1,1,A,-,03,22350,,N,E,I,A,A,H,-,A,D,0,,,,,Y,,A,01,0,1,0,0,0,0,0,0,0,"- ","- ",,,"SAN MATEO","SAN CARLOS",-122.24777984619141,37.49652099609375
84885391,2025,2025-10-14,4117,2025-10-07,1925,22GS04,,2,5,5,4117,0,0,0,,0,003,"HICKEY BL","CAMARITAS AV",225.00,E,-,A,-,N,,,,,,,,,,Y,4,0,1,3,A,-,03,22350,,N,C,C,A,A,H,-,C,A,0,,,,,Y,,-,35,0,0,1,0,0,0,0,0,0,"- ","- ",37.665988922119141,-122.45346832275391,"SAN MATEO","SOUTH SAN FRANCISCO",-122.45270538330078,37.666179656982422
84889213,2025,2025-10-16,4117,2025-10-02,"831 ",24LM12,,4,5,5,4117,0,0,0,,0,001,"ECCLES AV","FORBES BL",432.00,N,-,C,-,N,,,,,,,,,,Y,3,0,1,1,A,-,03,22350,A,N,E,I,A,B,G,-,A,D,0,,,,,Y,,A,01,0,1,0,0,0,0,0,0,0,"- ","- ",37.656528472900391,-122.39604949951172,"SAN MATEO","SOUTH SAN FRANCISCO",-122.39501953125,37.657455444335938
84893685,2025,2025-10-20,4109,2025-10-17,"815 ",14749,,5,5,4,4109,0,0,0,,0,003,"NEWBRIDGE ST","WILLOW RD CURBLINE PROLONGATION",98.00,N,-,A,-,N,,,,,,,,,,N,3,0,1,2,A,-,03,22350,,N,C,C,A,A,H,-,A,A,0,,,,,Y,,A,01,0,1,0,0,0,0,0,0,0,"- ","- ",37.472808837890625,-122.15438079833984,"SAN MATEO","MENLO PARK",-122.15499877929688,37.473007202148438
84893688,2025,2025-10-20,4116,2025-10-13,1758,29369,,1,5,5,4116,0,0,0,,0,00A,"N EL CAMINO REAL","ST MATTHEWS AVE",0.00,,Y,C,-,N,,,,,,,,,,N,3,0,1,2,A,-,08,22107,,N,B,C,A,B,H,-,C,A,0,,,,,Y,,A,01,0,1,0,0,0,0,0,0,0,"- ","- ",37.566650390625,-122.32868957519531,"SAN MATEO","SAN MATEO",-122.32880401611328,37.566108703613281
84894931,2025,2025-10-21,4116,2025-10-16,"18  ",26199,,4,5,5,4116,0,0,0,,0,00C,"EL CAMINO REAL","28TH AVE",42.00,S,-,A,-,Y,,,,,,,,,,Y,3,0,1,1,A,-,05,21651,A,N,E,I,A,A,H,-,C,D,0,,,,,Y,Y,A,01,0,1,0,0,0,0,0,0,0,"- ","- ",37.569049835205078,-122.31842041015625,"SAN MATEO","SAN MATEO",-122.30275726318359,37.541549682617188
84896403,2025,2025-10-21,4100,2025-10-03,1655,25993,,5,5,2,4118,0,0,0,,0,030,"WOODSIDE RD","TRIPP RD",383.00,E,-,A,-,Y,,,,,,,,,,N,3,0,3,1,A,-,03,22350,,N,E,I,A,A,H,-,A,D,0,,,,,Y,,A,01,0,3,0,0,0,0,0,0,0,"- ","- ",,,"SAN MATEO",WOODSIDE,-122.268798828125,37.419124603271484
84896540,2025,2025-10-21,4100,2025-10-10,1450,25823,,5,5,3,4107,0,0,0,,0,075,SR-92,"MAIN ST",393.00,W,-,A,-,Y,,,,,,,,,,N,3,0,1,2,A,-,08,22107,,N,H,G,A,A,H,-,A,D,0,,Y,,,Y,,A,01,0,1,0,0,0,0,1,0,0,"- ","- ",,,"SAN MATEO","HALF MOON BAY",-122.43145751953125,37.467849731445312
84896616,2025,2025-10-21,4117,2025-10-07,1004,22DH07,,2,5,5,4117,0,0,0,,0,004,"GRAND AV","SPRUCE AV",0.00,,Y,A,-,N,,,,,,,,,,N,4,0,2,2,A,-,12,21453,A,N,D,C,A,A,H,-,A,A,0,,,,,Y,,A,01,0,0,2,0,0,0,0,0,0,"- ","- ",37.656478881835938,-122.41602325439453,"SAN MATEO","SOUTH SAN FRANCISCO",-122.41602325439453,37.656467437744141
84897659,2025,2025-10-22,4116,2025-10-01,1745,27730,,3,5,5,4116,0,0,0,,0,00A,"HUMBOLDT ST","2ND AV",0.00,,Y,A,-,N,,,,,,,,,,N,4,0,1,2,A,-,03,22350,,N,C,C,A,A,H,-,E,D,0,,,,,Y,,A,01,0,0,1,0,0,0,0,0,0,"- ","- ",37.570838928222656,-122.31761932373047,"SAN MATEO","SAN MATEO",-122.31761932373047,37.570831298828125
84901778,2025,2025-10-27,4114,2025-10-03,1336,0982,,5,5,4,4114,0,0,0,,0,002,"LINDEN AVENUE","CRYSTAL SPRINGS RD",60.00,S,-,A,-,N,,,,,,,,,,N,4,0,1,2,A,-,08,22107,,N,B,C,A,A,H,-,A,D,0,,,,,Y,,A,01,0,0,1,0,0,0,0,0,0,"- ","- ",37.617439270019531,-122.40895843505859,"SAN MATEO","SAN BRUNO",-122.41126251220703,37.619541168212891
8490389,2017,2017-11-28,4127,2017-10-11,0852,2158,4127,3,5,4,4127,0,0,0,,0,003,"DONOHOE ST","UNIVERSITY AV",254.00,N,N,A,-,N,,,,,,,,,,Y,3,0,1,2,A,-,03,22350,,N,C,C,A,A,H,-,A,D,0,,,,,Y,,A,01,0,1,0,0,0,0,0,0,0,"- ","- ",,,"SAN MATEO","EAST PALO ALTO",-122.14187,37.462670000000003
84906501,2025,2025-10-29,4100,2025-10-07,1410,19250,,2,5,3,4107,0,0,0,,0,075,"FILBERT ST","CABRILLO HIGHWAY",0.00,,Y,A,-,Y,,,,,,,,,,N,3,0,2,3,A,-,08,22107,,N,D,C,A,A,H,-,A,D,0,,,,,Y,,A,01,0,2,0,0,0,0,0,0,0,"- ","- ",,,"SAN MATEO","HALF MOON BAY",-122.43416595458984,37.458343505859375
84908013,2025,2025-10-30,4104,2025-10-21,1710,0282,,2,5,4,4104,0,0,0,,0,00A,"SR-82 (EL CAMINO REAL)","BURLINGAME AV",0.00,,Y,A,-,N,,,,,,,,,,N,3,0,1,3,A,-,08,22107,,N,B,C,A,A,H,-,A,A,0,,,,,Y,,A,01,0,1,0,0,0,0,0,0,0,"- ","- ",37.576408386230469,-122.35006713867188,"SAN MATEO",BURLINGAME,-122.35004425048828,37.576412200927734
84908094,2025,2025-10-30,4106,2025-10-04,"327 ",2220,,6,5,6,4106,0,0,0,,0,003,"WESTLAKE AV","WOODROW ST",127.00,E,-,A,-,N,,,,,,,,,,Y,3,0,1,1,A,-,07,21658,A,N,B,E,A,A,H,-,C,D,0,,,,,Y,,A,01,0,1,0,0,0,0,0,0,0,"- ","- ",37.699470520019531,-122.46697235107422,"SAN MATEO","DALY CITY",-122.46656036376953,37.699485778808594
84914110,2025,2025-11-06,4116,2025-10-28,"547 ",26199,,2,5,5,4116,0,0,0,,0,00A,"N HUMBOLDT ST","PENINSULA AV",295.00,S,-,A,-,N,,,,,,,,,,Y,3,0,3,2,A,-,08,22100,B,N,D,C,A,A,H,-,C,D,0,,,,,Y,,A,08,0,3,0,0,0,0,0,0,0,"- ","- ",37.582740783691406,-122.33056640625,"SAN MATEO","SAN MATEO",-122.33013916015625,37.58233642578125
84917331,2025,2025-11-10,4117,2025-10-20,1254,25GF05,,1,5,5,4117,0,0,0,,0,003,"MISSION RD","GRAND AV",393.00,S,-,A,-,N,,,,,,,,,,N,3,0,2,2,A,-,03,22350,,N,C,C,A,A,H,-,A,D,0,,,,,Y,,A,01,0,2,0,0,0,0,0,0,0,"- ","- ",37.660091400146484,-122.43726348876953,"SAN MATEO","SOUTH SAN FRANCISCO",-122.4364013671875,37.659233093261719
84917966,2025,2025-11-10,4116,2025-10-30,1415,28444,,4,5,5,4116,0,0,0,,0,00C,"19TH AV","U.S. 101 S. OFF RAMP",100.00,E,-,A,-,Y,SM,,92," ",R,11.928,H,,R,N,4,0,1,2,A,-,17,22109,,N,C,C,A,A,H,-,A,D,0,,,,,Y,,A,01,0,0,1,0,0,0,0,0,0,"- ","- ",37.552421569824219,-122.29963684082031,"SAN MATEO","SAN MATEO",-122.29965972900391,37.552558898925781
84919577,2025,2025-11-11,4109,2025-10-22,1217,145990,,3,5,4,4109,0,0,0,,0,002,"ALMA ST","BURGESS DR",0.00,,Y,A,-,N,,,,,,,,,,N,2,0,2,3,A,-,03,22350,,N,H,G,A,A,H,-,A,D,0,,Y,,,Y,,M,91,1,1,0,0,0,0,1,0,0,"- ","- ",37.45098876953125,-122.17575836181641,"SAN MATEO","MENLO PARK",-122.17565155029297,37.450996398925781
84921599,2025,2025-11-12,4117,2025-10-24,1239,25GF05,,5,5,5,4117,0,0,0,,0,003,"SAN FELIPE AV","DEL MONTE AV",128.00,W,-,B,-,N,,,,,,,,,,N,3,0,2,2,A,-,21,22106,,N,H,C,A,A,H,-,A,D,0,,,,,Y,,A,01,0,2,0,0,0,0,0,0,0,"- ","- ",37.658309936523438,-122.44730377197266,"SAN MATEO","SOUTH SAN FRANCISCO",-122.44762420654297,37.658061981201172
84923816,2025,2025-11-12,4116,2025-10-27,1700,29352,,1,5,5,4116,0,0,0,,0,0DT,"EAST 3RD AV","S RAILROAD",0.00,,Y,A,-,N,,,,,,,,,,N,3,0,1,2,A,-,00,21954,,N,G,B,D,A,H,-,A,D,0,Y,,,,Y,,N,60,0,1,0,0,1,0,0,0,0,"- ","- ",37.566608428955078,-122.32082366943359,"SAN MATEO","SAN MATEO",-122.32169342041016,37.565982818603516
8492387,2017,2017-12-13,4114,2017-11-03,1606,0063,SNB7,5,5,4,4114,0,0,0,,0,002,"MASTICK AV","CHAPMAN AV",0.00,,Y,B,-,N,,,,,,,,,,N,4,0,1,2,A,-,09,21802,,N,D,C,A,A,H,-,A,A,0,,,,,Y,,A,01,0,0,1,0,0,0,0,0,0,"- ","- ",,,"SAN MATEO","SAN BRUNO",-122.4093799,37.619749990000003
84923888,2025,2025-11-12,4116,2025-11-07,1755,29369,,5,5,5,4116,0,0,0,,0,00C,"W HILLSDALE BLVD","W SAILER DR",0.00,,Y,A,-,N,,,,,,,,,,N,3,0,1,2,A,-,10,21950,,N,G,B,B,A,H,-,C,A,0,Y,,,,Y,,A,01,0,1,0,0,1,0,0,0,0,"- ","- ",37.535430908203125,-122.29908752441406,"SAN MATEO","SAN MATEO",-122.29940032958984,37.535652160644531
84928224,2025,2025-11-13,4117,2025-10-29,1042,03JA06,,3,5,5,4117,0,0,0,,0,004,"ORANGE AV","FOURTH LN",60.00,S,-,A,-,N,,,,,,,,,,N,3,0,1,3,A,-,07,21658,A,N,B,E,A,A,H,-,A,D,0,,,,Y,Y,,A,01,0,1,0,0,0,0,0,0,0,"- ","- ",37.658538818359375,-122.42289733886719,"SAN MATEO","SOUTH SAN FRANCISCO",-122.42295074462891,37.658393859863281
84928239,2025,2025-11-13,4117,2025-11-04,1538,22GS04,,2,5,5,4117,0,0,0,,0,004,"LINDEN AV","AIRPORT BL",465.00,W,-,A,-,N,,,,,,,,,,N,3,0,1,2,A,-,17,21235,G,N,D,C,A,A,H,-,A,D,0,,,,,Y,,M,94,0,1,0,0,0,0,0,0,0,"- ","- ",37.661048889160156,-122.40395355224609,"SAN MATEO","SOUTH SAN FRANCISCO",-122.40548706054688,37.661666870117188
84928305,2025,2025-11-13,4117,2025-11-05,1211,22DH07,,3,5,5,4117,0,0,0,,0,002,"EL CAMINO REAL","HAZELWOOD DR",59.00,N,-,A,-,Y,SM,,82," "," ",20.654,H,,L,N,4,0,1,1,A,-,08,22107,,N,E,I,A,A,H,-,A,A,0,,,,,Y,,A,01,0,0,1,0,0,0,0,0,0,"- ","- ",37.6551513671875,-122.43448638916016,"SAN MATEO","SOUTH SAN FRANCISCO",-122.43450927734375,37.655132293701172
84928850,2025,2025-11-13,4114,2025-10-23,1415,0825,,4,5,4,4114,0,0,0,,0,004,"SAN BRUNO AV","NB I-280 OFF-RAMP AT SAN BRUNO AV",0.00,,Y,A,-,N,,,,,,,,,,Y,4,0,1,2,D,-,00,,,N,D,C,A,A,H,-,A,A,0,,,,,Y,,-,"- ",0,0,1,0,0,0,0,0,0,"- ","- ",37.630489349365234,-122.41107940673828,"SAN MATEO","SAN BRUNO",-122.4119873046875,37.630592346191406
8493373,2017,2018-07-06,4104,2017-10-23,1255,0514,9,1,5,4,4104,0,0,0,,0,00B,"RT 82","SANCHEZ AV",222.00,N,N,A,-,Y,SM,4,82,-,-,14.150,H,-,N,Y,3,0,1,3,A,-,03,22350,,N,C,C,A,A,H,-,A,D,0,,,,,Y,,A,01,0,1,0,0,0,0,0,0,0,"- ","- ",37.584229999999998,-122.36629000000001,"SAN MATEO",BURLINGAME,-122.36235655999999,37.582000260000001
84934497,2025,2025-11-17,4116,2025-11-15,1801,29369,,6,5,5,4116,0,0,0,,0,00D,"S NORFOLK ST","3RD AVE",0.00,,Y,C,-,N,,,,,,,,,,N,2,0,1,2,A,-,09,21804,A,N,A,C,A,B,H,-,C,A,0,,,Y,,Y,,C,03,1,0,0,0,0,0,0,0,1,"- ","- ",37.573101043701172,-122.31134796142578,"SAN MATEO","SAN MATEO",-122.31137084960938,37.573226928710938
84935953,2025,2025-11-18,4109,2025-10-31,1654,200116,,5,5,4,4109,0,0,0,,0,004,"BAYFRONT EX","MARSH ROAD",593.00,S,-,A,-,Y,,,,,,,,,,N,3,0,3,2,A,-,03,22350,,N,C,C,A,A,H,-,B,D,0,,,,,Y,,A,01,0,3,0,0,0,0,0,0,0,"- ","- ",37.482700347900391,-122.18168640136719,"SAN MATEO","MENLO PARK",-122.17708587646484,37.485946655273438
84936571,2025,2025-11-19,4100,2025-10-23,1630,26038,,4,5,3,4107,0,0,0,,0,,"MAIN STREET",SR-92,110.00,N,-,A,-,N,,,,,,,,,,N,4,0,2,2,A,-,09,21804,,N,B,C,A,A,H,-,A,D,0,,,,,Y,,A,01,0,0,2,0,0,0,0,0,0,"- ","- ",,,"SAN MATEO","HALF MOON BAY",-122.43029022216797,37.468154907226562
84937854,2025,2025-11-19,4109,2025-11-17,"814 ",145990,,1,5,4,4109,0,0,0,,0,001,"OLIVE ST","MIDDLE AVE",0.00,,Y,C,-,N,,,,,,,,,,N,3,0,1,2,A,-,03,22350,,N,C,C,A,B,H,-,A,A,0,,,,,Y,,A,01,0,1,0,0,0,0,0,0,0,"- ","- ",37.437381744384766,-122.18814086914062,"SAN MATEO","MENLO PARK",-122.18814849853516,37.437408447265625
84939660,2025,2025-11-20,4106,2025-11-13,2010,2196,,4,5,6,4106,0,0,0,,0,004,"SKYLINE BL","WESTMOOR AV",0.00,,Y,B,C,N,,,,,,,,,,N,3,0,1,2,A,-,12,21453,A,N,D,C,A,B,H,-,C,A,0,,,,,Y,,A,01,0,1,0,0,0,0,0,0,0,"- ","- ",37.683338165283203,-122.48911285400391,"SAN MATEO","DALY CITY",-122.48910522460938,37.683341979980469
84939673,2025,2025-11-20,4106,2025-11-17,1731,2196,,1,5,6,4106,0,0,0,,0,003,"SULLIVAN AV","WASHINGTON ST",285.00,S,-,B,-,N,,,,,,,,,,Y,4,0,1,2,A,-,08,22102,,N,D,C,A,A,H,-,C,D,0,,,,,Y,,A,07,0,0,1,0,0,0,0,0,0,"- ","- ",37.687900543212891,-122.47223663330078,"SAN MATEO","DALY CITY",-122.47222900390625,37.687126159667969
84941540,2025,2025-11-21,4100,2025-08-28,"935 ",26192,,4,5,3,4110,0,0,0,,0,,"CALIFORNIA DR","LINDEN AV",186.00,S,-,A,-,N,,,,,,,,,,N,4,0,1,2,A,-,08,22107,,N,B,C,A,A,H,-,A,D,0,,,,,Y,,A,01,0,0,1,0,0,0,0,0,0,"- ","- ",,,"SAN MATEO",MILLBRAE,-122.38670349121094,37.599124908447266
84945034,2025,2025-11-24,4116,2025-11-22,"820 ",28307,,6,5,5,4116,0,0,0,,0,00C,"SOUTH EL CAMINO REAL","42ND AVENUE",0.00,,Y,A,-,N,,,,,,,,,,N,3,0,1,2,A,-,10,21950,A,N,G,B,B,A,H,-,A,A,0,Y,,,,Y,,A,01,0,1,0,0,1,0,0,0,0,"- ","- ",37.530429840087891,-122.28922271728516,"SAN MATEO","SAN MATEO",-122.28913116455078,37.530448913574219
84949516,2025,2025-11-26,4114,2025-11-02,1927,0825,,7,5,4,4114,0,0,0,,0,002,"TAYLOR AV","MASTICK AV",0.00,,Y,A,-,N,,,,,,,,,,N,3,0,1,2,A,-,09,21801,A,N,H,G,A,A,H,-,D,D,0,,Y,,,Y,,A,01,0,1,0,0,0,0,1,0,0,"- ","- ",37.621391296386719,-122.41059875488281,"SAN MATEO","SAN BRUNO",-122.41059875488281,37.621368408203125
84954559,2025,2025-12-02,4106,2025-11-20,"930 ",2243,,4,5,6,4106,0,0,0,,0,004,"PARK PLAZA DR","SOUTHGATE NORTH EXTENDED PROLONGATION",330.00,N,-,A,-,N,,,,,,,,,,N,3,0,1,2,A,-,09,21801,,N,D,C,A,A,H,-,C,D,0,,,Y,,Y,,A,01,0,1,0,0,0,0,0,0,1,"- ","- ",37.698459625244141,-122.48047637939453,"SAN MATEO","DALY CITY",-122.48089599609375,37.699291229248047
84957578,2025,2025-12-04,4109,2025-11-22,2022,146398,,6,5,4,4109,0,0,0,,0,001,"SAND HILL RD","BRANNER DRIVE",0.00,,Y,A,-,N,,,,,,,,,,Y,3,0,5,2,A,-,08,22107,,N,B,C,A,A,H,-,C,A,0,,,,,Y,,A,01,0,5,0,0,0,0,0,0,0,"- ","- ",37.4222412109375,-122.19863891601562,"SAN MATEO","MENLO PARK",-122.19856262207031,37.422115325927734
8496120,2017,2017-11-30,4113,2017-10-03,1407,351,3,2,5,5,4113,0,0,0,,0,003,"ELM ST","HILTON ST",69.00,W,N,A,-,N,,,,,,,,,,N,3,0,1,2,A,-,11,21954,A,N,G,B,E,A,H,-,A,D,0,Y,,,,Y,,N,60,0,1,0,0,1,0,0,0,0,"- ","- ",37.484659999999998,-122.22329000000001,"SAN MATEO","REDWOOD CITY",-122.2229016,37.484822600000001
8496136,2017,2018-07-06,4101,2017-11-15,1003,14TB01,,3,5,2,4101,0,0,0,,0,002,"RT 82","ALEJANDRA AV",0.00,,Y,B,-,Y,SM,4,82,-,-,1.397,I,5,S,Y,4,0,1,3,A,-,09,21801,A,N,D,C,A,A,H,-,A,D,0,,,,Y,Y,,A,01,0,0,1,0,0,0,0,0,0,"- ","- ",37.458370000000002,-122.1927,"SAN MATEO",ATHERTON,-122.19268169,37.458386150000003
8496245,2017,2017-12-04,4113,2017-10-20,1142,438,3,5,5,5,4113,0,0,0,,0,003,"MAIN ST","PINE ST",0.00,,Y,A,-,N,,,,,,,,,,Y,4,0,1,2,A,-,03,22350,,N,D,C,A,A,H,-,A,A,0,,,,,Y,,A,01,0,0,1,0,0,0,0,0,0,"- ","- ",37.478490000000001,-122.22317,"SAN MATEO","REDWOOD CITY",-122.22317991,37.47849995
8496582,2017,2018-02-17,4117,2017-11-08,1613,01CG09,07AA,3,5,5,4117,0,0,0,,0,004,"OLIVE AV","ASPEN WY",0.00,,Y,A,-,N,,,,,,,,,,N,4,0,1,2,A,-,09,21801,A,N,A,C,A,A,H,-,A,D,0,,,,,Y,,A,01,0,0,1,0,0,0,0,0,0,"- ","- ",37.660179999999997,-122.40971,"SAN MATEO","SOUTH SAN FRANCISCO",-122.40970985,37.660229999999999
84966106,2025,2025-12-10,4114,2025-11-10,"831 ",1335,,1,5,4,4114,0,0,0,,0,003,"2740 OAKMONT DR","MUIRFIELD CR",0.00,,Y,-,-,N,,,,,,,,,,N,3,0,1,2,A,-,09,21804,,N,-,-,A,-,-,-,-,-,0,,,,,Y,,-,"- ",0,1,0,0,0,0,0,0,0,"- ","- ",37.637699127197266,-122.45686340332031,"SAN MATEO","SAN BRUNO",-122.46054077148438,37.639656066894531
8496954,2017,2018-02-17,4117,2017-11-13,2024,17JN07,08AD,1,5,5,4117,0,0,0,,0,004,"GRAND AV","LINDEN AV",0.00,,Y,C,-,N,,,,,,,,,,N,4,0,1,2,A,-,10,21950,A,N,G,B,B,B,H,-,C,A,0,Y,,,,Y,,A,01,0,0,1,0,1,0,0,0,0,"- ","- ",37.655189999999997,-122.41016,"SAN MATEO","SOUTH SAN FRANCISCO",-122.41012988999999,37.655169979999997
84969641,2025,2025-12-12,4116,2025-12-02,2227,29369,,2,5,5,4116,0,0,0,,0,00A,"SOUTH DELAWARE ST","HARROW AVE",0.00,,Y,A,-,N,,,,,,,,,,N,3,0,1,2,A,-,03,22350,,N,C,E,A,A,H,-,C,D,0,,,,,Y,Y,A,01,0,1,0,0,0,0,0,0,0,"- ","- ",37.558338165283203,-122.31040954589844,"SAN MATEO","SAN MATEO",-122.31170654296875,37.559482574462891
84975953,2025,2025-12-17,4116,2025-12-04,1316,28889,,4,5,5,4116,0,0,0,,0,00C,"WEST HILLSDALE BL","CAXTON CT",0.00,,Y,A,-,N,,,,,,,,,,N,4,0,2,2,A,-,03,22350,,N,C,C,A,A,H,-,A,A,0,,,,,Y,,A,01,0,0,2,0,0,0,0,0,0,"- ","- ",37.529640197753906,-122.32164001464844,"SAN MATEO","SAN MATEO",-122.32162475585938,37.529632568359375
84981560,2025,2025-12-22,4116,2025-11-18,2107,29204,,2,5,5,4116,0,0,0,,0,00A,"N DELAWARE ST","INDIAN AV",179.00,S,Y,A,-,N,,,,,,,,,,N,3,0,1,2,A,-,21,22106,,N,C,C,A,A,H,-,C,D,0,,,,,Y,,A,01,0,1,0,0,0,0,0,0,0,"- ","- ",37.574089050292969,-122.32817840576172,"SAN MATEO","SAN MATEO",-122.32823944091797,37.5745849609375
84984026,2025,2025-12-23,4106,2025-12-17,1902,2241,,3,5,6,4106,0,0,0,,0,006,"CALLAN BL","HICKEY BLVD",0.00,,Y,A,-,N,,,,,,,,,,Y,4,0,1,2,A,-,12,21453,A,N,D,C,A,A,H,-,C,A,0,,,,,Y,,A,07,0,0,1,0,0,0,0,0,0,"- ","- ",37.665229797363281,-122.47466278076172,"SAN MATEO","DALY CITY",-122.47473907470703,37.665298461914062
8498498,2017,2017-12-08,4117,2017-11-30,0820,99ID13,27AR,4,5,5,4117,0,0,0,,0,002,"WESTBOROUGH BL","CALLAN BL",15.00,W,N,A,-,N,,,,,,,,,,N,4,0,2,2,A,-,04,21703,,N,C,C,A,A,H,-,A,A,0,,,,,Y,,A,01,0,0,2,0,0,0,0,0,0,"- ","- ",37.642809999999997,-122.46243,"SAN MATEO","SOUTH SAN FRANCISCO",-122.46224856000001,37.642735610000003
84985771,2025,2025-12-24,4116,2025-12-19,1028,28889,,5,5,5,4116,0,0,0,,0,0DT,"EAST 5TH AV","S CLAREMONT",0.00,,Y,B,-,N,,,,,,,,,,N,3,0,1,2,A,-,10,21950,A,N,G,B,B,A,H,-,A,D,0,Y,,,,Y,,A,01,0,1,0,0,1,0,0,0,0,"- ","- ",37.565231323242188,-122.31934356689453,"SAN MATEO","SAN MATEO",-122.31931304931641,37.565227508544922
84986206,2025,2025-12-25,4100,2025-12-12,1414,18230,,5,5,4,4115,0,0,0,,0,051,"OLD COUNTY RD","BING ST",8.00,S,-,A,-,N,,,,,,,,,,N,4,0,1,2,A,-,08,22107,,N,B,C,A,A,H,-,A,D,0,,,,,Y,,A,01,0,0,1,0,0,0,0,0,0,"- ","- ",,,"SAN MATEO","SAN CARLOS",-122.24578094482422,37.495674133300781