CASE_ID,ACCIDENT_YEAR,PROC_DATE,JURIS,COLLISION_DATE,COLLISION_TIME,OFFICER_ID,REPORTING_DISTRICT,DAY_OF_WEEK,CHP_SHIFT,POPULATION,CNTY_CITY_LOC,SPECIAL_COND,BEAT_TYPE,CHP_BEAT_TYPE,CITY_DIVISION_LAPD,CHP_BEAT_CLASS,BEAT_NUMBER,PRIMARY_RD,SECONDARY_RD,DISTANCE,DIRECTION,INTERSECTION,WEATHER_1,WEATHER_2,STATE_HWY_IND,CALTRANS_COUNTY,CALTRANS_DISTRICT,STATE_ROUTE,ROUTE_SUFFIX,POSTMILE_PREFIX,POSTMILE,LOCATION_TYPE,RAMP_INTERSECTION,SIDE_OF_HWY,TOW_AWAY,COLLISION_SEVERITY,NUMBER_KILLED,NUMBER_INJURED,PARTY_COUNT,PRIMARY_COLL_FACTOR,PCF_CODE_OF_VIOL,PCF_VIOL_CATEGORY,PCF_VIOLATION,PCF_VIOL_SUBSECTION,HIT_AND_RUN,TYPE_OF_COLLISION,MVIW,PED_ACTION,ROAD_SURFACE,ROAD_COND_1,ROAD_COND_2,LIGHTING,CONTROL_DEVICE,CHP_ROAD_TYPE,PEDESTRIAN_ACCIDENT,BICYCLE_ACCIDENT,MOTORCYCLE_ACCIDENT,TRUCK_ACCIDENT,NOT_PRIVATE_PROPERTY,ALCOHOL_INVOLVED,STWD_VEHTYPE_AT_FAULT,CHP_VEHTYPE_AT_FAULT,COUNT_SEVERE_INJ,COUNT_VISIBLE_INJ,COUNT_COMPLAINT_PAIN,COUNT_PED_KILLED,COUNT_PED_INJURED,COUNT_BICYCLIST_KILLED,COUNT_BICYCLIST_INJURED,COUNT_MC_KILLED,COUNT_MC_INJURED,PRIMARY_RAMP,SECONDARY_RAMP,LATITUDE,LONGITUDE,COUNTY,CITY,POINT_X,POINT_Y
8931995,2019,2019-09-20,4101,2019-08-22,0830,16HS03,,4,5,2,4101,0,0,0,,0,004,"ALAMEDA DE LAS PULGAS","FLETCHER DR",0.00,,Y,A,-,N,,,,,,,,,,N,3,0,1,2,A,-,08,22107,,F,H,G,A,A,H,-,A,D,0,,Y,,,Y,Y,A,07,0,1,0,0,0,0,1,0,0,"- ","- ",37.442378997802734,-122.22193908691406,"SAN MATEO",ATHERTON,-122.22193145751953,37.442440032958984
8933147,2019,2019-09-19,4100,2019-08-29,1421,18140,MLB,4,5,3,4110,0,0,0,,0,061,"HEMLOCK AV","HILLCREST BL",21.00,N,N,A,-,N,,,,,,,,,,Y,3,0,1,4,C,-,18,,,N,H,E,A,A,H,-,A,A,0,,,,,Y,,-,"- ",0,1,0,0,0,0,0,0,0,"- ","- ",,,"SAN MATEO",MILLBRAE,-122.39091491699219,37.602935791015625
8933151,2019,2019-09-19,4100,2019-08-25,2102,19450,SON,7,5,3,4110,0,0,0,,0,065,"EAST MILLBRAE AV","CAMINO REAL",398.00,E,N,A,-,N,,,,,,,,,,Y,3,0,1,4,A,-,03,22350,,N,C,C,A,A,H,-,C,A,0,,,,,Y,,A,07,0,1,0,0,0,0,0,0,0,"- ","- ",,,"SAN MATEO",MILLBRAE,-122.38629913330078,37.599224090576172
8933310,2019,2019-09-10,4106,2019-03-06,0644,1249,4,3,5,6,4106,0,0,0,,0,003,"JUNIPERO SERRA BL","JOHN DALY BL",0.00,,Y,C,-,N,,,,,,,,,,N,3,0,1,2,A,-,03,22350,,N,C,C,A,B,H,-,A,A,0,,,,,Y,,A,01,0,1,0,0,0,0,0,0,0,"- ","- ",,,"SAN MATEO","DALY CITY",-122.47087097167969,37.704978942871094
8933980,2019,2019-09-18,4102,2019-08-03,0800,48800,1D,6,5,4,4102,0,0,0,,0,001,"RALSTON AV","OLD COUNTY RD",144.00,E,N,A,-,N,,,,,,,,,,N,3,0,1,2,A,-,04,21703,,F,C,C,A,A,H,-,A,D,0,,,,,Y,,-,99,0,1,0,0,0,0,0,0,0,"- ","- ",37.521350860595703,-122.27452087402344,"SAN MATEO",BELMONT,-122.27494049072266,37.521278381347656
8934748,2019,2020-01-29,4100,2019-08-24,1805,25056,5C,6,5,3,4107,0,0,0,,0,075,"VENICE RD","RT 1",0.00,,-,A,-,Y,SM,4,1,-,-,30.161,I,6,S,Y,2,0,5,2,A,-,01,23152,,N,D,C,A,A,H,-,A,D,0,,,,,Y,Y,A,01,4,0,1,0,0,0,0,0,0,"- ","- ",,,"SAN MATEO","HALF MOON BAY",-122.44474029541016,37.481361389160156
8935028,2019,2020-01-06,4117,2019-08-14,1756,19MV02,4AA,3,5,5,4117,0,0,0,,0,004,"AIRPORT BL","RT 101",0.00,,Y,A,-,Y,SM,4,101,-,-,23.081,R,4,S,Y,3,0,1,2,A,-,06,21755,,N,B,C,A,A,H,-,A,A,0,,,Y,,Y,,C,02,0,1,0,0,0,0,0,0,1,"- ",SO,37.6474609375,-122.40438079833984,"SAN MATEO","SOUTH SAN FRANCISCO",-122.39511871337891,37.667495727539062
8935703,2019,2019-09-19,4116,2019-08-17,1707,28252,13,6,5,5,4116,0,0,0,,0,0DT,"S ELLSWORTH AV","EAST 4TH AV",0.00,,Y,A,-,N,,,,,,,,,,N,3,0,1,2,A,-,10,21950,A,N,G,J,B,A,H,-,A,A,0,Y,,,,Y,,A,07,0,1,0,0,1,0,0,0,0,"- ","- ",37.564220428466797,-122.32234191894531,"SAN MATEO","SAN MATEO",-122.32237243652344,37.564220428466797
8935843,2019,2019-09-19,4116,2019-06-29,1624,27872,24,6,5,5,4116,0,0,0,,0,00A,"DARTMOUTH RD","3RD AV",0.00,,Y,A,-,N,,,,,,,,,,N,3,0,1,2,A,-,10,21950,,N,B,B,B,A,H,-,A,A,0,Y,,,,Y,,A,01,0,1,0,0,1,0,0,0,0,"- ","- ",37.561790466308594,-122.32749938964844,"SAN MATEO","SAN MATEO",-122.32768249511719,37.56182861328125
8937329,2019,2019-09-24,4100,2019-09-02,1430,18140,MLB,1,5,3,4110,0,0,0,,0,062,"HELEN DR","LAUREL AV",0.00,,Y,A,-,N,,,,,,,,,,Y,3,0,1,2,A,-,09,21802,A,N,D,C,A,A,H,-,A,A,0,,,,,Y,,A,07,0,1,0,0,0,0,0,0,0,"- ","- ",,,"SAN MATEO",MILLBRAE,-122.40241241455078,37.603450775146484
8938993,2019,2020-01-28,4104,2019-08-05,1132,0645,5,1,5,4,4104,0,0,0,,0,00A,"FOREST VIEW AV","EL CAMINO REAL",50.00,W,N,A,-,Y,SM,4,82,-,-,14.037,I,6,S,Y,3,0,1,2,C,-,18,,,N,B,E,A,A,H,-,A,D,0,,,,,Y,,-,"- ",0,1,0,0,0,0,0,0,0,"- ","- ",37.581119537353516,-122.36112213134766,"SAN MATEO",BURLINGAME,-122.36074066162109,37.581108093261719
8939083,2019,2019-10-17,4104,2019-09-03,0551,0645,21,2,5,4,4104,0,0,0,,0,00C,"OLD BAYSHORE BL","COWAN RD",110.00,S,N,A,-,N,,,,,,,,,,Y,1,1,0,2,A,-,11,21954,A,N,G,B,D,A,H,-,C,D,0,Y,,,,Y,,N,60,0,0,0,1,0,0,0,0,0,"- ","- ",37.602500915527344,-122.37061309814453,"SAN MATEO",BURLINGAME,-122.37337493896484,37.603130340576172
8942242,2019,2019-10-15,4127,2019-09-13,1602,2124,4127,5,5,4,4127,0,0,0,,0,002,"WEEKS ST","CLARK AV",0.00,,Y,A,-,N,,,,,,,,,,Y,4,0,3,2,A,-,09,21802,,N,D,C,A,A,H,-,A,A,0,,,,,Y,,A,07,0,0,3,0,0,0,0,0,0,"- ","- ",,,"SAN MATEO","EAST PALO ALTO",-122.134897,37.470156000000003
8945121,2019,2019-09-26,4127,2019-08-15,1537,2245,,4,5,4,4127,0,0,0,,0,003,"UNIVERSITY AV","DONOHOE ST",400.00,E,N,A,-,N,,,,,,,,,,N,2,0,1,2,A,-,08,22107,,N,B,C,A,A,H,-,A,D,0,,,Y,,Y,,A,01,1,0,0,0,0,0,0,0,1,"- ","- ",,,"SAN MATEO","EAST PALO ALTO",-122.14186859130859,37.462669372558594
8945150,2019,2019-10-03,4114,2019-09-09,1314,0048,SNB26,1,5,4,4114,0,0,0,,0,003,"SNEATH LN","ROLLINGWOOD DR",23.00,E,N,A,-,N,,,,,,,,,,N,3,0,1,1,A,-,03,22350,,N,E,I,A,A,H,-,A,D,0,,Y,,,Y,,L,04,0,1,0,0,0,0,1,0,0,"- ","- ",,,"SAN MATEO","SAN BRUNO",-122.4361572265625,37.629917144775391
8946526,2019,2020-01-27,4116,2019-09-21,0941,26724,61,6,5,5,4116,0,0,0,,0,00D,"EAST HILLSDALE BL","RT 101",0.00,,Y,A,-,Y,SM,4,101,-,-,10.914,R,4,N,Y,3,0,2,2,C,-,18,,,N,D,C,A,A,H,-,A,A,0,,,,,Y,,-,"- ",0,1,1,0,0,0,0,0,0,"- ",NF,37.546230316162109,-122.28515625,"SAN MATEO","SAN MATEO",-122.28532409667969,37.541862487792969
8946530,2019,2019-10-07,4116,2019-09-10,2015,28314,11,2,5,5,4116,0,0,0,,0,00A,"DELAWARE ST","STATE ST",0.00,,Y,A,-,N,,,,,,,,,,N,3,0,1,2,A,-,10,21950,,N,G,B,B,A,H,-,C,A,0,Y,,,,Y,,D,22,0,1,0,0,1,0,0,0,0,"- ","- ",37.578708648681641,-122.33270263671875,"SAN MATEO","SAN MATEO",-122.33268737792969,37.578701019287109
8946627,2019,2019-10-02,4111,2019-04-22,1939,P5152,P12,1,5,4,4111,0,0,0,,0,0P2,"CABRILLO HWY","SAN MARLO WY",116.00,S,N,A,-,N,,,1,,,,,,,N,3,0,2,2,A,-,00,27103,,N,C,C,A,A,H,-,A,A,0,,,Y,,Y,,C,02,0,2,0,0,0,0,0,0,2,"- ","- ",37.608798980712891,-122.49526977539062,"SAN MATEO",PACIFICA,-122.49526977539062,37.608802795410156
8946918,2019,2019-10-09,4117,2019-09-13,1513,01CG09,01AQ,5,5,5,4117,0,0,0,,0,001,"MITCHELL AV","SOUTH AIRPORT BL",60.00,E,N,A,-,N,,,,,,,,,,N,4,0,1,2,A,-,21,22106,,N,C,C,A,A,H,-,A,A,0,,,,,Y,,D,22,0,0,1,0,0,0,0,0,0,"- ","- ",37.649608612060547,-122.40558624267578,"SAN MATEO","SOUTH SAN FRANCISCO",-122.40529632568359,37.649547576904297
8947219,2019,2019-10-04,4114,2019-09-09,2045,0982,SNB32,1,5,4,4114,0,0,0,,0,003,"SNEATH LN","CLAREMONT DR",0.00,,Y,A,-,N,,,,,,,,,,N,4,0,2,3,A,-,10,21950,,N,G,B,B,A,H,-,C,D,0,Y,,,,Y,,A,01,0,0,2,0,2,0,0,0,0,"- ","- ",,,"SAN MATEO","SAN BRUNO",-122.44560241699219,37.624988555908203
8947260,2019,2019-10-08,4116,2019-08-21,1647,58071,13,3,5,5,4116,0,0,0,,0,0DT,"LAUREL AV","9TH AV",0.00,,Y,A,-,N,,,,,,,,,,Y,3,0,1,2,A,-,09,21801,A,N,D,C,A,A,H,-,A,A,0,,,,,Y,,A,01,0,1,0,0,0,0,0,0,0,"- ","- ",37.561000823974609,-122.31939697265625,"SAN MATEO","SAN MATEO",-122.31935119628906,37.560810089111328
8947264,2019,2019-10-08,4116,2019-08-22,1538,28071,34,4,5,5,4116,0,0,0,,0,00C,"EAST HILLSDALE BL","EL CAMINO REAL",350.00,S,N,A,-,N,,,,,,,,,,N,3,0,1,2,A,-,08,22107,,N,C,C,A,A,H,-,A,D,0,,,,,Y,,A,01,0,1,0,0,0,0,0,0,0,"- ","- ",37.538379669189453,-122.30059814453125,"SAN MATEO","SAN MATEO",-122.29753875732422,37.537078857421875
8953008,2019,2019-10-24,4119,2019-09-05,2105,0302,,4,5,2,4119,0,0,0,,0,002,"S CLARK ST","A ST",10.00,S,N,A,-,N,,,,,,,,,,N,3,0,2,2,A,-,10,21950,A,N,G,B,D,A,H,-,D,D,0,Y,,,,Y,,-,,0,2,0,0,1,0,0,0,0,"- ","- ",,,"SAN MATEO",BROADMOOR,-122.46080017089844,37.686054229736328
8953222,2019,2019-10-28,4101,2019-09-03,0750,19JG01,,2,5,2,4101,0,0,0,,0,001,"GLENWOOD AV","MOULTON DR",0.00,,Y,A,-,N,,,,,,,,,,N,3,0,1,2,D,-,00,,,F,H,G,A,A,H,-,A,D,0,,Y,,,Y,,-,"- ",0,1,0,0,0,0,1,0,0,"- ","- ",37.460098266601562,-122.18430328369141,"SAN MATEO",ATHERTON,-122.18425750732422,37.459999084472656
8953941,2019,2020-01-08,4111,2019-08-09,1914,P5145,P12,5,5,4,4111,0,0,0,,0,0P2,"RT 1","SAN MARLO WY",271.00,N,N,A,-,Y,SM,4,1,-,-,42.160,H,-,S,Y,2,0,2,1,A,-,03,22350,,N,F,A,A,A,H,-,A,D,0,,,Y,,Y,,C,02,1,1,0,0,0,0,0,0,2,"- ","- ",,,"SAN MATEO",PACIFICA,-122.49330902099609,37.610031127929688
8954222,2019,2019-10-11,4120,2019-08-30,1628,217,1,5,5,4,4120,0,0,0,,0,00X,"SHELL BL","HILLSDALE BL",24.00,S,N,A,-,N,,,,,,,,,,N,3,0,1,2,A,-,03,22350,,N,C,C,A,A,H,-,A,A,0,,,,,Y,,A,08,0,1,0,0,0,0,0,0,0,"- ","- ",37.558818817138672,-122.27110290527344,"SAN MATEO","FOSTER CITY",-122.27143096923828,37.558605194091797
8958503,2019,2019-11-12,4113,2019-09-05,1156,468,11,4,5,5,4113,0,0,0,,0,001,"BREWSTER AV","ARGUELLO ST",0.00,,Y,A,-,N,,,,,,,,,,Y,4,0,1,2,A,-,12,21453,,N,A,C,A,A,H,-,A,A,0,,,,,Y,,A,01,0,0,1,0,0,0,0,0,0,"- ","- ",37.488189697265625,-122.23467254638672,"SAN MATEO","REDWOOD CITY",-122.23464965820312,37.488201141357422
8959697,2019,2019-12-19,4100,2019-10-09,1430,16830,WOODS,3,5,2,4118,0,0,0,,0,SOUTH,"BEAR GULCH RD",WOODSIDE,0.00,N,N,A,-,N,,,,,,,,,,N,3,0,2,2,A,-,"- ",,,N,D,C,A,A,H,-,A,D,0,,,,,Y,,A,07,0,2,0,0,0,0,0,0,0,"- ","- ",,,"SAN MATEO",WOODSIDE,-122.26560211181641,37.416259765625
8960445,2019,2020-02-10,4100,2019-11-20,0720,25247,5C,3,5,3,4107,0,0,0,,0,007,"RT 1","RT 92",273.00,N,N,A,-,Y,SM,4,1,-,-,29.090,H,-,N,N,3,0,1,2,A,-,08,22107,,N,H,G,A,A,H,-,A,D,0,,Y,,,Y,,A,01,0,1,0,0,0,0,1,0,0,"- ","- ",,,"SAN MATEO","HALF MOON BAY",-122.43351745605469,37.468826293945312
8961956,2019,2019-10-25,4127,2019-08-21,0850,16580,B,3,5,4,4127,0,0,0,,0,SOUTH,"NEWBRIDGE ST","SARATOGA AV",0.00,,Y,A,-,N,,,,,,,,,,N,3,0,1,3,A,-,17,21208,B,N,B,E,A,A,H,-,A,D,0,,Y,,,Y,,L,04,0,1,0,0,0,0,1,0,0,"- ","- ",,,"SAN MATEO","EAST PALO ALTO",-122.15371704101562,37.472579956054688
8962010,2019,2019-10-23,4116,2019-09-06,1753,20010,,5,5,5,4116,0,0,0,,0,00N,"EAST 25TH AV","DELAWARE ST",137.00,W,-,A,-,N,,,,,,,,,,N,2,0,1,1,A,-,02,22526,,N,A,F,A,A,H,-,A,A,0,,,,,Y,,-,,1,0,0,0,0,0,0,0,0,"- ","- ",,,"SAN MATEO","SAN MATEO",-122.30402374267578,37.545707702636719
8963084,2019,2019-11-05,4113,2019-10-11,1652,416,3,5,5,5,4113,0,0,0,,0,003,"MIDDLEFIELD RD","MIDDLEFIELD RD 1044",0.00,,Y,A,-,N,,,,,,,,,,N,3,0,1,2,A,-,03,22350,,N,C,C,A,A,H,-,A,D,0,,,,,Y,,A,07,0,1,0,0,0,0,0,0,0,"- ","- ",37.483840942382812,-122.22738647460938,"SAN MATEO","REDWOOD CITY",-122.227307,37.484256000000002
8965047,2019,2019-10-25,4106,2019-08-16,1524,2147,,5,5,6,4106,0,0,0,,0,003,"MISSION ST","GARIBALDI ST",0.00,,Y,A,-,N,,,,,,,,,,N,3,0,3,3,A,-,04,21703,,N,C,C,A,A,H,-,A,A,0,,,,,Y,,A,01,0,2,1,0,0,0,0,0,0,"- ","- ",,,"SAN MATEO","DALY CITY",-122.46488952636719,37.693691253662109
8965051,2019,2020-02-07,4106,2019-08-09,1351,2092,,5,5,6,4106,0,0,0,,0,006,"RT 35","HICKEY BL",200.00,N,N,A,-,Y,SM,4,35,-,-,27.980,H,-,S,Y,3,0,2,3,A,-,07,21658,A,N,B,C,A,A,H,-,A,A,0,,,,,Y,,A,01,0,2,0,0,0,0,0,0,0,"- ","- ",,,"SAN MATEO","DALY CITY",-122.47629547119141,37.661209106445312
8965169,2019,2019-11-13,4106,2019-07-25,1420,1222,,4,5,6,4106,0,0,0,,0,006,"HICKEY BL","INNISFREE DR",10.00,W,N,A,-,N,,,,,,,,,,N,3,0,2,2,A,-,08,22107,,N,B,C,A,A,H,-,A,D,0,,,,,Y,,A,07,0,2,0,0,0,0,0,0,0,"- ","- ",,,"SAN MATEO","DALY CITY",-122.47032165527344,37.664760589599609
8965242,2019,2019-10-28,4106,2019-09-01,1910,2123,,7,5,6,4106,0,0,0,,0,004,"WESTMOOR AV","SOUTH MAYFAIR AV",0.00,,Y,A,-,N,,,,,,,,,,N,3,0,1,2,A,-,08,22107,,F,D,G,A,A,H,-,B,D,0,,Y,,,Y,,A,07,0,1,0,0,0,0,1,0,0,"- ","- ",,,"SAN MATEO","DALY CITY",-122.48809814453125,37.683200836181641
8965799,2019,2019-11-22,4111,2019-09-27,1801,P5145,P18,5,5,4,4111,0,0,0,,0,0P3,"LINDA MAR BL","PERALTA RD",0.00,,Y,A,-,N,,,,,,,,,,N,2,0,1,2,A,-,12,21453,A,N,D,G,A,A,H,-,A,A,0,,Y,,,Y,,A,01,1,0,0,0,0,0,1,0,0,"- ","- ",,,"SAN MATEO",PACIFICA,-122.49738311767578,37.591148376464844
8965921,2019,2020-02-07,4111,2019-10-03,1124,P5141,P12,4,5,4,4111,0,0,0,,0,0P2,"FASSLER AV","RT 1",6.00,E,N,A,-,Y,SM,4,1,-,-,42.014,I,5,N,N,3,0,1,2,A,-,10,21950,A,N,G,B,B,A,H,-,A,A,0,Y,,,,Y,,D,22,0,1,0,0,1,0,0,0,0,"- ","- ",37.608798980712891,-122.49526977539062,"SAN MATEO",PACIFICA,-122.49518585205078,37.608718872070312
8965929,2019,2019-12-20,4117,2019-10-06,0200,19JS03,15AD,7,5,5,4117,0,0,0,,0,002,"ALIDA WY","ALTA VISTA DR",80.00,N,N,A,-,N,,,,,,,,,,Y,4,0,1,2,A,-,01,23152,A,N,B,E,A,A,H,-,D,D,0,,,,,Y,Y,A,01,0,0,1,0,0,0,0,0,0,"- ","- ",37.644371032714844,-122.42841339111328,"SAN MATEO","SOUTH SAN FRANCISCO",-122.42804718017578,37.643768310546875
8966254,2019,2019-11-15,4111,2019-09-12,0730,P5141,P03,4,5,4,4111,0,0,0,,0,0P1,"WEST MANOR DR","PALMETTO AV",227.00,W,N,A,-,N,,,,,,,,,,N,4,0,1,2,A,-,03,22350,,M,C,C,A,A,H,-,A,D,0,,,,,Y,,-,99,0,0,1,0,0,0,0,0,0,"- ","- ",37.648990631103516,-122.49150085449219,"SAN MATEO",PACIFICA,-122.49192047119141,37.649368286132812
8967576,2019,2019-11-06,4100,2019-10-03,1204,25189,17,4,5,4,4115,0,0,0,,0,051,"LAUREL ST","CENTRAL AV",31.00,N,N,A,-,N,,,,,,,,,,N,3,0,1,2,A,-,08,22107,,N,C,E,A,A,H,-,A,D,0,,,,,Y,,A,01,0,1,0,0,0,0,0,0,0,"- ","- ",,,"SAN MATEO","SAN CARLOS",-122.24748229980469,37.495101928710938
8969619,2019,2019-11-19,4106,2019-10-04,1341,2129,14,5,5,6,4106,0,0,0,,0,006,"GELLERT BL","HICKEY BL",0.00,,Y,A,-,N,,,,,,,,,,Y,3,0,1,2,A,-,09,21800,A,F,D,C,A,A,H,-,A,A,0,,,,,Y,,A,01,0,1,0,0,0,0,0,0,0,"- ","- ",,,"SAN MATEO","DALY CITY",-122.46923065185547,37.664459228515625
8972048,2019,2019-11-14,4116,2019-10-06,1520,26888,12,7,5,5,4116,0,0,0,,0,00A,"2ND AV","S FREMONT ST",0.00,,Y,A,-,N,,,,,,,,,,N,4,0,1,2,A,-,11,21950,B,N,G,B,E,A,H,-,A,D,0,Y,,,,Y,Y,N,60,0,0,1,0,1,0,0,0,0,"- ","- ",37.569721221923828,-122.32005310058594,"SAN MATEO","SAN MATEO",-122.31954956054688,37.569488525390625
8973840,2019,2019-11-12,4103,2019-09-26,1953,OL400,1,4,5,2,4103,0,0,0,,0,00U,"BEATTY AV","TUNNEL AV",300.00,E,N,B,-,N,,,,,,,,,,Y,4,0,2,2,A,-,09,21804,A,N,D,C,A,A,H,-,C,D,0,,,,,Y,,A,07,0,0,2,0,0,0,0,0,0,"- ","- ",37.707698822021484,-122.40077972412109,"SAN MATEO",BRISBANE,-122.40008544921875,37.706707000732422
8975329,2019,2020-02-06,4100,2019-10-14,1336,25163,SNC,1,5,4,4115,0,0,0,,0,051,"ST FRANCIS","EL CAMINO REAL",0.00,,-,A,-,Y,SM,4,82,-,-,5.251,I,5,S,Y,3,0,2,2,A,-,12,21453,A,N,D,C,A,A,H,-,A,A,0,,,,,Y,,A,01,0,2,0,0,0,0,0,0,0,"- ","- ",,,"SAN MATEO","SAN CARLOS",-122.24555206298828,37.494682312011719
8975669,2019,2020-01-23,4113,2019-11-06,1920,384,2,3,5,5,4113,0,0,0,,0,002,"EL CAMINO REAL",HOPKINS,180.00,N,N,A,-,N,,,82,,,,,,,Y,4,0,4,5,A,-,03,22350,,N,C,C,A,A,H,-,C,A,0,,,,,Y,,A,01,0,0,4,0,0,0,0,0,0,"- ","- ",37.489490509033203,-122.23812866210938,"SAN MATEO","REDWOOD CITY",-122.23837280273438,37.489208221435547
8976437,2019,2019-11-19,4106,2019-08-24,1540,2129,9Y,6,5,6,4106,0,0,0,,0,004,"SOUTH GATE AV","SOUTH GATE AV 855",0.00,,-,A,-,N,,,,,,,,,,Y,3,0,1,3,A,-,08,22107,,N,C,C,A,A,H,-,A,D,0,,,,,Y,,A,07,0,1,0,0,0,0,0,0,0,"- ","- ",,,"SAN MATEO","DALY CITY",-122.48779,37.687441999999997
8976628,2019,2019-12-23,4116,2019-10-30,1730,26167,21,3,5,5,4116,0,0,0,,0,00A,"16TH AV","DELAWARE ST",0.00,,Y,A,-,N,,,,,,,,,,N,3,0,1,2,A,-,09,21800,C,N,D,G,A,A,H,-,A,A,0,,Y,,,Y,,A,01,0,1,0,0,0,0,1,0,0,"- ","- ",37.557338714599609,-122.30935668945312,"SAN MATEO","SAN MATEO",-122.30935668945312,37.557331085205078
8976636,2019,2019-12-23,4116,2019-10-21,1057,28252,14,1,5,5,4116,0,0,0,,0,00A,"N EL CAMINO REAL","W SANTA INEZ ST",0.00,,Y,A,-,N,,,,,,,,,,N,4,0,1,2,A,-,03,22350,,N,C,C,A,A,H,-,A,D,0,,,,,Y,,-,,0,0,1,0,0,0,0,0,0,"- ","- ",37.569381713867188,-122.3341064453125,"SAN MATEO","SAN MATEO",-122.33419036865234,37.569389343261719
8978136,2019,2020-10-07,4109,2019-09-05,1825,14591,,4,5,4,4109,0,0,0,,0,001,"RT 82","ENCINAL AV",240.00,S,N,A,-,Y,SM,4,82,-,-,1.230,H,-,N,Y,3,0,1,3,A,-,03,22350,,N,C,C,A,A,H,-,A,D,0,,,,,Y,,A,01,0,1,0,0,0,0,0,0,0,"- ","- ",37.457481384277344,-122.19072723388672,"SAN MATEO","MENLO PARK",-122.19007873535156,37.45709228515625
8978274,2019,2020-01-10,4106,2019-08-23,1614,2146,,5,5,6,4106,0,0,0,,0,004,"RT 35","WESTMOOR AV",0.00,,Y,A,E,Y,SM,4,35,-,-,29.700,I,5,N,Y,3,0,1,2,A,-,04,21703,,N,C,C,A,A,H,-,A,D,0,,,Y,,Y,,C,02,0,1,0,0,0,0,0,0,1,"- ","- ",,,"SAN MATEO","DALY CITY",-122.48912811279297,37.683319091796875
8978327,2019,2020-01-23,4109,2019-11-05,0958,146333,,2,5,4,4109,0,0,0,,0,001,"OAK GROVE AV","UNIVERSITY DR",18.00,N,N,A,-,N,,,,,,,,,,N,3,0,1,2,A,-,10,21950,C,N,G,B,B,A,H,-,A,A,0,Y,,,,Y,,A,01,0,1,0,0,1,0,0,0,0,"- ","- ",37.450580596923828,-122.18746948242188,"SAN MATEO","MENLO PARK",-122.18741607666016,37.450630187988281
8983692,2019,2019-12-03,4127,2019-08-31,0230,2232,,6,5,4,4127,0,0,0,,0,002,"MICHIGAN AV","ILLINOIS ST",101.00,N,N,A,-,N,,,,,,,,,,N,4,0,1,3,A,-,08,22107,,M,B,E,A,A,H,-,C,D,0,,,,,Y,,-,99,0,0,1,0,0,0,0,0,0,"- ","- ",,,"SAN MATEO","EAST PALO ALTO",-122.13538360595703,37.473670959472656
8985139,2019,2020-02-10,4117,2019-11-26,1801,13DZ05,21AL,2,5,5,4117,0,0,0,,0,003,"RT 82","MCLELLAN DR",576.00,N,N,C,-,Y,SM,4,82,-,-,21.710,H,-,N,N,3,0,1,2,A,-,03,22350,,N,C,C,A,D,G,-,C,A,0,,,,,Y,,A,01,0,1,0,0,0,0,0,0,0,"- ","- ",37.665401458740234,-122.4490966796875,"SAN MATEO","SOUTH SAN FRANCISCO",-122.44890594482422,37.664180755615234
8988198,2019,2019-12-12,4113,2019-09-27,2237,459,11,5,5,5,4113,0,0,0,,0,023,"JEFFERSON AV","JEFFERSON AV 837",0.00,,Y,-,-,N,,,,,,,,,,N,4,0,1,2,A,-,21,22106,,N,-,-,-,-,-,-,-,-,0,Y,,,,Y,,A,01,0,0,1,0,1,0,0,0,0,"- ","- ",37.485759735107422,-122.22782135009766,"SAN MATEO","REDWOOD CITY",-122.228067,37.485742000000002
8990437,2019,2020-01-13,4113,2019-11-24,1327,363,11,7,5,5,4113,0,0,0,,0,023,"MAIN ST","MAIN ST 868",0.00,,Y,A,-,N,,,,,,,,,,N,3,0,1,2,A,-,03,22350,,N,G,B,D,A,H,-,A,D,0,Y,,,,Y,,A,01,0,1,0,0,1,0,0,0,0,"- ","- ",37.485389709472656,-122.22641754150391,"SAN MATEO","REDWOOD CITY",-122.226204,37.485396999999999
8991979,2019,2020-01-29,4100,2019-11-22,1837,25173,MLB,5,5,3,4110,0,0,0,,0,062,BROADWAY,"MEADOW GLEN",385.00,S,N,A,-,N,,,,,,,,,,N,3,0,2,2,A,-,09,21801,A,N,D,C,A,A,H,-,C,D,0,,,,,Y,,A,01,0,1,1,0,0,0,0,0,0,"- ","- ",,,"SAN MATEO",MILLBRAE,-122.39659881591797,37.604537963867188
8992361,2019,2020-01-14,4113,2019-10-20,1309,449,1,7,5,5,4113,0,0,0,,0,001,"SHOREWAY RD","MARINE PKWY",0.00,,Y,A,-,N,,,,,,,,,,Y,3,0,1,2,A,-,03,22350,,N,C,C,A,A,H,-,A,A,0,,,,,Y,,-,,0,1,0,0,0,0,0,0,0,"- ","- ",37.528530120849609,-122.26663208007812,"SAN MATEO","REDWOOD CITY",-122.26643371582031,37.528358459472656
8994762,2019,2020-01-27,4117,2019-11-15,1113,18JA13,01AK,5,5,5,4117,0,0,0,,0,001,"SOUTH AIRPORT BL","WONDERCOLOR LN",50.00,N,N,A,-,N,,,,,,,,,,N,3,0,1,2,A,-,21,22106,,N,C,C,A,A,H,-,A,A,0,,,,,Y,,-,,0,1,0,0,0,0,0,0,0,"- ","- ",37.646720886230469,-122.40463256835938,"SAN MATEO","SOUTH SAN FRANCISCO",-122.40550994873047,37.646907806396484