CASE_ID,ACCIDENT_YEAR,PROC_DATE,JURIS,COLLISION_DATE,COLLISION_TIME,OFFICER_ID,REPORTING_DISTRICT,DAY_OF_WEEK,CHP_SHIFT,POPULATION,CNTY_CITY_LOC,SPECIAL_COND,BEAT_TYPE,CHP_BEAT_TYPE,CITY_DIVISION_LAPD,CHP_BEAT_CLASS,BEAT_NUMBER,PRIMARY_RD,SECONDARY_RD,DISTANCE,DIRECTION,INTERSECTION,WEATHER_1,WEATHER_2,STATE_HWY_IND,CALTRANS_COUNTY,CALTRANS_DISTRICT,STATE_ROUTE,ROUTE_SUFFIX,POSTMILE_PREFIX,POSTMILE,LOCATION_TYPE,RAMP_INTERSECTION,SIDE_OF_HWY,TOW_AWAY,COLLISION_SEVERITY,NUMBER_KILLED,NUMBER_INJURED,PARTY_COUNT,PRIMARY_COLL_FACTOR,PCF_CODE_OF_VIOL,PCF_VIOL_CATEGORY,PCF_VIOLATION,PCF_VIOL_SUBSECTION,HIT_AND_RUN,TYPE_OF_COLLISION,MVIW,PED_ACTION,ROAD_SURFACE,ROAD_COND_1,ROAD_COND_2,LIGHTING,CONTROL_DEVICE,CHP_ROAD_TYPE,PEDESTRIAN_ACCIDENT,BICYCLE_ACCIDENT,MOTORCYCLE_ACCIDENT,TRUCK_ACCIDENT,NOT_PRIVATE_PROPERTY,ALCOHOL_INVOLVED,STWD_VEHTYPE_AT_FAULT,CHP_VEHTYPE_AT_FAULT,COUNT_SEVERE_INJ,COUNT_VISIBLE_INJ,COUNT_COMPLAINT_PAIN,COUNT_PED_KILLED,COUNT_PED_INJURED,COUNT_BICYCLIST_KILLED,COUNT_BICYCLIST_INJURED,COUNT_MC_KILLED,COUNT_MC_INJURED,PRIMARY_RAMP,SECONDARY_RAMP,LATITUDE,LONGITUDE,COUNTY,CITY,POINT_X,POINT_Y
90465939,2017,2017-05-29,9330,2017-05-20,1515,021661,,6,2,9,4100,0,3,5,,2,505,"100 NORTHUMBERLAND AVE","MARLBOROUGH AVE",0.00,,Y,A,-,N,,,,,,,,,,Y,4,0,1,1,A,-,01,23152,F,N,E,I,A,A,H,-,A,D,0,,,,,Y,,A,01,0,0,1,0,0,0,0,0,0,"- ","- ",37.474029999999999,-122.21586000000001,"SAN MATEO",UNINCORPORATED,-122.21603995,37.47398999
90466574,2017,2017-05-30,9330,2017-05-21,0243,021442,,7,3,5,4113,0,1,2,,2,058,"US-101 SOUTHBOUND","MARSH ROAD",1056.00,N,N,A,-,Y,,,,,,,,,,Y,3,0,1,2,A,-,03,22350,,N,C,A,A,A,H,-,D,D,0,,,,,Y,,A,01,0,1,0,0,0,0,0,0,0,"- ","- ",37.295580000000001,-122.11109,"SAN MATEO","REDWOOD CITY",-122.18413707000001,37.484358690000001
90468714,2017,2017-06-01,9330,2017-05-19,1008,021511,,5,1,5,4116,0,1,2,,2,038,"US-101 N/B",SR-92,1800.00,S,N,A,-,Y,,,101,,,,,,N,N,4,0,1,2,A,-,07,21658,A,N,B,C,A,A,H,-,A,D,0,,,Y,,Y,,C,02,0,0,1,0,0,0,0,0,1,"- ","- ",37.548920000000003,-122.29174,"SAN MATEO","SAN MATEO",-122.29176637,37.548894480000001
90468746,2017,2017-06-01,9330,2017-05-30,0715,021590,,2,1,9,4100,0,1,1,,2,054,"I-280 S/B","FARM HILL ROAD",4000.00,S,N,A,-,Y,,,,,,,,,,Y,3,0,1,1,A,-,08,22107,,N,F,I,A,A,H,-,A,D,0,,,,,Y,,A,01,0,1,0,0,0,0,0,0,0,"- ","- ",37.442799999999998,-122.2531,"SAN MATEO",UNINCORPORATED,-122.26387,37.443570000000001
90469561,2017,2017-06-02,9330,2017-05-27,1023,021414,,6,1,5,4113,0,3,5,,2,505,"SR-82 (EL CAMINO REAL) NORTHBOUND","DUMBARTON AVENUE",25.00,N,N,A,-,N,,,82,,,,,,N,N,4,0,1,2,A,-,03,22350,,N,C,C,A,A,H,-,A,D,0,,,,,Y,,A,07,0,0,1,0,0,0,0,0,0,"- ","- ",37.470829999999999,-122.21384999999999,"SAN MATEO","REDWOOD CITY",-122.21391491,37.470739780000002
90472988,2017,2017-06-07,9330,2017-05-30,0835,021590,,2,1,9,4100,0,3,5,,2,005,"SAND HILL ROAD","WHISKEY HILL ROAD",0.00,,Y,A,-,N,,,,,,,,,,Y,3,0,3,2,A,-,09,21801,A,N,D,C,A,A,H,-,A,D,0,,,,,Y,,D,22,0,2,1,0,0,0,0,0,0,"- ","- ",37.412399999999998,-122.2402,"SAN MATEO",UNINCORPORATED,-122.24018986999999,37.412359930000001
90475076,2017,2017-06-12,9335,2017-06-01,1010,020201,,4,1,2,4103,0,1,2,,2,012,"US-101 NORTHBOUND","SIERRA POINT PARKWAY",2500.00,N,N,A,-,Y,,,101,,,,,,N,Y,4,0,2,3,A,-,08,22107,,N,C,C,A,A,H,-,A,D,0,,,,,Y,,D,22,0,0,2,0,0,0,0,0,0,"- ","- ",37.681609999999999,-122.38885999999999,"SAN MATEO",BRISBANE,-122.38881914,37.681617889999998
90475089,2017,2017-06-12,9335,2017-06-02,1232,020783,,5,1,9,4100,0,1,2,,2,011,"US-101 N/B","SAN BRUNO AVE",3261.00,S,N,A,-,Y,,,101,,,,,,N,Y,3,0,2,1,A,-,08,22107,,N,E,I,A,A,H,-,A,D,0,,,,,Y,,A,07,0,1,1,0,0,0,0,0,0,"- ","- ",37.622599999999998,-122.40017,"SAN MATEO",UNINCORPORATED,-122.40032484,37.622547580000003
90475190,2017,2017-06-12,9335,2017-06-04,1445,020201,,7,2,6,4106,0,1,3,,2,035,"SR-35 NORTHBOUND","WESTMOOR AVE.",350.00,S,N,A,-,Y,,,35,,,,,,N,Y,4,0,1,2,A,-,03,22350,,N,C,C,A,A,H,-,A,A,0,,,,,Y,,A,01,0,0,1,0,0,0,0,0,0,"- ","- ",37.682200000000002,-122.48939,"SAN MATEO","DALY CITY",-122.48937554,37.682196709999999
90475203,2017,2017-06-12,9330,2017-06-03,1731,021442,,6,2,5,4116,0,1,2,,2,038,"US-101 SOUTHBOUND","3RD AVE",158.00,S,N,A,-,Y,,,,,,,,,,N,3,0,2,2,A,-,03,22350,,N,C,C,A,A,H,-,A,D,0,,,,,Y,,A,01,0,1,1,0,0,0,0,0,0,"- ","- ",37.342120000000001,-122.18371,"SAN MATEO","SAN MATEO",,
90478057,2017,2017-06-14,9345,2017-06-13,0730,021330,,2,1,4,4109,0,1,3,,2,084,"SR-84 S/B","UNIVERSITY AVE",2000.00,N,N,A,-,Y,,,84,,,,,,S,N,4,0,1,2,A,-,03,22350,,N,C,C,A,A,H,-,A,D,0,,,,,Y,,A,07,0,0,1,0,0,0,0,0,0,"- ","- ",37.492330000000003,-122.13643999999999,"SAN MATEO","MENLO PARK",-122.13634439,37.492224299999997
90478358,2017,2017-06-14,9330,2017-06-10,0225,021350,,6,3,5,4113,0,1,2,,2,058,"US-101 N/B","MARSH RD",400.00,N,N,A,-,Y,,,101,,,,,,N,N,3,0,1,1,A,-,01,23152,A,N,E,I,A,A,H,-,C,D,0,,,,,Y,Y,A,01,0,1,0,0,0,0,0,0,0,"- ","- ",37.483989999999999,-122.18249,"SAN MATEO","REDWOOD CITY",-122.18246431,37.48407332
90478710,2017,2017-06-15,9330,2017-06-11,1430,021537,,7,2,4,4120,0,1,3,,2,031,"SR-92 W/B","FOSTER CITY BLVD",250.00,W,N,A,-,Y,,,92,,,,,,W,Y,4,0,2,3,A,-,03,22350,,N,B,C,A,A,H,-,A,D,0,,,,,Y,,A,07,0,0,2,0,0,0,0,0,0,"- ","- ",37.562600000000003,-122.27509999999999,"SAN MATEO","FOSTER CITY",-122.27513634,37.562654989999999
90478810,2017,2017-06-15,9330,2017-06-08,0855,021590,,4,1,5,4113,0,1,2,,2,058,"US-101 N/B","SR 84 (WOODSIDE ROAD)",4000.00,S,N,A,-,Y,,,101,,,,,,N,Y,4,0,3,3,A,-,03,22350,,N,C,A,A,A,H,-,A,D,0,,,,,Y,,A,01,0,0,3,0,0,0,0,0,0,"- ","- ",37.4861,-122.1934,"SAN MATEO","REDWOOD CITY",-122.19340253999999,37.486078470000002
90486856,2017,2017-06-23,9330,2017-06-16,1128,021550,,5,1,9,4100,0,3,5,,2,109,"AVENUE BALBOA","VALLEJO STREET",150.00,S,N,A,-,N,,,,,,,,,,N,4,0,1,2,A,-,03,22350,,N,D,G,A,A,H,-,A,A,0,,Y,,,Y,,L,04,0,0,1,0,0,0,1,0,0,"- ","- ",37.507080000000002,-122.47468000000001,"SAN MATEO",UNINCORPORATED,-122.47464017,37.507118409999997
90489220,2017,2017-06-28,9330,2017-01-13,1845,020954,,5,2,4,4115,0,1,2,,2,048,"US 101 SOUTHBOUND","HOLLY STREET",2938.00,S,N,B,-,Y,,,,,,,,,,Y,1,1,0,2,A,-,11,21954,A,F,G,B,D,A,H,-,D,D,0,Y,,,,Y,Y,N,60,0,0,0,1,0,0,0,0,0,"- ","- ",37.507959999999997,-122.24963,"SAN MATEO","SAN CARLOS",-122.24943986,37.507857950000002
90491900,2017,2017-07-03,9330,2017-06-29,1325,021356,,4,1,9,4100,0,1,3,,1,010,"SR-1 (CABRILLO HWY)","MAGELLAN AVE",0.00,,Y,A,-,Y,,,1,,,,,,,Y,4,0,1,2,A,-,09,21802,A,N,D,C,A,A,H,-,A,A,0,,,,,Y,,A,08,0,0,1,0,0,0,0,0,0,"- ","- ",37.497239999999998,-122.461,"SAN MATEO",UNINCORPORATED,-122.46098196,37.497286619999997
90492191,2017,2017-07-03,9335,2017-06-22,2123,021646,,4,2,9,4100,0,1,2,,2,011,"US-101 N/B","SAN BRUNO AVE",2640.00,S,N,A,-,Y,,,101,,,,,,N,Y,4,0,1,2,A,-,03,22350,,N,C,C,A,A,H,-,D,D,0,,,,,Y,,A,01,0,0,1,0,0,0,0,0,0,"- ","- ",37.623330000000003,-122.40061,"SAN MATEO",UNINCORPORATED,-122.4005918,37.623336160000001
90493378,2017,2017-07-04,9330,2017-06-28,1850,021628,,3,2,4,4115,0,1,2,,2,048,"US-101 N/B","HOLLY ST",5280.00,S,N,A,-,Y,,,101,,,,,,N,N,4,0,1,3,A,-,03,22350,,N,C,C,A,A,H,-,A,D,0,,,,,Y,,A,01,0,0,1,0,0,0,0,0,0,"- ","- ",37.503279999999997,-122.24364,"SAN MATEO","SAN CARLOS",-122.24375064,37.50315441
90495611,2017,2017-07-06,9335,2017-06-20,1442,020509,,2,2,6,4106,0,1,1,,2,021,"I-280 NORTHBOUND","SCHOOL ST O/C",660.00,S,N,A,-,Y,,,280,,,,,,N,N,4,0,1,2,A,-,03,22350,,F,C,C,A,A,H,-,A,D,0,,,,,Y,,A,01,0,0,1,0,0,0,0,0,0,"- ","- ",37.691470000000002,-122.47016000000001,"SAN MATEO","DALY CITY",-122.4703081,37.691468729999997
90496711,2017,2017-07-10,9330,2017-07-02,1650,021609,,7,2,5,4113,0,1,2,,2,048,"US-101 SOUTHBOUND","WHIPPLE AVENUE",1056.00,N,N,A,-,Y,,,101,,,,,,S,Y,3,0,1,1,A,-,08,22107,,N,E,I,A,A,H,-,A,D,0,,,,,Y,,A,01,0,1,0,0,0,0,0,0,0,"- ","- ",37.497549999999997,-122.23736,"SAN MATEO","REDWOOD CITY",-122.23728813,37.497699910000001
90497681,2017,2017-07-11,9330,2017-07-02,2135,020900,,7,2,4,4102,0,1,2,,2,048,"US-101 SB","RALSTON AVE",3696.00,N,N,A,-,Y,,,101,,,,,,S,Y,2,0,1,1,A,-,01,23152,A,N,E,J,A,A,H,-,D,D,0,,,,,Y,Y,A,01,1,0,0,0,0,0,0,0,0,"- ","- ",37.534550000000003,-122.27903999999999,"SAN MATEO",BELMONT,-122.27891748,37.534662419999997
9049951,2020,2020-03-05,4113,2020-01-23,1245,380,2,4,5,5,4113,0,0,0,,0,002,"WHIPPLE AV","VETERANS BL",0.00,,-,A,-,N,,,,,,,,,,N,4,0,1,2,A,-,03,22350,,N,B,C,A,A,H,-,A,A,0,,,,,Y,,A,01,0,0,1,0,0,0,0,0,0,"- ","- ",37.494110107421875,-122.23445892333984,"SAN MATEO","REDWOOD CITY",-122.23451995849609,37.494548797607422
90499563,2017,2017-07-13,9330,2017-07-10,0852,019764,,1,1,5,4113,0,1,2,,2,048,"US-101 S/B","SR-84 (WOODSIDE RD.)",2400.00,N,N,A,-,Y,,,101,,,,,,S,Y,3,0,1,4,A,-,03,22350,,M,C,C,A,A,H,-,A,D,0,,,,,Y,,A,08,0,1,0,0,0,0,0,0,0,"- ","- ",37.491979999999998,-122.22058,"SAN MATEO","REDWOOD CITY",-122.22058932,37.491959389999998
9049958,2020,2020-03-05,4106,2020-01-16,2042,2163,4,4,5,6,4106,0,0,0,,0,003,"MISSION ST","ALP AV",0.00,,Y,B,-,N,,,,,,,,,,N,3,0,1,2,A,-,10,21950,A,N,G,B,B,B,H,-,C,D,0,Y,,,,Y,,A,01,0,1,0,0,1,0,0,0,0,"- ","- ",,,"SAN MATEO","DALY CITY",-122.46343231201172,37.70159912109375
90501258,2017,2017-07-17,9335,2017-07-09,1534,021700,,7,2,3,4110,0,1,2,,2,011,"US-101 S/B","MILLBRAE AVE",422.00,N,N,A,-,Y,,,101,,,,,,S,Y,4,0,1,2,A,-,03,22350,,N,C,C,A,A,H,-,A,D,0,,,,,Y,,A,07,0,0,1,0,0,0,0,0,0,"- ","- ",37.609900000000003,-122.39203000000001,"SAN MATEO",MILLBRAE,-122.39200809,37.60993406
90501448,2017,2017-07-17,9330,2017-07-15,1600,020580,,6,2,9,4100,0,1,3,,1,021,"SR-84 (LA HONDA ROAD)","HILDEBRAND ROAD",6336.00,E,N,A,-,Y,,,84,,,,,,,Y,3,0,1,1,A,-,03,22350,,N,F,A,A,A,H,-,A,D,0,,,Y,,Y,,C,02,0,1,0,0,0,0,0,0,1,"- ","- ",37.332859999999997,-122.27141,"SAN MATEO",UNINCORPORATED,-122.27134358000001,37.332875700000002
90504374,2017,2017-07-20,9330,2017-07-18,1730,021414,,2,2,5,4116,0,1,2,,2,038,"US-101 SOUTHBOUND","MONTE DIABLO PED O/C",200.00,S,N,A,-,Y,,,101,,,,,,S,Y,4,0,1,2,A,-,03,22350,,N,C,C,A,A,H,-,A,D,0,,,,,Y,,A,01,0,0,1,0,0,0,0,0,0,"- ","- ",37.575899999999997,-122.31972,"SAN MATEO","SAN MATEO",-122.31966500999999,37.575960119999998
90506403,2017,2017-07-24,9330,2017-06-30,1937,020894,,5,2,4,4120,0,1,3,,1,035,"SR-92 EASTBOUND","SUB STATION 4",200.00,E,N,A,-,Y,,,92,,,,,,E,N,4,0,1,2,A,-,01,23152,A,M,C,C,A,A,H,-,A,D,0,,,,,Y,Y,A,01,0,0,1,0,0,0,0,0,0,"- ","- ",37.597549999999998,-122.22016000000001,"SAN MATEO","FOSTER CITY",-122.22016007000001,37.597550239999997
90506406,2017,2017-07-24,9330,2017-07-15,1750,021319,,6,2,9,4100,0,1,3,,1,010,"SR-1 (CABRILLO HIGHWAY) S/B","MEDIO AVENUE",70.00,N,N,A,-,Y,,,,,,,,,,N,4,0,2,2,A,-,03,22350,,N,C,C,A,A,H,-,A,D,0,,,,,Y,,A,01,0,0,2,0,0,0,0,0,0,"- ","- ",37.496380000000002,-122.45001999999999,"SAN MATEO",UNINCORPORATED,-122.45789725,37.496083800000001
9050693,2020,2020-08-27,4127,2020-01-10,0859,2158,4127,5,5,4,4127,0,0,0,,0,002,"WEEKS ST","PULGAS AV",122.00,N,N,A,-,N,,,,,,,,,,N,3,0,1,2,A,-,09,21804,A,N,D,C,A,A,H,-,A,D,0,,,,,Y,,D,72,0,1,0,0,0,0,0,0,0,"- ","- ",,,"SAN MATEO","EAST PALO ALTO",-122.13034057617188,37.470260620117188
90508483,2017,2017-09-20,9330,2017-07-20,0550,021590,,4,3,5,4116,0,1,3,,2,031,"SR-92 W/B","DELAWARE ST",2000.00,W,N,A,-,Y,,,92,,,,,,W,Y,3,0,1,2,A,-,07,21658,A,N,F,I,A,A,H,-,B,D,0,,,Y,,Y,,A,01,0,1,0,0,0,0,0,0,1,"- ","- ",37.550400000000003,-122.31189999999999,"SAN MATEO","SAN MATEO",-122.31192693,37.550436619999999
90510164,2017,2017-07-27,9335,2017-07-17,0941,021328,,1,1,5,4117,0,1,1,,2,020,"I-280 S/B","AVALON DR. U/C",763.00,N,N,A,-,Y,,,280,,,,,,S,N,4,0,2,2,A,-,03,22350,,N,C,C,A,A,H,-,A,D,0,,,,,Y,,A,07,0,0,2,0,0,0,0,0,0,"- ","- ",37.641260000000003,-122.44378,"SAN MATEO","SOUTH SAN FRANCISCO",-122.44375246,37.641287920000003
90515380,2017,2017-08-03,9330,2017-07-26,1910,016184,,3,2,5,4116,0,1,3,,2,031,"SR-92 EASTBOUND","ALAMEDA DE LAS PULGAS",300.00,E,N,A,-,Y,,,92,,,,,,E,N,4,0,1,2,A,-,03,22350,,N,C,C,A,A,H,-,A,D,0,,,,,Y,,A,07,0,0,1,0,0,0,0,0,0,"- ","- ",37.547499999999999,-122.32052,"SAN MATEO","SAN MATEO",-122.32051825000001,37.547492169999998
90516332,2017,2017-08-03,9335,2017-07-24,0812,021712,,1,1,6,4106,0,1,3,,2,041,"SR-1 N/B","D STREET OVERCROSSING",1275.00,S,N,A,-,Y,,,1,,,,,,N,Y,4,0,1,1,A,-,08,22107,,N,E,I,A,A,H,-,A,D,0,,,,,Y,,A,01,0,0,1,0,0,0,0,0,0,"- ","- ",37.680329999999998,-122.47129,"SAN MATEO","DALY CITY",-122.47122967999999,37.680336089999997
90516466,2017,2017-08-04,9345,2017-08-03,0600,021688,,4,1,4,4109,0,1,3,,2,084,"SR-84 SOUTHBOUND","UNIVERSITY AVENUE",140.00,N,N,B,-,Y,,,84,,,,,,S,Y,3,0,1,2,A,-,08,22107,,N,D,C,A,A,H,-,A,D,0,,,Y,,Y,,A,01,0,1,0,0,0,0,0,0,1,"- ","- ",37.486829999999998,-122.14238,"SAN MATEO","MENLO PARK",-122.14236585,37.486814340000002
90516883,2017,2017-08-04,9335,2017-05-26,1500,021436,,5,2,4,4114,1,4,S,,2,901,"HUNTINGTON AVE","ANGUS AVE",1531.00,S,N,A,-,N,,,,,,,,,,N,2,0,1,1,C,-,18,,,N,H,A,A,A,H,-,A,D,0,,,,,Y,,-,"- ",1,0,0,0,0,0,0,0,0,"- ","- ",37.622529999999998,-122.40745,"SAN MATEO","SAN BRUNO",-122.40757637999999,37.62276026
90517082,2017,2017-08-07,9330,2017-08-01,1420,016795,,2,2,5,4116,0,1,3,,2,031,"SR-92 W/B (J. ARTHUR YOUNGER FREEWAY)","MARINERS ISLAND BLVD",33.00,E,N,A,-,Y,,,92,,,,,,W,Y,3,0,1,1,A,-,08,22107,,N,E,I,A,A,H,-,A,D,0,,,,,Y,,A,01,0,1,0,0,0,0,0,0,0,"- ","- ",37.556480000000001,-122.28539000000001,"SAN MATEO","SAN MATEO",-122.28538632,37.556473349999997
90518978,2017,2017-08-08,9330,2017-08-01,0723,019764,,2,1,5,4116,0,1,2,,2,038,"US-101 S/B",SR-92,3696.00,N,N,A,-,Y,,,101,,,,,,S,Y,4,0,1,2,A,-,03,22350,,N,C,C,A,A,H,-,A,D,0,,,,,Y,,A,01,0,0,1,0,0,0,0,0,0,"- ","- ",37.562289999999997,-122.30477999999999,"SAN MATEO","SAN MATEO",-122.30480541,37.562262009999998
90519354,2017,2017-08-09,9330,2017-07-31,0645,018415,,1,1,9,4100,0,1,3,,2,052,"SR-35 NORTHBOUND","PAGE MILL RD.",885.00,N,N,A,-,Y,,,35,,,,,,N,Y,3,0,1,2,A,-,08,22107,,N,D,C,A,A,H,-,A,D,0,,,,,Y,,A,07,0,1,0,0,0,0,0,0,0,"- ","- ",37.315820000000002,-122.18803,"SAN MATEO",UNINCORPORATED,-122.18806601,37.315783940000003
9051979,2020,2020-06-04,4116,2020-02-01,1007,28071,12,6,5,5,4116,0,0,0,,0,00A,"N HUMBOLDT ST","EAST POPLAR AV",0.00,,Y,A,-,N,,,,,,,,,,N,2,0,1,2,A,-,10,21950,A,N,G,B,B,A,H,-,A,A,0,Y,,,,Y,,A,01,1,0,0,0,1,0,0,0,0,"- ","- ",37.578830718994141,-122.325927734375,"SAN MATEO","SAN MATEO",-122.32631683349609,37.578819274902344
9051983,2020,2020-06-04,4116,2020-02-03,1558,28252,13,1,5,5,4116,0,0,0,,0,0DT,"EAST 4TH AV","E 4TH AV 4",0.00,,Y,A,-,N,,,,,,,,,,N,4,0,1,2,B,-,22,,,N,D,C,A,A,H,-,A,D,0,,,,,Y,,A,01,0,0,1,0,0,0,0,0,0,"- ","- ",37.563220977783203,-122.32430267333984,"SAN MATEO","SAN MATEO",,
90522132,2017,2017-08-14,9330,2017-08-07,1618,021378,,1,2,5,4113,0,1,2,,2,048,"US-101 S/B","MAPLE ST O/C",350.00,S,N,A,-,Y,,,101,,,,,,S,Y,3,0,3,4,A,-,03,22350,,N,B,C,A,A,H,-,A,D,0,,,,Y,Y,,D,22,0,1,2,0,0,0,0,0,0,"- ","- ",37.491520000000001,-122.2196,"SAN MATEO","REDWOOD CITY",-122.21960298,37.491513419999997
90522822,2017,2017-08-14,9330,2017-08-11,1918,020735,,5,2,9,4100,0,1,1,,2,044,"I-280 S/B","CANADA RD",500.00,S,N,A,-,Y,,,280,,,,,,S,Y,4,0,1,1,A,-,08,22107,,N,B,I,A,A,H,-,A,D,0,,,,,Y,,A,01,0,0,1,0,0,0,0,0,0,"- ","- ",37.458970000000001,-122.29016,"SAN MATEO",UNINCORPORATED,-122.29013341,37.458983119999999
90525878,2017,2017-08-17,9335,2017-08-08,0816,021646,,2,1,5,4117,0,1,1,,2,020,"I-280 S/B","AVALON DR",500.00,N,N,A,-,Y,,,280,,,,,,S,N,4,0,1,2,A,-,03,22350,,N,C,C,A,A,H,-,A,D,0,,,,,Y,,A,01,0,0,1,0,0,0,0,0,0,"- ","- ",37.640779999999999,-122.44318,"SAN MATEO","SOUTH SAN FRANCISCO",-122.44321558,37.64074677
90526624,2017,2017-08-21,9330,2017-08-13,1745,021319,,7,2,9,4100,0,1,3,,1,021,"SR-84 (WOODSIDE RD.) E/B",SR-35,2000.00,W,N,E,-,Y,,,,,,,,,,Y,3,0,2,1,A,-,08,22107,,N,F,I,A,A,H,-,A,D,0,,,,,Y,,A,07,0,2,0,0,0,0,0,0,0,"- ","- ",37.383659999999999,-122.26506999999999,"SAN MATEO",UNINCORPORATED,,
90527850,2017,2017-08-22,9330,2017-08-11,1344,021337,,5,1,5,4116,0,1,2,,2,048,"US-101 N/B",SR-92,2354.00,S,N,A,-,Y,,,101,,,,,,N,N,4,0,1,4,A,-,07,21658,A,N,B,C,A,A,H,-,A,D,0,,,,Y,Y,,A,01,0,0,1,0,0,0,0,0,0,"- ","- ",37.547699999999999,-122.29073,"SAN MATEO","SAN MATEO",-122.29066817,37.547759839999998
9052865,2020,2020-03-03,4116,2020-01-27,1400,28187,34,1,5,5,4116,0,0,0,,0,00C,"WEST 20TH AV","PIONEER CT",155.00,W,N,A,-,N,,,,,,,,,,N,3,0,1,2,A,-,08,22107,,N,D,B,E,A,H,-,A,D,0,Y,,,,Y,,A,01,0,1,0,0,1,0,0,0,0,"- ","- ",37.546600341796875,-122.31304931640625,"SAN MATEO","SAN MATEO",-122.31282806396484,37.547542572021484
90528842,2017,2017-08-23,9330,2017-08-21,2020,021356,,1,2,4,4109,0,1,2,,2,058,"US-101 SOUTHBOUND","WILLOW RD",4224.00,N,N,A,-,Y,,,101,,,,,,S,Y,4,0,1,2,A,-,03,22350,,N,C,C,A,A,H,-,C,D,0,,,,,Y,,A,01,0,0,1,0,0,0,0,0,0,"- ","- ",37.477519999999998,-122.17021,"SAN MATEO","MENLO PARK",-122.17021772,37.477506699999999
90529518,2017,2017-08-23,9330,2017-08-22,1717,021523,,2,2,5,4116,0,1,2,,2,048,"US-101 S/B","HILLSDALE BOULEVARD",2112.00,S,N,A,-,Y,,,101,,,,,,S,Y,4,0,1,2,A,-,03,22350,,N,C,C,A,A,H,-,A,D,0,,,,,Y,,A,01,0,0,1,0,0,0,0,0,0,"- ","- ",37.548360000000002,-122.29167,"SAN MATEO","SAN MATEO",-122.29165177,37.548376310000002
90533982,2017,2017-08-25,9330,2017-08-18,1456,021337,,5,2,5,4113,0,1,2,,2,048,"US-101 N/B","WHIPPLE AVE.",2400.00,N,N,A,-,Y,,,101,,,,,,N,N,4,0,1,3,A,-,03,22350,,N,C,C,A,A,H,-,A,D,0,,,,,Y,,A,01,0,0,1,0,0,0,0,0,0,"- ","- ",37.504339999999999,-122.24511,"SAN MATEO","REDWOOD CITY",-122.2451066,37.50434388
90535771,2017,2017-08-29,9330,2017-08-17,0530,019198,,4,3,9,4100,0,1,1,,2,034,"I-280 S/B","BUNKER HILL BLVD",1197.00,N,N,A,-,Y,,,,,,,,,,Y,2,0,2,2,A,-,03,22350,,N,C,C,A,A,H,-,A,D,0,,,,,Y,,D,22,1,1,0,0,0,0,0,0,0,"- ","- ",35.526649999999997,-122.35883,"SAN MATEO",UNINCORPORATED,-122.35847582,37.525852219999997
90535850,2017,2017-08-29,9330,2017-08-23,1025,021590,,3,1,4,4120,0,1,3,,2,031,"SR-92 W/B","MARINERS ISLAND BLVD",200.00,E,N,A,-,Y,,,92,,,,,,W,Y,3,0,2,2,A,-,03,22350,,N,C,C,A,A,H,-,A,D,0,,,,,Y,,A,01,0,1,1,0,0,0,0,0,0,"- ","- ",37.556899999999999,-122.28449999999999,"SAN MATEO","FOSTER CITY",-122.2845092,37.556917300000002
90536312,2017,2017-08-29,9330,2017-08-03,1717,021414,,4,2,5,4116,0,1,2,,2,038,"US-101 NORTHBOUND","PENINSULA AVE",300.00,N,N,A,-,Y,,,101,,,,,,N,N,3,0,1,2,A,-,03,22350,,N,C,C,A,A,H,-,A,D,0,,,Y,,Y,,C,02,0,1,0,0,0,0,0,0,1,"- ","- ",37.585299999999997,-122.32953000000001,"SAN MATEO","SAN MATEO",-122.32954456,37.585280390000001
90538614,2017,2017-09-01,9330,2017-08-27,1045,021243,,7,1,9,4100,0,1,3,,1,021,"SR-84 (WOODSIDE ROAD)","HILDEBRAND AVENUE",3696.00,E,N,A,-,Y,,,84,,,,,,,Y,2,0,1,1,A,-,08,22107,,N,F,A,A,A,H,-,A,D,0,,,Y,,Y,,C,02,1,0,0,0,0,0,0,0,1,"- ","- ",37.332880000000003,-122.27145,"SAN MATEO",UNINCORPORATED,-122.27134751,37.332892319999999
90538733,2017,2017-09-01,9330,2017-08-27,1235,017991,,7,1,9,4100,0,1,3,,1,011,"SR-92 W/B","CANADA RD",375.00,E,N,A,-,N,,,,,,,,,,Y,2,0,4,4,A,-,03,22350,,N,C,C,A,A,H,-,A,D,0,,,,,Y,,A,01,1,1,2,0,0,0,0,0,0,"- ","- ",,,"SAN MATEO",UNINCORPORATED,-122.3400188,37.50705
90539774,2017,2017-09-04,9330,2017-08-23,1100,019764,,3,1,9,4100,0,2,4,,1,051,"MIDDLEFIELD RD.(3000 BLOCK)","FOURTH AVE.",75.00,S,N,A,-,N,,,,,,,,,,N,3,0,1,2,A,-,06,21750,,F,B,G,A,A,H,-,A,D,0,,Y,,,Y,,-,99,0,1,0,0,0,0,1,0,0,"- ","- ",37.472459999999998,-122.20515,"SAN MATEO",UNINCORPORATED,-122.20514181999999,37.472527700000001
90540891,2017,2017-09-05,9330,2017-09-05,0800,016324,,2,1,9,4100,0,1,1,,2,034,"I-280 S/B","SR-92 U/C",1584.00,N,N,A,-,Y,,,,,,,,,,Y,4,0,1,3,A,-,03,22350,,N,C,C,A,A,H,-,A,D,0,,,,,Y,,A,01,0,0,1,0,0,0,0,0,0,"- ","- ",37.306199999999997,-122.20668000000001,"SAN MATEO",UNINCORPORATED,-122.34003,37.507660000000001