CASE_ID,ACCIDENT_YEAR,PROC_DATE,JURIS,COLLISION_DATE,COLLISION_TIME,OFFICER_ID,REPORTING_DISTRICT,DAY_OF_WEEK,CHP_SHIFT,POPULATION,CNTY_CITY_LOC,SPECIAL_COND,BEAT_TYPE,CHP_BEAT_TYPE,CITY_DIVISION_LAPD,CHP_BEAT_CLASS,BEAT_NUMBER,PRIMARY_RD,SECONDARY_RD,DISTANCE,DIRECTION,INTERSECTION,WEATHER_1,WEATHER_2,STATE_HWY_IND,CALTRANS_COUNTY,CALTRANS_DISTRICT,STATE_ROUTE,ROUTE_SUFFIX,POSTMILE_PREFIX,POSTMILE,LOCATION_TYPE,RAMP_INTERSECTION,SIDE_OF_HWY,TOW_AWAY,COLLISION_SEVERITY,NUMBER_KILLED,NUMBER_INJURED,PARTY_COUNT,PRIMARY_COLL_FACTOR,PCF_CODE_OF_VIOL,PCF_VIOL_CATEGORY,PCF_VIOLATION,PCF_VIOL_SUBSECTION,HIT_AND_RUN,TYPE_OF_COLLISION,MVIW,PED_ACTION,ROAD_SURFACE,ROAD_COND_1,ROAD_COND_2,LIGHTING,CONTROL_DEVICE,CHP_ROAD_TYPE,PEDESTRIAN_ACCIDENT,BICYCLE_ACCIDENT,MOTORCYCLE_ACCIDENT,TRUCK_ACCIDENT,NOT_PRIVATE_PROPERTY,ALCOHOL_INVOLVED,STWD_VEHTYPE_AT_FAULT,CHP_VEHTYPE_AT_FAULT,COUNT_SEVERE_INJ,COUNT_VISIBLE_INJ,COUNT_COMPLAINT_PAIN,COUNT_PED_KILLED,COUNT_PED_INJURED,COUNT_BICYCLIST_KILLED,COUNT_BICYCLIST_INJURED,COUNT_MC_KILLED,COUNT_MC_INJURED,PRIMARY_RAMP,SECONDARY_RAMP,LATITUDE,LONGITUDE,COUNTY,CITY,POINT_X,POINT_Y
90541357,2017,2017-09-06,9330,2017-09-03,1312,021550,,7,1,4,4104,0,1,2,,2,038,"US-101 N/B","ANZA BLVD",835.00,S,N,A,-,Y,,,101,,,,,,N,N,4,0,1,3,A,-,03,22350,,N,C,C,A,A,H,-,A,D,0,,,,,Y,,A,01,0,0,1,0,0,0,0,0,0,"- ","- ",37.587249999999997,-122.34997,"SAN MATEO",BURLINGAME,-122.34997026000001,37.587240139999999
90542059,2017,2017-09-06,9335,2017-07-23,2158,021277,,7,2,9,4100,0,1,2,,2,011,"US-101 N/B TO I-380 W/B","SAN BRUNO AVE",1128.00,N,N,A,-,Y,,,101,,,,R,,N,Y,4,0,1,2,A,-,03,22350,,F,C,C,A,A,H,-,D,D,0,,,,,Y,,A,07,0,0,1,0,0,0,0,0,0,"- ","- ",37.634160000000001,-122.40416999999999,"SAN MATEO",UNINCORPORATED,-122.40416999999999,37.634160000000001
90542326,2017,2017-09-07,9335,2017-08-29,1700,015042,,2,2,5,4117,0,1,1,,2,020,"I-280 S/B","AVALON ON RAMP",350.00,S,N,A,-,Y,,,,,,,,,,Y,4,0,1,3,A,-,03,22350,,N,C,C,A,A,H,-,A,D,0,,,,,Y,,A,01,0,0,1,0,0,0,0,0,0,"- ","- ",,,"SAN MATEO","SOUTH SAN FRANCISCO",,
90542390,2017,2017-09-07,9330,2017-08-31,1635,020106,,4,2,9,4100,0,1,1,,2,034,"I-280 N/B","DORAN BRIDGE (SOUTH END)",1056.00,S,N,A,-,Y,,,,,,,,,,Y,4,0,1,2,A,-,03,22350,,N,C,C,A,A,H,-,A,D,0,,,,,Y,,A,01,0,0,1,0,0,0,0,0,0,"- ","- ",,,"SAN MATEO",UNINCORPORATED,,
90542781,2017,2017-09-07,9330,2017-09-04,1610,020106,,1,2,9,4100,0,1,3,,1,010,"SR-1 (CABRILLO HIGHWAY)","MEDIO AVENUE",20.00,N,N,A,-,Y,,,,,,,,,,Y,4,0,1,2,A,-,04,21703,,N,C,C,A,A,H,-,A,D,0,,,,,Y,,A,01,0,0,1,0,0,0,0,0,0,"- ","- ",,,"SAN MATEO",UNINCORPORATED,-122.45774206999999,37.496023940000001
90544017,2017,2017-09-11,9330,2017-09-07,1800,020954,,4,2,3,4110,0,1,2,,2,038,"US-101 SOUTHBOUND",BROADWAY,2112.00,S,N,B,-,Y,,,,,,,,,,N,4,0,1,2,A,-,03,22350,,N,C,C,A,A,H,-,A,D,0,,,,,Y,,A,01,0,0,1,0,0,0,0,0,0,"- ","- ",37.587730000000001,-122.35648999999999,"SAN MATEO",MILLBRAE,-122.36062,37.589530000000003
90544020,2017,2017-09-11,9330,2017-09-03,1545,021662,,7,2,9,4100,0,1,3,,1,021,"SR-84 (WOODSIDE ROAD)","STAGE ROAD",0.00,,Y,A,-,Y,,,84,,,,,,,Y,4,0,1,2,A,-,09,21802,A,N,D,C,A,A,H,-,A,A,0,,,,,Y,,A,08,0,0,1,0,0,0,0,0,0,"- ","- ",37.326880000000003,-122.38652,"SAN MATEO",UNINCORPORATED,-122.38651254,37.32684896
90544607,2017,2017-09-11,9330,2017-09-08,1503,021550,,5,2,5,4116,0,1,3,,2,031,"SR-92 E/B","W. HILLSDALE BLVD",2729.00,E,N,A,-,Y,,,92,,,,,,E,N,3,0,1,1,C,-,18,,,N,F,I,A,A,H,-,A,D,0,,,,,Y,,-,"- ",0,1,0,0,0,0,0,0,0,"- ","- ",37.538409999999999,-122.32937,"SAN MATEO","SAN MATEO",-122.32941710999999,37.538405500000003
90545202,2017,2017-09-12,9335,2017-08-31,1345,019987,,4,1,4,4114,0,1,1,,2,020,"I280 S/B","SNEATH LANE O/C",2640.00,N,N,A,-,Y,,,,,,,,,,Y,4,0,1,3,A,-,03,22350,,N,C,C,A,A,H,-,A,D,0,,,,,Y,,D,22,0,0,1,0,0,0,0,0,0,"- ","- ",37.363700000000001,-122.43989999999999,"SAN MATEO","SAN BRUNO",-122.43972607000001,37.636435210000002
90545320,2017,2017-09-12,9330,2017-09-05,1750,021537,,2,2,4,4109,0,1,2,,2,058,"US-101 N/B","WILLOW RD",2100.00,N,N,A,-,Y,,,101,,,,,,N,Y,4,0,1,3,A,-,03,22350,,N,C,C,A,A,H,-,A,D,0,,,,,Y,,D,22,0,0,1,0,0,0,0,0,0,"- ","- ",37.465699999999998,-122.14957,"SAN MATEO","MENLO PARK",-122.14957871999999,37.465685319999999
9054553,2019,2020-05-26,4106,2019-12-31,1726,2147,,2,5,6,4106,0,0,0,,0,002,"HILLSIDE BL","HILLSIDE BL 88",0.00,,-,A,-,N,,,,,,,,,,N,3,0,1,2,A,-,00,21954,,N,G,B,D,A,H,-,C,D,0,Y,,,,Y,,N,60,0,1,0,0,1,0,0,0,0,"- ","- ",37.703369140625,-122.46222686767578,"SAN MATEO","DALY CITY",-122.462194,37.70337
90546537,2017,2017-09-13,9330,2017-09-12,1905,016795,,2,2,4,4109,0,1,2,,2,058,"US-101 S/B (BAYSHORE FREEWAY)","HENDERSON AVE RR",76.00,N,N,A,-,Y,,,101,,,,,,S,N,4,0,2,2,A,-,03,22350,,N,C,C,A,A,H,-,A,D,0,,,,,Y,,A,01,0,0,2,0,0,0,0,0,0,"- ","- ",37.479109999999999,-122.173,"SAN MATEO","MENLO PARK",-122.17299131,37.47912487
9054664,2019,2020-03-10,4106,2019-10-27,1730,2063,,7,5,6,4106,0,0,0,,0,005,"SOUTHGATE AV","ESCUELA DR",0.00,,Y,A,-,N,,,,,,,,,,N,3,0,1,2,A,-,09,21801,A,N,D,C,A,A,H,-,B,D,0,,,,,Y,,-,,0,1,0,0,0,0,0,0,0,"- ","- ",,,"SAN MATEO","DALY CITY",-122.47785186767578,37.675609588623047
9054977,2020,2020-06-04,4117,2020-02-15,2117,04JL03,08AB,6,5,5,4117,0,0,0,,0,004,"LUX AV","LINDEN AV",0.00,,Y,A,-,N,,,,,,,,,,N,3,0,1,2,A,-,10,21950,A,N,G,B,B,A,H,-,C,A,0,Y,,,,Y,,A,01,0,1,0,0,1,0,0,0,0,"- ","- ",37.656978607177734,-122.40926361083984,"SAN MATEO","SOUTH SAN FRANCISCO",-122.40946197509766,37.657100677490234
9055070,2020,2020-03-02,4117,2020-01-26,1758,18JY16,16AB,7,5,5,4117,0,0,0,,0,002,"AVALON DR","VALVERDE DR",0.00,,Y,B,-,N,,,,,,,,,,N,3,0,1,2,A,-,10,21950,A,N,G,B,D,A,H,-,C,A,0,Y,,,,Y,,A,01,0,1,0,0,1,0,0,0,0,"- ","- ",37.640361785888672,-122.44085693359375,"SAN MATEO","SOUTH SAN FRANCISCO",-122.44090270996094,37.640388488769531
90551324,2017,2017-09-19,9335,2017-08-30,1528,021712,,3,2,4,4114,0,1,1,,2,020,"I-280 S/B","JENEVEIN AVENUE",93.00,N,N,A,-,Y,,,280,,,,,,S,Y,4,0,1,2,A,-,08,22107,,N,B,C,A,A,H,-,A,D,0,,,,,Y,,A,01,0,0,1,0,0,0,0,0,0,"- ","- ",37.617910000000002,-122.42456,"SAN MATEO","SAN BRUNO",-122.42460533000001,37.617893809999998
90551948,2017,2017-09-20,9330,2017-09-18,1612,021590,,1,2,4,4120,0,1,3,,1,035,"SR-92 W/B","SUBSTATION 4",5000.00,W,N,A,-,Y,,,92,,,,,,W,Y,4,0,1,2,A,-,03,22350,,N,C,C,A,A,H,-,A,D,0,,,,,Y,,A,01,0,0,1,0,0,0,0,0,0,"- ","- ",37.590899999999998,-122.2418,"SAN MATEO","FOSTER CITY",-122.24189801,37.591209509999999
90552844,2017,2017-09-21,9330,2017-09-14,0640,020319,,4,1,3,4110,0,1,2,,2,038,"US-101 S/B","MILLBRAE AVE",460.00,S,N,A,-,Y,,,101,,,,,,S,Y,4,0,1,2,A,-,03,22350,,N,C,C,A,A,H,-,A,D,0,,,,,Y,,D,22,0,0,1,0,0,0,0,0,0,"- ","- ",37.601480000000002,-122.37885,"SAN MATEO",MILLBRAE,-122.37886697,37.60145412
90554431,2017,2017-09-25,9330,2017-09-22,1231,021337,,5,1,5,4116,0,1,2,,2,048,"US-101 N/B","HILLSDALE BLVD.",200.00,N,N,A,-,Y,,,101,,,,,,N,Y,4,0,1,2,A,-,03,22350,,N,C,C,A,A,H,-,A,D,0,,,,,Y,,A,07,0,0,1,0,0,0,0,0,0,"- ","- ",37.545200000000001,-122.28836,"SAN MATEO","SAN MATEO",-122.28830865,37.545247910000001
9055467,2020,2020-05-26,4120,2020-02-09,1122,218,11,7,5,4,4120,0,0,0,,0,00X,"FOSTER CITY BL","TRITON DR",0.00,,Y,A,G,N,,,,,,,,,,Y,3,0,1,2,A,-,03,22350,,N,C,C,A,A,H,-,A,A,0,,,,,Y,,D,22,0,1,0,0,0,0,0,0,0,"- ","- ",37.563098907470703,-122.27113342285156,"SAN MATEO","FOSTER CITY",-122.27156829833984,37.562789916992188
90556007,2017,2017-09-26,9330,2017-09-22,0500,021510,,5,3,5,4116,0,1,2,,2,038,"US-101 SB","POPLAR AVE",5280.00,N,N,A,-,Y,,,,,,,,,,Y,4,0,1,1,A,-,08,22107,,N,E,I,A,A,H,-,D,D,0,,,,,Y,,A,01,0,0,1,0,0,0,0,0,0,"- ","- ",37.586889999999997,-122.34005999999999,"SAN MATEO","SAN MATEO",,
90556544,2017,2017-09-27,9330,2017-09-26,0800,015268,,2,1,9,4100,0,1,1,,2,044,"I-280 SOUTHBOUND","FARM HILL ROAD",2112.00,N,N,A,-,Y,,,,,,,,,,Y,4,0,2,2,A,-,03,22350,,N,C,C,A,A,H,-,A,D,0,,,,,Y,,A,01,0,0,2,0,0,0,0,0,0,"- ","- ",,,"SAN MATEO",UNINCORPORATED,-122.26387,37.443570000000001
90560010,2017,2017-09-29,9335,2017-08-25,0905,021700,,5,1,6,4106,0,1,1,,2,021,"I-280 S/B","WESTBOROUGH BLVD",1230.00,N,N,A,-,Y,,,280,,,,,,S,Y,4,0,1,3,A,-,03,22350,,M,C,C,A,A,H,-,A,D,0,,,,,Y,,A,01,0,0,1,0,0,0,0,0,0,"- ","- ",37.648359999999997,-122.45165,"SAN MATEO","DALY CITY",-122.45163049,37.648371689999998
90560653,2017,2017-10-02,9330,2017-09-25,1712,021523,,1,2,4,4109,0,1,2,,2,058,"US-101 S/B","HENDERSON AVE RR",1056.00,S,N,A,-,Y,,,101,,,,,,S,Y,4,0,1,2,A,-,07,21658,A,N,B,C,A,A,H,-,A,D,0,,,Y,,Y,,A,01,0,0,1,0,0,0,0,0,1,"- ","- ",37.477080000000001,-122.16932,"SAN MATEO","MENLO PARK",-122.16936045,37.477010049999997
90561076,2017,2018-03-05,9330,2017-04-29,0700,021550,,6,1,9,4100,0,3,5,,2,109,"SR-1 (CABRILLO HIGHWAY)","MIRAMAR DRIVE",110.00,N,N,A,-,Y,,,,,,,,,,N,1,1,0,2,A,-,03,22350,,F,H,G,A,A,H,-,A,D,0,,Y,,,Y,,A,07,0,0,0,0,0,1,0,0,0,"- ","- ",37.454099999999997,-122.45593,"SAN MATEO",UNINCORPORATED,-122.45601026,37.495343519999999
90561540,2017,2017-10-03,9330,2017-09-28,1120,016534,,4,1,4,4102,0,1,2,,2,048,"US-101 S/B","RALSTON AVENUE O/C",2112.00,N,N,A,-,Y,,,,,,,,,,Y,4,0,1,1,A,-,08,22107,,N,H,I,A,A,H,-,A,A,0,,,,,Y,,A,01,0,0,1,0,0,0,0,0,0,"- ","- ",,,"SAN MATEO",BELMONT,-122.27511742,37.530620409999997
90562497,2017,2017-10-04,9330,2017-09-29,2115,020894,,5,2,9,4100,0,1,1,,2,044,"I-280 SOUTHBOUND",SR-92,3600.00,S,N,A,-,Y,,,280,,,,,,S,Y,4,0,1,1,A,-,08,22107,,N,E,I,A,A,H,-,D,D,0,,,,,Y,,A,01,0,0,1,0,0,0,0,0,0,"- ","- ",37.500799999999998,-122.32907,"SAN MATEO",UNINCORPORATED,-122.32901963,37.50092738
90563949,2017,2017-10-05,9330,2017-10-01,1215,021661,,7,1,5,4113,0,1,2,,2,048,"US-101 S/B","WOODSIDE RD",1000.00,N,N,A,-,Y,,,101,,,,,,S,Y,4,0,2,2,A,-,08,22107,,M,B,C,A,A,H,-,A,D,0,,,,,Y,,-,99,0,0,2,0,0,0,0,0,0,"- ","- ",37.490009999999998,-122.21619,"SAN MATEO","REDWOOD CITY",-122.21618604,37.490019619999998
9056530,2020,2020-03-19,4113,2020-02-29,1629,475,3,6,5,5,4113,0,0,0,,0,003,"VETERANS BL","WOODSIDE RD",0.00,,Y,A,-,N,,,,,,,,,,Y,2,0,2,2,A,-,12,21453,A,N,D,C,A,A,H,-,A,A,0,,,,,Y,,A,07,1,0,1,0,0,0,0,0,0,"- ","- ",37.488250732421875,-122.21357727050781,"SAN MATEO","REDWOOD CITY",-122.21367645263672,37.488361358642578
90566838,2017,2017-10-10,9330,2017-10-06,1435,017991,,5,2,9,4100,0,1,3,,2,031,"SR-92 E/B","RALSTON AVE O/C",1056.00,W,N,A,-,Y,,,,,,,,,,N,4,0,2,2,A,-,03,22350,,N,C,C,A,A,H,-,A,D,0,,,,,Y,,A,08,0,0,2,0,0,0,0,0,0,"- ","- ",,,"SAN MATEO",UNINCORPORATED,-122.33248444,37.510361629999998
90567157,2017,2017-10-11,9330,2017-09-28,1500,019478,,4,2,9,4100,0,1,3,,2,052,"SR-35 (SKYLINE BLVD)","WINDY HILL",1056.00,S,N,A,-,Y,,,,,,,,,,Y,3,0,1,2,A,-,03,22350,,N,E,I,A,A,H,-,A,A,0,,,,Y,Y,,A,01,0,1,0,0,0,0,0,0,0,"- ","- ",,,"SAN MATEO",UNINCORPORATED,,
90569633,2017,2017-10-13,9330,2017-10-05,2359,021616,,4,3,9,4100,0,1,3,,2,052,"SR-35(SKYLINE BLVD)","PAGE MILL RD",3696.00,S,N,A,-,Y,,,,,,,,,,N,3,0,1,1,A,-,01,23152,A,N,E,I,A,A,H,-,B,D,0,,,,,Y,Y,A,01,0,1,0,0,0,0,0,0,0,"- ","- ",,,"SAN MATEO",UNINCORPORATED,,
90570534,2017,2017-10-16,9330,2017-10-01,1955,020900,,7,2,5,4113,0,1,2,,2,048,"US-101 NB","SR-84 (WOODSIDE ROAD)",329.00,N,N,A,-,Y,,,101,,,,,,N,Y,4,0,1,2,A,-,01,23152,A,N,E,C,A,A,H,-,D,D,0,,,,,Y,Y,A,01,0,0,1,0,0,0,0,0,0,"- ","- ",37.489519999999999,-122.21437,"SAN MATEO","REDWOOD CITY",-122.21437469999999,37.489505979999997
9057087,2020,2020-05-26,4106,2020-01-26,1443,2146,,7,5,6,4106,0,0,0,,0,005,"PALOMAR DR",GRANDVIEW,17.00,N,N,B,-,N,,,,,,,,,,N,4,0,1,2,A,-,03,22350,,N,D,E,A,A,H,-,A,D,0,,,Y,,Y,,C,02,0,0,1,0,0,0,0,0,1,"- ","- ",,,"SAN MATEO","DALY CITY",-122.48513031005859,37.675437927246094
90572278,2017,2017-10-18,9330,2017-10-12,1205,019764,,4,1,5,4116,0,1,2,,2,048,"US-101 N/B",SR-92,2640.00,S,N,A,-,Y,,,101,,,,,,N,Y,4,0,1,2,A,-,03,22350,,N,C,C,A,A,H,-,A,D,0,,,,,Y,,D,22,0,0,1,0,0,0,0,0,0,"- ","- ",37.547080000000001,-122.2902,"SAN MATEO","SAN MATEO",-122.29010254000001,37.547170909999998
9057326,2020,2020-07-03,4106,2020-03-31,1700,20010,04,2,5,6,4106,0,0,0,,0,003,"HILLCREST DR","MISSION ST",41.00,W,N,A,-,N,,,,,,,,,,N,3,0,1,2,A,-,08,22107,,N,B,C,A,A,H,-,A,A,0,,,,,Y,,I,11,0,1,0,0,0,0,0,0,0,"- ","- ",,,"SAN MATEO","DALY CITY",-122.46189880371094,37.705791473388672
90573312,2017,2017-10-18,9330,2017-10-13,1115,021523,,5,1,4,4109,0,1,2,,2,058,"US-101 N/B","MARSH RD",1000.00,N,N,A,-,Y,,,101,,,,,,N,Y,3,0,1,3,A,-,17,23114,A,N,E,J,A,A,H,-,A,D,0,,,Y,,Y,,D,22,0,1,0,0,0,0,0,0,1,"- ","- ",37.484349999999999,-122.18340999999999,"SAN MATEO","MENLO PARK",-122.18341246,37.484341209999997
90574148,2017,2017-10-19,9330,2017-10-16,0259,021337,,1,3,4,4104,0,1,2,,2,038,"US-101 N/B","ANZA BLVD",1950.00,S,N,A,-,Y,,,101,,,,,,N,Y,3,0,2,1,A,-,08,22107,,N,E,I,A,A,H,-,D,D,0,,,,,Y,,A,01,0,1,1,0,0,0,0,0,0,"- ","- ",37.587209999999999,-122.34477,"SAN MATEO",BURLINGAME,-122.34477276,37.587104310000001
90575414,2017,2017-10-23,9335,2017-10-09,0355,021712,,1,3,6,4106,0,1,1,,2,021,"I-280 N/B","HICKEY BLVD",1302.00,S,N,A,-,Y,,,280,,,,,,N,Y,2,0,1,2,A,-,03,22350,,N,C,C,A,A,C,-,C,D,0,,,,,Y,,A,01,1,0,0,0,0,0,0,0,0,"- ","- ",37.659489999999998,-122.46326000000001,"SAN MATEO","DALY CITY",-122.46324147,37.659513879999999
90575492,2017,2017-10-23,9330,2017-10-15,1510,021511,,7,2,5,4116,0,1,3,,2,031,"SR-92 E/B",US-101,850.00,W,N,A,-,Y,,,92,,,,,,E,Y,3,0,2,3,A,-,03,22350,,N,C,C,A,A,H,-,A,D,0,,,,,Y,,A,01,0,2,0,0,0,0,0,0,0,"- ","- ",37.55227,-122.29989999999999,"SAN MATEO","SAN MATEO",-122.29992303,37.552532300000003
90575747,2017,2017-10-23,9330,2017-10-18,1240,015268,,3,1,9,4100,0,1,1,,2,034,"I-280 NORTHBOUND","HILLCREST DR.",1056.00,S,N,A,-,Y,,,,,,,,,,N,3,0,1,2,A,-,03,22350,,N,C,C,A,A,H,-,A,D,0,,,,,Y,,A,01,0,1,0,0,0,0,0,0,0,"- ","- ",,,"SAN MATEO",UNINCORPORATED,-122.41001230000001,37.587103489999997
90578431,2017,2017-10-25,9330,2017-10-17,1925,021865,,2,2,5,4116,0,1,2,,2,038,"US-101 S/B",SR-92,4752.00,N,N,A,-,Y,,,101,,,,,,S,Y,4,0,1,3,A,-,03,22350,,N,C,C,A,A,H,-,D,D,0,,,,,Y,,A,01,0,0,1,0,0,0,0,0,0,"- ","- ",37.56082,-122.30328,"SAN MATEO","SAN MATEO",-122.30325274,37.560849390000001
90580781,2017,2017-10-27,9330,2017-10-19,0930,020554,,4,1,4,4127,0,1,2,,2,058,"US-101 N/B","UNIVERSITY AVE",2500.00,S,N,A,-,Y,,,101,,,,,,N,Y,4,0,2,2,A,-,08,22107,,N,B,C,A,A,H,-,A,D,0,,,,,Y,,A,01,0,0,2,0,0,0,0,0,0,"- ","- ",37.45646,-122.13399,"SAN MATEO","EAST PALO ALTO",-122.13396744000001,37.456498189999998
90580911,2017,2017-10-27,9335,2017-09-10,2310,021301,,7,3,6,4106,0,1,3,,2,035,"SR-35 N/B TO SR-1 N/B","LAKESHIRE DR",95.00,S,N,A,-,Y,,,35,,,,R,,N,Y,2,0,1,1,A,-,01,23152,A,N,E,I,A,A,H,-,D,A,0,,,,,Y,Y,A,01,1,0,0,0,0,0,0,0,0,"- ","- ",37.669690000000003,-122.48324,"SAN MATEO","DALY CITY",-122.48324,37.669690000000003
90580970,2017,2017-10-27,9335,2017-09-12,1755,021780,,2,2,6,4106,0,1,1,,2,021,"I-280 N/B","KING DR U/C",300.00,S,N,A,-,Y,,,280,,,,,,N,Y,4,0,1,3,A,-,07,21658,A,N,B,C,A,A,H,-,A,D,0,,,Y,,Y,,A,01,0,0,1,0,0,0,0,0,1,"- ","- ",37.651510000000002,-122.45321,"SAN MATEO","DALY CITY",-122.45323986,37.651485510000001
9058117,2020,2020-08-27,4106,2020-01-08,1710,2163,,3,5,6,4106,0,0,0,,0,002,"CROCKER AV","IRVINGTON ST",0.00,,Y,B,-,N,,,,,,,,,,N,4,0,1,2,A,-,11,21950,B,N,G,B,B,A,H,-,B,D,0,Y,,,,Y,Y,N,60,0,0,1,0,1,0,0,0,0,"- ","- ",,,"SAN MATEO","DALY CITY",-122.45845794677734,37.706069946289062
90581791,2017,2017-10-30,9330,2017-10-28,1055,021523,,6,1,5,4113,0,1,2,,2,048,"US-101 S/B","WOODSIDE RD",2112.00,N,N,A,-,Y,,,101,,,,,,S,Y,4,0,1,2,A,-,03,22350,,N,C,C,A,A,H,-,A,D,0,,,,,Y,,A,01,0,0,1,0,0,0,0,0,0,"- ","- ",37.491549999999997,-122.21988,"SAN MATEO","REDWOOD CITY",-122.21984672000001,37.491623619999999
90581797,2017,2017-10-30,9335,2017-10-20,1155,020783,,5,1,5,4117,0,2,S,,2,901,"JUNIPERO SERRA BLVD. S/B (5000 BLOCK)","HICKEY BLVD. (PROLONGATION)",8.00,N,N,A,-,N,,,,,,,,,,N,4,0,1,2,A,-,03,22350,,N,C,C,A,A,H,-,A,A,0,,,,,Y,,D,22,0,0,1,0,0,0,0,0,0,"- ","- ",37.665730000000003,-122.45959000000001,"SAN MATEO","SOUTH SAN FRANCISCO",-122.45944158,37.665709960000001
90582181,2017,2017-10-30,9330,2017-10-12,0755,021857,,4,1,9,4100,0,3,5,,2,503,"RUTHERFORD AVENUE","SR-84 (WOODSIDE ROAD)",93.00,S,N,A,-,N,,,,,,,,,,Y,3,0,1,1,A,-,08,22107,,N,E,I,A,A,H,-,A,D,0,,,,,Y,,A,01,0,1,0,0,0,0,0,0,0,"- ","- ",37.458080000000002,-122.22653,"SAN MATEO",UNINCORPORATED,-122.2266224,37.457995099999998
90583459,2017,2017-10-31,9335,2017-10-21,2050,020991,,6,2,2,4103,0,1,2,,2,012,"US-101 N/B","SIERRA POINT PKWY U/C",1906.00,N,N,A,-,Y,,,101,,,,,,N,Y,4,0,1,2,A,-,01,23152,A,N,C,C,A,A,H,-,D,D,0,,,,,Y,Y,A,01,0,0,1,0,0,0,0,0,0,"- ","- ",37.679900000000004,-122.38840999999999,"SAN MATEO",BRISBANE,-122.3884881,37.679885390000003
90585348,2017,2017-11-02,9335,2017-10-25,1910,021916,,3,2,6,4106,0,1,1,,2,021,"I-280 N/B","IMPERIAL WAY UNDERCROSSING",106.00,N,N,A,-,Y,,,280,,,,,,N,N,4,0,1,2,A,-,03,22350,,N,E,I,A,A,H,-,C,D,0,,,,,Y,,A,01,0,0,1,0,0,0,0,0,0,"- ","- ",37.666539999999998,-122.46545999999999,"SAN MATEO","DALY CITY",-122.46557399,37.666538260000003
90585457,2017,2017-11-02,9330,2017-10-22,1615,016324,,7,2,4,4104,0,1,2,,2,038,"US-101 N/B","ANZA BLVD",3696.00,S,N,A,-,Y,,,,,,,,,,Y,4,0,1,2,A,-,08,22107,,N,E,I,A,A,H,-,A,D,0,,,,,Y,,A,01,0,0,1,0,0,0,0,0,0,"- ","- ",37.351300000000002,-122.2016,"SAN MATEO",BURLINGAME,,
90587208,2017,2017-11-06,9335,2017-09-22,2005,021770,,5,2,4,4111,0,1,3,,2,040,"SR-1 S/B","PALMETTO AVE",5.00,S,N,A,-,Y,,,1,,,,,,S,Y,2,0,1,1,A,-,08,22107,,N,E,I,A,A,H,-,D,D,0,,,,,Y,,A,07,1,0,0,0,0,0,0,0,0,"- ","- ",37.657800000000002,-122.48662,"SAN MATEO",PACIFICA,-122.48662,37.657826450000002
90587318,2017,2017-11-06,9335,2017-09-29,1450,021724,,5,2,6,4106,0,1,1,,2,021,"I-280 N/B","HICKEY BLVD",857.00,N,N,A,-,Y,,,280,,,,,,N,Y,3,0,1,2,A,-,03,22350,,M,C,C,A,A,H,-,A,D,0,,,,,Y,,A,01,0,1,0,0,0,0,0,0,0,"- ","- ",37.665999999999997,-122.4654,"SAN MATEO","DALY CITY",-122.46556576,37.665997480000001
90587361,2017,2017-11-06,9330,2017-10-28,0750,021847,,6,1,9,4100,0,1,3,,1,011,SR-92,"QUARRY ROAD",1584.00,W,N,E,-,Y,,,,,,,,,,Y,3,0,1,1,A,-,17,21662,,N,F,A,A,B,H,-,A,D,0,,,Y,,Y,,C,02,0,1,0,0,0,0,0,0,1,"- ","- ",37.524000000000001,-122.395,"SAN MATEO",UNINCORPORATED,-122.41192237999999,37.478471929999998
90588630,2017,2017-11-07,9330,2017-10-30,1835,021893,,1,2,9,4100,0,3,5,,2,406,"OLD COUNTY ROAD","KAREN ROAD",80.00,N,N,A,-,N,,,,,,,,,,N,3,0,1,2,A,-,11,21954,A,N,G,B,D,A,H,-,C,D,0,Y,,,,Y,,N,60,0,1,0,0,1,0,0,0,0,"- ","- ",37.518729999999998,-122.27157,"SAN MATEO",UNINCORPORATED,-122.2718364,37.518236010000003
90591750,2017,2017-11-09,9330,2017-11-09,0905,015268,,4,1,5,4116,0,1,3,,2,031,"SR-92 EASTBOUND","DE ANZA BLVD.",1584.00,W,N,B,-,Y,,,,,,,,,,Y,3,0,1,2,A,-,07,21658,A,N,B,C,A,A,H,-,A,D,0,,,Y,,Y,,A,01,0,1,0,0,0,0,0,0,1,"- ","- ",,,"SAN MATEO","SAN MATEO",-122.33155669999999,37.52701253
90591893,2017,2017-11-10,9330,2017-11-07,1435,021857,,2,2,4,4104,0,1,1,,2,034,"I-280 S/B","BLACK MOUNTAIN RD",2112.00,S,N,A,-,Y,,,,,,,,,,Y,3,0,1,2,A,-,07,21658,A,N,C,C,A,A,H,-,A,D,0,,,Y,,Y,,A,01,0,1,0,0,0,0,0,0,1,"- ","- ",37.542769999999997,-122.36846,"SAN MATEO",BURLINGAME,,
90594175,2017,2017-11-14,9335,2017-11-05,1045,021742,,7,1,4,4111,0,1,3,,2,041,"SR-1 S/B TO PALMETTO AVE.","MANOR DR.",1350.00,N,N,A,-,Y,,,1,,,,R,,S,N,3,0,1,1,A,-,03,22350,,N,F,A,A,A,H,-,A,D,0,,Y,,,Y,,L,04,0,1,0,0,0,0,1,0,0,"- ","- ",37.653120000000001,-122.49055,"SAN MATEO",PACIFICA,-122.49055,37.653120000000001
90595839,2017,2017-11-16,9330,2017-11-14,1020,021843,,2,1,5,4116,0,1,3,,2,031,"SR-92 EASTBOUND","DE ANZA BLVD",40.00,E,N,A,-,Y,,,92,,,,,,E,Y,3,0,1,1,A,-,08,22107,,N,E,I,A,A,H,-,A,D,0,,,,,Y,,A,01,0,1,0,0,0,0,0,0,0,"- ","- ",37.522790000000001,-122.33233,"SAN MATEO","SAN MATEO",-122.33232191,37.522791900000001