CASE_ID,ACCIDENT_YEAR,PROC_DATE,JURIS,COLLISION_DATE,COLLISION_TIME,OFFICER_ID,REPORTING_DISTRICT,DAY_OF_WEEK,CHP_SHIFT,POPULATION,CNTY_CITY_LOC,SPECIAL_COND,BEAT_TYPE,CHP_BEAT_TYPE,CITY_DIVISION_LAPD,CHP_BEAT_CLASS,BEAT_NUMBER,PRIMARY_RD,SECONDARY_RD,DISTANCE,DIRECTION,INTERSECTION,WEATHER_1,WEATHER_2,STATE_HWY_IND,CALTRANS_COUNTY,CALTRANS_DISTRICT,STATE_ROUTE,ROUTE_SUFFIX,POSTMILE_PREFIX,POSTMILE,LOCATION_TYPE,RAMP_INTERSECTION,SIDE_OF_HWY,TOW_AWAY,COLLISION_SEVERITY,NUMBER_KILLED,NUMBER_INJURED,PARTY_COUNT,PRIMARY_COLL_FACTOR,PCF_CODE_OF_VIOL,PCF_VIOL_CATEGORY,PCF_VIOLATION,PCF_VIOL_SUBSECTION,HIT_AND_RUN,TYPE_OF_COLLISION,MVIW,PED_ACTION,ROAD_SURFACE,ROAD_COND_1,ROAD_COND_2,LIGHTING,CONTROL_DEVICE,CHP_ROAD_TYPE,PEDESTRIAN_ACCIDENT,BICYCLE_ACCIDENT,MOTORCYCLE_ACCIDENT,TRUCK_ACCIDENT,NOT_PRIVATE_PROPERTY,ALCOHOL_INVOLVED,STWD_VEHTYPE_AT_FAULT,CHP_VEHTYPE_AT_FAULT,COUNT_SEVERE_INJ,COUNT_VISIBLE_INJ,COUNT_COMPLAINT_PAIN,COUNT_PED_KILLED,COUNT_PED_INJURED,COUNT_BICYCLIST_KILLED,COUNT_BICYCLIST_INJURED,COUNT_MC_KILLED,COUNT_MC_INJURED,PRIMARY_RAMP,SECONDARY_RAMP,LATITUDE,LONGITUDE,COUNTY,CITY,POINT_X,POINT_Y
91840140,2022,2022-08-15,9335,2022-08-06,0120,021916,,6,3,9,4100,0,1,2,,2,011,"US-101 N/B","SAN BRUNO AVE OVERCROSSING",2746.00,S,N,A,-,Y,SM,,101,,,19.858,H,,R,Y,4,0,1,2,A,-,07,21658,A,M,C,C,A,A,H,-,D,D,0,,,,,Y,,A,01,0,0,1,0,0,0,0,0,0,"- ","- ",37.6239013671875,-122.40068054199219,"SAN MATEO",UNINCORPORATED,-122.40077972412109,37.623878479003906
91840562,2022,2022-08-15,9330,2022-08-05,1305,022735,,5,1,9,4100,0,1,1,,2,044,"I-280 S/B FROM EDGEWOOD ROAD","EDGEWOOD ROAD",150.00,N,N,A,-,Y,SM,,280,,,6.706,H,,L,N,4,0,1,1,A,-,08,22107,,N,E,I,A,A,H,-,A,D,0,,,,,Y,,A,01,0,0,1,0,0,0,0,0,0,"- ","- ",37.468761444091797,-122.29296875,"SAN MATEO",UNINCORPORATED,-122.29279327392578,37.468841552734375
91840591,2022,2022-08-15,9335,2022-08-06,0825,019581,,6,1,6,4106,0,1,1,,2,021,"I-280 S/B","SAN PEDRO RD.",26.00,S,N,A,-,Y,SM,,280,,R,25.784,H,,L,Y,2,0,1,2,A,-,03,22350,,N,C,C,A,A,H,-,A,D,0,,,,Y,Y,,A,01,1,0,0,0,0,0,0,0,0,"- ","- ",37.685169219970703,-122.47177886962891,"SAN MATEO","DALY CITY",-122.47158050537109,37.685169219970703
9184066,2020,2021-02-03,4116,2020-11-05,0710,27872,13,4,5,5,4116,0,0,0,,0,0DT,"GRANT ST","EAST 4TH AV",0.00,,Y,A,-,N,,,,,,,,,,Y,3,0,1,2,A,-,09,21802,,N,D,C,A,A,H,-,A,A,0,,,,,Y,,A,01,0,1,0,0,0,0,0,0,0,"- ","- ",37.568340301513672,-122.31617736816406,"SAN MATEO","SAN MATEO",-122.31652069091797,37.568260192871094
91843471,2022,2022-08-18,9330,2022-08-06,1650,022876,,6,2,4,4104,0,1,3,,1,037,"US-101 S/B",BROADWAY,2481.00,N,N,A,-,Y,SM,,101,,,17.092,H,,L,N,4,0,2,2,A,-,03,22350,,N,C,C,A,A,D,-,A,D,0,,,,,Y,,A,01,0,0,2,0,0,0,0,0,0,"- ","- ",37.594638824462891,-122.36844635009766,"SAN MATEO",BURLINGAME,-122.36845397949219,37.594635009765625
91850577,2022,2022-08-26,9335,2022-08-22,1515,018688,,1,2,9,4100,0,1,2,,2,011,"US-101 S/B FROM SFO INTERNATIONAL TERMINAL","US-101 S/B FROM SFO INTERNATIONAL TERMINAL ON RAMP",185.00,N,N,A,-,Y,SM,,101,,,19.068,H,,L,N,4,0,2,2,A,-,03,22350,,N,C,C,A,A,H,-,A,A,0,,,,,Y,,A,01,0,0,2,0,0,0,0,0,0,"- ","- ",37.612880706787109,-122.39653015136719,"SAN MATEO",UNINCORPORATED,-122.39629364013672,37.613029479980469
91854073,2022,2022-08-31,9335,2022-08-23,2205,021301,,2,3,4,4111,0,1,3,,2,041,"SR-1 N/B","ST FRANCIS BLVD UNDER-CROSSING",411.00,S,N,E,F,Y,SM,,1,,R,46.963,H,,R,N,4,0,1,1,A,-,08,22107,,N,E,I,A,B,H,-,D,D,0,,,,,Y,,A,01,0,0,1,0,0,0,0,0,0,"- ","- ",37.670101165771484,-122.48159790039062,"SAN MATEO",PACIFICA,-122.48162078857422,37.670352935791016
91854634,2022,2022-08-31,9330,2022-08-24,1426,019432,,3,2,5,4116,0,1,3,,2,031,"SR-92 E/B","ALAMEDA DE LAS PULGAS",2640.00,W,N,A,-,Y,SM,,92,,R,10.072,H,,R,N,4,0,1,2,A,-,03,22350,,N,C,C,A,A,H,-,A,D,0,,,,,Y,,A,01,0,0,1,0,0,0,0,0,0,"- ","- ",37.542339324951172,-122.32933044433594,"SAN MATEO","SAN MATEO",-122.32941436767578,37.542362213134766
91855458,2022,2022-09-01,9330,2022-08-21,1909,022824,,7,2,4,4104,0,1,2,,2,038,"US-101 N/B","PENINSULA AVENUE",2104.00,N,N,A,-,Y,SM,,101,,,15.120,H,,R,N,3,0,1,2,A,-,07,21658,A,N,C,C,A,A,D,-,B,D,0,,,Y,,Y,,A,01,0,1,0,0,0,0,0,0,1,"- ","- ",37.586830139160156,-122.33538055419922,"SAN MATEO",BURLINGAME,-122.33538055419922,37.586860656738281
91855949,2022,2022-09-02,9330,2022-08-22,2200,022929,,1,3,9,4100,0,3,5,,2,203,"LONG RIDGE ROAD","DIABLO WAY",4752.00,W,N,A,-,N,,,,,,,,,,Y,2,0,1,1,C,-,18,,,N,E,I,A,A,H,-,D,D,0,,,,,Y,,-,"- ",1,0,0,0,0,0,0,0,0,"- ","- ",37.282188415527344,-122.18788909912109,"SAN MATEO",UNINCORPORATED,-122.19084930419922,37.282058715820312
91857166,2022,2022-09-05,9330,2022-08-23,0750,023039,,2,1,5,4113,0,1,2,,2,058,"US-101 S/B","MARSH ROAD",4224.00,N,N,A,-,Y,SM,,101,,,4.399,H,,L,N,4,0,1,2,A,-,03,22350,,N,C,C,A,A,H,-,A,D,0,,,,,Y,,A,01,0,0,1,0,0,0,0,0,0,"- ","- ",37.486160278320312,-122.19519805908203,"SAN MATEO","REDWOOD CITY",-122.19520568847656,37.486141204833984
9185746,2020,2021-02-04,4116,2020-11-06,1408,27872,34,5,5,5,4116,0,0,0,,0,00C,"20TH AV","PALM AV",146.00,W,N,A,-,N,,,,,,,,,,Y,3,0,2,2,A,-,09,21804,,N,D,C,A,A,H,-,A,D,0,,,,,Y,,A,07,0,2,0,0,0,0,0,0,0,"- ","- ",37.548778533935547,-122.30845642089844,"SAN MATEO","SAN MATEO",-122.30875396728516,37.548919677734375
91857628,2022,2022-09-06,9330,2022-08-25,1615,023011,,4,2,4,4102,0,1,2,,2,048,"US-101 N/B","RALSTON AVE",592.00,S,N,A,-,Y,SM,,101,,,9.430,H,,R,Y,4,0,2,3,A,-,03,22350,,N,C,C,A,A,D,-,A,D,0,,,,,Y,,A,01,0,0,2,0,0,0,0,0,0,"- ","- ",37.525081634521484,-122.26856231689453,"SAN MATEO",BELMONT,-122.26859283447266,37.525054931640625
91865073,2022,2022-09-15,9330,2022-09-04,1350,022824,,7,1,9,4100,0,3,5,,2,205,"PESCADERO CREEK ROAD","LOMA MAR AVE",1717.00,W,N,A,-,N,,,,,,,,,,Y,4,0,1,1,A,-,08,22107,,N,E,I,A,A,H,-,A,D,0,,,,,Y,,A,01,0,0,1,0,0,0,0,0,0,"- ","- ",37.266971588134766,-122.3140869140625,"SAN MATEO",UNINCORPORATED,-122.30996704101562,37.265277862548828
91866404,2022,2022-09-16,9330,2022-06-21,0905,021145,,2,1,4,4102,0,1,2,,2,048,"US-101 N/B","RALSTON AVENUE",790.00,N,N,A,-,Y,SM,,101,,,9.712,H,,R,N,3,0,2,5,A,-,08,22107,,N,C,C,A,A,H,-,A,D,0,,,,Y,Y,,D,22,0,2,0,0,0,0,0,0,0,"- ","- ",37.528160095214844,-122.27194213867188,"SAN MATEO",BELMONT,-122.27202606201172,37.528099060058594
91866501,2022,2022-09-16,9330,2022-09-03,1200,022768,,6,1,9,4100,0,3,5,,2,407,"ALAMEDA DE LAS PULGAS","VALPARAISO AVENUE",0.00,,Y,A,-,N,,,,,,,,,,Y,3,0,1,2,D,-,00,,,N,D,C,A,A,H,-,A,A,0,,,,,Y,,-,"- ",0,1,0,0,0,0,0,0,0,"- ","- ",37.434040069580078,-122.20584106445312,"SAN MATEO",UNINCORPORATED,-122.20584106445312,37.434059143066406
91867834,2022,2022-09-19,9330,2022-09-01,1525,022933,,4,2,3,4108,0,1,1,,2,034,"I-280 SOUTHBOUND","GOLF COURSE DRIVE",186.00,N,N,A,-,Y,SM,,280,,R,14.285,H,,L,Y,4,0,2,2,A,-,17,23114,A,F,F,A,A,A,H,-,A,D,0,,,,Y,Y,,-,99,0,0,2,0,0,0,0,0,0,"- ","- ",37.5478515625,-122.37317657470703,"SAN MATEO",HILLSBOROUGH,-122.37320709228516,37.547832489013672
91869062,2022,2022-09-20,9330,2022-09-06,1845,023060,,2,2,5,4116,0,1,3,,2,031,"SR-92 W/B","US-101 N/B",2640.00,E,N,A,-,Y,SM,,92,,R,12.585,H,,L,N,4,0,3,2,A,-,03,22350,,N,C,C,A,A,H,-,A,D,0,,,,,Y,,A,01,0,0,3,0,0,0,0,0,0,"- ","- ",37.555271148681641,-122.28836059570312,"SAN MATEO","SAN MATEO",-122.28832244873047,37.555206298828125
9187293,2020,2021-02-05,4116,2020-11-14,1633,28846,34,6,5,5,4116,0,0,0,,0,00C,"23RD AV","HACIENDA ST",0.00,,Y,A,-,N,,,,,,,,,,Y,3,0,1,2,A,-,01,23153,,N,C,C,A,A,H,-,A,D,0,,,,,Y,Y,A,01,0,1,0,0,0,0,0,0,0,"- ","- ",37.54486083984375,-122.3099365234375,"SAN MATEO","SAN MATEO",-122.30995941162109,37.544841766357422
91873024,2022,2022-09-26,9330,2022-09-14,1640,023011,,3,2,4,4120,0,1,3,,1,035,"SR-92 EASTBOUND","FOSTER CITY BLVD",5280.00,E,N,A,-,Y,SM,,92,,R,14.588,H,,R,Y,4,0,1,3,A,-,03,22350,,N,C,C,A,A,H,-,A,D,0,,,,,Y,,D,22,0,0,1,0,0,0,0,0,0,"- ","- ",37.574550628662109,-122.26139831542969,"SAN MATEO","FOSTER CITY",-122.26136779785156,37.574527740478516
91873450,2022,2022-09-26,9330,2022-07-11,0600,022735,,1,1,4,4120,0,1,3,,1,035,"SR-92 WESTBOUND","FOSTER CITY BOULEVARD",10560.00,E,N,A,-,Y,SM,,92,,R,15.529,H,,L,Y,3,0,4,2,A,-,03,22350,,N,C,C,A,A,H,-,B,D,0,,,,Y,Y,,G,27,0,1,3,0,0,0,0,0,0,"- ","- ",37.585128784179688,-122.24996185302734,"SAN MATEO","FOSTER CITY",-122.25009155273438,37.585227966308594
91877275,2022,2022-09-29,9330,2022-09-13,1955,022960,,2,2,5,4116,0,1,2,,2,038,"US-101 SOUTHBOUND","3RD AVE",1584.00,S,N,A,-,Y,SM,,101,,,13.143,H,,L,N,4,0,1,2,A,-,01,23152,A,N,C,C,A,A,H,-,D,D,0,,,,,Y,Y,A,01,0,0,1,0,0,0,0,0,0,"- ","- ",37.567378997802734,-122.31047821044922,"SAN MATEO","SAN MATEO",-122.3104248046875,37.567420959472656
91878780,2022,2022-09-30,9330,2022-09-19,0225,022914,,1,3,4,4104,0,1,2,,2,038,"US-101 S/B",BROADWAY,1584.00,S,N,B,-,Y,SM,,101,,,16.170,H,,L,Y,3,0,1,1,A,-,01,23152,A,N,E,I,A,B,H,-,C,D,0,,,,,Y,Y,A,01,0,1,0,0,0,0,0,0,0,"- ","- ",37.587360382080078,-122.35462188720703,"SAN MATEO",BURLINGAME,-122.35463714599609,37.587291717529297
91881059,2022,2022-10-04,9330,2022-09-18,1020,022837,,7,1,5,4116,0,1,2,,2,038,"US-101 SOUTHBOUND","3RD AVENUE",3696.00,N,N,B,-,Y,SM,,101,,,14.221,H,,L,N,4,0,1,2,A,-,03,22350,,N,C,C,A,B,H,-,A,D,0,,,,,Y,,A,01,0,0,1,0,0,0,0,0,0,"- ","- ",37.579151153564453,-122.32315826416016,"SAN MATEO","SAN MATEO",-122.32315063476562,37.579158782958984
91883043,2022,2022-10-05,9335,2022-09-30,1800,023044,,5,2,4,4114,0,1,2,,2,011,"US-101 SOUTHBOUND","US-101 SOUTHBOUND FROM SFO FLYOVER",234.00,S,N,A,-,Y,SM,,101,,,19.040,H,,L,Y,4,0,1,3,A,-,03,22350,,N,C,C,A,A,H,-,A,D,0,,,,,Y,,A,07,0,0,1,0,0,0,0,0,0,"- ","- ",37.612758636474609,-122.39591217041016,"SAN MATEO","SAN BRUNO",-122.39597320556641,37.612716674804688
91884019,2022,2022-10-06,9330,2022-09-24,1115,022768,,6,1,5,4116,0,1,3,,2,031,"SR-92 WESTBOUND","DELAWARE STREET",200.00,E,N,A,-,Y,SM,,92,,R,11.651,H,,L,Y,4,0,1,4,A,-,03,22350,,N,C,C,A,A,H,-,A,D,0,,,,Y,Y,,F,26,0,0,1,0,0,0,0,0,0,"- ","- ",37.552661895751953,-122.30481719970703,"SAN MATEO","SAN MATEO",-122.30482482910156,37.552696228027344
9188537,2020,2021-02-08,4113,2020-11-11,1052,444,2,3,5,5,4113,0,0,0,,0,002,"VETERAND BL","WHIPPLE AV",0.00,,Y,A,-,N,,,,,,,,,,N,4,0,1,2,A,-,09,21801,A,N,D,C,A,A,H,-,A,A,0,,,,,Y,,A,01,0,0,1,0,0,0,0,0,0,"- ","- ",37.494678497314453,-122.23441314697266,"SAN MATEO","REDWOOD CITY",-122.23439,37.494639999999997
91886992,2022,2022-10-11,9330,2022-09-19,2248,022595,,1,3,9,4100,0,1,1,,2,034,"I-280 N/B","MILLBRAE AVE.",715.00,S,N,A,-,Y,SM,,280,,R,17.928,H,,R,Y,4,0,1,1,A,-,01,23152,F,N,E,I,A,A,H,-,C,D,0,,,,,Y,,A,07,0,0,1,0,0,0,0,0,0,"- ","- ",37.589298248291016,-122.41239929199219,"SAN MATEO",UNINCORPORATED,-122.41239929199219,37.589302062988281
91887003,2022,2022-10-11,9330,2022-09-08,1645,022849,,4,2,5,4116,0,1,2,,2,038,"US-101 SOUTHBOUND FROM 3RD AVENUE","3RD AVENUE",350.00,S,N,A,-,Y,SM,,101,,,13.380,H,,L,N,4,0,1,2,A,-,03,22350,,N,C,C,A,A,H,-,A,D,0,,,,,Y,,A,07,0,0,1,0,0,0,0,0,0,"- ","- ",37.569820404052734,-122.31327819824219,"SAN MATEO","SAN MATEO",-122.31311798095703,37.569931030273438
9188777,2020,2020-12-04,4116,2020-10-25,1831,28252,52,7,5,5,4116,0,0,0,,0,00D,"1517 ECHO AV","S NORFOLK ST",162.00,E,N,A,-,N,,,,,,,,,,N,3,0,1,2,D,-,00,,,N,H,E,A,A,H,-,B,D,0,,,Y,,Y,,-,"- ",0,1,0,0,0,0,0,0,1,"- ","- ",37.563968658447266,-122.30081176757812,"SAN MATEO","SAN MATEO",-122.30076599121094,37.563694000244141
91890478,2022,2022-10-14,9335,2022-10-12,1500,022596,,3,2,9,4100,0,1,2,,2,011,"US-101 S/B","EAST MILLBRAE AVENUE OVERCROSSING",1478.00,N,N,A,-,Y,SM,,101,,,18.239,H,,L,N,4,0,1,3,A,-,03,22350,,N,C,C,A,A,H,-,A,D,0,,,,,Y,,A,01,0,0,1,0,0,0,0,0,0,"- ","- ",37.605178833007812,-122.38480377197266,"SAN MATEO",UNINCORPORATED,-122.38472747802734,37.605251312255859
91892142,2022,2022-10-17,9335,2022-10-08,0500,021099,,6,3,5,4117,0,1,1,,2,021,"I-280 SB TO WESTBOROUGH BLVD","WESTBOROUGH BLVD",20.00,N,N,B,-,Y,,,,,,,,,,Y,4,0,2,2,A,-,03,22350,,N,B,C,A,A,H,-,C,A,0,,,,,Y,,A,01,0,0,2,0,0,0,0,0,0,"- ","- ",37.645099639892578,-122.45005035400391,"SAN MATEO","SOUTH SAN FRANCISCO",-122.45005035400391,37.645099639892578
91893160,2022,2022-10-18,9335,2022-10-11,2025,023082,,2,2,5,4117,0,1,2,,2,012,"US-101 NORTHBOUND","SAN BRUNO AVENUE OVERCROSSING",2337.00,N,N,A,-,Y,SM,,101,,R,20.838,H,,R,Y,4,0,1,2,A,-,11,21954,A,M,E,I,E,A,H,-,C,D,0,Y,,,,Y,,N,60,0,0,1,0,0,0,0,0,0,"- ","- ",37.637699127197266,-122.40451812744141,"SAN MATEO","SOUTH SAN FRANCISCO",-122.40450286865234,37.637706756591797
91897258,2022,2022-10-24,9330,2022-10-21,2110,023060,,5,2,5,4116,0,1,2,,2,038,"US-101 NORTHBOUND","PENINSULA AVENUE",280.00,S,N,A,-,Y,SM,,101,,,14.668,H,,R,N,2,0,2,2,A,-,03,22350,,N,C,C,A,A,D,-,C,D,0,,,Y,,Y,,-,"- ",1,0,1,0,0,0,0,0,1,"- ","- ",37.584159851074219,-122.32829284667969,"SAN MATEO","SAN MATEO",-122.32827758789062,37.58416748046875
91897677,2022,2022-10-24,9330,2022-10-22,0205,019213,,6,3,4,4104,0,1,2,,2,038,"US-101 SB",BROADWAY,504.00,N,N,A,-,Y,SM,,101,,,16.715,H,,L,Y,4,0,1,1,A,-,08,22107,,N,E,I,A,A,H,-,C,D,0,,,,,Y,,A,01,0,0,1,0,0,0,0,0,0,"- ","- ",37.591079711914062,-122.36322021484375,"SAN MATEO",BURLINGAME,-122.36312866210938,37.591167449951172
91899942,2022,2022-10-26,9330,2022-09-10,1302,022190,,6,1,5,4113,0,1,2,,2,048,"US-101 SOUTHBOUND TO SR-84 (WOODSIDE ROAD) W/B","BROADWAY AVENUE",40.00,E,N,A,-,Y,SM,,84,,,25.579,H,,L,N,4,0,2,3,A,-,03,22350,,N,C,C,A,A,H,-,A,A,0,,,,,Y,,A,07,0,0,2,0,0,0,0,0,0,"- ","- ",37.487270355224609,-122.21430969238281,"SAN MATEO","REDWOOD CITY",-122.21417999267578,37.487251281738281
91904212,2022,2022-10-28,9330,2022-10-25,0331,023011,,2,3,5,4116,0,1,2,,2,038,"US-101 NORTHBOUND","PENINSULA AVENUE",1584.00,S,N,A,-,Y,SM,,101,,,14.362,H,,R,Y,4,0,1,2,A,-,07,21658,A,M,B,C,A,A,H,-,C,D,0,,,,,Y,,-,99,0,0,1,0,0,0,0,0,0,"- ","- ",37.580791473388672,-122.32467651367188,"SAN MATEO","SAN MATEO",-122.32468414306641,37.580787658691406
91905069,2022,2022-10-31,9330,2022-10-19,1125,022876,,3,1,5,4116,0,1,3,,2,031,"SR-92 W/B TO DELAWARE STREET","DELAWARE ST",15.00,E,N,A,-,Y,SM,,92,,R,11.630,H,,L,Y,4,0,1,2,A,-,03,22350,,N,C,C,A,A,H,-,A,D,0,,,,,Y,,A,01,0,0,1,0,0,0,0,0,0,"- ","- ",37.552700042724609,-122.30519866943359,"SAN MATEO","SAN MATEO",-122.30519866943359,37.552688598632812
91905450,2022,2022-10-31,9335,2022-08-31,2350,021754,,3,3,2,4103,0,1,2,,2,012,"US-101 SB","SIERRA POINT PARKWAY",50.00,N,N,A,-,Y,SM,,101,,,23.687,H,,L,Y,4,0,1,2,A,-,08,22107,,M,A,C,A,A,H,-,D,D,0,,,,,Y,,-,99,0,0,1,0,0,0,0,0,0,"- ","- ",37.675151824951172,-122.38922882080078,"SAN MATEO",BRISBANE,-122.38924407958984,37.675155639648438
91905835,2022,2022-10-31,9335,2022-10-27,0935,022007,,4,1,5,4117,0,1,1,,2,038,"I-380 E/B","HUNTINGTON AVE",68.00,W,N,A,-,Y,SM,,380,,,5.739,H,,R,N,3,0,1,1,A,-,08,22107,,N,F,A,A,A,H,-,A,D,0,,,Y,,Y,,C,02,0,1,0,0,0,0,0,0,1,"- ","- ",37.634090423583984,-122.41441345214844,"SAN MATEO","SOUTH SAN FRANCISCO",-122.41441345214844,37.634178161621094
91905875,2022,2022-10-31,9330,2022-07-06,0527,022785,,3,3,4,4127,0,1,2,,2,078,"US-101 SB TO UNIVERSITY AVE","UNIVERSITY AVENUE",265.00,E,N,A,-,Y,,,,,,,,,,Y,2,0,1,1,A,-,03,22350,,N,E,I,A,A,H,-,B,D,0,,,,,Y,,A,01,1,0,0,0,0,0,0,0,0,"- ","- ",37.459129333496094,-122.13992309570312,"SAN MATEO","EAST PALO ALTO",-122.13992309570312,37.459129333496094
91905921,2022,2022-10-31,9335,2022-03-26,1455,021957,,6,2,9,4100,0,3,5,,2,001,"GUADALUPE CANYON PKY WESTBOUND","RADIO ROAD UNDERCROSSING",2555.00,W,N,A,-,N,,,,,,,,,,Y,1,1,0,2,A,-,08,22107,,N,F,A,A,A,H,-,A,D,0,,,Y,,Y,,C,02,0,0,0,0,0,0,0,1,0,"- ","- ",37.699050903320312,-122.44096374511719,"SAN MATEO",UNINCORPORATED,-122.44251251220703,37.6995849609375
91906796,2022,2022-11-01,9330,2022-03-14,1309,022849,,1,1,9,4100,0,1,3,,1,010,"STATE ROUTE 1 (SR-1)","CAPISTRANO ROAD",1114.00,S,N,A,-,Y,SM,,1,,,32.652,H,,R,Y,1,1,2,2,C,-,18,,,N,A,C,A,A,H,-,A,D,0,,,,Y,Y,,-,"- ",1,0,1,0,0,0,0,0,0,"- ","- ",37.503791809082031,-122.47786712646484,"SAN MATEO",UNINCORPORATED,-122.47782135009766,37.503868103027344
91907313,2022,2022-11-02,9335,2022-10-31,1530,021474,,1,2,6,4106,0,1,1,,2,021,"I-280 N/B","KING DR. U/C",2376.00,N,N,A,-,Y,SM,,280,,R,23.624,H,,R,Y,4,0,1,2,A,-,03,22350,,N,C,C,A,A,H,-,A,D,0,,,,,Y,,A,01,0,0,1,0,0,0,0,0,0,"- ","- ",37.656848907470703,-122.45970153808594,"SAN MATEO","DALY CITY",-122.45976257324219,37.65679931640625
91912294,2022,2022-11-08,9330,2022-10-27,1655,022837,,4,2,5,4113,0,1,2,,2,048,"US-101 N/B","WHIPPLE AVEUNE",1280.00,S,N,A,-,Y,SM,,101,,,6.378,H,,R,N,4,0,2,2,A,-,03,22350,,N,C,C,A,A,A,H,A,D,0,,,,,Y,,A,01,0,0,2,0,0,0,0,0,0,"- ","- ",37.495189666748047,-122.22879791259766,"SAN MATEO","REDWOOD CITY",-122.22879791259766,37.495189666748047
91912879,2022,2022-11-08,9330,2022-11-05,2330,022735,,6,3,9,4100,0,1,3,,1,011,"SR-92 W/B","LIFEMARK ROAD",2640.00,E,N,A,-,Y,SM,,92,,,5.929,H,,L,Y,4,0,1,1,A,-,03,22350,,N,A,I,A,B,H,-,D,D,0,,,,,Y,,A,07,0,0,1,0,0,0,0,0,0,"- ","- ",37.499660491943359,-122.36015319824219,"SAN MATEO",UNINCORPORATED,-122.36006164550781,37.499675750732422
91917081,2022,2022-11-14,9330,2022-10-22,0820,022409,,6,1,3,4108,0,1,1,,2,034,"I-280 NB","GOLF COURSE DRIVE",5200.00,N,N,B,-,Y,SM,,280,,R,15.251,H,,R,Y,2,0,2,2,A,-,01,23152,A,N,C,C,A,B,H,-,A,D,0,,,,,Y,Y,A,01,1,1,0,0,0,0,0,0,0,"- ","- ",37.559749603271484,-122.38227081298828,"SAN MATEO",HILLSBOROUGH,-122.38236999511719,37.559688568115234
91917204,2022,2022-11-14,9335,2022-11-05,0250,023063,,6,3,5,4117,0,1,2,,2,012,"US 101 SOUTHBOUND","SIERRA POINT PKY UNDERCROSSING",760.00,S,N,B,-,Y,SM,,101,,,23.472,H,,L,Y,4,0,1,2,A,-,01,23152,A,N,C,C,A,B,H,-,D,D,0,,,,,Y,Y,A,01,0,0,1,0,0,0,0,0,0,"- ","- ",37.672428131103516,-122.390869140625,"SAN MATEO","SOUTH SAN FRANCISCO",-122.39083862304688,37.672412872314453
91918048,2022,2022-11-15,9335,2022-11-09,0820,017995,,3,1,9,4100,0,1,2,,2,011,"US-101 N/B","SAN PABLO AVE",20.00,N,N,A,-,Y,SM,,101,,,18.708,H,,R,Y,4,0,2,2,A,-,03,22350,,N,C,C,A,A,H,-,A,A,0,,,,,Y,,A,07,0,0,2,0,0,0,0,0,0,"- ","- ",37.609870910644531,-122.39096069335938,"SAN MATEO",UNINCORPORATED,-122.39111328125,37.609718322753906
9191818,2020,2021-02-03,4111,2020-11-16,1025,P5158,P03,1,5,4,4111,0,0,0,,0,0P1,"PALMETTO AV","W MANOR",0.00,,Y,A,-,N,,,,,,,,,,N,3,0,1,2,A,-,10,21950,A,N,G,B,B,A,H,-,A,D,0,Y,,,,Y,,A,01,0,1,0,0,1,0,0,0,0,"- ","- ",,,"SAN MATEO",PACIFICA,-122.49114227294922,37.649288177490234
9191841,2020,2021-02-01,4100,2020-11-16,1448,25053,4100,1,5,3,4107,0,0,0,,0,075,"N CABRILLO HWY","RUISSEAU FRANCAIS AV",475.00,N,N,A,-,Y,SM,4,1,-,-,30.440,H,-,S,N,4,0,1,4,A,-,03,22350,,N,C,C,A,A,H,-,A,A,0,,,,,Y,,A,01,0,0,1,0,0,0,0,0,0,"- ","- ",,,"SAN MATEO","HALF MOON BAY",-122.44728851318359,37.484783172607422
9191906,2020,2021-01-23,4111,2020-11-12,0730,P5153,P04,4,5,4,4111,0,0,0,,0,0P1,"BEAUMONT BL","SHASTA LN",162.00,S,N,A,-,N,,,,,,,,,,N,4,0,1,2,A,-,08,22107,,M,B,E,A,A,H,-,A,D,0,,,,,Y,,D,73,0,0,1,0,0,0,0,0,0,"- ","- ",,,"SAN MATEO",PACIFICA,-122.48654937744141,37.655078887939453
91919206,2022,2022-11-16,9330,2022-11-04,1910,022876,,5,2,4,4109,0,1,2,,2,058,"US-101 SOUTHBOUND","MARSH ROAD",50.00,N,N,A,-,Y,SM,,101,,,3.609,H,,L,N,4,0,1,2,A,-,07,21658,A,N,B,C,A,A,H,-,D,D,0,,,,,Y,,A,07,0,0,1,0,0,0,0,0,0,"- ","- ",37.483409881591797,-122.1810302734375,"SAN MATEO","MENLO PARK",-122.18103790283203,37.483390808105469
9192050,2020,2021-01-07,4104,2020-11-13,1540,231,5,5,5,4,4104,0,0,0,,0,00A,"RT 82","FAIRFIELD RD",0.00,,Y,C,-,Y,SM,4,82,-,-,13.790,H,-,N,N,3,0,2,2,A,-,09,21804,A,N,D,C,A,B,H,-,A,D,0,,,,,Y,,A,01,0,2,0,0,0,0,0,0,0,"- ","- ",37.579128265380859,-122.35714721679688,"SAN MATEO",BURLINGAME,-122.35709381103516,37.579086303710938