CASE_ID,ACCIDENT_YEAR,PROC_DATE,JURIS,COLLISION_DATE,COLLISION_TIME,OFFICER_ID,REPORTING_DISTRICT,DAY_OF_WEEK,CHP_SHIFT,POPULATION,CNTY_CITY_LOC,SPECIAL_COND,BEAT_TYPE,CHP_BEAT_TYPE,CITY_DIVISION_LAPD,CHP_BEAT_CLASS,BEAT_NUMBER,PRIMARY_RD,SECONDARY_RD,DISTANCE,DIRECTION,INTERSECTION,WEATHER_1,WEATHER_2,STATE_HWY_IND,CALTRANS_COUNTY,CALTRANS_DISTRICT,STATE_ROUTE,ROUTE_SUFFIX,POSTMILE_PREFIX,POSTMILE,LOCATION_TYPE,RAMP_INTERSECTION,SIDE_OF_HWY,TOW_AWAY,COLLISION_SEVERITY,NUMBER_KILLED,NUMBER_INJURED,PARTY_COUNT,PRIMARY_COLL_FACTOR,PCF_CODE_OF_VIOL,PCF_VIOL_CATEGORY,PCF_VIOLATION,PCF_VIOL_SUBSECTION,HIT_AND_RUN,TYPE_OF_COLLISION,MVIW,PED_ACTION,ROAD_SURFACE,ROAD_COND_1,ROAD_COND_2,LIGHTING,CONTROL_DEVICE,CHP_ROAD_TYPE,PEDESTRIAN_ACCIDENT,BICYCLE_ACCIDENT,MOTORCYCLE_ACCIDENT,TRUCK_ACCIDENT,NOT_PRIVATE_PROPERTY,ALCOHOL_INVOLVED,STWD_VEHTYPE_AT_FAULT,CHP_VEHTYPE_AT_FAULT,COUNT_SEVERE_INJ,COUNT_VISIBLE_INJ,COUNT_COMPLAINT_PAIN,COUNT_PED_KILLED,COUNT_PED_INJURED,COUNT_BICYCLIST_KILLED,COUNT_BICYCLIST_INJURED,COUNT_MC_KILLED,COUNT_MC_INJURED,PRIMARY_RAMP,SECONDARY_RAMP,LATITUDE,LONGITUDE,COUNTY,CITY,POINT_X,POINT_Y
94408098,2024,2024-09-25,9330,2024-09-18,"940 ",021942,,3,1,9,4100,0,1,3,,1,011,"SR-92 E/B",SR-35,1320.00,W,N,B,-,Y,SM,,92," "," ",4.478,H,,R,N,4,0,1,1,A,-,03,22350,,N,E,I,A,B,H,-,A,D,0,,,,,Y,,D,22,0,0,1,0,0,0,0,0,0,"- ","- ",37.486461639404297,-122.37010192871094,"SAN MATEO",UNINCORPORATED,-122.37018585205078,37.486480712890625
9440921,2022,2022-05-24,4106,2022-04-05,1459,2138,12,2,5,6,4106,0,0,0,,0,005,"SAINT FRANCIS BL","CLARINADA AV",110.00,S,N,A,-,N,,,,,,,,,,N,4,0,1,2,A,-,11,21954,A,N,G,B,D,A,H,-,A,D,0,Y,,,,Y,,N,60,0,0,1,0,1,0,0,0,0,"- ","- ",,,"SAN MATEO","DALY CITY",-122.48014831542969,37.670928955078125
9440984,2022,2022-05-09,4106,2022-02-12,2215,2170,10,6,5,6,4106,0,0,0,,0,004,"SKYLINE BL","JOHN DALY BL",0.00,,Y,A,-,N,,,,,,,,,,N,3,0,2,2,A,-,09,21801,A,N,A,C,A,A,H,-,C,A,0,,,,,Y,,A,01,0,2,0,0,0,0,0,0,0,"- ","- ",37.698459625244141,-122.49484252929688,"SAN MATEO","DALY CITY",-122.49485778808594,37.698444366455078
94410622,2024,2024-09-27,9330,2024-09-24,2120,023158,,2,2,9,4100,0,1,3,,1,011,"SR-92 WB",SR-35,5280.00,W,N,B,-,Y,SM,,92," "," ",4.340,H,,L,Y,4,0,1,1,A,-,08,22107,,N,B,I,A,B,H,-,D,A,0,,,,,Y,,A,01,0,0,1,0,0,0,0,0,0,"- ","- ",37.485858917236328,-122.37214660644531,"SAN MATEO",UNINCORPORATED,-122.37210845947266,37.485908508300781
94413744,2024,2024-09-30,9330,2024-09-18,2150,023974,,3,2,4,4109,0,1,2,,2,058,"US-101 N/B","WILLOW ROAD",2112.00,S,N,A,-,Y,SM,,101," "," ",1.454,H,,R,Y,4,0,4,3,A,-,03,22350,,N,C,C,A,A,H,-,C,D,0,,,,,Y,,A,01,0,0,4,0,0,0,0,0,0,"- ","- ",37.465431213378906,-122.149169921875,"SAN MATEO","MENLO PARK",-122.14916229248047,37.465435028076172
94415367,2024,2024-10-01,9335,2024-09-23,"815 ",023876,,1,1,4,4114,0,1,1,,2,020,"I-280 S/B","SNEATH LANE OVERCROSSING",632.00,N,N,A,-,Y,SM,,280," ",R,21.430,H,,L,Y,4,0,1,4,A,-,07,21658,A,N,B,C,A,A,H,-,A,D,0,,,,,Y,,A,01,0,0,1,0,0,0,0,0,0,"- ","- ",37.631641387939453,-122.43666839599609,"SAN MATEO","SAN BRUNO",-122.43668365478516,37.631629943847656
94417077,2024,2024-10-02,9330,2024-09-23,2105,023975,,1,2,9,4100,0,3,5,,2,505,"OAKSIDE AVENUE","NORTHSIDE AVENUE",340.00,E,N,A,-,N,,,,,,,,,,N,3,0,1,2,A,-,21,22106,,N,C,C,A,A,H,-,C,D,0,,,,,Y,,A,01,0,1,0,0,0,0,0,0,0,"- ","- ",37.477798461914062,-122.20584106445312,"SAN MATEO",UNINCORPORATED,-122.20598602294922,37.477680206298828
94417108,2024,2024-10-02,9335,2024-09-26,2340,023593,,4,3,4,4114,0,1,1,,2,020,"I-280 SOUTHBOUND","SNEATH LANE",575.00,N,N,A,-,Y,SM,,280," ",R,21.406,H,,L,Y,4,0,1,1,A,-,03,22350,,N,E,J,A,A,H,-,C,D,0,,,,,Y,,A,01,0,0,1,0,0,0,0,0,0,"- ","- ",37.631359100341797,-122.43640899658203,"SAN MATEO","SAN BRUNO",-122.43639373779297,37.631370544433594
9441941,2022,2022-05-13,4106,2022-02-27,1107,2146,9,7,5,6,4106,0,0,0,,0,004,"SOUTHGATE AV","ELMWOOD DR",0.00,,Y,A,-,N,,,,,,,,,,N,3,0,1,2,A,-,21,22106,,N,B,C,A,A,H,-,A,D,0,,,,,Y,,A,01,0,1,0,0,0,0,0,0,0,"- ","- ",37.697338104248047,-122.48748779296875,"SAN MATEO","DALY CITY",-122.48751831054688,37.697338104248047
94420233,2024,2024-10-07,9335,2024-09-19,"500 ",023373,,4,3,2,4103,0,1,2,,2,012,"US-101 SB","ALANA WAY",3590.00,S,N,A,-,Y,SM,,101," "," ",25.439,H,,L,Y,3,0,1,4,A,-,03,22350,,F,C,D,A,A,H,-,D,D,0,,,,,Y,,A,01,0,1,0,0,0,0,0,0,0,"- ","- ",37.699119567871094,-122.39308166503906,"SAN MATEO",BRISBANE,-122.39304351806641,37.699123382568359
94422780,2024,2024-10-08,9330,2024-09-27,1450,023032,,5,2,4,4109,0,3,5,,2,509,"ALAMEDA DE LAS PULGAS","AVY AVENUE",0.00,,Y,A,-,N,,,,,,,,,,N,4,0,1,2,A,-,12,21453,A,N,D,C,A,A,H,-,A,A,0,,,,,Y,,A,07,0,0,1,0,0,0,0,0,0,"- ","- ",37.431808471679688,-122.20152282714844,"SAN MATEO","MENLO PARK",-122.20151519775391,37.431793212890625
94425410,2024,2024-10-09,9330,2024-09-15,"850 ",023254,,7,1,9,4100,0,1,1,,2,054,"I-280 S/B","ALPINE ROAD",0.00,,Y,A,-,N,,,,,,,,,,N,2,0,1,2,A,-,09,21803,A,N,H,G,A,A,H,-,A,A,0,,Y,,,Y,,A,07,1,0,0,0,0,0,1,0,0,"- ","- ",37.407958984375,-122.19497680664062,"SAN MATEO",UNINCORPORATED,-122.19483947753906,37.409049987792969
94426048,2024,2024-10-10,9330,2024-10-02,1215,022785,,3,1,4,4127,0,1,2,,2,058,"US-101 N/B","UNIVERSITY AVE",52.00,S,N,A,-,Y,SM,,101," "," ",0.864,H,,R,N,4,0,1,3,A,-,03,22350,,N,C,C,A,A,H,-,A,D,0,,,,,Y,,A,01,0,0,1,0,0,0,0,0,0,"- ","- ",37.460380554199219,-122.14060974121094,"SAN MATEO","EAST PALO ALTO",-122.14057922363281,37.460411071777344
94426962,2024,2024-10-10,9335,2024-09-30,1800,024124,,1,2,9,4100,0,1,1,,2,038,"I-380 E/B TO US-101 S/B","7TH AVE",91.00,E,N,A,-,Y,,,,,,,,,,Y,3,0,2,1,A,-,03,22350,,N,E,I,A,A,H,-,A,D,0,,,,,Y,,A,01,0,2,0,0,0,0,0,0,0,"- ","- ",37.633869171142578,-122.40550231933594,"SAN MATEO",UNINCORPORATED,-122.40564727783203,37.634529113769531
94430395,2024,2024-10-14,9335,2024-10-01,1556,024124,,2,2,9,4100,0,1,1,,2,038,"I-380 E/B","HUNTINGTON AVE",75.00,W,N,A,-,Y,SM,,380," "," ",5.732,H,,R,Y,4,0,1,3,A,-,03,22350,,N,C,C,A,A,H,-,A,D,0,,,,,Y,,A,01,0,0,1,0,0,0,0,0,0,"- ","- ",37.634159088134766,-122.41452789306641,"SAN MATEO",UNINCORPORATED,-122.41452789306641,37.634174346923828
94431858,2024,2024-10-15,9330,2024-10-10,1539,023158,,4,2,5,4116,0,1,2,,2,038,"US-101 SB","POPLAR AVE",200.00,N,N,A,-,Y,SM,,101," "," ",14.740,H,,L,N,3,0,1,2,A,-,03,22350,,N,A,C,A,A,H,-,A,D,0,,,Y,,Y,,C,02,0,1,0,0,0,0,0,0,1,"- ","- ",37.584861755371094,-122.32929229736328,"SAN MATEO","SAN MATEO",-122.32930755615234,37.584846496582031
94433186,2024,2024-10-16,9330,2024-10-12,1055,022212,,6,1,5,4116,0,1,2,,2,038,"US-101 N/B","DORE AVENUE",528.00,S,N,A,-,Y,SM,,101," "," ",13.984,H,,R,N,4,0,2,2,A,-,03,22350,,N,C,C,A,A,H,-,A,D,0,,,,,Y,,A,01,0,0,2,0,0,0,0,0,0,"- ","- ",37.576629638671875,-122.32023620605469,"SAN MATEO","SAN MATEO",-122.32018280029297,37.576667785644531
94433275,2024,2024-10-16,9330,2024-10-12,1435,022960,,6,2,4,4120,0,1,3,,2,031,"SR-92 W/B","EDGEWATER BOULEVARD",1056.00,E,N,A,-,Y,SM,,92," ",R,13.083,H,,L,N,3,0,1,2,A,-,03,22350,,N,C,C,A,A,H,-,A,D,0,,,,,Y,,A,07,0,1,0,0,0,0,0,0,0,"- ","- ",37.559139251708984,-122.28076171875,"SAN MATEO","FOSTER CITY",-122.28075408935547,37.559135437011719
94433600,2024,2024-10-16,9335,2024-10-05,"740 ",023167,,6,1,6,4106,0,1,3,,2,035,"SR-35 S/B TO SR-1 N/B","SKYLINE BLVD",80.00,S,N,A,-,Y,SM,,35," ",R,28.612,H,,L,Y,4,0,1,1,A,-,03,22350,,N,E,I,A,A,H,-,A,D,0,,,,,Y,,A,01,0,0,1,0,0,0,0,0,0,"- ","- ",37.667438507080078,-122.48412322998047,"SAN MATEO","DALY CITY",-122.48394012451172,37.667644500732422
94433665,2024,2024-10-16,9330,2024-10-09,1322,022793,,3,1,9,4100,0,1,3,,1,010,"SR-1 S/B","CORONADO ST",950.00,N,N,A,-,Y,SM,,1," "," ",32.212,H,,L,Y,4,0,1,2,A,-,03,22350,,N,C,C,A,A,H,-,A,A,0,,,,,Y,,D,22,0,0,1,0,0,0,0,0,0,"- ","- ",37.500968933105469,-122.47055053710938,"SAN MATEO",UNINCORPORATED,-122.47053527832031,37.500999450683594
94434014,2024,2024-10-17,9335,2024-10-07,1015,022187,,1,1,4,4114,0,1,1,,2,038,"I-380 E/B","THE SAN MATEO AVENUE UNDER-CROSSING",90.00,W,N,A,-,Y,SM,,380," "," ",5.886,H,,R,Y,4,0,1,2,A,-,07,21658,A,N,C,C,A,A,H,-,A,D,0,,,,,Y,,A,07,0,0,1,0,0,0,0,0,0,"- ","- ",37.633960723876953,-122.41181945800781,"SAN MATEO","SAN BRUNO",-122.41180419921875,37.634029388427734
9443783,2021,2022-05-17,4119,2021-12-09,0830,2006,,4,5,2,4119,0,0,0,,0,001,"87TH ST","NIMITZ DR",0.00,,Y,A,-,N,,,,,,,,,,N,3,0,1,2,A,-,10,21950,A,N,G,B,B,A,H,-,A,A,0,Y,,,,Y,,A,01,0,1,0,0,1,0,0,0,0,"- ","- ",,,"SAN MATEO",BROADMOOR,-122.48526763916016,37.693439483642578
94441986,2024,2025-02-27,9330,2024-10-17,"843 ",022785,,4,1,5,4113,0,1,2,,2,048,"US-101 S/B","WHIPPLE AVE",3696.00,N,N,A,-,Y,SM,,101," "," ",7.341,H,,L,Y,4,0,2,2,A,-,07,21658,A,N,B,C,A,A,H,-,A,D,0,,,,,Y,,A,01,0,0,2,0,0,0,0,0,0,"- ","- ",37.502510070800781,-122.24327850341797,"SAN MATEO","REDWOOD CITY",-122.24331665039062,37.502483367919922
94442953,2024,2024-10-23,9335,2024-10-15,"647 ",022187,,2,1,5,4117,0,1,1,,2,020,"I-280 S/B","THE AVALON DRIVE UNDER-CROSSING",451.00,S,N,A,-,Y,SM,,280," ",R,21.961,H,,L,Y,4,0,1,5,A,-,04,21703,,N,C,C,A,A,H,-,A,D,0,,,,,Y,,D,22,0,0,1,0,0,0,0,0,0,"- ","- ",37.638389587402344,-122.44107055664062,"SAN MATEO","SOUTH SAN FRANCISCO",-122.44106292724609,37.638393402099609
94442956,2024,2024-10-23,9335,2024-10-15,"900 ",024050,,2,1,6,4106,0,1,1,,2,021,"I-280 S/B","91ST ST",25.00,N,N,A,-,Y,SM,,280," ",R,26.141,H,,L,N,4,0,1,2,A,-,07,21658,A,N,B,C,A,A,H,-,A,D,0,,,,,Y,,A,01,0,0,1,0,0,0,0,0,0,"- ","- ",37.690441131591797,-122.47058868408203,"SAN MATEO","DALY CITY",-122.47052764892578,37.690437316894531
94444453,2024,2024-10-24,9330,2024-10-17,1649,022793,,4,2,9,4100,0,1,1,,2,034,"I-280 N/B","BUNKER HILL DR",249.00,S,N,A,-,Y,SM,,280," ",R,12.269,H,,R,Y,4,0,1,3,A,-,03,22350,,N,C,C,A,A,H,-,A,D,0,,,,,Y,,A,01,0,0,1,0,0,0,0,0,0,"- ","- ",37.522441864013672,-122.35552215576172,"SAN MATEO",UNINCORPORATED,-122.35543823242188,37.522472381591797
94448062,2024,2024-10-28,9335,2024-10-15,1621,024124,,2,2,6,4106,0,1,1,,2,021,"I-280 N/B","HICKEY BLVD",42.00,N,N,A,-,Y,SM,,280," ",R,24.227,H,,R,Y,4,0,1,3,A,-,03,22350,,N,C,C,A,A,H,-,A,D,0,,,,,Y,,A,01,0,0,1,0,0,0,0,0,0,"- ","- ",37.663791656494141,-122.46543121337891,"SAN MATEO","DALY CITY",-122.46546936035156,37.663787841796875
94448151,2024,2024-10-28,9335,2024-09-10,1000,022007,,2,1,4,4114,0,1,1,,2,038,"I-380 E/B","HUNTINGTON AVENUE UNDERCROSSING",167.00,E,N,A,-,Y,SM,,380," "," ",5.795,H,,R,N,4,0,1,2,A,-,03,22350,,M,C,C,A,A,H,-,A,D,0,,,,,Y,,A,07,0,0,1,0,0,0,0,0,0,"- ","- ",37.634201049804688,-122.41342163085938,"SAN MATEO","SAN BRUNO",-122.41342163085938,37.634178161621094
94448906,2024,2024-10-29,9330,2024-10-19,1415,023640,,6,2,4,4104,0,1,2,,2,038,"US-101 N/B FROM BROADWAY",BROADWAY,988.00,N,N,A,-,Y,SM,,101," "," ",16.807,H,,R,Y,4,0,1,1,A,-,08,22107,,N,E,J,A,A,H,-,A,D,0,,,,,Y,,A,01,0,0,1,0,0,0,0,0,0,"- ","- ",37.592281341552734,-122.36427307128906,"SAN MATEO",BURLINGAME,-122.36434173583984,37.592208862304688
94453139,2024,2024-10-31,9335,2024-10-26,"105 ",023593,,6,3,5,4117,0,1,2,,2,012,"US-101 NORTHBOUND","OYSTER POINT BLVD",1437.00,S,N,A,-,Y,SM,,101," "," ",22.507,H,,R,Y,4,0,2,2,A,-,01,23152,A,N,D,C,A,A,H,-,C,D,0,,,,,Y,Y,A,07,0,0,2,0,0,0,0,0,0,"- ","- ",37.661128997802734,-122.40289306640625,"SAN MATEO","SOUTH SAN FRANCISCO",-122.4029541015625,37.661197662353516
94455829,2024,2024-11-04,9330,2024-10-31,"740 ",022212,,4,1,4,4120,0,1,3,,1,035,"SR-92 W/B","FOSTER CITY BLVD",528.00,E,N,A,-,Y,SM,,92," ",R,13.791,H,,L,Y,4,0,1,2,A,-,08,22107,,N,B,2,A,A,H,-,A,D,0,,,Y,,Y,,A,01,0,0,1,0,0,0,0,0,1,"- ","- ",37.565830230712891,-122.27105712890625,"SAN MATEO","FOSTER CITY",-122.27111053466797,37.565864562988281
94456065,2024,2024-11-04,9330,2024-10-27,1625,023556,,7,2,4,4127,0,1,2,,2,058,"US-101 S/B","UNIVERSITY AVENUE",617.00,S,N,A,-,Y,SM,,101," "," ",0.749,H,,L,Y,3,0,1,1,A,-,03,22350,,N,E,8,A,A,H,-,A,D,0,,,,,Y,,A,07,0,1,0,0,0,0,0,0,0,"- ","- ",37.459030151367188,-122.13886260986328,"SAN MATEO","EAST PALO ALTO",-122.1387939453125,37.4591064453125
94457525,2024,2024-11-04,9330,2024-10-23,"840 ",023974,,3,1,4,4127,0,1,2,,2,058,"US-101 S/B","UNIVERSITY AVENUE",2112.00,S,N,A,-,Y,SM,,101," "," ",0.484,H,,L,N,4,0,1,3,A,-,03,22350,,N,C,C,A,A,H,-,A,D,0,,,,,Y,,A,01,0,0,1,0,0,0,0,0,0,"- ","- ",37.456871032714844,-122.13491058349609,"SAN MATEO","EAST PALO ALTO",-122.13493347167969,37.45684814453125
94457625,2024,2024-11-04,9330,2024-10-19,1510,023032,,6,2,9,4100,0,1,3,,1,021,SR-84,"SEQUOIA AVENUE",5280.00,E,N,A,-,Y,SM,,84," "," ",13.678,H,,R,N,2,0,1,1,A,-,03,22350,,N,F,A,A,A,H,-,A,D,0,,,Y,,Y,,C,02,1,0,0,0,0,0,0,0,1,"- ","- ",37.371818542480469,-122.26284027099609,"SAN MATEO",UNINCORPORATED,-122.26278686523438,37.371822357177734
94457645,2024,2024-11-04,9330,2024-10-26,1315,023975,,6,1,5,4113,0,3,5,,2,505,"MIDDLEFIELD ROAD","DUMBARTON AVENUE",212.00,S,N,A,-,N,,,,,,,,,,N,3,0,1,2,A,-,09,21804,A,N,B,C,A,A,H,-,A,D,0,,,,,Y,,A,07,0,1,0,0,0,0,0,0,0,"- ","- ",37.474739074707031,-122.20838165283203,"SAN MATEO","REDWOOD CITY",-122.20854187011719,37.47479248046875
94458194,2024,2024-11-05,9330,2024-10-26,1400,023975,,6,2,5,4113,0,1,2,,2,058,"US-101 S/B","MARSH ROAD",4040.00,N,N,A,-,Y,SM,,101," "," ",4.515,H,,L,N,4,0,1,2,A,-,03,22350,,N,C,C,A,A,D,-,A,D,0,,,,,Y,,A,08,0,0,1,0,0,0,0,0,0,"- ","- ",37.486328125,-122.19731903076172,"SAN MATEO","REDWOOD CITY",-122.19730377197266,37.486404418945312
94459327,2024,2024-11-06,9335,2024-11-04,1755,023603,,1,2,4,4114,0,1,2,,2,011,"US-101 S/B","MILLBRAE AVE OVERCROSSING",1637.00,N,N,A,-,Y,SM,,101," "," ",18.260,H,,L,N,4,0,2,4,A,-,03,22350,,N,C,C,A,A,H,-,D,D,0,,,,,Y,,A,07,0,0,2,0,0,0,0,0,0,"- ","- ",37.605411529541016,-122.38506317138672,"SAN MATEO","SAN BRUNO",-122.38502502441406,37.605442047119141
94459343,2024,2024-11-06,9330,2024-10-29,1845,022837,,2,2,5,4116,0,1,2,,2,048,"US-101 S/B","E. HILLSDALE BLVD",2112.00,N,N,A,-,Y,SM,,101," "," ",11.546,H,,L,Y,4,0,2,4,A,-,03,22350,,N,C,C,A,A,H,-,C,D,0,,,,,Y,,A,01,0,0,2,0,0,0,0,0,0,"- ","- ",37.549171447753906,-122.29237365722656,"SAN MATEO","SAN MATEO",-122.29236602783203,37.549171447753906
94460116,2024,2024-11-06,9330,2024-11-01,2115,023566,,5,2,3,4110,0,1,2,,2,038,"US-101 N/B",BROADWAY,898.00,S,N,C,-,Y,SM,,101," "," ",16.421,H,,R,Y,4,0,2,3,A,-,03,22350,,M,C,C,A,B,H,-,C,D,0,,,,,Y,,-,99,0,0,2,0,0,0,0,0,0,"- ","- ",37.588680267333984,-122.35880279541016,"SAN MATEO",MILLBRAE,-122.35875701904297,37.588737487792969
94460616,2024,2024-11-06,9330,2024-10-29,1623,023158,,2,2,5,4113,0,3,5,,2,505,"MIDDLEFIELD RD","3RD ST",106.00,S,N,A,-,N,,,,,,,,,,N,4,0,1,2,A,-,03,22350,,N,C,A,A,A,H,-,A,A,0,,,,,Y,,A,01,0,0,1,0,0,0,0,0,0,"- ","- ",37.473041534423828,-122.205810546875,"SAN MATEO","REDWOOD CITY",-122.20586395263672,37.473011016845703
94462609,2024,2024-11-07,9335,2024-11-07,"745 ",022187,,4,1,6,4106,0,1,1,,2,021,"I-280 S/B","THE SCHOOL STREET OVER-CROSSING",554.00,S,N,A,-,Y,SM,,280," ",R,26.233,H,,L,N,4,0,2,2,A,-,03,22350,,N,C,C,A,A,H,-,A,D,0,,,,,Y,,A,01,0,0,2,0,0,0,0,0,0,"- ","- ",37.691730499267578,-122.4705810546875,"SAN MATEO","DALY CITY",-122.47052764892578,37.691730499267578
94462738,2024,2024-11-08,9335,2024-11-04,1250,023860,,1,1,5,4117,0,2,S,,2,901,"WESTBOROUGH BLVD","JUNIPERO SERRA BLVD",0.00,,Y,A,-,N,,,,,,,,,,Y,3,0,1,1,A,-,08,22107,,N,B,I,A,A,H,-,A,D,0,,,,,Y,,A,01,0,1,0,0,0,0,0,0,0,"- ","- ",37.649120330810547,-122.44287109375,"SAN MATEO","SOUTH SAN FRANCISCO",-122.44859313964844,37.646110534667969
94463344,2024,2024-11-08,9335,2024-11-01,1245,023167,,5,1,9,4100,0,1,3,,2,040,"SR-1 S/B","N PEAK ACCESS ROAD",440.00,N,N,A,-,Y,SM,,1," "," ",37.263,H,,L,Y,4,0,3,2,A,-,08,22107,,N,E,9,A,A,H,-,A,D,0,,,,,Y,,A,07,0,0,3,0,0,0,0,0,0,"- ","- ",37.555068969726562,-122.51277923583984,"SAN MATEO",UNINCORPORATED,-122.51271820068359,37.555076599121094
9446560,2022,2022-06-24,4113,2022-05-06,0954,489,7,5,5,5,4113,0,0,0,,0,007,HOPKINS,HUDSON,0.00,,Y,A,-,N,,,,,,,,,,Y,3,0,1,2,A,-,12,22450,,N,A,C,A,A,H,-,A,A,0,,,,,Y,,D,22,0,1,0,0,0,0,0,0,0,"- ","- ",37.483860015869141,-122.24434661865234,"SAN MATEO","REDWOOD CITY",-122.24433135986328,37.483848571777344
9446629,2022,2022-06-08,4106,2022-04-15,1712,2188,12,5,5,6,4106,0,0,0,,0,005,"WESTMOOR AV","SKYLINE BL",0.00,,Y,B,-,N,,,,,,,,,,N,3,0,1,2,A,-,12,21453,A,F,G,B,B,A,H,-,A,A,0,Y,,,,Y,,A,01,0,1,0,0,1,0,0,0,0,"- ","- ",,,"SAN MATEO","DALY CITY",-122.48910522460938,37.683341979980469
9447304,2022,2022-06-20,4102,2022-05-08,0640,06,7CD,7,5,4,4102,0,0,0,,0,003,"CARLMONT DR","MULBERRY CT",25.00,E,N,A,-,N,,,,,,,,,,Y,4,0,1,7,A,-,08,22107,,M,B,E,A,A,H,-,A,D,0,,,,,Y,,A,01,0,0,1,0,0,0,0,0,0,"- ","- ",37.510551452636719,-122.29823303222656,"SAN MATEO",BELMONT,-122.29782104492188,37.510284423828125
94476164,2024,2024-11-20,9335,2024-11-19,1110,022187,,2,1,3,4107,0,1,3,,2,040,"SR-1 S/B","THE 1ST STREET PROLONGATION",3443.00,N,N,A,-,N,,,,,,,,,,Y,3,0,1,1,A,-,08,22107,,N,E,I,A,A,H,-,A,D,0,,,,,Y,,A,01,0,1,0,0,0,0,0,0,0,"- ","- ",37.555698394775391,-122.51287841796875,"SAN MATEO","HALF MOON BAY",,
94479087,2024,2024-11-21,9330,2024-10-26,1356,023556,,6,1,5,4116,0,1,3,,2,031,"SR-92 W/B","DELAWARE STREET",400.00,E,N,A,-,Y,SM,,92," ",R,11.868,H,,L,N,4,0,1,3,A,-,03,22350,,N,C,C,A,A,H,-,A,D,0,,,,,Y,,A,07,0,0,1,0,0,0,0,0,0,"- ","- ",37.552780151367188,-122.30103302001953,"SAN MATEO","SAN MATEO",-122.30103302001953,37.552764892578125
94481440,2024,2024-11-25,9335,2024-11-22,1015,023504,,5,1,6,4106,0,1,1,,2,021,"I-280 S/B","WASHINGTON ST OVER CROSS",510.00,S,N,C,-,Y,SM,,280," ",R,25.859,H,,L,N,3,0,1,1,A,-,08,22107,,N,E,I,A,B,H,-,A,D,0,,,,,Y,,D,22,0,1,0,0,0,0,0,0,0,"- ","- ",37.686408996582031,-122.47135925292969,"SAN MATEO","DALY CITY",-122.47151947021484,37.686424255371094
94487873,2024,2024-12-02,9330,2024-11-16,1045,023256,,6,1,9,4100,0,1,1,,2,074,"I-280 N/B TO SAND HILL ROAD W/B","I-280 N/B",5.00,S,N,A,-,Y,,,,,,,,,,Y,4,0,1,1,A,-,08,22107,,N,F,A,A,A,H,-,A,D,0,,,Y,,Y,,C,02,0,0,1,0,0,0,0,0,1,"- ","- ",37.419399261474609,-122.21904754638672,"SAN MATEO",UNINCORPORATED,-122.47139739990234,37.701087951660156
94488645,2024,2024-12-02,9330,2024-11-16,1357,023060,,6,1,9,4100,0,1,3,,1,021,"SR-84 (SAN GREGORIO ROAD)","MADERA LANE",1584.00,W,N,A,-,Y,SM,,84," "," ",4.422,H,,R,Y,3,0,1,1,A,-,01,23152,A,M,E,I,A,A,H,-,A,D,0,,,,,Y,Y,A,07,0,1,0,0,0,0,0,0,0,"- ","- ",37.316421508789062,-122.33106231689453,"SAN MATEO",UNINCORPORATED,-122.33112335205078,37.316329956054688
9449103,2022,2022-12-12,4127,2022-03-17,1639,2271,4127,4,5,4,4127,0,0,0,,0,002,"BAY RD","UNIVERSITY AV",249.00,S,N,A,-,N,,,,,,,,,,N,3,0,1,2,A,-,06,21755,A,N,D,G,A,A,H,-,A,D,0,,Y,,,Y,,L,04,0,1,0,0,0,0,1,0,0,"- ","- ",,,"SAN MATEO","EAST PALO ALTO",-122.13939666748047,37.471649169921875
94494401,2024,2024-12-06,9330,2024-12-03,1555,019764,,2,2,9,4100,0,1,1,,2,044,"I-280 N/B","VISTA 3",1584.00,N,N,A,-,Y,SM,,280," "," ",9.724,H,,R,N,4,0,1,3,A,-,03,22350,,N,C,C,A,A,H,-,A,D,0,,,,,Y,,A,01,0,0,1,0,0,0,0,0,0,"- ","- ",37.500701904296875,-122.32095336914062,"SAN MATEO",UNINCORPORATED,-122.32097625732422,37.500602722167969
94494607,2024,2024-12-06,9330,2024-11-25,1025,022372,,1,1,9,4100,0,1,3,,2,031,"SR-92 W/B",I-280,500.00,E,N,C,-,Y,SM,,92," ",R,7.526,H,,L,Y,4,0,1,1,A,-,08,22107,,N,E,I,A,B,H,-,A,D,0,,,,,Y,,A,01,0,0,1,0,0,0,0,0,0,"- ","- ",37.508609771728516,-122.33541107177734,"SAN MATEO",UNINCORPORATED,-122.33527374267578,37.508460998535156