CASE_ID,ACCIDENT_YEAR,PROC_DATE,JURIS,COLLISION_DATE,COLLISION_TIME,OFFICER_ID,REPORTING_DISTRICT,DAY_OF_WEEK,CHP_SHIFT,POPULATION,CNTY_CITY_LOC,SPECIAL_COND,BEAT_TYPE,CHP_BEAT_TYPE,CITY_DIVISION_LAPD,CHP_BEAT_CLASS,BEAT_NUMBER,PRIMARY_RD,SECONDARY_RD,DISTANCE,DIRECTION,INTERSECTION,WEATHER_1,WEATHER_2,STATE_HWY_IND,CALTRANS_COUNTY,CALTRANS_DISTRICT,STATE_ROUTE,ROUTE_SUFFIX,POSTMILE_PREFIX,POSTMILE,LOCATION_TYPE,RAMP_INTERSECTION,SIDE_OF_HWY,TOW_AWAY,COLLISION_SEVERITY,NUMBER_KILLED,NUMBER_INJURED,PARTY_COUNT,PRIMARY_COLL_FACTOR,PCF_CODE_OF_VIOL,PCF_VIOL_CATEGORY,PCF_VIOLATION,PCF_VIOL_SUBSECTION,HIT_AND_RUN,TYPE_OF_COLLISION,MVIW,PED_ACTION,ROAD_SURFACE,ROAD_COND_1,ROAD_COND_2,LIGHTING,CONTROL_DEVICE,CHP_ROAD_TYPE,PEDESTRIAN_ACCIDENT,BICYCLE_ACCIDENT,MOTORCYCLE_ACCIDENT,TRUCK_ACCIDENT,NOT_PRIVATE_PROPERTY,ALCOHOL_INVOLVED,STWD_VEHTYPE_AT_FAULT,CHP_VEHTYPE_AT_FAULT,COUNT_SEVERE_INJ,COUNT_VISIBLE_INJ,COUNT_COMPLAINT_PAIN,COUNT_PED_KILLED,COUNT_PED_INJURED,COUNT_BICYCLIST_KILLED,COUNT_BICYCLIST_INJURED,COUNT_MC_KILLED,COUNT_MC_INJURED,PRIMARY_RAMP,SECONDARY_RAMP,LATITUDE,LONGITUDE,COUNTY,CITY,POINT_X,POINT_Y
94918229,2025,2025-11-10,9330,2025-11-05,1736,023060,,3,2,4,4120,0,1,3,,1,035,"SR-92 E/B","PIER 1",3696.00,E,N,B,-,Y,SM,,92," ",R,15.000,H,,R,Y,4,0,1,2,A,-,03,22350,,N,C,C,A,A,H,-,C,D,0,,,,,Y,,A,01,0,0,1,0,0,0,0,0,0,"- ","- ",37.579158782958984,-122.25637817382812,"SAN MATEO","FOSTER CITY",-122.2564697265625,37.5792236328125
94919313,2025,2025-11-11,9330,2025-11-04,1425,022929,,2,2,5,4116,0,1,2,,2,038,"US-101 S/B","3RD AVE",1056.00,S,N,A,-,Y,SM,,101," "," ",12.967,H,,L,Y,3,0,1,2,A,-,07,21658,A,N,B,C,A,A,H,-,A,D,0,,,,Y,Y,,G,21,0,1,0,0,0,0,0,0,0,"- ","- ",37.565559387207031,-122.30840301513672,"SAN MATEO","SAN MATEO",-122.30839538574219,37.565559387207031
94920747,2025,2025-11-12,9330,2025-09-08,"355 ",024327,,1,3,4,4115,0,1,2,,2,048,"US-101 S/B","HOLLY STREET",1901.00,N,N,A,-,Y,SM,,101," "," ",8.784,H,,L,Y,2,0,2,2,A,-,01,23152,A,M,B,C,A,A,H,-,D,D,0,,,,,Y,Y,A,07,1,1,0,0,0,0,0,0,0,"- ","- ",37.517959594726562,-122.26087951660156,"SAN MATEO","SAN CARLOS",-122.26083374023438,37.517993927001953
94921472,2025,2025-11-12,9330,2025-10-29,1848,024137,,3,2,4,4104,0,1,2,,2,038,"US-101 S/B TO MILLBRAE AVE","MILLBRAE AVE",900.00,N,N,A,-,Y,SM,,101," "," ",18.124,H,,L,Y,4,0,3,3,A,-,03,22350,,N,C,C,A,A,H,-,D,D,0,,,,,Y,,D,22,0,0,3,0,0,0,0,0,0,"- ","- ",37.604080200195312,-122.38320922851562,"SAN MATEO",BURLINGAME,-122.38309478759766,37.604198455810547
94921719,2025,2025-11-12,9330,2025-11-03,"750 ",023011,,1,1,9,4100,0,3,5,,2,503,"ALAMEDA DE LAS PULGAS","HELENA WAY",25.00,N,N,A,-,N,,,,,,,,,,N,4,0,2,2,A,-,09,21801,A,N,B,C,A,A,H,-,A,D,0,,,,,Y,,A,01,0,0,2,0,0,0,0,0,0,"- ","- ",37.446918487548828,-122.22917175292969,"SAN MATEO",UNINCORPORATED,-122.22895050048828,37.446876525878906
94924798,2025,2025-11-12,9330,2025-07-25,1600,023728,,5,2,9,4100,0,1,1,,2,034,"I-280 S/B","BLACK MOUNTAIN ROAD",6758.00,S,N,A,-,Y,SM,,280," ",R,12.950,H,,L,Y,4,0,1,2,A,-,01,23152,A,N,B,E,A,A,H,-,A,D,0,,,,,Y,,D,22,0,0,1,0,0,0,0,0,0,"- ","- ",37.531181335449219,-122.36116790771484,"SAN MATEO",UNINCORPORATED,-122.3609619140625,37.531253814697266
94925132,2025,2025-11-12,9335,2025-11-03,1744,024050,,1,2,4,4114,0,1,2,,2,011,"US-101 N/B","SAN BRUNO AVENUE",2590.00,S,N,A,-,Y,SM,,101," "," ",19.883,H,,R,Y,3,0,2,2,A,-,07,21658,A,N,B,C,A,A,H,-,C,D,0,,,,,Y,,A,07,0,1,1,0,0,0,0,0,0,"- ","- ",37.624221801757812,-122.40090179443359,"SAN MATEO","SAN BRUNO",-122.40090179443359,37.624217987060547
94925579,2025,2025-11-12,9330,2025-11-06,"815 ",024314,,4,1,5,4116,0,1,2,,2,038,"US-101 N/B","3RD AVENUE",2396.00,S,N,A,-,Y,SM,,101," "," ",12.982,H,,R,Y,3,0,1,2,A,-,03,22350,,N,C,C,A,A,H,-,A,D,0,,,,,Y,,A,01,0,1,0,0,0,0,0,0,0,"- ","- ",37.565818786621094,-122.30844116210938,"SAN MATEO","SAN MATEO",-122.30842590332031,37.565830230712891
94925623,2025,2025-11-12,9330,2025-11-09,1215,022409,,7,1,9,4100,0,1,3,,1,011,"SR-92 WB","PILARCITOS CREEK",500.00,W,N,A,-,Y,SM,,92," "," ",3.176,H,,L,Y,4,0,1,2,A,-,03,22350,,N,C,C,A,A,H,-,A,D,0,,,,,Y,,A,01,0,0,1,0,0,0,0,0,0,"- ","- ",37.491500854492188,-122.38764953613281,"SAN MATEO",UNINCORPORATED,-122.38764190673828,37.491485595703125
94926179,2025,2025-11-12,9330,2025-11-04,1050,023975,,2,1,4,4109,0,1,2,,2,058,"US-101 N/B","WILLOW ROAD",400.00,N,N,A,-,Y,SM,,101," "," ",1.965,H,,R,N,4,0,1,3,A,-,07,21658,A,N,B,C,A,A,H,-,A,D,0,,,,,Y,,D,22,0,0,1,0,0,0,0,0,0,"- ","- ",37.469841003417969,-122.15673828125,"SAN MATEO","MENLO PARK",-122.15671539306641,37.469863891601562
94926331,2025,2025-11-12,9330,2025-11-10,2030,022929,,1,2,4,4104,0,1,2,,2,038,"US-101 S/B FROM BROADWAY",BROADWAY,100.00,S,N,A,-,Y,SM,,101," "," ",16.591,H,,L,N,4,0,1,2,A,-,09,21803,A,N,D,C,A,A,H,-,C,A,0,,,,,Y,,D,22,0,0,1,0,0,0,0,0,0,"- ","- ",37.589889526367188,-122.36154174804688,"SAN MATEO",BURLINGAME,-122.36138916015625,37.590034484863281
94926436,2025,2025-11-12,9330,2025-11-11,1745,022960,,2,2,5,4116,0,1,2,,2,048,"US-101 N/B","E. HILLSDALE BLVD",4224.00,S,N,B,-,Y,SM,,101," "," ",10.300,H,,R,Y,3,0,1,2,A,-,03,22350,,N,C,C,A,A,H,-,A,D,0,,,,,Y,,A,01,0,1,0,0,0,0,0,0,0,"- ","- ",37.534709930419922,-122.27873992919922,"SAN MATEO","SAN MATEO",-122.27870178222656,37.534732818603516
94928678,2025,2025-11-13,9330,2025-11-13,"730 ",022409,,4,1,4,4120,0,1,3,,1,035,"SR-92 E/B","FOSTER CITY BLVD.",5200.00,E,N,B,C,Y,SM,,92," ",R,14.626,H,,R,Y,4,0,1,2,A,-,08,22107,,N,B,C,A,B,H,-,A,D,0,,,,,Y,,D,22,0,0,1,0,0,0,0,0,0,"- ","- ",37.574939727783203,-122.26090240478516,"SAN MATEO","FOSTER CITY",-122.26091003417969,37.574947357177734
94928709,2025,2025-11-13,9330,2025-11-04,1600,023493,,2,2,4,4109,0,1,2,,2,058,"SIXTH AVENUE","MIDDLEFIELD ROAD",0.00,,Y,A,-,N,,,,,,,,,,Y,4,0,4,2,A,-,09,21801,A,N,D,C,A,A,H,-,A,D,0,,,,,Y,,A,01,0,0,4,0,0,0,0,0,0,"- ","- ",37.471549987792969,-122.20375061035156,"SAN MATEO","MENLO PARK",-122.20368194580078,37.471553802490234
94930457,2025,2025-11-14,9330,2025-11-02,1520,023339,,7,2,9,4100,0,1,3,,1,021,"SR-84 (LA HONDA ROAD)","SYLVAN WAY",2789.00,E,N,A,-,Y,SM,,84," "," ",7.424,H,,R,Y,3,0,1,1,A,-,03,22350,,N,F,0,A,A,H,-,A,D,0,,,Y,,Y,,C,02,0,1,0,0,0,0,0,0,1,"- ","- ",37.313331604003906,-122.28752136230469,"SAN MATEO",UNINCORPORATED,-122.28751373291016,37.313323974609375
94930880,2025,2025-11-14,9330,2025-10-28,1710,023947,,2,2,4,4109,0,3,5,,2,509,"AVY AVENUE","ALAMEDA DE LAS PULGAS",50.00,S,N,A,-,N,,,,,,,,,,N,2,0,1,2,A,-,08,22107,,F,B,G,A,A,H,-,A,A,0,,Y,,,Y,,-,99,1,0,0,0,0,0,1,0,0,"- ","- ",37.431629180908203,-122.20169067382812,"SAN MATEO","MENLO PARK",-122.20161437988281,37.431674957275391
94930947,2025,2025-11-14,9335,2025-06-14,1045,023685,,6,1,4,4111,0,1,3,,2,041,"SR-1 SOUTHBOUND","MANOR DRIVE OVERCROSSING",0.26,N,N,A,-,Y,SM,,1," ",R,45.390,H,,L,Y,1,1,1,2,A,-,05,21651,C,N,A,C,A,A,H,-,A,D,0,,,,,Y,,A,07,1,0,0,0,0,0,0,0,0,"- ","- ",37.653079986572266,-122.49033355712891,"SAN MATEO",PACIFICA,-122.49034881591797,37.653079986572266
94932699,2025,2025-11-17,9330,2025-05-24,"718 ",023728,,6,1,9,4100,0,1,3,,1,011,SR-92,"R ROAD",1320.00,W,N,A,-,Y,SM,,92," "," ",0.865,H,,R,Y,2,0,1,3,A,-,05,21460,,N,B,2,A,A,H,-,A,D,0,,,Y,,Y,,C,02,1,0,0,0,0,0,0,0,1,"- ","- ",37.472808837890625,-122.42024993896484,"SAN MATEO",UNINCORPORATED,-122.42025756835938,37.472816467285156
94932737,2025,2025-11-17,9335,2025-11-07,1809,024586,,5,2,5,4117,0,1,1,,2,020,"I-280 SOUTHBOUND","AVALON DRIVE",950.00,S,N,A,-,Y,SM,,280," ",R,21.861,H,,L,Y,3,0,2,3,A,-,03,22350,,N,C,C,A,A,H,-,C,D,0,,,,,Y,,A,07,0,1,1,0,0,0,0,0,0,"- ","- ",37.637119293212891,-122.44023132324219,"SAN MATEO","SOUTH SAN FRANCISCO",-122.44012451171875,37.637157440185547
94935771,2025,2025-11-18,9330,2025-11-17,"740 ",023265,,1,1,4,4109,0,1,2,,2,058,"US-101 S/B","MARSH ROAD",1056.00,S,N,B,-,Y,SM,,101," "," ",3.343,H,,L,Y,4,0,2,2,A,-,03,22350,,N,C,C,A,B,H,-,A,D,0,,,,,Y,,A,01,0,0,2,0,0,0,0,0,0,"- ","- ",37.481491088867188,-122.17696380615234,"SAN MATEO","MENLO PARK",-122.17698669433594,37.481460571289062
94935913,2025,2025-11-18,9330,2025-11-01,1406,024313,,6,2,4,4104,0,1,2,,2,038,"US-101 N/B","PEININSULA AVENUE",1373.00,N,N,A,-,Y,SM,,101," "," ",14.972,H,,R,Y,4,0,2,4,A,-,08,22107,,M,B,C,A,A,H,-,A,D,0,,,,,Y,Y,-,99,0,0,2,0,0,0,0,0,0,"- ","- ",37.586601257324219,-122.33273315429688,"SAN MATEO",BURLINGAME,-122.33271026611328,37.586658477783203
94936129,2025,2025-11-18,9330,2025-06-18,"315 ",024224,,3,3,5,4113,0,1,2,,2,058,"US-101 N/B","WOODSIDE ROAD",3010.00,S,N,A,-,Y,SM,,101," "," ",4.795,H,,R,N,4,0,1,1,A,-,01,23152,A,M,C,I,A,A,H,-,D,D,0,,,,,Y,Y,A,01,0,0,1,0,0,0,0,0,0,"- ","- ",37.487300872802734,-122.20227813720703,"SAN MATEO","REDWOOD CITY",-122.20230102539062,37.487197875976562
94943663,2025,2025-11-24,9335,2025-11-16,"810 ",024878,,7,1,9,4100,0,1,2,,2,011,"US-101 N/B TO AIRPORT ACCESS ROAD","MILLBRAE AVE. OVERCROSSING",3326.00,N,N,B,-,Y,SM,,101," "," ",18.573,H,,R,N,4,0,2,2,A,-,04,21703,,N,C,C,A,A,H,-,A,D,0,,,,,Y,,A,01,0,0,2,0,0,0,0,0,0,"- ","- ",37.608619689941406,-122.38906097412109,"SAN MATEO",UNINCORPORATED,-122.38920593261719,37.608474731445312
94946906,2025,2025-11-25,9330,2025-11-02,1230,024327,,7,1,9,4100,0,3,5,,2,505,"FIFTH AVENUE","WAVERLY AVENUE",0.00,,Y,A,-,N,,,,,,,,,,N,4,0,1,2,A,-,10,21950,A,M,G,B,B,B,H,-,A,A,0,Y,,,,Y,,A,01,0,0,1,0,1,0,0,0,0,"- ","- ",37.468730926513672,-122.20754241943359,"SAN MATEO",UNINCORPORATED,-122.20757293701172,37.468692779541016
94948564,2025,2025-11-26,9330,2025-10-10,1150,023974,,5,1,4,4104,0,1,2,,2,038,"US-101 S/B",BROADWAY,0.20,N,N,A,-,Y,SM,,101," "," ",16.856,H,,L,Y,4,0,2,3,A,-,03,22350,,N,C,2,A,A,H,-,A,D,0,,,,,Y,,A,01,0,0,2,0,0,0,0,0,0,"- ","- ",37.592479705810547,-122.36509704589844,"SAN MATEO",BURLINGAME,-122.36511993408203,37.592460632324219
94951205,2025,2025-12-01,9330,2025-11-16,"950 ",021339,,7,1,4,4104,0,1,2,,2,038,"US-101 N/B","MILLBRAE AVENUE",4816.00,S,N,A,-,Y,SM,,101," "," ",17.021,H,,R,Y,4,0,2,4,A,-,17,21701,,N,B,2,A,A,H,-,A,D,0,,,,,Y,,A,01,0,0,2,0,0,0,0,0,0,"- ","- ",37.594131469726562,-122.36737823486328,"SAN MATEO",BURLINGAME,-122.36734008789062,37.594165802001953
94951599,2025,2025-12-01,9335,2025-11-17,"38  ",024211,,1,3,5,4117,0,1,2,,2,012,"US-101 NORTHBOUND","OYSTER POINT BOULEVARD",20.00,S,N,B,C,Y,SM,,101," "," ",22.624,H,,R,Y,4,0,2,2,A,-,04,21703,,N,C,C,A,B,H,-,C,D,0,,,,,Y,,A,01,0,0,2,0,0,0,0,0,0,"- ","- ",37.662681579589844,-122.40065765380859,"SAN MATEO","SOUTH SAN FRANCISCO",-122.40064239501953,37.662662506103516
94954576,2025,2025-12-02,9330,2025-11-20,1355,023158,,4,1,5,4116,0,1,2,,2,038,"US-101 SB","POPLAR AVE",5808.00,N,N,B,-,Y,SM,,101," "," ",15.536,H,,L,N,4,0,2,3,A,-,03,22350,,N,C,C,A,B,H,-,A,D,0,,,,,Y,,A,07,0,0,2,0,0,0,0,0,0,"- ","- ",37.586910247802734,-122.34313201904297,"SAN MATEO","SAN MATEO",-122.34313201904297,37.586868286132812
9495483,2022,2022-10-07,4111,2022-09-02,2100,P5136,P16,5,5,4,4111,0,0,0,,0,0P3,"ODDSTAD BL","PARK PACIFICA AV",48.00,S,N,A,-,N,,,,,,,,,,N,3,0,1,2,A,-,05,21650,,N,H,G,A,A,H,-,C,D,0,,Y,,,Y,,L,04,0,1,0,0,0,0,1,0,0,"- ","- ",,,"SAN MATEO",PACIFICA,-122.47332763671875,37.584098815917969
94958117,2025,2025-12-04,9330,2025-11-29,1532,023728,,6,2,9,4100,0,1,1,,2,054,"I-280 N/B TO ALPINE ROAD","I-280 N/B",123.00,E,N,A,-,Y,,,,,,,,,,N,4,0,1,2,A,-,03,22350,,N,C,C,A,A,H,-,A,A,0,,,,,Y,,A,07,0,0,1,0,0,0,0,0,0,"- ","- ",37.410400390625,-122.19429016113281,"SAN MATEO",UNINCORPORATED,-122.47135925292969,37.701435089111328
94958525,2025,2025-12-05,9335,2025-11-22,1820,022186,,6,2,9,4100,0,1,2,,2,011,"US-101 N/B","SAN BRUNO AVENUE OVERCROSSING",2798.00,S,N,B,-,Y,SM,,101," "," ",19.847,H,,R,Y,3,0,4,4,A,-,04,21703,,N,C,C,A,A,H,-,C,D,0,,,,,Y,,A,01,0,2,2,0,0,0,0,0,0,"- ","- ",37.623729705810547,-122.40070343017578,"SAN MATEO",UNINCORPORATED,-122.40072631835938,37.623725891113281
94961069,2025,2025-12-08,9335,2025-11-29,1725,023119,,6,2,6,4106,0,1,1,,2,021,"I-280 N/B","SCHOOL STREET OVERCROSSING",147.00,N,N,A,-,Y,SM,,280," ",R,26.378,H,,R,Y,4,0,3,2,A,-,04,21703,,N,C,C,A,A,H,-,C,D,0,,,,,Y,,A,01,0,0,3,0,0,0,0,0,0,"- ","- ",37.693840026855469,-122.47019195556641,"SAN MATEO","DALY CITY",-122.47029113769531,37.693840026855469
94968201,2025,2025-12-11,9330,2025-12-08,1028,021942,,1,1,9,4100,0,1,1,,2,044,"I-280 S/B","EDGEWOOD ROAD",1584.00,N,N,B,-,Y,SM,,280," "," ",7.944,H,,L,N,3,0,1,2,A,-,08,22107,,N,D,C,A,A,H,-,A,D,0,,,,,Y,,A,01,0,1,0,0,0,0,0,0,0,"- ","- ",37.485038757324219,-122.29871368408203,"SAN MATEO",UNINCORPORATED,-122.29866027832031,37.485034942626953
94974329,2025,2025-12-16,9330,2025-12-11,1125,022785,,4,1,5,4116,0,1,2,,2,038,"US-101 N/B","DORE AVENUE",620.00,S,N,A,-,Y,SM,,101," "," ",13.984,H,,R,N,4,0,1,2,A,-,03,22350,,N,C,C,A,A,H,-,A,D,0,,,,,Y,,D,22,0,0,1,0,0,0,0,0,0,"- ","- ",37.576648712158203,-122.32021331787109,"SAN MATEO","SAN MATEO",-122.32018280029297,37.576667785644531
94976370,2025,2025-12-17,9345,2025-12-05,1455,024441,,5,2,4,4109,0,1,3,,2,084,"SR-84 N/B","UNIVERSITY AVE",7550.00,N,N,A,-,Y,SM,,84," ",R,29.636,H,,R,N,3,0,1,4,A,-,03,22350,,N,C,C,A,A,H,-,B,D,0,,,,Y,Y,,F,26,0,1,0,0,0,0,0,0,0,"- ","- ",37.5018310546875,-122.12458038330078,"SAN MATEO","MENLO PARK",-122.12459564208984,37.501846313476562
9497768,2022,2022-09-19,4104,2022-08-17,1904,0265,4,3,5,4,4104,0,0,0,,0,00A,"CALIFORNIA DR","BELLEVUE AV",0.00,,Y,A,-,N,,,,,,,,,,N,3,0,1,2,A,-,04,21703,,N,C,C,A,A,H,-,A,D,0,,,,,Y,,A,01,0,1,0,0,0,0,0,0,0,"- ","- ",37.580760955810547,-122.23474884033203,"SAN MATEO",BURLINGAME,-122.34747314453125,37.580539703369141
9497769,2022,2022-09-19,4104,2022-08-15,1841,0265,6,1,5,4,4104,0,0,0,,0,00A,"ROLLINS RD","TOYON DR",916.00,N,N,A,-,N,,,,,,,,,,Y,2,0,1,2,A,-,03,22350,,N,E,I,A,A,H,-,A,D,0,,,Y,,Y,,C,02,1,0,0,0,0,0,0,0,1,"- ","- ",37.587409973144531,-122.35605621337891,"SAN MATEO",BURLINGAME,-122.35894775390625,37.58837890625
94981838,2025,2025-12-22,9330,2025-12-21,1741,024137,,7,2,9,4100,0,1,3,,1,011,SR-92,"CANADA ROAD",0.00,,Y,C,-,Y,SM,,92," ",T,7.161,H,,R,Y,4,0,3,2,A,-,12,21453,A,N,D,C,A,B,H,-,C,D,0,,,,,Y,,A,08,0,0,3,0,0,0,0,0,0,"- ","- ",37.506908416748047,-122.34137725830078,"SAN MATEO",UNINCORPORATED,-122.34136199951172,37.506984710693359
94982058,2025,2025-12-22,9330,2025-12-16,"240 ",024443,,2,3,9,4100,0,1,3,,1,010,"SR-1 N/B","MIRAMONTES POINT ROAD",0.24,S,N,A,-,Y,SM,,1," "," ",26.199,H,,R,Y,4,0,1,1,A,-,08,22107,,N,E,J,A,A,H,-,D,D,0,,,,,Y,,A,01,0,0,1,0,0,0,0,0,0,"- ","- ",37.427959442138672,-122.42642974853516,"SAN MATEO",UNINCORPORATED,-122.42652893066406,37.427955627441406
94982830,2025,2025-12-23,9335,2025-12-12,1700,024274,,5,2,2,4103,0,1,2,,2,012,"US-101 SOUTHBOUND","ALANA WAY",2693.00,S,N,A,-,Y,SM,,101," "," ",25.609,H,,L,Y,4,0,2,3,A,-,03,22350,,N,C,C,A,A,H,-,C,D,0,,,,,Y,,A,01,0,0,2,0,0,0,0,0,0,"- ","- ",37.701450347900391,-122.39356994628906,"SAN MATEO",BRISBANE,-122.39357757568359,37.701450347900391
94982844,2025,2025-12-23,9335,2025-12-11,1742,022186,,4,2,5,4117,0,1,2,,2,012,"US-101 N/B","SOUTH AIRPORT BOULEVARD UNDERCROSSING",3010.00,S,N,B,-,Y,SM,,101," ",R,21.124,H,,R,N,4,0,1,2,B,-,22,,,N,B,C,A,A,H,-,C,D,0,,,,,Y,,A,07,0,0,1,0,0,0,0,0,0,"- ","- ",37.641719818115234,-122.40579223632812,"SAN MATEO","SOUTH SAN FRANCISCO",-122.40585327148438,37.641712188720703
94990008,2025,2025-12-29,9330,2025-12-26,1600,023974,,5,2,9,4100,0,1,1,,2,044,"I-280 N/B",SR-92,6336.00,S,N,C,-,Y,SM,,280," "," ",9.527,H,,R,Y,4,0,1,1,A,-,03,22350,,N,E,I,A,B,H,-,A,D,0,,,,,Y,,A,07,0,0,1,0,0,0,0,0,0,"- ","- ",37.499481201171875,-122.31774139404297,"SAN MATEO",UNINCORPORATED,-122.31768798828125,37.499549865722656
9499522,2022,2022-11-07,4113,2022-09-18,1153,486,6,7,5,5,4113,0,0,0,,0,006,"EL CAMINO REAL","JEFFERSON AV",0.00,,Y,C,-,N,,,,,,,,,,N,3,0,2,2,A,-,03,22350,,N,C,C,A,B,H,-,A,A,0,,,,,Y,,A,01,0,2,0,0,0,0,0,0,0,"- ","- ",37.483570098876953,-122.2318115234375,"SAN MATEO","REDWOOD CITY",-122.2305908203125,37.482696533203125
94996127,2025,2026-01-02,9330,2025-12-31,1529,023728,,3,2,4,4120,0,1,3,,1,035,"SR-92 W/B","SUBSTATION TWO",1290.00,W,N,B,C,Y,SM,,92," ",R,17.203,H,,L,N,4,0,1,1,A,-,03,22350,,N,E,I,A,B,H,-,A,D,0,,,,,Y,,A,07,0,0,1,0,0,0,0,0,0,"- ","- ",37.596401214599609,-122.22437286376953,"SAN MATEO","FOSTER CITY",-122.22440338134766,37.596473693847656
94996325,2025,2026-01-02,9330,2025-12-25,"130 ",023251,,4,3,3,4108,0,1,1,,2,034,"I-280 N/B","TROUSDALE DRIVE",3696.00,S,N,C,-,Y,SM,,280," ",R,16.376,H,,R,Y,2,0,1,1,A,-,08,22107,,N,E,I,A,B,H,-,D,D,0,,,,,Y,,A,08,1,0,0,0,0,0,0,0,0,"- ","- ",37.570781707763672,-122.39694213867188,"SAN MATEO",HILLSBOROUGH,-122.39685821533203,37.570827484130859
9500159,2022,2022-10-24,4111,2022-08-13,1646,P5166,P03,6,5,4,4111,0,0,0,,0,0P1,ESPLANADE,"MONTEREY RD",487.00,S,N,A,-,N,,,,,,,,,,N,4,0,1,1,A,-,17,22109,,N,H,A,A,A,H,-,A,D,0,,,Y,,Y,,C,03,0,0,1,0,0,0,0,0,1,"- ","- ",37.653400421142578,-122.49269104003906,"SAN MATEO",PACIFICA,-122.49268341064453,37.650814056396484
95002277,2025,2026-01-07,9335,2025-12-22,1045,024757,,1,1,6,4106,0,1,1,,2,021,"I-280 SOUTHBOUND","EASTMORE AVENUE OVERCROSSING",100.00,S,N,B,C,Y,SM,,280," ",R,25.702,H,,L,Y,3,0,1,2,A,-,07,21658,A,N,D,C,A,B,H,-,A,D,0,,,,,Y,,A,01,0,1,0,0,0,0,0,0,0,"- ","- ",37.683979034423828,-122.47165679931641,"SAN MATEO","DALY CITY",-122.47164154052734,37.683979034423828
9500370,2022,2022-10-10,4106,2022-08-26,1331,2200,6,5,5,6,4106,0,0,0,,0,002,"PRICE ST","FLORENCE AV",130.00,W,N,A,-,N,,,,,,,,,,Y,3,0,2,7,A,-,03,22350,,N,H,E,A,A,H,-,A,D,0,,,,,Y,,A,07,0,1,1,0,0,0,0,0,0,"- ","- ",37.692890167236328,-122.4598388671875,"SAN MATEO","DALY CITY",-122.45864105224609,37.693119049072266
9500371,2022,2022-10-11,4106,2022-03-28,1047,2197,5,1,5,6,4106,0,0,0,,0,003,"PIERCE ST","ANNIE ST",54.00,E,N,A,-,N,,,,,,,,,,N,3,0,1,2,A,-,03,22350,,N,C,C,A,A,H,-,A,A,0,,,,,Y,,D,82,0,1,0,0,0,0,0,0,0,"- ","- ",37.686061859130859,-122.47531127929688,"SAN MATEO","DALY CITY",-122.47513580322266,37.68603515625
9500454,2022,2022-10-07,4104,2022-09-01,1030,0237,20,4,5,4,4104,0,0,0,,0,00C,"DAVID RD","ROLLINS RD",5.00,E,N,A,-,N,,,,,,,,,,N,3,0,1,2,A,-,04,21703,,N,C,C,A,A,H,-,A,A,0,,,Y,,Y,,A,01,0,1,0,0,0,0,0,0,1,"- ","- ",37.593368530273438,-122.37110900878906,"SAN MATEO",BURLINGAME,-122.37108612060547,37.593372344970703
95005217,2025,2026-01-09,9335,2025-12-26,1220,023832,,5,1,6,4106,0,1,1,,2,021,"I-280 S/B","HICKEY BOULEVARD UNDERCROSSING",3326.00,S,N,B,-,Y,SM,,280," ",R,23.554,H,,L,Y,4,0,1,2,A,-,08,22107,,N,B,2,A,A,H,-,A,D,0,,,,,Y,,A,01,0,0,1,0,0,0,0,0,0,"- ","- ",37.656028747558594,-122.45919036865234,"SAN MATEO","DALY CITY",-122.459228515625,37.655998229980469
95006343,2025,2026-01-09,9330,2025-12-29,1100,025010,,1,1,9,4100,0,3,5,,2,405,"EDGEWOOD RD","CORDILLERAS RD",0.00,,Y,A,-,N,,,,,,,,,,N,3,0,1,2,A,-,09,21801,A,N,D,G,A,A,H,-,A,D,0,,Y,,,Y,,A,01,0,1,0,0,0,0,1,0,0,"- ","- ",37.478488922119141,-122.26080322265625,"SAN MATEO",UNINCORPORATED,-122.27332305908203,37.474624633789062
95006716,2025,2026-01-09,9330,2025-12-28,1745,024224,,7,2,9,4100,0,3,5,,2,505,"BAY ROAD","CHARTER STREET",0.00,,Y,A,-,N,,,,,,,,,,Y,3,0,3,2,D,-,00,,,N,D,C,A,A,H,-,D,D,0,,,,,Y,,-,"- ",0,1,2,0,0,0,0,0,0,"- ","- ",37.484989166259766,-122.21231079101562,"SAN MATEO",UNINCORPORATED,-122.21221160888672,37.485008239746094