CASE_ID,ACCIDENT_YEAR,PROC_DATE,JURIS,COLLISION_DATE,COLLISION_TIME,OFFICER_ID,REPORTING_DISTRICT,DAY_OF_WEEK,CHP_SHIFT,POPULATION,CNTY_CITY_LOC,SPECIAL_COND,BEAT_TYPE,CHP_BEAT_TYPE,CITY_DIVISION_LAPD,CHP_BEAT_CLASS,BEAT_NUMBER,PRIMARY_RD,SECONDARY_RD,DISTANCE,DIRECTION,INTERSECTION,WEATHER_1,WEATHER_2,STATE_HWY_IND,CALTRANS_COUNTY,CALTRANS_DISTRICT,STATE_ROUTE,ROUTE_SUFFIX,POSTMILE_PREFIX,POSTMILE,LOCATION_TYPE,RAMP_INTERSECTION,SIDE_OF_HWY,TOW_AWAY,COLLISION_SEVERITY,NUMBER_KILLED,NUMBER_INJURED,PARTY_COUNT,PRIMARY_COLL_FACTOR,PCF_CODE_OF_VIOL,PCF_VIOL_CATEGORY,PCF_VIOLATION,PCF_VIOL_SUBSECTION,HIT_AND_RUN,TYPE_OF_COLLISION,MVIW,PED_ACTION,ROAD_SURFACE,ROAD_COND_1,ROAD_COND_2,LIGHTING,CONTROL_DEVICE,CHP_ROAD_TYPE,PEDESTRIAN_ACCIDENT,BICYCLE_ACCIDENT,MOTORCYCLE_ACCIDENT,TRUCK_ACCIDENT,NOT_PRIVATE_PROPERTY,ALCOHOL_INVOLVED,STWD_VEHTYPE_AT_FAULT,CHP_VEHTYPE_AT_FAULT,COUNT_SEVERE_INJ,COUNT_VISIBLE_INJ,COUNT_COMPLAINT_PAIN,COUNT_PED_KILLED,COUNT_PED_INJURED,COUNT_BICYCLIST_KILLED,COUNT_BICYCLIST_INJURED,COUNT_MC_KILLED,COUNT_MC_INJURED,PRIMARY_RAMP,SECONDARY_RAMP,LATITUDE,LONGITUDE,COUNTY,CITY,POINT_X,POINT_Y
9820721,2025,2025-10-02,4113,2025-08-31,1500,505,6,7,5,5,4113,0,0,0,,0,006,"JEFFERSON AV","UPTON ST",0.00,,Y,A,-,N,,,,,,,,,,Y,4,0,1,2,A,-,08,22107,,N,B,C,A,A,H,-,A,D,0,,,,,Y,,A,01,0,0,1,0,0,0,0,0,0,"- ","- ",37.470188140869141,-122.24681091308594,"SAN MATEO","REDWOOD CITY",-122.24615478515625,37.470157623291016
9820754,2025,2025-10-02,4113,2025-07-18,1734,523,3,5,5,5,4113,0,0,0,,0,003,"CHESTNUT ST","SHASTA ST",112.00,E,N,A,-,N,,,,,,,,,,N,2,0,1,2,A,-,06,21751,,F,H,G,A,A,H,-,A,A,0,,Y,,,Y,,A,01,1,0,0,0,0,0,1,0,0,"- ","- ",37.479591369628906,-122.22341918945312,"SAN MATEO","REDWOOD CITY",-122.22332000732422,37.479896545410156
9820978,2025,2025-10-06,4113,2025-09-13,"733 ",505,6,6,5,5,4113,0,0,0,,0,006,"REDWOOD AV","ADDISON ST",0.00,,Y,A,-,N,,,,,,,,,,N,3,0,1,2,A,-,09,21801,,N,A,C,A,A,H,-,A,D,0,,,Y,,Y,,C,02,0,1,0,0,0,0,0,0,1,"- ","- ",37.474521636962891,-122.22515869140625,"SAN MATEO","REDWOOD CITY",-122.22517395019531,37.474525451660156
9821925,2025,2025-08-20,4120,2025-04-10,1511,242,3,4,5,4,4120,0,0,0,,0,00X,"MARLIN AV","FOSTER CITY BL",0.00,,Y,A,-,N,,,,,,,,,,N,3,0,1,2,A,-,09,21800,A,N,D,G,A,A,H,-,A,A,0,,Y,,,Y,,A,01,0,1,0,0,0,0,1,0,0,"- ","- ",37.553718566894531,-122.25566864013672,"SAN MATEO","FOSTER CITY",-122.25566101074219,37.553707122802734
9823160,2025,2025-09-02,4113,2025-02-20,1900,464,3,4,5,5,4113,0,0,0,,0,003,"MIDDLEFIELD RD","JEFFERSON AV",0.00,,Y,A,-,N,,,,,,,,,,N,3,0,1,2,A,-,17,21229,A,N,H,G,A,A,H,-,C,A,0,,Y,,,Y,,L,04,0,1,0,0,0,0,1,0,0,"- ","- ",37.484760284423828,-122.22810363769531,"SAN MATEO","REDWOOD CITY",-122.22814178466797,37.484764099121094
9825765,2025,2025-10-08,4120,2025-09-16,1900,262,10,2,5,4,4120,0,0,0,,0,00Y,"EAST HILLSDALE BL","SHELL BL",0.00,,Y,A,-,N,,,,,,,,,,Y,3,0,1,1,A,-,07,21658,,N,E,I,A,A,H,-,A,A,0,,,,,Y,,A,01,0,1,0,0,0,0,0,0,0,"- ","- ",37.558521270751953,-122.2713623046875,"SAN MATEO","FOSTER CITY",-122.27149963378906,37.558639526367188
9826083,2025,2025-06-20,4106,2025-05-30,1335,2244,13B,5,5,6,4106,0,0,0,,0,006,"GELLERT BL","HICKEY BL",465.00,N,N,A,-,N,,,,,,,,,,Y,3,0,1,2,A,-,03,22350,,N,E,I,A,A,H,-,A,D,0,,,,,Y,,A,07,0,1,0,0,0,0,0,0,0,"- ","- ",37.669090270996094,-122.46898651123047,"SAN MATEO","DALY CITY",-122.46894073486328,37.665714263916016
9826084,2025,2025-06-20,4106,2025-05-08,"707 ",2198,12,4,5,6,4106,0,0,0,,0,005,"SAN PEDRO RD","JUNIPERO SERRA BL",0.00,,Y,A,-,N,,,,,,,,,,N,3,0,1,2,A,-,10,21950,A,N,G,B,B,A,H,-,A,A,0,Y,,,,Y,,A,01,0,1,0,0,1,0,0,0,0,"- ","- ",37.684669494628906,-122.47843170166016,"SAN MATEO","DALY CITY",-122.47075653076172,37.685672760009766
9826294,2025,2025-06-24,4106,2025-05-21,1508,2177,1,3,5,6,4106,0,0,0,,0,001,"CARTER DR","MARTIN TRAIL",0.00,,Y,A,-,N,,,,,,,,,,N,3,0,2,3,A,-,03,22350,,N,C,C,A,A,H,-,A,A,0,,,,,Y,,D,22,0,2,0,0,0,0,0,0,0,"- ","- ",37.703578948974609,-122.42382049560547,"SAN MATEO","DALY CITY",-122.42385101318359,37.703548431396484
9826396,2025,2025-06-23,4106,2025-04-28,1230,2146,14,1,5,6,4106,0,0,0,,0,006,"GELLERT BL","HICKEY BL",0.00,,Y,A,-,N,,,,,,,,,,N,4,0,1,2,A,-,08,22107,,N,B,C,A,A,H,-,A,A,0,,,,,Y,,A,07,0,0,1,0,0,0,0,0,0,"- ","- ",37.66400146484375,-122.46900177001953,"SAN MATEO","DALY CITY",-122.46923065185547,37.664459228515625
9827189,2025,2025-07-08,4106,2025-06-08,1226,2235,13B,7,5,6,4106,0,0,0,,0,006,"GELLERT BL","SERRAMONTE BL",206.00,S,N,A,-,N,,,,,,,,,,N,3,0,1,2,A,-,08,22107,,N,C,C,A,A,H,-,A,A,0,,,,,Y,,A,01,0,1,0,0,0,0,0,0,0,"- ","- ",37.669109344482422,-122.46880340576172,"SAN MATEO","DALY CITY",-122.46891784667969,37.668495178222656
9828023,2025,2025-07-18,4111,2025-05-28,1739,P5134,P07`,3,5,4,4111,0,0,0,,0,0P2,"HILTON WY","HILTON LN",13.00,E,N,A,-,N,,,,,,,,,,N,3,0,1,2,A,-,21,22106,,N,D,C,A,A,H,-,A,D,0,,,,,Y,,A,01,0,1,0,0,0,0,0,0,0,"- ","- ",,,"SAN MATEO",PACIFICA,-122.49154663085938,37.632339477539062
9830770,2025,2025-07-07,4113,2025-06-06,1317,493,7,5,5,5,4113,0,0,0,,0,007,BROADWAY,"EL CAMINO REAL",299.00,W,N,A,-,N,,,,,,,,,,N,3,0,1,2,A,-,09,21804,A,N,H,G,A,A,H,-,A,D,0,,Y,,,Y,,A,01,0,1,0,0,0,0,1,0,0,"- ","- ",37.486190795898438,-122.23618316650391,"SAN MATEO","REDWOOD CITY",-122.23603820800781,37.486156463623047
9830772,2025,2025-07-07,4113,2025-06-10,1632,401,2,2,5,5,4113,0,0,0,,0,002,"VETERANS BL","BREWSTER AV",0.00,,Y,A,-,N,,,,,,,,,,N,4,0,1,2,A,-,08,22100,B,N,H,G,A,A,H,-,E,A,0,,Y,,,Y,,A,01,0,0,1,0,0,0,1,0,0,"- ","- ",37.491218566894531,-122.23052978515625,"SAN MATEO","REDWOOD CITY",-122.23051452636719,37.491218566894531
9831075,2025,2025-07-08,4113,2025-05-21,1515,522,1,3,5,5,4113,0,0,0,,0,001,"SHELL PKWY","DAVIT LN",0.00,,Y,A,-,N,,,,,,,,,,N,3,0,1,2,A,-,09,21800,A,N,H,G,A,A,H,-,A,D,0,,Y,,,Y,,A,01,0,1,0,0,0,0,1,0,0,"- ","- ",37.535171508789062,-122.24421691894531,"SAN MATEO","REDWOOD CITY",-122.24423980712891,37.535209655761719
9831080,2025,2025-07-09,4113,2025-05-30,1422,433,3,5,5,5,4113,0,0,0,,0,003,"VETERANS BL","WOODSIDE RD",370.00,N,N,A,-,N,,,,,,,,,,Y,3,0,1,1,A,-,08,22107,A,N,E,I,A,A,H,-,A,D,0,,,,,Y,,A,01,0,1,0,0,0,0,0,0,0,"- ","- ",37.488250732421875,-122.21357727050781,"SAN MATEO","REDWOOD CITY",-122.2147216796875,37.4888916015625
9831509,2025,2025-07-08,4120,2025-05-07,1641,242,10,3,5,4,4120,0,0,0,,0,00Y,"METRO CENTER BL","GATEWAY DR",0.00,,Y,A,-,N,,,,,,,,,,N,3,0,1,2,A,-,03,22350,,N,C,C,A,A,H,-,A,D,0,,,,,Y,,A,01,0,1,0,0,0,0,0,0,0,"- ","- ",37.557319641113281,-122.27951812744141,"SAN MATEO","FOSTER CITY",-122.27925872802734,37.557071685791016
9832444,2025,2025-08-28,4102,2025-07-04,2353,35,1D,5,5,4,4102,0,0,0,,0,001,"OLD COUNTY RD","CREST VIEW AV",346.00,S,N,A,-,N,,,,,,,,,,Y,4,0,1,2,A,-,08,22107,,N,C,E,A,A,H,-,C,D,0,,,,,Y,,A,07,0,0,1,0,0,0,0,0,0,"- ","- ",37.527481079101562,-122.28294372558594,"SAN MATEO",BELMONT,-122.28324890136719,37.527267456054688
9859747,2024,2025-01-06,4111,2024-11-19,1109,P5171,P16,2,5,4,4111,0,0,0,,0,0P3,"TERRA NOVA BL","LERIDA WY",446.00,S,N,A,-,N,,,,,,,,,,Y,3,0,2,2,A,-,08,22107,,N,D,C,A,A,H,-,A,D,0,,,,,Y,,A,01,0,2,0,0,0,0,0,0,0,"- ","- ",,,"SAN MATEO",PACIFICA,-122.47740173339844,37.58758544921875
9868500,2025,2025-08-04,4113,2025-07-12,2143,482,3,6,5,5,4113,0,0,0,,0,003,"WOODSIDE RD","BAY RD",0.00,,Y,A,-,N,,,,,,,,,,N,3,0,1,2,A,-,03,22350,,M,C,C,A,A,H,-,D,A,0,,,,,Y,,-,99,0,1,0,0,0,0,0,0,0,"- ","- ",37.485370635986328,-122.21452331542969,"SAN MATEO","REDWOOD CITY",-122.2147216796875,37.485385894775391
9868539,2025,2025-08-06,4113,2025-06-10,2123,519,3,2,5,5,4113,0,0,0,,0,003,"VETERANS BL","WOODSIDE RD",412.00,N,N,A,-,N,,,,,,,,,,Y,3,0,1,1,A,-,08,22107,,N,E,J,A,A,H,-,D,D,0,,,,,Y,,A,01,0,1,0,0,0,0,0,0,0,"- ","- ",37.488250732421875,-122.21357727050781,"SAN MATEO","REDWOOD CITY",-122.21486663818359,37.488876342773438
9869337,2025,2025-08-19,4127,2025-07-15,1831,2301,4127,2,5,4,4127,0,0,0,,0,003,"CLARKE AV","GREEN ST",253.00,E,N,A,-,N,,,,,,,,,,Y,2,0,2,3,A,-,03,22350,,N,D,C,A,A,H,-,A,D,0,,,,,Y,,A,01,1,1,0,0,0,0,0,0,0,"- ","- ",,,"SAN MATEO","EAST PALO ALTO",-122.13472747802734,37.464351654052734
9869762,2025,2025-08-06,4113,2025-06-09,1726,522,99,1,5,5,4113,0,0,0,,0,008,"WOODSIDE RD","NIMITZ AV",0.00,,Y,A,-,N,,,,,,,,,,N,3,0,1,2,A,-,03,22350,,N,C,C,A,A,H,-,A,A,0,,,,,Y,,A,01,0,1,0,0,0,0,0,0,0,"- ","- ",37.459720611572266,-122.22609710693359,"SAN MATEO","REDWOOD CITY",-122.22612762451172,37.459602355957031
9869786,2025,2025-08-21,4113,2025-04-11,1510,517,3,5,5,5,4113,0,0,0,,0,003,"WOODSIDE RD","MAIN ST",29.00,N,N,A,-,N,,,,,,,,,,N,3,0,1,1,A,-,03,22350,,N,E,J,A,A,H,-,A,D,0,,,,,Y,,A,01,0,1,0,0,0,0,0,0,0,"- ","- ",37.478340148925781,-122.22200012207031,"SAN MATEO","REDWOOD CITY",-122.221923828125,37.476642608642578
9871451,2025,2025-09-25,4102,2025-08-04,"939 ",14,7CD,1,5,4,4102,0,0,0,,0,003,"HASTINGS DR","CARLMONT DR",620.00,W,N,A,-,N,,,,,,,,,,N,3,0,1,1,A,-,03,22350,,N,E,I,A,A,H,-,A,D,0,,Y,,,Y,,L,04,0,1,0,0,0,0,1,0,0,"- ","- ",37.509300231933594,-122.29602813720703,"SAN MATEO",BELMONT,-122.29761505126953,37.508548736572266
9871616,2025,2025-08-15,4120,2025-07-11,1551,242,1,5,5,4,4120,0,0,0,,0,00X,"CONSTITUTION DR","COMET DR",0.00,,Y,A,-,N,,,,,,,,,,N,3,0,1,2,A,-,10,21950,,N,G,B,B,A,H,-,A,D,0,Y,,,,Y,,A,01,0,1,0,0,1,0,0,0,0,"- ","- ",37.5584716796875,-122.2587890625,"SAN MATEO","FOSTER CITY",-122.25878143310547,37.558467864990234
9872324,2025,2025-08-20,4102,2025-07-24,1059,13,9PUMS,4,5,4,4102,0,0,0,,0,DETS,"RALSTON AV","TAHOE DR",915.00,E,N,A,-,N,,,,,,,,,,N,3,0,1,1,A,-,08,22107,,N,E,I,A,A,H,-,A,D,0,,,,,Y,,A,01,0,1,0,0,0,0,0,0,0,"- ","- ",37.520500183105469,-122.31197357177734,"SAN MATEO",BELMONT,-122.31103515625,37.512722015380859
9873047,2025,2025-09-03,4113,2025-07-02,1534,522,6,3,5,5,4113,0,0,0,,0,006,"REDWOOD AV","WOODSIDE RD",0.00,,Y,A,-,N,,,,,,,,,,N,3,0,1,2,A,-,09,21800,A,N,D,C,A,A,H,-,A,D,0,,,,,Y,,A,01,0,1,0,0,0,0,0,0,0,"- ","- ",37.476608276367188,-122.22210693359375,"SAN MATEO","REDWOOD CITY",-122.22194671630859,37.47650146484375
9873050,2025,2025-09-03,4113,2025-07-21,"745 ",479,8,1,5,5,4113,0,0,0,,0,008,"VALOTA RD","JEFFERSON AV",0.00,,Y,A,-,N,,,,,,,,,,N,4,0,1,2,A,-,09,21801,A,N,B,C,A,A,H,-,A,A,0,,,,,Y,,A,01,0,0,1,0,0,0,0,0,0,"- ","- ",37.471889495849609,-122.24134063720703,"SAN MATEO","REDWOOD CITY",-122.24140167236328,37.471969604492188
9875483,2025,2025-10-24,4113,2025-09-16,1620,475,6,2,5,5,4113,0,0,0,,0,006,"EL CAMINO REAL","DILLER ST",0.00,,Y,A,-,N,,,,,,,,,,N,4,0,1,2,A,-,04,21703,,F,C,C,A,A,H,-,A,A,0,,,,,Y,,A,01,0,0,1,0,0,0,0,0,0,"- ","- ",37.481788635253906,-122.22911071777344,"SAN MATEO","REDWOOD CITY",-122.22905731201172,37.481758117675781
9875603,2025,2025-10-28,4113,2025-08-21,"640 ",433,5,4,5,5,4113,0,0,0,,0,005,"WOODSIDE RD","ORCHARD ST",0.00,,Y,A,-,N,,,,,,,,,,N,2,0,1,2,A,-,09,21801,A,N,D,C,A,A,H,-,A,A,0,,,Y,,Y,,A,07,1,0,0,0,0,0,0,0,1,"- ","- ",37.466899871826172,-122.22416687011719,"SAN MATEO","REDWOOD CITY",-122.22415161132812,37.466926574707031
9875618,2025,2025-10-28,4106,2025-08-20,1744,2242,14,3,5,6,4106,0,0,0,,0,006,"KING DR","CALLAN BL",0.00,,Y,A,-,N,,,,,,,,,,N,4,0,1,2,A,-,09,21800,A,N,D,C,A,A,H,-,A,D,0,,,,,Y,,A,01,0,0,1,0,0,0,0,0,0,"- ","- ",37.651100158691406,-122.46798706054688,"SAN MATEO","DALY CITY",-122.46906280517578,37.650409698486328
9875875,2025,2025-12-03,4127,2025-09-13,1514,2301,4127,6,5,4,4127,0,0,0,,0,004,"WEST BAYSHORE RD","WOODLAND AV",662.00,S,N,A,-,N,,,,,,,,,,Y,3,0,3,2,A,-,09,21801,A,N,D,C,A,A,H,-,A,D,0,,,,,Y,,A,01,0,2,1,0,0,0,0,0,0,"- ","- ",,,"SAN MATEO","EAST PALO ALTO",-122.1279296875,37.452522277832031
9875876,2025,2025-12-02,4127,2025-09-30,1349,2288,4127,2,5,4,4127,0,0,0,,0,003,"EAST BAYSHORE RD","PULGAS AV",30.00,N,N,A,-,N,,,,,,,,,,Y,3,0,1,2,A,-,08,22107,,N,B,C,A,A,H,-,A,A,0,,,,,Y,,A,01,0,1,0,0,0,0,0,0,0,"- ","- ",,,"SAN MATEO","EAST PALO ALTO",-122.13001251220703,37.454437255859375
9879813,2025,2025-12-17,4113,2025-11-03,"700 ",351,4,1,5,5,4113,0,0,0,,0,004,"BAY RD","5TH AVE",165.00,N,N,B,-,N,,,,,,,,,,Y,4,0,1,2,A,-,03,22350,,N,C,C,A,A,H,-,A,D,0,,,,,Y,,A,01,0,0,1,0,0,0,0,0,0,"- ","- ",37.481521606445312,-122.19949340820312,"SAN MATEO","REDWOOD CITY",-122.19916534423828,37.481803894042969
9882580,2025,2025-10-27,4127,2025-09-23,1412,2288,4127,2,5,4,4127,0,0,0,,0,003,"CLARK AV","DONOHOE ST",219.00,E,N,A,-,N,,,,,,,,,,Y,4,0,3,2,A,-,09,21804,A,N,D,C,A,A,H,-,A,D,0,,,,,Y,,A,71,0,0,3,0,0,0,0,0,0,"- ","- ",,,"SAN MATEO","EAST PALO ALTO",-122.13466644287109,37.462509155273438
9882615,2025,2026-02-09,4127,2025-08-11,1729,2286,4127,1,5,4,4127,0,0,0,,0,001,"BAY RD","ADDISON AV",0.00,,Y,A,-,N,,,,,,,,,,Y,4,0,2,2,A,-,00,23103,,M,B,C,A,A,H,-,A,D,0,,,,,Y,,A,01,0,0,2,0,0,0,0,0,0,"- ","- ",,,"SAN MATEO","EAST PALO ALTO",-122.14732360839844,37.470699310302734
9882619,2025,2025-10-13,4127,2025-08-22,2135,2283,4127,5,5,4,4127,0,0,0,,0,001,"BAY RD","GLORIA WY",0.00,,Y,A,-,N,,,,,,,,,,N,3,0,1,2,A,-,12,21455,,N,C,G,A,A,H,-,C,D,0,,Y,,,Y,,L,04,0,1,0,0,0,0,1,0,0,"- ","- ",,,"SAN MATEO","EAST PALO ALTO",-122.14183044433594,37.471420288085938
9882620,2025,2025-11-20,4127,2025-08-20,2235,2283,4127,3,5,4,4127,0,0,0,,0,001,"WILLOW RD","RT 101",0.00,,Y,A,-,Y,SM,4,101,-,-,1.973,R,4,S,N,4,0,1,3,A,-,12,21453,A,N,D,C,A,A,H,-,C,A,0,,,,,Y,,A,01,0,0,1,0,0,0,0,0,0,"- ","- ",,,"SAN MATEO","EAST PALO ALTO",-122.15692901611328,37.469772338867188
9886338,2025,2025-12-04,4113,2025-10-12,"848 ",522,5,7,5,5,4113,0,0,0,,0,005,"EL CAMINO REAL","LAUREL ST",0.00,,Y,A,-,N,,,,,,,,,,N,3,0,1,2,A,-,10,21950,,N,G,B,C,A,H,-,A,D,0,Y,,,,Y,,A,01,0,1,0,0,1,0,0,0,0,"- ","- ",37.476051330566406,-122.22116851806641,"SAN MATEO","REDWOOD CITY",-122.22126007080078,37.476127624511719
9886785,2025,2025-11-19,4120,2025-10-15,1257,252,9,3,5,4,4120,0,0,0,,0,00Y,"EAST HILLSDALE BL","EDGEWATER BL",0.00,,Y,B,-,N,,,,,,,,,,N,3,0,1,2,A,-,09,21804,,N,H,C,A,A,H,-,A,A,0,,,,,Y,,A,01,0,1,0,0,0,0,0,0,0,"- ","- ",37.554279327392578,-122.27745819091797,"SAN MATEO","FOSTER CITY",-122.27756500244141,37.554370880126953
9887758,2025,2025-12-18,4111,2025-10-16,1812,P5171,P02,4,5,4,4111,0,0,0,,0,0P1,"HICKEY BL","RT 35",141.00,W,N,A,-,Y,SM,4,35,-,-,27.930,I,6,S,Y,3,0,2,2,A,-,08,22107,,N,B,C,A,A,H,-,A,D,0,,,,,Y,,A,01,0,2,0,0,0,0,0,0,0,"- ","- ",,,"SAN MATEO",PACIFICA,-122.47586822509766,37.660587310791016
9889594,2025,2025-12-19,4113,2025-11-13,"0   ",462,8,4,5,5,4113,0,0,0,,0,008,"VIRGINIA AV","REDWOOD AV",0.00,,Y,B,-,N,,,,,,,,,,N,3,0,1,3,A,-,09,21802,A,N,H,G,A,B,H,-,A,A,0,,Y,,,Y,,A,08,0,1,0,0,0,0,1,0,0,"- ","- ",37.464691162109375,-122.23724365234375,"SAN MATEO","REDWOOD CITY",-122.23722839355469,37.464687347412109
9889880,2025,2025-12-19,4113,2025-09-27,"0   ",511,2,6,5,5,4113,0,0,0,,0,002,"JEFFERSON AV","FRANKLIN ST",24.00,S,N,A,-,N,,,,,,,,,,N,3,0,1,1,A,-,09,21453,B,N,H,A,A,A,H,-,A,A,0,,,,,Y,,A,01,0,1,0,0,0,0,0,0,0,"- ","- ",37.607421875,-120.97791290283203,"SAN MATEO","REDWOOD CITY",-122.22977447509766,37.483421325683594
9894820,2025,2025-12-24,4102,2025-11-29,1111,39,1PB,6,5,4,4102,0,0,0,,0,001,"MASONIC WY","OLD COUNTRY RD",421.00,E,N,A,-,N,,,,,,,,,,N,3,0,1,2,A,-,08,22107,,N,H,C,A,A,H,-,A,D,0,,,Y,,Y,,A,01,0,1,0,0,0,0,0,0,1,"- ","- ",37.522720336914062,-122.27558135986328,"SAN MATEO",BELMONT,-122.27504730224609,37.522411346435547
9895768,2025,2026-01-12,4103,2025-12-05,2500,MI410,1,5,5,2,4103,0,0,0,,0,00U,"VISITACION AV","MARIPOSA ST",0.00,,Y,A,-,N,,,,,,,,,,N,3,0,1,2,A,-,10,21950,,M,G,B,B,A,H,-,C,D,0,Y,,,,Y,Y,N,60,0,1,0,0,1,0,0,0,0,"- ","- ",37.68389892578125,-122.40316009521484,"SAN MATEO",BRISBANE,-122.40293884277344,37.683719635009766
9895769,2025,2026-01-12,4103,2025-12-16,"344 ",LU400,1,2,5,2,4103,0,0,0,,0,00U,"MISSION BLUE DR","MONARCH DR",319.00,W,N,A,-,N,,,,,,,,,,Y,3,0,1,1,A,-,08,22107,,N,E,J,A,A,H,-,C,D,0,,,,,Y,,A,01,0,1,0,0,0,0,0,0,0,"- ","- ",37.692188262939453,-122.41227722167969,"SAN MATEO",BRISBANE,-122.41310119628906,37.6927490234375
9896299,2025,2026-02-03,4127,2025-12-21,1852,2306,4127,7,5,4,4127,0,0,0,,0,003,"CAMELLIA DR","ABELLA WY",149.00,N,N,A,-,N,,,,,,,,,,N,4,0,1,2,A,-,21,22106,,N,B,C,A,A,H,-,D,D,0,,,,,Y,,A,01,0,0,1,0,0,0,0,0,0,"- ","- ",,,"SAN MATEO","EAST PALO ALTO",-122.12685394287109,37.456916809082031
9896336,2025,2025-12-19,4113,2025-10-30,"753 ",476,2,4,5,5,4113,0,0,0,,0,002,"VETERANS BL","WHIPPLE AV",0.00,,Y,A,-,N,,,,,,,,,,N,3,0,1,2,A,-,09,21453,C,N,D,C,A,A,H,-,A,A,0,,,,,Y,,A,01,0,1,0,0,0,0,0,0,0,"- ","- ",37.494678497314453,-122.23441314697266,"SAN MATEO","REDWOOD CITY",-122.23451995849609,37.494548797607422
9899501,2025,2026-02-09,4113,2025-12-13,"101 ",513,5,6,5,5,4113,0,0,0,,0,005,"EL CAMINO REAL","CENTER ST",0.00,,Y,A,-,N,,,,,,,,,,N,3,0,1,2,A,-,11,21954,A,N,G,B,E,A,H,-,C,A,0,Y,,,,Y,Y,N,60,0,1,0,0,1,0,0,0,0,"- ","- ",37.474529266357422,-122.21867370605469,"SAN MATEO","REDWOOD CITY",-122.21826171875,37.473804473876953
9901678,2025,2026-01-07,4120,2025-12-08,1829,268,10,1,5,4,4120,0,0,0,,0,00Y,"EAST HILLSDALE BL","WEST PARKWAY LN",0.00,,Y,A,-,N,,,,,,,,,,N,3,0,1,3,A,-,03,22350,,N,C,C,A,A,H,-,C,D,0,,,,,Y,,A,01,0,1,0,0,0,0,0,0,0,"- ","- ",37.555648803710938,-122.27555847167969,"SAN MATEO","FOSTER CITY",-122.27555084228516,37.555648803710938
9901679,2025,2026-01-07,4120,2025-12-03,"757 ",242,9,3,5,4,4120,0,0,0,,0,00Y,"EDGEWATER BL","LIGHT POLE STANDARD #6028",54.00,S,N,A,-,N,,,,,,,,,,N,3,0,1,2,A,-,05,21650,1,N,D,G,A,A,H,-,A,D,0,,Y,,,Y,,L,04,0,1,0,0,0,0,1,0,0,"- ","- ",37.550739288330078,-122.27448272705078,"SAN MATEO","FOSTER CITY",,
9902080,2025,2026-01-09,4113,2025-12-12,1322,474,3,5,5,5,4113,0,0,0,,0,003,BROADWAY,"MAPLE ST",0.00,,Y,A,-,N,,,,,,,,,,N,3,0,1,2,A,-,10,21950,,N,G,B,B,A,H,-,A,A,0,Y,,,,Y,,A,01,0,1,0,0,1,0,0,0,0,"- ","- ",37.486568450927734,-122.22339630126953,"SAN MATEO","REDWOOD CITY",-122.22360992431641,37.486728668212891
9902312,2025,2026-01-21,4111,2025-12-21,1220,P5155,P18,7,5,4,4111,0,0,0,,0,0P3,"PERALTA RD","ROSITA RD",0.00,,Y,B,C,N,,,,,,,,,,N,2,0,1,1,C,-,18,,,N,H,A,A,D,G,-,A,D,0,,Y,,,Y,,-,"- ",1,0,0,0,0,0,1,0,0,"- ","- ",,,"SAN MATEO",PACIFICA,-122.49983978271484,37.587070465087891
9903314,2025,2026-01-22,4113,2025-12-29,1730,526,11,1,5,5,4113,0,0,0,,0,023,"JEFFERSON AV","MARSHALLS ST",0.00,,Y,A,-,N,,,,,,,,,,Y,3,0,3,2,A,-,09,21801,A,N,H,C,A,A,H,-,C,A,0,,,,,Y,,A,01,0,2,1,0,0,0,0,0,0,"- ","- ",37.487369537353516,-122.22844696044922,"SAN MATEO","REDWOOD CITY",-122.22824859619141,37.487583160400391
9903665,2025,2026-01-29,4113,2025-12-12,1457,496,4,5,5,5,4113,0,0,0,,0,004,"SEAPORT BL",BLOMQUIST,0.00,,Y,A,-,N,,,,,,,,,,Y,3,0,6,4,A,-,08,22107,,N,B,C,A,A,H,-,A,A,0,,,,,Y,,A,01,0,5,1,0,0,0,0,0,0,"- ","- ",37.492969512939453,-122.21324157714844,"SAN MATEO","REDWOOD CITY",-122.21330261230469,37.492954254150391
9905009,2025,2026-02-03,4113,2025-09-02,"706 ",433,2,2,5,5,4113,0,0,0,,0,002,"WHIPPLE AV","WARREN ST",0.00,,Y,A,-,N,,,,,,,,,,Y,3,0,1,2,A,-,08,22107,,N,A,C,A,A,H,-,A,D,0,,,,,Y,,A,01,0,1,0,0,0,0,0,0,0,"- ","- ",37.492328643798828,-122.23763275146484,"SAN MATEO","REDWOOD CITY",-122.23760986328125,37.492298126220703
9906300,2025,2026-02-05,4113,2025-10-29,1947,480,7,3,5,5,4113,0,0,0,,0,007,"JAMES AV","ELWOOD ST",400.00,S,N,A,-,N,,,,,,,,,,N,3,0,1,2,A,-,08,22107,,N,H,G,A,A,H,-,D,D,0,,Y,,,Y,,A,01,0,1,0,0,0,0,1,0,0,"- ","- ",37.478851318359375,-122.23341369628906,"SAN MATEO","REDWOOD CITY",-122.23773193359375,37.480751037597656